
===========================================================================
report_checks -path_delay max (Setup)
============================================================================
======================= max_ss_100C_1v60 Corner ===================================

Startpoint: gpio_in[0] (input port clocked by gpio_in[38])
Endpoint: gpio_oeb[21] (output port clocked by gpio_in[38])
Path Group: gpio_in[38]
Path Type: max

Fanout         Cap        Slew       Delay        Time   Description
---------------------------------------------------------------------------------------------
                                  0.000000    0.000000   clock gpio_in[38] (rise edge)
                                  0.000000    0.000000   clock network delay (propagated)
                                  5.000000    5.000000 v input external delay
     2    0.004121    0.023620    0.013433    5.013433 v gpio_in[0] (in)
                                                         gpio_in[0] (net)
                      0.023630    0.000000    5.013433 v input1/A (sky130_fd_sc_hd__clkbuf_4)
     3    0.050477    0.191453    0.337836    5.351270 v input1/X (sky130_fd_sc_hd__clkbuf_4)
                                                         net1 (net)
                      0.192979    0.013781    5.365050 v _044_/A (sky130_fd_sc_hd__inv_2)
     9    0.050227    0.367990    0.356444    5.721495 ^ _044_/Y (sky130_fd_sc_hd__inv_2)
                                                         bidir_oeb (net)
                      0.368633    0.012686    5.734180 ^ _654_/A (sky130_fd_sc_hd__clkbuf_1)
     1    0.006048    0.131552    0.297320    6.031501 ^ _654_/X (sky130_fd_sc_hd__clkbuf_1)
                                                         net6 (net)
                      0.131552    0.000340    6.031840 ^ output6/A (sky130_fd_sc_hd__buf_2)
     1    0.034449    0.273787    0.372569    6.404409 ^ output6/X (sky130_fd_sc_hd__buf_2)
                                                         gpio_oeb[21] (net)
                      0.273792    0.001614    6.406023 ^ gpio_oeb[21] (out)
                                              6.406023   data arrival time

                                 25.000000   25.000000   clock gpio_in[38] (rise edge)
                                  0.000000   25.000000   clock network delay (propagated)
                                 -0.250000   24.750000   clock uncertainty
                                  0.000000   24.750000   clock reconvergence pessimism
                                 -5.000000   19.750000   output external delay
                                             19.750000   data required time
---------------------------------------------------------------------------------------------
                                             19.750000   data required time
                                             -6.406023   data arrival time
---------------------------------------------------------------------------------------------
                                             13.343977   slack (MET)


Startpoint: gpio_in[0] (input port clocked by gpio_in[38])
Endpoint: gpio_oeb[18] (output port clocked by gpio_in[38])
Path Group: gpio_in[38]
Path Type: max

Fanout         Cap        Slew       Delay        Time   Description
---------------------------------------------------------------------------------------------
                                  0.000000    0.000000   clock gpio_in[38] (rise edge)
                                  0.000000    0.000000   clock network delay (propagated)
                                  5.000000    5.000000 v input external delay
     2    0.004121    0.023620    0.013433    5.013433 v gpio_in[0] (in)
                                                         gpio_in[0] (net)
                      0.023630    0.000000    5.013433 v input1/A (sky130_fd_sc_hd__clkbuf_4)
     3    0.050477    0.191453    0.337836    5.351270 v input1/X (sky130_fd_sc_hd__clkbuf_4)
                                                         net1 (net)
                      0.192979    0.013781    5.365050 v _044_/A (sky130_fd_sc_hd__inv_2)
     9    0.050227    0.367990    0.356444    5.721495 ^ _044_/Y (sky130_fd_sc_hd__inv_2)
                                                         bidir_oeb (net)
                      0.368565    0.012017    5.733511 ^ _651_/A (sky130_fd_sc_hd__clkbuf_1)
     1    0.002554    0.071569    0.250565    5.984076 ^ _651_/X (sky130_fd_sc_hd__clkbuf_1)
                                                         net3 (net)
                      0.071569    0.000163    5.984240 ^ output3/A (sky130_fd_sc_hd__buf_2)
     1    0.034449    0.273675    0.344516    6.328756 ^ output3/X (sky130_fd_sc_hd__buf_2)
                                                         gpio_oeb[18] (net)
                      0.273681    0.001614    6.330370 ^ gpio_oeb[18] (out)
                                              6.330370   data arrival time

                                 25.000000   25.000000   clock gpio_in[38] (rise edge)
                                  0.000000   25.000000   clock network delay (propagated)
                                 -0.250000   24.750000   clock uncertainty
                                  0.000000   24.750000   clock reconvergence pessimism
                                 -5.000000   19.750000   output external delay
                                             19.750000   data required time
---------------------------------------------------------------------------------------------
                                             19.750000   data required time
                                             -6.330370   data arrival time
---------------------------------------------------------------------------------------------
                                             13.419630   slack (MET)


Startpoint: gpio_in[0] (input port clocked by gpio_in[38])
Endpoint: gpio_oeb[20] (output port clocked by gpio_in[38])
Path Group: gpio_in[38]
Path Type: max

Fanout         Cap        Slew       Delay        Time   Description
---------------------------------------------------------------------------------------------
                                  0.000000    0.000000   clock gpio_in[38] (rise edge)
                                  0.000000    0.000000   clock network delay (propagated)
                                  5.000000    5.000000 v input external delay
     2    0.004121    0.023620    0.013433    5.013433 v gpio_in[0] (in)
                                                         gpio_in[0] (net)
                      0.023630    0.000000    5.013433 v input1/A (sky130_fd_sc_hd__clkbuf_4)
     3    0.050477    0.191453    0.337836    5.351270 v input1/X (sky130_fd_sc_hd__clkbuf_4)
                                                         net1 (net)
                      0.192979    0.013781    5.365050 v _044_/A (sky130_fd_sc_hd__inv_2)
     9    0.050227    0.367990    0.356444    5.721495 ^ _044_/Y (sky130_fd_sc_hd__inv_2)
                                                         bidir_oeb (net)
                      0.368628    0.012641    5.734135 ^ _653_/A (sky130_fd_sc_hd__clkbuf_1)
     1    0.002130    0.064837    0.244753    5.978888 ^ _653_/X (sky130_fd_sc_hd__clkbuf_1)
                                                         net5 (net)
                      0.064837    0.000147    5.979034 ^ output5/A (sky130_fd_sc_hd__buf_2)
     1    0.034441    0.273612    0.341392    6.320426 ^ output5/X (sky130_fd_sc_hd__buf_2)
                                                         gpio_oeb[20] (net)
                      0.273617    0.001614    6.322041 ^ gpio_oeb[20] (out)
                                              6.322041   data arrival time

                                 25.000000   25.000000   clock gpio_in[38] (rise edge)
                                  0.000000   25.000000   clock network delay (propagated)
                                 -0.250000   24.750000   clock uncertainty
                                  0.000000   24.750000   clock reconvergence pessimism
                                 -5.000000   19.750000   output external delay
                                             19.750000   data required time
---------------------------------------------------------------------------------------------
                                             19.750000   data required time
                                             -6.322041   data arrival time
---------------------------------------------------------------------------------------------
                                             13.427959   slack (MET)


Startpoint: gpio_in[0] (input port clocked by gpio_in[38])
Endpoint: gpio_oeb[19] (output port clocked by gpio_in[38])
Path Group: gpio_in[38]
Path Type: max

Fanout         Cap        Slew       Delay        Time   Description
---------------------------------------------------------------------------------------------
                                  0.000000    0.000000   clock gpio_in[38] (rise edge)
                                  0.000000    0.000000   clock network delay (propagated)
                                  5.000000    5.000000 v input external delay
     2    0.004121    0.023620    0.013433    5.013433 v gpio_in[0] (in)
                                                         gpio_in[0] (net)
                      0.023630    0.000000    5.013433 v input1/A (sky130_fd_sc_hd__clkbuf_4)
     3    0.050477    0.191453    0.337836    5.351270 v input1/X (sky130_fd_sc_hd__clkbuf_4)
                                                         net1 (net)
                      0.192979    0.013781    5.365050 v _044_/A (sky130_fd_sc_hd__inv_2)
     9    0.050227    0.367990    0.356444    5.721495 ^ _044_/Y (sky130_fd_sc_hd__inv_2)
                                                         bidir_oeb (net)
                      0.368633    0.012684    5.734178 ^ _652_/A (sky130_fd_sc_hd__clkbuf_1)
     1    0.002127    0.064781    0.244705    5.978883 ^ _652_/X (sky130_fd_sc_hd__clkbuf_1)
                                                         net4 (net)
                      0.064781    0.000147    5.979030 ^ output4/A (sky130_fd_sc_hd__buf_2)
     1    0.034377    0.273134    0.341039    6.320069 ^ output4/X (sky130_fd_sc_hd__buf_2)
                                                         gpio_oeb[19] (net)
                      0.273139    0.001596    6.321665 ^ gpio_oeb[19] (out)
                                              6.321665   data arrival time

                                 25.000000   25.000000   clock gpio_in[38] (rise edge)
                                  0.000000   25.000000   clock network delay (propagated)
                                 -0.250000   24.750000   clock uncertainty
                                  0.000000   24.750000   clock reconvergence pessimism
                                 -5.000000   19.750000   output external delay
                                             19.750000   data required time
---------------------------------------------------------------------------------------------
                                             19.750000   data required time
                                             -6.321665   data arrival time
---------------------------------------------------------------------------------------------
                                             13.428334   slack (MET)


Startpoint: _095_ (rising edge-triggered flip-flop clocked by gpio_in[38])
Endpoint: gpio_out[26] (output port clocked by gpio_in[38])
Path Group: gpio_in[38]
Path Type: max

Fanout         Cap        Slew       Delay        Time   Description
---------------------------------------------------------------------------------------------
                                  0.000000    0.000000   clock gpio_in[38] (rise edge)
                                  0.000000    0.000000   clock source latency
     2    0.100561    0.726540    0.527194    0.527194 ^ gpio_in[38] (in)
                                                         gpio_in[38] (net)
                      0.731984    0.000000    0.527194 ^ clkbuf_0_gpio_in[38]/A (sky130_fd_sc_hd__clkbuf_16)
     5    0.068571    0.140223    0.544045    1.071239 ^ clkbuf_0_gpio_in[38]/X (sky130_fd_sc_hd__clkbuf_16)
                                                         clknet_0_gpio_in[38] (net)
                      0.140799    0.007691    1.078930 ^ clkbuf_1_0__f_gpio_in[38]/A (sky130_fd_sc_hd__clkbuf_16)
    25    0.085875    0.158273    0.320503    1.399433 ^ clkbuf_1_0__f_gpio_in[38]/X (sky130_fd_sc_hd__clkbuf_16)
                                                         clknet_1_0__leaf_gpio_in[38] (net)
                      0.162780    0.020566    1.419999 ^ _095_/CLK (sky130_fd_sc_hd__dfrtp_2)
     3    0.011961    0.132056    0.786986    2.206985 ^ _095_/Q (sky130_fd_sc_hd__dfrtp_2)
                                                         gpio_22_37_output[26].cfg.gpio_out_val (net)
                      0.132058    0.000736    2.207721 ^ _667_/A (sky130_fd_sc_hd__buf_6)
     3    0.112323    0.355399    0.392886    2.600607 ^ _667_/X (sky130_fd_sc_hd__buf_6)
                                                         net15 (net)
                      0.372991    0.061700    2.662306 ^ output15/A (sky130_fd_sc_hd__buf_2)
     1    0.034495    0.275010    0.473939    3.136245 ^ output15/X (sky130_fd_sc_hd__buf_2)
                                                         gpio_out[26] (net)
                      0.275016    0.001682    3.137928 ^ gpio_out[26] (out)
                                              3.137928   data arrival time

                                 25.000000   25.000000   clock gpio_in[38] (rise edge)
                                  0.000000   25.000000   clock network delay (propagated)
                                 -0.250000   24.750000   clock uncertainty
                                  0.000000   24.750000   clock reconvergence pessimism
                                 -5.000000   19.750000   output external delay
                                             19.750000   data required time
---------------------------------------------------------------------------------------------
                                             19.750000   data required time
                                             -3.137928   data arrival time
---------------------------------------------------------------------------------------------
                                             16.612072   slack (MET)


Startpoint: _105_ (rising edge-triggered flip-flop clocked by gpio_in[38])
Endpoint: gpio_out[36] (output port clocked by gpio_in[38])
Path Group: gpio_in[38]
Path Type: max

Fanout         Cap        Slew       Delay        Time   Description
---------------------------------------------------------------------------------------------
                                  0.000000    0.000000   clock gpio_in[38] (rise edge)
                                  0.000000    0.000000   clock source latency
     2    0.100561    0.726540    0.527194    0.527194 ^ gpio_in[38] (in)
                                                         gpio_in[38] (net)
                      0.731984    0.000000    0.527194 ^ clkbuf_0_gpio_in[38]/A (sky130_fd_sc_hd__clkbuf_16)
     5    0.068571    0.140223    0.544045    1.071239 ^ clkbuf_0_gpio_in[38]/X (sky130_fd_sc_hd__clkbuf_16)
                                                         clknet_0_gpio_in[38] (net)
                      0.140770    0.007512    1.078751 ^ clkbuf_1_1__f_gpio_in[38]/A (sky130_fd_sc_hd__clkbuf_16)
    19    0.073023    0.139259    0.312458    1.391209 ^ clkbuf_1_1__f_gpio_in[38]/X (sky130_fd_sc_hd__clkbuf_16)
                                                         clknet_1_1__leaf_gpio_in[38] (net)
                      0.142289    0.015893    1.407102 ^ _105_/CLK (sky130_fd_sc_hd__dfrtp_1)
     3    0.009452    0.158887    0.744047    2.151149 ^ _105_/Q (sky130_fd_sc_hd__dfrtp_1)
                                                         gpio_22_37_output[36].cfg.gpio_out_val (net)
                      0.158887    0.000580    2.151729 ^ _677_/A (sky130_fd_sc_hd__clkbuf_1)
     3    0.023327    0.444749    0.453977    2.605706 ^ _677_/X (sky130_fd_sc_hd__clkbuf_1)
                                                         net26 (net)
                      0.444775    0.002826    2.608532 ^ output26/A (sky130_fd_sc_hd__buf_2)
     1    0.034599    0.276113    0.502341    3.110873 ^ output26/X (sky130_fd_sc_hd__buf_2)
                                                         gpio_out[36] (net)
                      0.276119    0.001707    3.112581 ^ gpio_out[36] (out)
                                              3.112581   data arrival time

                                 25.000000   25.000000   clock gpio_in[38] (rise edge)
                                  0.000000   25.000000   clock network delay (propagated)
                                 -0.250000   24.750000   clock uncertainty
                                  0.000000   24.750000   clock reconvergence pessimism
                                 -5.000000   19.750000   output external delay
                                             19.750000   data required time
---------------------------------------------------------------------------------------------
                                             19.750000   data required time
                                             -3.112581   data arrival time
---------------------------------------------------------------------------------------------
                                             16.637419   slack (MET)


Startpoint: _088_ (rising edge-triggered flip-flop clocked by gpio_in[38])
Endpoint: gpio_out[3] (output port clocked by gpio_in[38])
Path Group: gpio_in[38]
Path Type: max

Fanout         Cap        Slew       Delay        Time   Description
---------------------------------------------------------------------------------------------
                                  0.000000    0.000000   clock gpio_in[38] (rise edge)
                                  0.000000    0.000000   clock source latency
     2    0.100561    0.726540    0.527194    0.527194 ^ gpio_in[38] (in)
                                                         gpio_in[38] (net)
                      0.731984    0.000000    0.527194 ^ clkbuf_0_gpio_in[38]/A (sky130_fd_sc_hd__clkbuf_16)
     5    0.068571    0.140223    0.544045    1.071239 ^ clkbuf_0_gpio_in[38]/X (sky130_fd_sc_hd__clkbuf_16)
                                                         clknet_0_gpio_in[38] (net)
                      0.140799    0.007691    1.078930 ^ clkbuf_1_0__f_gpio_in[38]/A (sky130_fd_sc_hd__clkbuf_16)
    25    0.085875    0.158273    0.320503    1.399433 ^ clkbuf_1_0__f_gpio_in[38]/X (sky130_fd_sc_hd__clkbuf_16)
                                                         clknet_1_0__leaf_gpio_in[38] (net)
                      0.164925    0.025077    1.424510 ^ _088_/CLK (sky130_fd_sc_hd__dfrtp_1)
     5    0.013843    0.210814    0.800679    2.225190 ^ _088_/Q (sky130_fd_sc_hd__dfrtp_1)
                                                         gpio_18_21_bidir[19].cfg.gpio_out_val (net)
                      0.210814    0.000900    2.226089 ^ _656_/A (sky130_fd_sc_hd__buf_1)
     1    0.017868    0.343943    0.404641    2.630730 ^ _656_/X (sky130_fd_sc_hd__buf_1)
                                                         net28 (net)
                      0.344054    0.001850    2.632581 ^ output28/A (sky130_fd_sc_hd__buf_2)
     1    0.034377    0.273990    0.462140    3.094720 ^ output28/X (sky130_fd_sc_hd__buf_2)
                                                         gpio_out[3] (net)
                      0.273995    0.001596    3.096316 ^ gpio_out[3] (out)
                                              3.096316   data arrival time

                                 25.000000   25.000000   clock gpio_in[38] (rise edge)
                                  0.000000   25.000000   clock network delay (propagated)
                                 -0.250000   24.750000   clock uncertainty
                                  0.000000   24.750000   clock reconvergence pessimism
                                 -5.000000   19.750000   output external delay
                                             19.750000   data required time
---------------------------------------------------------------------------------------------
                                             19.750000   data required time
                                             -3.096316   data arrival time
---------------------------------------------------------------------------------------------
                                             16.653683   slack (MET)


Startpoint: _104_ (rising edge-triggered flip-flop clocked by gpio_in[38])
Endpoint: gpio_out[35] (output port clocked by gpio_in[38])
Path Group: gpio_in[38]
Path Type: max

Fanout         Cap        Slew       Delay        Time   Description
---------------------------------------------------------------------------------------------
                                  0.000000    0.000000   clock gpio_in[38] (rise edge)
                                  0.000000    0.000000   clock source latency
     2    0.100561    0.726540    0.527194    0.527194 ^ gpio_in[38] (in)
                                                         gpio_in[38] (net)
                      0.731984    0.000000    0.527194 ^ clkbuf_0_gpio_in[38]/A (sky130_fd_sc_hd__clkbuf_16)
     5    0.068571    0.140223    0.544045    1.071239 ^ clkbuf_0_gpio_in[38]/X (sky130_fd_sc_hd__clkbuf_16)
                                                         clknet_0_gpio_in[38] (net)
                      0.140770    0.007512    1.078751 ^ clkbuf_1_1__f_gpio_in[38]/A (sky130_fd_sc_hd__clkbuf_16)
    19    0.073023    0.139259    0.312458    1.391209 ^ clkbuf_1_1__f_gpio_in[38]/X (sky130_fd_sc_hd__clkbuf_16)
                                                         clknet_1_1__leaf_gpio_in[38] (net)
                      0.142282    0.015875    1.407084 ^ _104_/CLK (sky130_fd_sc_hd__dfrtp_1)
     3    0.008592    0.125567    0.823299    2.230383 v _104_/Q (sky130_fd_sc_hd__dfrtp_1)
                                                         gpio_22_37_output[35].cfg.gpio_out_val (net)
                      0.125567    0.000501    2.230884 v _676_/A (sky130_fd_sc_hd__clkbuf_2)
     3    0.030109    0.213438    0.340703    2.571586 v _676_/X (sky130_fd_sc_hd__clkbuf_2)
                                                         net25 (net)
                      0.213538    0.004288    2.575874 v output25/A (sky130_fd_sc_hd__buf_2)
     1    0.034582    0.167581    0.413853    2.989727 v output25/X (sky130_fd_sc_hd__buf_2)
                                                         gpio_out[35] (net)
                      0.167597    0.001707    2.991434 v gpio_out[35] (out)
                                              2.991434   data arrival time

                                 25.000000   25.000000   clock gpio_in[38] (rise edge)
                                  0.000000   25.000000   clock network delay (propagated)
                                 -0.250000   24.750000   clock uncertainty
                                  0.000000   24.750000   clock reconvergence pessimism
                                 -5.000000   19.750000   output external delay
                                             19.750000   data required time
---------------------------------------------------------------------------------------------
                                             19.750000   data required time
                                             -2.991434   data arrival time
---------------------------------------------------------------------------------------------
                                             16.758566   slack (MET)


Startpoint: _096_ (rising edge-triggered flip-flop clocked by gpio_in[38])
Endpoint: gpio_out[27] (output port clocked by gpio_in[38])
Path Group: gpio_in[38]
Path Type: max

Fanout         Cap        Slew       Delay        Time   Description
---------------------------------------------------------------------------------------------
                                  0.000000    0.000000   clock gpio_in[38] (rise edge)
                                  0.000000    0.000000   clock source latency
     2    0.100561    0.726540    0.527194    0.527194 ^ gpio_in[38] (in)
                                                         gpio_in[38] (net)
                      0.731984    0.000000    0.527194 ^ clkbuf_0_gpio_in[38]/A (sky130_fd_sc_hd__clkbuf_16)
     5    0.068571    0.140223    0.544045    1.071239 ^ clkbuf_0_gpio_in[38]/X (sky130_fd_sc_hd__clkbuf_16)
                                                         clknet_0_gpio_in[38] (net)
                      0.140799    0.007691    1.078930 ^ clkbuf_1_0__f_gpio_in[38]/A (sky130_fd_sc_hd__clkbuf_16)
    25    0.085875    0.158273    0.320503    1.399433 ^ clkbuf_1_0__f_gpio_in[38]/X (sky130_fd_sc_hd__clkbuf_16)
                                                         clknet_1_0__leaf_gpio_in[38] (net)
                      0.164496    0.024232    1.423665 ^ _096_/CLK (sky130_fd_sc_hd__dfrtp_1)
     4    0.011336    0.182586    0.774310    2.197975 ^ _096_/Q (sky130_fd_sc_hd__dfrtp_1)
                                                         gpio_22_37_output[27].cfg.gpio_out_val (net)
                      0.182586    0.000600    2.198575 ^ _668_/A (sky130_fd_sc_hd__buf_1)
     1    0.014519    0.283287    0.349835    2.548410 ^ _668_/X (sky130_fd_sc_hd__buf_1)
                                                         net16 (net)
                      0.283289    0.001332    2.549742 ^ output16/A (sky130_fd_sc_hd__buf_2)
     1    0.034370    0.273654    0.438513    2.988255 ^ output16/X (sky130_fd_sc_hd__buf_2)
                                                         gpio_out[27] (net)
                      0.273660    0.001596    2.989851 ^ gpio_out[27] (out)
                                              2.989851   data arrival time

                                 25.000000   25.000000   clock gpio_in[38] (rise edge)
                                  0.000000   25.000000   clock network delay (propagated)
                                 -0.250000   24.750000   clock uncertainty
                                  0.000000   24.750000   clock reconvergence pessimism
                                 -5.000000   19.750000   output external delay
                                             19.750000   data required time
---------------------------------------------------------------------------------------------
                                             19.750000   data required time
                                             -2.989851   data arrival time
---------------------------------------------------------------------------------------------
                                             16.760149   slack (MET)


Startpoint: _103_ (rising edge-triggered flip-flop clocked by gpio_in[38])
Endpoint: gpio_out[34] (output port clocked by gpio_in[38])
Path Group: gpio_in[38]
Path Type: max

Fanout         Cap        Slew       Delay        Time   Description
---------------------------------------------------------------------------------------------
                                  0.000000    0.000000   clock gpio_in[38] (rise edge)
                                  0.000000    0.000000   clock source latency
     2    0.100561    0.726540    0.527194    0.527194 ^ gpio_in[38] (in)
                                                         gpio_in[38] (net)
                      0.731984    0.000000    0.527194 ^ clkbuf_0_gpio_in[38]/A (sky130_fd_sc_hd__clkbuf_16)
     5    0.068571    0.140223    0.544045    1.071239 ^ clkbuf_0_gpio_in[38]/X (sky130_fd_sc_hd__clkbuf_16)
                                                         clknet_0_gpio_in[38] (net)
                      0.140770    0.007512    1.078751 ^ clkbuf_1_1__f_gpio_in[38]/A (sky130_fd_sc_hd__clkbuf_16)
    19    0.073023    0.139259    0.312458    1.391209 ^ clkbuf_1_1__f_gpio_in[38]/X (sky130_fd_sc_hd__clkbuf_16)
                                                         clknet_1_1__leaf_gpio_in[38] (net)
                      0.142276    0.015857    1.407066 ^ _103_/CLK (sky130_fd_sc_hd__dfrtp_1)
     3    0.008986    0.129146    0.826819    2.233885 v _103_/Q (sky130_fd_sc_hd__dfrtp_1)
                                                         gpio_22_37_output[34].cfg.gpio_out_val (net)
                      0.129316    0.000717    2.234602 v _675_/A (sky130_fd_sc_hd__clkbuf_2)
     3    0.026608    0.191236    0.326239    2.560841 v _675_/X (sky130_fd_sc_hd__clkbuf_2)
                                                         net24 (net)
                      0.191303    0.003403    2.564244 v output24/A (sky130_fd_sc_hd__buf_2)
     1    0.034537    0.167369    0.402988    2.967232 v output24/X (sky130_fd_sc_hd__buf_2)
                                                         gpio_out[34] (net)
                      0.167384    0.001701    2.968933 v gpio_out[34] (out)
                                              2.968933   data arrival time

                                 25.000000   25.000000   clock gpio_in[38] (rise edge)
                                  0.000000   25.000000   clock network delay (propagated)
                                 -0.250000   24.750000   clock uncertainty
                                  0.000000   24.750000   clock reconvergence pessimism
                                 -5.000000   19.750000   output external delay
                                             19.750000   data required time
---------------------------------------------------------------------------------------------
                                             19.750000   data required time
                                             -2.968933   data arrival time
---------------------------------------------------------------------------------------------
                                             16.781065   slack (MET)


Startpoint: _101_ (rising edge-triggered flip-flop clocked by gpio_in[38])
Endpoint: gpio_out[32] (output port clocked by gpio_in[38])
Path Group: gpio_in[38]
Path Type: max

Fanout         Cap        Slew       Delay        Time   Description
---------------------------------------------------------------------------------------------
                                  0.000000    0.000000   clock gpio_in[38] (rise edge)
                                  0.000000    0.000000   clock source latency
     2    0.100561    0.726540    0.527194    0.527194 ^ gpio_in[38] (in)
                                                         gpio_in[38] (net)
                      0.731984    0.000000    0.527194 ^ clkbuf_0_gpio_in[38]/A (sky130_fd_sc_hd__clkbuf_16)
     5    0.068571    0.140223    0.544045    1.071239 ^ clkbuf_0_gpio_in[38]/X (sky130_fd_sc_hd__clkbuf_16)
                                                         clknet_0_gpio_in[38] (net)
                      0.140799    0.007691    1.078930 ^ clkbuf_1_0__f_gpio_in[38]/A (sky130_fd_sc_hd__clkbuf_16)
    25    0.085875    0.158273    0.320503    1.399433 ^ clkbuf_1_0__f_gpio_in[38]/X (sky130_fd_sc_hd__clkbuf_16)
                                                         clknet_1_0__leaf_gpio_in[38] (net)
                      0.166049    0.027175    1.426608 ^ _101_/CLK (sky130_fd_sc_hd__dfrtp_1)
     4    0.014882    0.175660    0.889414    2.316022 v _101_/Q (sky130_fd_sc_hd__dfrtp_1)
                                                         gpio_22_37_output[32].cfg.gpio_out_val (net)
                      0.175661    0.000780    2.316802 v _673_/A (sky130_fd_sc_hd__clkbuf_1)
     1    0.007865    0.102572    0.253868    2.570670 v _673_/X (sky130_fd_sc_hd__clkbuf_1)
                                                         net22 (net)
                      0.102573    0.000533    2.571203 v output22/A (sky130_fd_sc_hd__buf_2)
     1    0.034441    0.166848    0.359957    2.931160 v output22/X (sky130_fd_sc_hd__buf_2)
                                                         gpio_out[32] (net)
                      0.166862    0.001613    2.932773 v gpio_out[32] (out)
                                              2.932773   data arrival time

                                 25.000000   25.000000   clock gpio_in[38] (rise edge)
                                  0.000000   25.000000   clock network delay (propagated)
                                 -0.250000   24.750000   clock uncertainty
                                  0.000000   24.750000   clock reconvergence pessimism
                                 -5.000000   19.750000   output external delay
                                             19.750000   data required time
---------------------------------------------------------------------------------------------
                                             19.750000   data required time
                                             -2.932773   data arrival time
---------------------------------------------------------------------------------------------
                                             16.817225   slack (MET)


Startpoint: _097_ (rising edge-triggered flip-flop clocked by gpio_in[38])
Endpoint: gpio_out[28] (output port clocked by gpio_in[38])
Path Group: gpio_in[38]
Path Type: max

Fanout         Cap        Slew       Delay        Time   Description
---------------------------------------------------------------------------------------------
                                  0.000000    0.000000   clock gpio_in[38] (rise edge)
                                  0.000000    0.000000   clock source latency
     2    0.100561    0.726540    0.527194    0.527194 ^ gpio_in[38] (in)
                                                         gpio_in[38] (net)
                      0.731984    0.000000    0.527194 ^ clkbuf_0_gpio_in[38]/A (sky130_fd_sc_hd__clkbuf_16)
     5    0.068571    0.140223    0.544045    1.071239 ^ clkbuf_0_gpio_in[38]/X (sky130_fd_sc_hd__clkbuf_16)
                                                         clknet_0_gpio_in[38] (net)
                      0.140799    0.007691    1.078930 ^ clkbuf_1_0__f_gpio_in[38]/A (sky130_fd_sc_hd__clkbuf_16)
    25    0.085875    0.158273    0.320503    1.399433 ^ clkbuf_1_0__f_gpio_in[38]/X (sky130_fd_sc_hd__clkbuf_16)
                                                         clknet_1_0__leaf_gpio_in[38] (net)
                      0.164465    0.024170    1.423602 ^ _097_/CLK (sky130_fd_sc_hd__dfrtp_1)
     2    0.006480    0.122251    0.723117    2.146720 ^ _097_/Q (sky130_fd_sc_hd__dfrtp_1)
                                                         gpio_22_37_output[28].cfg.gpio_out_val (net)
                      0.122251    0.000469    2.147189 ^ _669_/A (sky130_fd_sc_hd__buf_1)
     1    0.014805    0.288937    0.328522    2.475711 ^ _669_/X (sky130_fd_sc_hd__buf_1)
                                                         net17 (net)
                      0.289032    0.001624    2.477335 ^ output17/A (sky130_fd_sc_hd__buf_2)
     1    0.034370    0.273681    0.440742    2.918077 ^ output17/X (sky130_fd_sc_hd__buf_2)
                                                         gpio_out[28] (net)
                      0.273686    0.001596    2.919673 ^ gpio_out[28] (out)
                                              2.919673   data arrival time

                                 25.000000   25.000000   clock gpio_in[38] (rise edge)
                                  0.000000   25.000000   clock network delay (propagated)
                                 -0.250000   24.750000   clock uncertainty
                                  0.000000   24.750000   clock reconvergence pessimism
                                 -5.000000   19.750000   output external delay
                                             19.750000   data required time
---------------------------------------------------------------------------------------------
                                             19.750000   data required time
                                             -2.919673   data arrival time
---------------------------------------------------------------------------------------------
                                             16.830326   slack (MET)


Startpoint: _093_ (rising edge-triggered flip-flop clocked by gpio_in[38])
Endpoint: gpio_out[24] (output port clocked by gpio_in[38])
Path Group: gpio_in[38]
Path Type: max

Fanout         Cap        Slew       Delay        Time   Description
---------------------------------------------------------------------------------------------
                                  0.000000    0.000000   clock gpio_in[38] (rise edge)
                                  0.000000    0.000000   clock source latency
     2    0.100561    0.726540    0.527194    0.527194 ^ gpio_in[38] (in)
                                                         gpio_in[38] (net)
                      0.731984    0.000000    0.527194 ^ clkbuf_0_gpio_in[38]/A (sky130_fd_sc_hd__clkbuf_16)
     5    0.068571    0.140223    0.544045    1.071239 ^ clkbuf_0_gpio_in[38]/X (sky130_fd_sc_hd__clkbuf_16)
                                                         clknet_0_gpio_in[38] (net)
                      0.140770    0.007512    1.078751 ^ clkbuf_1_1__f_gpio_in[38]/A (sky130_fd_sc_hd__clkbuf_16)
    19    0.073023    0.139259    0.312458    1.391209 ^ clkbuf_1_1__f_gpio_in[38]/X (sky130_fd_sc_hd__clkbuf_16)
                                                         clknet_1_1__leaf_gpio_in[38] (net)
                      0.142830    0.017338    1.408547 ^ _093_/CLK (sky130_fd_sc_hd__dfrtp_1)
     3    0.010144    0.139803    0.837727    2.246274 v _093_/Q (sky130_fd_sc_hd__dfrtp_1)
                                                         gpio_22_37_output[24].cfg.gpio_out_val (net)
                      0.139804    0.000684    2.246958 v _665_/A (sky130_fd_sc_hd__buf_1)
     1    0.008701    0.111332    0.243573    2.490531 v _665_/X (sky130_fd_sc_hd__buf_1)
                                                         net13 (net)
                      0.111336    0.000820    2.491351 v output13/A (sky130_fd_sc_hd__buf_2)
     1    0.034495    0.167090    0.364308    2.855659 v output13/X (sky130_fd_sc_hd__buf_2)
                                                         gpio_out[24] (net)
                      0.167105    0.001682    2.857340 v gpio_out[24] (out)
                                              2.857340   data arrival time

                                 25.000000   25.000000   clock gpio_in[38] (rise edge)
                                  0.000000   25.000000   clock network delay (propagated)
                                 -0.250000   24.750000   clock uncertainty
                                  0.000000   24.750000   clock reconvergence pessimism
                                 -5.000000   19.750000   output external delay
                                             19.750000   data required time
---------------------------------------------------------------------------------------------
                                             19.750000   data required time
                                             -2.857340   data arrival time
---------------------------------------------------------------------------------------------
                                             16.892660   slack (MET)


Startpoint: _100_ (rising edge-triggered flip-flop clocked by gpio_in[38])
Endpoint: gpio_out[31] (output port clocked by gpio_in[38])
Path Group: gpio_in[38]
Path Type: max

Fanout         Cap        Slew       Delay        Time   Description
---------------------------------------------------------------------------------------------
                                  0.000000    0.000000   clock gpio_in[38] (rise edge)
                                  0.000000    0.000000   clock source latency
     2    0.100561    0.726540    0.527194    0.527194 ^ gpio_in[38] (in)
                                                         gpio_in[38] (net)
                      0.731984    0.000000    0.527194 ^ clkbuf_0_gpio_in[38]/A (sky130_fd_sc_hd__clkbuf_16)
     5    0.068571    0.140223    0.544045    1.071239 ^ clkbuf_0_gpio_in[38]/X (sky130_fd_sc_hd__clkbuf_16)
                                                         clknet_0_gpio_in[38] (net)
                      0.140799    0.007691    1.078930 ^ clkbuf_1_0__f_gpio_in[38]/A (sky130_fd_sc_hd__clkbuf_16)
    25    0.085875    0.158273    0.320503    1.399433 ^ clkbuf_1_0__f_gpio_in[38]/X (sky130_fd_sc_hd__clkbuf_16)
                                                         clknet_1_0__leaf_gpio_in[38] (net)
                      0.166120    0.027302    1.426735 ^ _100_/CLK (sky130_fd_sc_hd__dfrtp_1)
     4    0.013762    0.166375    0.881624    2.308359 v _100_/Q (sky130_fd_sc_hd__dfrtp_1)
                                                         gpio_22_37_output[31].cfg.gpio_out_val (net)
                      0.166375    0.000493    2.308852 v _672_/A (sky130_fd_sc_hd__clkbuf_1)
     1    0.002666    0.049479    0.204301    2.513154 v _672_/X (sky130_fd_sc_hd__clkbuf_1)
                                                         net21 (net)
                      0.049479    0.000169    2.513323 v output21/A (sky130_fd_sc_hd__buf_2)
     1    0.034782    0.168330    0.336095    2.849417 v output21/X (sky130_fd_sc_hd__buf_2)
                                                         gpio_out[31] (net)
                      0.168345    0.001706    2.851123 v gpio_out[31] (out)
                                              2.851123   data arrival time

                                 25.000000   25.000000   clock gpio_in[38] (rise edge)
                                  0.000000   25.000000   clock network delay (propagated)
                                 -0.250000   24.750000   clock uncertainty
                                  0.000000   24.750000   clock reconvergence pessimism
                                 -5.000000   19.750000   output external delay
                                             19.750000   data required time
---------------------------------------------------------------------------------------------
                                             19.750000   data required time
                                             -2.851123   data arrival time
---------------------------------------------------------------------------------------------
                                             16.898878   slack (MET)


Startpoint: _088_ (rising edge-triggered flip-flop clocked by gpio_in[38])
Endpoint: gpio_out[19] (output port clocked by gpio_in[38])
Path Group: gpio_in[38]
Path Type: max

Fanout         Cap        Slew       Delay        Time   Description
---------------------------------------------------------------------------------------------
                                  0.000000    0.000000   clock gpio_in[38] (rise edge)
                                  0.000000    0.000000   clock source latency
     2    0.100561    0.726540    0.527194    0.527194 ^ gpio_in[38] (in)
                                                         gpio_in[38] (net)
                      0.731984    0.000000    0.527194 ^ clkbuf_0_gpio_in[38]/A (sky130_fd_sc_hd__clkbuf_16)
     5    0.068571    0.140223    0.544045    1.071239 ^ clkbuf_0_gpio_in[38]/X (sky130_fd_sc_hd__clkbuf_16)
                                                         clknet_0_gpio_in[38] (net)
                      0.140799    0.007691    1.078930 ^ clkbuf_1_0__f_gpio_in[38]/A (sky130_fd_sc_hd__clkbuf_16)
    25    0.085875    0.158273    0.320503    1.399433 ^ clkbuf_1_0__f_gpio_in[38]/X (sky130_fd_sc_hd__clkbuf_16)
                                                         clknet_1_0__leaf_gpio_in[38] (net)
                      0.164925    0.025077    1.424510 ^ _088_/CLK (sky130_fd_sc_hd__dfrtp_1)
     5    0.013188    0.164253    0.875649    2.300160 v _088_/Q (sky130_fd_sc_hd__dfrtp_1)
                                                         gpio_18_21_bidir[19].cfg.gpio_out_val (net)
                      0.164255    0.000840    2.300999 v _660_/A (sky130_fd_sc_hd__clkbuf_1)
     1    0.002441    0.047235    0.201113    2.502113 v _660_/X (sky130_fd_sc_hd__clkbuf_1)
                                                         net8 (net)
                      0.047235    0.000156    2.502269 v output8/A (sky130_fd_sc_hd__buf_2)
     1    0.034449    0.166997    0.334066    2.836335 v output8/X (sky130_fd_sc_hd__buf_2)
                                                         gpio_out[19] (net)
                      0.167011    0.001613    2.837948 v gpio_out[19] (out)
                                              2.837948   data arrival time

                                 25.000000   25.000000   clock gpio_in[38] (rise edge)
                                  0.000000   25.000000   clock network delay (propagated)
                                 -0.250000   24.750000   clock uncertainty
                                  0.000000   24.750000   clock reconvergence pessimism
                                 -5.000000   19.750000   output external delay
                                             19.750000   data required time
---------------------------------------------------------------------------------------------
                                             19.750000   data required time
                                             -2.837948   data arrival time
---------------------------------------------------------------------------------------------
                                             16.912050   slack (MET)


Startpoint: _099_ (rising edge-triggered flip-flop clocked by gpio_in[38])
Endpoint: gpio_out[30] (output port clocked by gpio_in[38])
Path Group: gpio_in[38]
Path Type: max

Fanout         Cap        Slew       Delay        Time   Description
---------------------------------------------------------------------------------------------
                                  0.000000    0.000000   clock gpio_in[38] (rise edge)
                                  0.000000    0.000000   clock source latency
     2    0.100561    0.726540    0.527194    0.527194 ^ gpio_in[38] (in)
                                                         gpio_in[38] (net)
                      0.731984    0.000000    0.527194 ^ clkbuf_0_gpio_in[38]/A (sky130_fd_sc_hd__clkbuf_16)
     5    0.068571    0.140223    0.544045    1.071239 ^ clkbuf_0_gpio_in[38]/X (sky130_fd_sc_hd__clkbuf_16)
                                                         clknet_0_gpio_in[38] (net)
                      0.140799    0.007691    1.078930 ^ clkbuf_1_0__f_gpio_in[38]/A (sky130_fd_sc_hd__clkbuf_16)
    25    0.085875    0.158273    0.320503    1.399433 ^ clkbuf_1_0__f_gpio_in[38]/X (sky130_fd_sc_hd__clkbuf_16)
                                                         clknet_1_0__leaf_gpio_in[38] (net)
                      0.165919    0.026937    1.426370 ^ _099_/CLK (sky130_fd_sc_hd__dfrtp_1)
     5    0.011362    0.151119    0.859548    2.285918 v _099_/Q (sky130_fd_sc_hd__dfrtp_1)
                                                         gpio_22_37_output[30].cfg.gpio_out_val (net)
                      0.151119    0.000566    2.286484 v _671_/A (sky130_fd_sc_hd__clkbuf_1)
     1    0.003802    0.060670    0.208016    2.494500 v _671_/X (sky130_fd_sc_hd__clkbuf_1)
                                                         net20 (net)
                      0.060670    0.000251    2.494751 v output20/A (sky130_fd_sc_hd__buf_2)
     1    0.034858    0.168578    0.341466    2.836217 v output20/X (sky130_fd_sc_hd__buf_2)
                                                         gpio_out[30] (net)
                      0.168594    0.001708    2.837925 v gpio_out[30] (out)
                                              2.837925   data arrival time

                                 25.000000   25.000000   clock gpio_in[38] (rise edge)
                                  0.000000   25.000000   clock network delay (propagated)
                                 -0.250000   24.750000   clock uncertainty
                                  0.000000   24.750000   clock reconvergence pessimism
                                 -5.000000   19.750000   output external delay
                                             19.750000   data required time
---------------------------------------------------------------------------------------------
                                             19.750000   data required time
                                             -2.837925   data arrival time
---------------------------------------------------------------------------------------------
                                             16.912075   slack (MET)


Startpoint: _090_ (rising edge-triggered flip-flop clocked by gpio_in[38])
Endpoint: gpio_out[5] (output port clocked by gpio_in[38])
Path Group: gpio_in[38]
Path Type: max

Fanout         Cap        Slew       Delay        Time   Description
---------------------------------------------------------------------------------------------
                                  0.000000    0.000000   clock gpio_in[38] (rise edge)
                                  0.000000    0.000000   clock source latency
     2    0.100561    0.726540    0.527194    0.527194 ^ gpio_in[38] (in)
                                                         gpio_in[38] (net)
                      0.731984    0.000000    0.527194 ^ clkbuf_0_gpio_in[38]/A (sky130_fd_sc_hd__clkbuf_16)
     5    0.068571    0.140223    0.544045    1.071239 ^ clkbuf_0_gpio_in[38]/X (sky130_fd_sc_hd__clkbuf_16)
                                                         clknet_0_gpio_in[38] (net)
                      0.140799    0.007691    1.078930 ^ clkbuf_1_0__f_gpio_in[38]/A (sky130_fd_sc_hd__clkbuf_16)
    25    0.085875    0.158273    0.320503    1.399433 ^ clkbuf_1_0__f_gpio_in[38]/X (sky130_fd_sc_hd__clkbuf_16)
                                                         clknet_1_0__leaf_gpio_in[38] (net)
                      0.165127    0.025467    1.424900 ^ _090_/CLK (sky130_fd_sc_hd__dfrtp_1)
     3    0.007509    0.116144    0.823882    2.248781 v _090_/Q (sky130_fd_sc_hd__dfrtp_1)
                                                         gpio_18_21_bidir[21].cfg.gpio_out_val (net)
                      0.116144    0.000465    2.249247 v _658_/A (sky130_fd_sc_hd__clkbuf_1)
     1    0.006744    0.090655    0.216098    2.465344 v _658_/X (sky130_fd_sc_hd__clkbuf_1)
                                                         net30 (net)
                      0.090655    0.000394    2.465739 v output30/A (sky130_fd_sc_hd__buf_2)
     1    0.034441    0.166832    0.354210    2.819949 v output30/X (sky130_fd_sc_hd__buf_2)
                                                         gpio_out[5] (net)
                      0.166846    0.001613    2.821562 v gpio_out[5] (out)
                                              2.821562   data arrival time

                                 25.000000   25.000000   clock gpio_in[38] (rise edge)
                                  0.000000   25.000000   clock network delay (propagated)
                                 -0.250000   24.750000   clock uncertainty
                                  0.000000   24.750000   clock reconvergence pessimism
                                 -5.000000   19.750000   output external delay
                                             19.750000   data required time
---------------------------------------------------------------------------------------------
                                             19.750000   data required time
                                             -2.821562   data arrival time
---------------------------------------------------------------------------------------------
                                             16.928438   slack (MET)


Startpoint: _087_ (rising edge-triggered flip-flop clocked by gpio_in[38])
Endpoint: gpio_out[2] (output port clocked by gpio_in[38])
Path Group: gpio_in[38]
Path Type: max

Fanout         Cap        Slew       Delay        Time   Description
---------------------------------------------------------------------------------------------
                                  0.000000    0.000000   clock gpio_in[38] (rise edge)
                                  0.000000    0.000000   clock source latency
     2    0.100561    0.726540    0.527194    0.527194 ^ gpio_in[38] (in)
                                                         gpio_in[38] (net)
                      0.731984    0.000000    0.527194 ^ clkbuf_0_gpio_in[38]/A (sky130_fd_sc_hd__clkbuf_16)
     5    0.068571    0.140223    0.544045    1.071239 ^ clkbuf_0_gpio_in[38]/X (sky130_fd_sc_hd__clkbuf_16)
                                                         clknet_0_gpio_in[38] (net)
                      0.140799    0.007691    1.078930 ^ clkbuf_1_0__f_gpio_in[38]/A (sky130_fd_sc_hd__clkbuf_16)
    25    0.085875    0.158273    0.320503    1.399433 ^ clkbuf_1_0__f_gpio_in[38]/X (sky130_fd_sc_hd__clkbuf_16)
                                                         clknet_1_0__leaf_gpio_in[38] (net)
                      0.164597    0.024433    1.423866 ^ _087_/CLK (sky130_fd_sc_hd__dfrtp_2)
     3    0.009250    0.105037    0.884242    2.308108 v _087_/Q (sky130_fd_sc_hd__dfrtp_2)
                                                         gpio_18_21_bidir[18].cfg.gpio_out_val (net)
                      0.105037    0.000597    2.308705 v _655_/A (sky130_fd_sc_hd__clkbuf_1)
     1    0.002191    0.044482    0.170537    2.479242 v _655_/X (sky130_fd_sc_hd__clkbuf_1)
                                                         net19 (net)
                      0.044485    0.000145    2.479387 v output19/A (sky130_fd_sc_hd__buf_2)
     1    0.034441    0.166982    0.332782    2.812170 v output19/X (sky130_fd_sc_hd__buf_2)
                                                         gpio_out[2] (net)
                      0.166996    0.001613    2.813783 v gpio_out[2] (out)
                                              2.813783   data arrival time

                                 25.000000   25.000000   clock gpio_in[38] (rise edge)
                                  0.000000   25.000000   clock network delay (propagated)
                                 -0.250000   24.750000   clock uncertainty
                                  0.000000   24.750000   clock reconvergence pessimism
                                 -5.000000   19.750000   output external delay
                                             19.750000   data required time
---------------------------------------------------------------------------------------------
                                             19.750000   data required time
                                             -2.813783   data arrival time
---------------------------------------------------------------------------------------------
                                             16.936216   slack (MET)


Startpoint: _087_ (rising edge-triggered flip-flop clocked by gpio_in[38])
Endpoint: gpio_out[18] (output port clocked by gpio_in[38])
Path Group: gpio_in[38]
Path Type: max

Fanout         Cap        Slew       Delay        Time   Description
---------------------------------------------------------------------------------------------
                                  0.000000    0.000000   clock gpio_in[38] (rise edge)
                                  0.000000    0.000000   clock source latency
     2    0.100561    0.726540    0.527194    0.527194 ^ gpio_in[38] (in)
                                                         gpio_in[38] (net)
                      0.731984    0.000000    0.527194 ^ clkbuf_0_gpio_in[38]/A (sky130_fd_sc_hd__clkbuf_16)
     5    0.068571    0.140223    0.544045    1.071239 ^ clkbuf_0_gpio_in[38]/X (sky130_fd_sc_hd__clkbuf_16)
                                                         clknet_0_gpio_in[38] (net)
                      0.140799    0.007691    1.078930 ^ clkbuf_1_0__f_gpio_in[38]/A (sky130_fd_sc_hd__clkbuf_16)
    25    0.085875    0.158273    0.320503    1.399433 ^ clkbuf_1_0__f_gpio_in[38]/X (sky130_fd_sc_hd__clkbuf_16)
                                                         clknet_1_0__leaf_gpio_in[38] (net)
                      0.164597    0.024433    1.423866 ^ _087_/CLK (sky130_fd_sc_hd__dfrtp_2)
     3    0.009250    0.105037    0.884242    2.308108 v _087_/Q (sky130_fd_sc_hd__dfrtp_2)
                                                         gpio_18_21_bidir[18].cfg.gpio_out_val (net)
                      0.105037    0.000574    2.308683 v _659_/A (sky130_fd_sc_hd__clkbuf_1)
     1    0.002072    0.043365    0.169390    2.478072 v _659_/X (sky130_fd_sc_hd__clkbuf_1)
                                                         net7 (net)
                      0.043365    0.000139    2.478211 v output7/A (sky130_fd_sc_hd__buf_2)
     1    0.034449    0.167016    0.332292    2.810504 v output7/X (sky130_fd_sc_hd__buf_2)
                                                         gpio_out[18] (net)
                      0.167029    0.001613    2.812117 v gpio_out[18] (out)
                                              2.812117   data arrival time

                                 25.000000   25.000000   clock gpio_in[38] (rise edge)
                                  0.000000   25.000000   clock network delay (propagated)
                                 -0.250000   24.750000   clock uncertainty
                                  0.000000   24.750000   clock reconvergence pessimism
                                 -5.000000   19.750000   output external delay
                                             19.750000   data required time
---------------------------------------------------------------------------------------------
                                             19.750000   data required time
                                             -2.812117   data arrival time
---------------------------------------------------------------------------------------------
                                             16.937883   slack (MET)


Startpoint: _102_ (rising edge-triggered flip-flop clocked by gpio_in[38])
Endpoint: gpio_out[33] (output port clocked by gpio_in[38])
Path Group: gpio_in[38]
Path Type: max

Fanout         Cap        Slew       Delay        Time   Description
---------------------------------------------------------------------------------------------
                                  0.000000    0.000000   clock gpio_in[38] (rise edge)
                                  0.000000    0.000000   clock source latency
     2    0.100561    0.726540    0.527194    0.527194 ^ gpio_in[38] (in)
                                                         gpio_in[38] (net)
                      0.731984    0.000000    0.527194 ^ clkbuf_0_gpio_in[38]/A (sky130_fd_sc_hd__clkbuf_16)
     5    0.068571    0.140223    0.544045    1.071239 ^ clkbuf_0_gpio_in[38]/X (sky130_fd_sc_hd__clkbuf_16)
                                                         clknet_0_gpio_in[38] (net)
                      0.140799    0.007691    1.078930 ^ clkbuf_1_0__f_gpio_in[38]/A (sky130_fd_sc_hd__clkbuf_16)
    25    0.085875    0.158273    0.320503    1.399433 ^ clkbuf_1_0__f_gpio_in[38]/X (sky130_fd_sc_hd__clkbuf_16)
                                                         clknet_1_0__leaf_gpio_in[38] (net)
                      0.165959    0.027011    1.426444 ^ _102_/CLK (sky130_fd_sc_hd__dfrtp_1)
     3    0.008696    0.126539    0.835174    2.261619 v _102_/Q (sky130_fd_sc_hd__dfrtp_1)
                                                         gpio_22_37_output[33].cfg.gpio_out_val (net)
                      0.126539    0.000494    2.262113 v _674_/A (sky130_fd_sc_hd__clkbuf_1)
     1    0.003634    0.058898    0.194675    2.456787 v _674_/X (sky130_fd_sc_hd__clkbuf_1)
                                                         net23 (net)
                      0.058898    0.000215    2.457002 v output23/A (sky130_fd_sc_hd__buf_2)
     1    0.034377    0.166656    0.339194    2.796196 v output23/X (sky130_fd_sc_hd__buf_2)
                                                         gpio_out[33] (net)
                      0.166669    0.001595    2.797792 v gpio_out[33] (out)
                                              2.797792   data arrival time

                                 25.000000   25.000000   clock gpio_in[38] (rise edge)
                                  0.000000   25.000000   clock network delay (propagated)
                                 -0.250000   24.750000   clock uncertainty
                                  0.000000   24.750000   clock reconvergence pessimism
                                 -5.000000   19.750000   output external delay
                                             19.750000   data required time
---------------------------------------------------------------------------------------------
                                             19.750000   data required time
                                             -2.797792   data arrival time
---------------------------------------------------------------------------------------------
                                             16.952208   slack (MET)


Startpoint: _098_ (rising edge-triggered flip-flop clocked by gpio_in[38])
Endpoint: gpio_out[29] (output port clocked by gpio_in[38])
Path Group: gpio_in[38]
Path Type: max

Fanout         Cap        Slew       Delay        Time   Description
---------------------------------------------------------------------------------------------
                                  0.000000    0.000000   clock gpio_in[38] (rise edge)
                                  0.000000    0.000000   clock source latency
     2    0.100561    0.726540    0.527194    0.527194 ^ gpio_in[38] (in)
                                                         gpio_in[38] (net)
                      0.731984    0.000000    0.527194 ^ clkbuf_0_gpio_in[38]/A (sky130_fd_sc_hd__clkbuf_16)
     5    0.068571    0.140223    0.544045    1.071239 ^ clkbuf_0_gpio_in[38]/X (sky130_fd_sc_hd__clkbuf_16)
                                                         clknet_0_gpio_in[38] (net)
                      0.140799    0.007691    1.078930 ^ clkbuf_1_0__f_gpio_in[38]/A (sky130_fd_sc_hd__clkbuf_16)
    25    0.085875    0.158273    0.320503    1.399433 ^ clkbuf_1_0__f_gpio_in[38]/X (sky130_fd_sc_hd__clkbuf_16)
                                                         clknet_1_0__leaf_gpio_in[38] (net)
                      0.164024    0.023273    1.422706 ^ _098_/CLK (sky130_fd_sc_hd__dfrtp_1)
     2    0.005979    0.103277    0.809406    2.232112 v _098_/Q (sky130_fd_sc_hd__dfrtp_1)
                                                         gpio_22_37_output[29].cfg.gpio_out_val (net)
                      0.103277    0.000364    2.232476 v _670_/A (sky130_fd_sc_hd__clkbuf_1)
     1    0.004878    0.071302    0.194444    2.426920 v _670_/X (sky130_fd_sc_hd__clkbuf_1)
                                                         net18 (net)
                      0.071302    0.000352    2.427272 v output18/A (sky130_fd_sc_hd__buf_2)
     1    0.034377    0.166597    0.344878    2.772150 v output18/X (sky130_fd_sc_hd__buf_2)
                                                         gpio_out[29] (net)
                      0.166610    0.001595    2.773746 v gpio_out[29] (out)
                                              2.773746   data arrival time

                                 25.000000   25.000000   clock gpio_in[38] (rise edge)
                                  0.000000   25.000000   clock network delay (propagated)
                                 -0.250000   24.750000   clock uncertainty
                                  0.000000   24.750000   clock reconvergence pessimism
                                 -5.000000   19.750000   output external delay
                                             19.750000   data required time
---------------------------------------------------------------------------------------------
                                             19.750000   data required time
                                             -2.773746   data arrival time
---------------------------------------------------------------------------------------------
                                             16.976254   slack (MET)


Startpoint: _092_ (rising edge-triggered flip-flop clocked by gpio_in[38])
Endpoint: gpio_out[23] (output port clocked by gpio_in[38])
Path Group: gpio_in[38]
Path Type: max

Fanout         Cap        Slew       Delay        Time   Description
---------------------------------------------------------------------------------------------
                                  0.000000    0.000000   clock gpio_in[38] (rise edge)
                                  0.000000    0.000000   clock source latency
     2    0.100561    0.726540    0.527194    0.527194 ^ gpio_in[38] (in)
                                                         gpio_in[38] (net)
                      0.731984    0.000000    0.527194 ^ clkbuf_0_gpio_in[38]/A (sky130_fd_sc_hd__clkbuf_16)
     5    0.068571    0.140223    0.544045    1.071239 ^ clkbuf_0_gpio_in[38]/X (sky130_fd_sc_hd__clkbuf_16)
                                                         clknet_0_gpio_in[38] (net)
                      0.140770    0.007512    1.078751 ^ clkbuf_1_1__f_gpio_in[38]/A (sky130_fd_sc_hd__clkbuf_16)
    19    0.073023    0.139259    0.312458    1.391209 ^ clkbuf_1_1__f_gpio_in[38]/X (sky130_fd_sc_hd__clkbuf_16)
                                                         clknet_1_1__leaf_gpio_in[38] (net)
                      0.142825    0.017325    1.408534 ^ _092_/CLK (sky130_fd_sc_hd__dfrtp_1)
     3    0.010377    0.141950    0.839863    2.248397 v _092_/Q (sky130_fd_sc_hd__dfrtp_1)
                                                         gpio_22_37_output[23].cfg.gpio_out_val (net)
                      0.141952    0.000743    2.249140 v _664_/A (sky130_fd_sc_hd__clkbuf_1)
     1    0.002205    0.044811    0.188216    2.437356 v _664_/X (sky130_fd_sc_hd__clkbuf_1)
                                                         net12 (net)
                      0.044832    0.000147    2.437503 v output12/A (sky130_fd_sc_hd__buf_2)
     1    0.034537    0.167381    0.333185    2.770689 v output12/X (sky130_fd_sc_hd__buf_2)
                                                         gpio_out[23] (net)
                      0.167397    0.001701    2.772390 v gpio_out[23] (out)
                                              2.772390   data arrival time

                                 25.000000   25.000000   clock gpio_in[38] (rise edge)
                                  0.000000   25.000000   clock network delay (propagated)
                                 -0.250000   24.750000   clock uncertainty
                                  0.000000   24.750000   clock reconvergence pessimism
                                 -5.000000   19.750000   output external delay
                                             19.750000   data required time
---------------------------------------------------------------------------------------------
                                             19.750000   data required time
                                             -2.772390   data arrival time
---------------------------------------------------------------------------------------------
                                             16.977610   slack (MET)


Startpoint: _089_ (rising edge-triggered flip-flop clocked by gpio_in[38])
Endpoint: gpio_out[20] (output port clocked by gpio_in[38])
Path Group: gpio_in[38]
Path Type: max

Fanout         Cap        Slew       Delay        Time   Description
---------------------------------------------------------------------------------------------
                                  0.000000    0.000000   clock gpio_in[38] (rise edge)
                                  0.000000    0.000000   clock source latency
     2    0.100561    0.726540    0.527194    0.527194 ^ gpio_in[38] (in)
                                                         gpio_in[38] (net)
                      0.731984    0.000000    0.527194 ^ clkbuf_0_gpio_in[38]/A (sky130_fd_sc_hd__clkbuf_16)
     5    0.068571    0.140223    0.544045    1.071239 ^ clkbuf_0_gpio_in[38]/X (sky130_fd_sc_hd__clkbuf_16)
                                                         clknet_0_gpio_in[38] (net)
                      0.140799    0.007691    1.078930 ^ clkbuf_1_0__f_gpio_in[38]/A (sky130_fd_sc_hd__clkbuf_16)
    25    0.085875    0.158273    0.320503    1.399433 ^ clkbuf_1_0__f_gpio_in[38]/X (sky130_fd_sc_hd__clkbuf_16)
                                                         clknet_1_0__leaf_gpio_in[38] (net)
                      0.165629    0.026404    1.425837 ^ _089_/CLK (sky130_fd_sc_hd__dfrtp_1)
     3    0.008175    0.121942    0.830239    2.256076 v _089_/Q (sky130_fd_sc_hd__dfrtp_1)
                                                         gpio_18_21_bidir[20].cfg.gpio_out_val (net)
                      0.121942    0.000490    2.256566 v _661_/A (sky130_fd_sc_hd__clkbuf_1)
     1    0.002080    0.043522    0.177497    2.434063 v _661_/X (sky130_fd_sc_hd__clkbuf_1)
                                                         net9 (net)
                      0.043539    0.000139    2.434203 v output9/A (sky130_fd_sc_hd__buf_2)
     1    0.034377    0.166729    0.332156    2.766359 v output9/X (sky130_fd_sc_hd__buf_2)
                                                         gpio_out[20] (net)
                      0.166742    0.001595    2.767954 v gpio_out[20] (out)
                                              2.767954   data arrival time

                                 25.000000   25.000000   clock gpio_in[38] (rise edge)
                                  0.000000   25.000000   clock network delay (propagated)
                                 -0.250000   24.750000   clock uncertainty
                                  0.000000   24.750000   clock reconvergence pessimism
                                 -5.000000   19.750000   output external delay
                                             19.750000   data required time
---------------------------------------------------------------------------------------------
                                             19.750000   data required time
                                             -2.767954   data arrival time
---------------------------------------------------------------------------------------------
                                             16.982044   slack (MET)


Startpoint: _089_ (rising edge-triggered flip-flop clocked by gpio_in[38])
Endpoint: gpio_out[4] (output port clocked by gpio_in[38])
Path Group: gpio_in[38]
Path Type: max

Fanout         Cap        Slew       Delay        Time   Description
---------------------------------------------------------------------------------------------
                                  0.000000    0.000000   clock gpio_in[38] (rise edge)
                                  0.000000    0.000000   clock source latency
     2    0.100561    0.726540    0.527194    0.527194 ^ gpio_in[38] (in)
                                                         gpio_in[38] (net)
                      0.731984    0.000000    0.527194 ^ clkbuf_0_gpio_in[38]/A (sky130_fd_sc_hd__clkbuf_16)
     5    0.068571    0.140223    0.544045    1.071239 ^ clkbuf_0_gpio_in[38]/X (sky130_fd_sc_hd__clkbuf_16)
                                                         clknet_0_gpio_in[38] (net)
                      0.140799    0.007691    1.078930 ^ clkbuf_1_0__f_gpio_in[38]/A (sky130_fd_sc_hd__clkbuf_16)
    25    0.085875    0.158273    0.320503    1.399433 ^ clkbuf_1_0__f_gpio_in[38]/X (sky130_fd_sc_hd__clkbuf_16)
                                                         clknet_1_0__leaf_gpio_in[38] (net)
                      0.165629    0.026404    1.425837 ^ _089_/CLK (sky130_fd_sc_hd__dfrtp_1)
     3    0.008175    0.121942    0.830239    2.256076 v _089_/Q (sky130_fd_sc_hd__dfrtp_1)
                                                         gpio_18_21_bidir[20].cfg.gpio_out_val (net)
                      0.121942    0.000482    2.256558 v _657_/A (sky130_fd_sc_hd__clkbuf_1)
     1    0.002072    0.043450    0.177422    2.433980 v _657_/X (sky130_fd_sc_hd__clkbuf_1)
                                                         net29 (net)
                      0.043450    0.000139    2.434119 v output29/A (sky130_fd_sc_hd__buf_2)
     1    0.034377    0.166729    0.332115    2.766235 v output29/X (sky130_fd_sc_hd__buf_2)
                                                         gpio_out[4] (net)
                      0.166742    0.001595    2.767830 v gpio_out[4] (out)
                                              2.767830   data arrival time

                                 25.000000   25.000000   clock gpio_in[38] (rise edge)
                                  0.000000   25.000000   clock network delay (propagated)
                                 -0.250000   24.750000   clock uncertainty
                                  0.000000   24.750000   clock reconvergence pessimism
                                 -5.000000   19.750000   output external delay
                                             19.750000   data required time
---------------------------------------------------------------------------------------------
                                             19.750000   data required time
                                             -2.767830   data arrival time
---------------------------------------------------------------------------------------------
                                             16.982168   slack (MET)


Startpoint: _090_ (rising edge-triggered flip-flop clocked by gpio_in[38])
Endpoint: gpio_out[21] (output port clocked by gpio_in[38])
Path Group: gpio_in[38]
Path Type: max

Fanout         Cap        Slew       Delay        Time   Description
---------------------------------------------------------------------------------------------
                                  0.000000    0.000000   clock gpio_in[38] (rise edge)
                                  0.000000    0.000000   clock source latency
     2    0.100561    0.726540    0.527194    0.527194 ^ gpio_in[38] (in)
                                                         gpio_in[38] (net)
                      0.731984    0.000000    0.527194 ^ clkbuf_0_gpio_in[38]/A (sky130_fd_sc_hd__clkbuf_16)
     5    0.068571    0.140223    0.544045    1.071239 ^ clkbuf_0_gpio_in[38]/X (sky130_fd_sc_hd__clkbuf_16)
                                                         clknet_0_gpio_in[38] (net)
                      0.140799    0.007691    1.078930 ^ clkbuf_1_0__f_gpio_in[38]/A (sky130_fd_sc_hd__clkbuf_16)
    25    0.085875    0.158273    0.320503    1.399433 ^ clkbuf_1_0__f_gpio_in[38]/X (sky130_fd_sc_hd__clkbuf_16)
                                                         clknet_1_0__leaf_gpio_in[38] (net)
                      0.165127    0.025467    1.424900 ^ _090_/CLK (sky130_fd_sc_hd__dfrtp_1)
     3    0.007509    0.116144    0.823882    2.248781 v _090_/Q (sky130_fd_sc_hd__dfrtp_1)
                                                         gpio_18_21_bidir[21].cfg.gpio_out_val (net)
                      0.116144    0.000550    2.249331 v _662_/A (sky130_fd_sc_hd__clkbuf_1)
     1    0.001772    0.040621    0.171791    2.421123 v _662_/X (sky130_fd_sc_hd__clkbuf_1)
                                                         net10 (net)
                      0.040621    0.000081    2.421204 v output10/A (sky130_fd_sc_hd__buf_2)
     1    0.034377    0.166743    0.330819    2.752023 v output10/X (sky130_fd_sc_hd__buf_2)
                                                         gpio_out[21] (net)
                      0.166756    0.001595    2.753618 v gpio_out[21] (out)
                                              2.753618   data arrival time

                                 25.000000   25.000000   clock gpio_in[38] (rise edge)
                                  0.000000   25.000000   clock network delay (propagated)
                                 -0.250000   24.750000   clock uncertainty
                                  0.000000   24.750000   clock reconvergence pessimism
                                 -5.000000   19.750000   output external delay
                                             19.750000   data required time
---------------------------------------------------------------------------------------------
                                             19.750000   data required time
                                             -2.753618   data arrival time
---------------------------------------------------------------------------------------------
                                             16.996382   slack (MET)


Startpoint: _091_ (rising edge-triggered flip-flop clocked by gpio_in[38])
Endpoint: gpio_out[22] (output port clocked by gpio_in[38])
Path Group: gpio_in[38]
Path Type: max

Fanout         Cap        Slew       Delay        Time   Description
---------------------------------------------------------------------------------------------
                                  0.000000    0.000000   clock gpio_in[38] (rise edge)
                                  0.000000    0.000000   clock source latency
     2    0.100561    0.726540    0.527194    0.527194 ^ gpio_in[38] (in)
                                                         gpio_in[38] (net)
                      0.731984    0.000000    0.527194 ^ clkbuf_0_gpio_in[38]/A (sky130_fd_sc_hd__clkbuf_16)
     5    0.068571    0.140223    0.544045    1.071239 ^ clkbuf_0_gpio_in[38]/X (sky130_fd_sc_hd__clkbuf_16)
                                                         clknet_0_gpio_in[38] (net)
                      0.140770    0.007512    1.078751 ^ clkbuf_1_1__f_gpio_in[38]/A (sky130_fd_sc_hd__clkbuf_16)
    19    0.073023    0.139259    0.312458    1.391209 ^ clkbuf_1_1__f_gpio_in[38]/X (sky130_fd_sc_hd__clkbuf_16)
                                                         clknet_1_1__leaf_gpio_in[38] (net)
                      0.142819    0.017309    1.408518 ^ _091_/CLK (sky130_fd_sc_hd__dfrtp_1)
     3    0.008419    0.123990    0.822036    2.230554 v _091_/Q (sky130_fd_sc_hd__dfrtp_1)
                                                         gpio_22_37_output[22].cfg.gpio_out_val (net)
                      0.123990    0.000417    2.230971 v _663_/A (sky130_fd_sc_hd__clkbuf_1)
     1    0.002140    0.044094    0.179050    2.410021 v _663_/X (sky130_fd_sc_hd__clkbuf_1)
                                                         net11 (net)
                      0.044112    0.000142    2.410163 v output11/A (sky130_fd_sc_hd__buf_2)
     1    0.034495    0.167213    0.332737    2.742900 v output11/X (sky130_fd_sc_hd__buf_2)
                                                         gpio_out[22] (net)
                      0.167229    0.001682    2.744582 v gpio_out[22] (out)
                                              2.744582   data arrival time

                                 25.000000   25.000000   clock gpio_in[38] (rise edge)
                                  0.000000   25.000000   clock network delay (propagated)
                                 -0.250000   24.750000   clock uncertainty
                                  0.000000   24.750000   clock reconvergence pessimism
                                 -5.000000   19.750000   output external delay
                                             19.750000   data required time
---------------------------------------------------------------------------------------------
                                             19.750000   data required time
                                             -2.744582   data arrival time
---------------------------------------------------------------------------------------------
                                             17.005419   slack (MET)


Startpoint: _094_ (rising edge-triggered flip-flop clocked by gpio_in[38])
Endpoint: gpio_out[25] (output port clocked by gpio_in[38])
Path Group: gpio_in[38]
Path Type: max

Fanout         Cap        Slew       Delay        Time   Description
---------------------------------------------------------------------------------------------
                                  0.000000    0.000000   clock gpio_in[38] (rise edge)
                                  0.000000    0.000000   clock source latency
     2    0.100561    0.726540    0.527194    0.527194 ^ gpio_in[38] (in)
                                                         gpio_in[38] (net)
                      0.731984    0.000000    0.527194 ^ clkbuf_0_gpio_in[38]/A (sky130_fd_sc_hd__clkbuf_16)
     5    0.068571    0.140223    0.544045    1.071239 ^ clkbuf_0_gpio_in[38]/X (sky130_fd_sc_hd__clkbuf_16)
                                                         clknet_0_gpio_in[38] (net)
                      0.140770    0.007512    1.078751 ^ clkbuf_1_1__f_gpio_in[38]/A (sky130_fd_sc_hd__clkbuf_16)
    19    0.073023    0.139259    0.312458    1.391209 ^ clkbuf_1_1__f_gpio_in[38]/X (sky130_fd_sc_hd__clkbuf_16)
                                                         clknet_1_1__leaf_gpio_in[38] (net)
                      0.142748    0.017125    1.408334 ^ _094_/CLK (sky130_fd_sc_hd__dfrtp_1)
     3    0.007241    0.113764    0.811181    2.219515 v _094_/Q (sky130_fd_sc_hd__dfrtp_1)
                                                         gpio_22_37_output[25].cfg.gpio_out_val (net)
                      0.113764    0.000383    2.219898 v _666_/A (sky130_fd_sc_hd__clkbuf_1)
     1    0.002273    0.045317    0.175471    2.395369 v _666_/X (sky130_fd_sc_hd__clkbuf_1)
                                                         net14 (net)
                      0.045317    0.000152    2.395521 v output14/A (sky130_fd_sc_hd__buf_2)
     1    0.034577    0.167541    0.333525    2.729046 v output14/X (sky130_fd_sc_hd__buf_2)
                                                         gpio_out[25] (net)
                      0.167557    0.001710    2.730756 v gpio_out[25] (out)
                                              2.730756   data arrival time

                                 25.000000   25.000000   clock gpio_in[38] (rise edge)
                                  0.000000   25.000000   clock network delay (propagated)
                                 -0.250000   24.750000   clock uncertainty
                                  0.000000   24.750000   clock reconvergence pessimism
                                 -5.000000   19.750000   output external delay
                                             19.750000   data required time
---------------------------------------------------------------------------------------------
                                             19.750000   data required time
                                             -2.730756   data arrival time
---------------------------------------------------------------------------------------------
                                             17.019243   slack (MET)


Startpoint: _106_ (rising edge-triggered flip-flop clocked by gpio_in[38])
Endpoint: gpio_out[37] (output port clocked by gpio_in[38])
Path Group: gpio_in[38]
Path Type: max

Fanout         Cap        Slew       Delay        Time   Description
---------------------------------------------------------------------------------------------
                                  0.000000    0.000000   clock gpio_in[38] (rise edge)
                                  0.000000    0.000000   clock source latency
     2    0.100561    0.726540    0.527194    0.527194 ^ gpio_in[38] (in)
                                                         gpio_in[38] (net)
                      0.731984    0.000000    0.527194 ^ clkbuf_0_gpio_in[38]/A (sky130_fd_sc_hd__clkbuf_16)
     5    0.068571    0.140223    0.544045    1.071239 ^ clkbuf_0_gpio_in[38]/X (sky130_fd_sc_hd__clkbuf_16)
                                                         clknet_0_gpio_in[38] (net)
                      0.140770    0.007512    1.078751 ^ clkbuf_1_1__f_gpio_in[38]/A (sky130_fd_sc_hd__clkbuf_16)
    19    0.073023    0.139259    0.312458    1.391209 ^ clkbuf_1_1__f_gpio_in[38]/X (sky130_fd_sc_hd__clkbuf_16)
                                                         clknet_1_1__leaf_gpio_in[38] (net)
                      0.142287    0.015889    1.407098 ^ _106_/CLK (sky130_fd_sc_hd__dfrtp_1)
     2    0.005820    0.101948    0.797952    2.205051 v _106_/Q (sky130_fd_sc_hd__dfrtp_1)
                                                         gpio_22_37_output[37].cfg.gpio_out_val (net)
                      0.101948    0.000365    2.205415 v _678_/A (sky130_fd_sc_hd__clkbuf_1)
     1    0.001832    0.041093    0.165616    2.371031 v _678_/X (sky130_fd_sc_hd__clkbuf_1)
                                                         net27 (net)
                      0.041093    0.000131    2.371162 v output27/A (sky130_fd_sc_hd__buf_2)
     1    0.034537    0.167399    0.331472    2.702634 v output27/X (sky130_fd_sc_hd__buf_2)
                                                         gpio_out[37] (net)
                      0.167414    0.001701    2.704335 v gpio_out[37] (out)
                                              2.704335   data arrival time

                                 25.000000   25.000000   clock gpio_in[38] (rise edge)
                                  0.000000   25.000000   clock network delay (propagated)
                                 -0.250000   24.750000   clock uncertainty
                                  0.000000   24.750000   clock reconvergence pessimism
                                 -5.000000   19.750000   output external delay
                                             19.750000   data required time
---------------------------------------------------------------------------------------------
                                             19.750000   data required time
                                             -2.704335   data arrival time
---------------------------------------------------------------------------------------------
                                             17.045666   slack (MET)


Startpoint: _087_ (rising edge-triggered flip-flop clocked by gpio_in[38])
Endpoint: _106_ (rising edge-triggered flip-flop clocked by gpio_in[38])
Path Group: gpio_in[38]
Path Type: max

Fanout         Cap        Slew       Delay        Time   Description
---------------------------------------------------------------------------------------------
                                  0.000000    0.000000   clock gpio_in[38] (rise edge)
                                  0.000000    0.000000   clock source latency
     2    0.100561    0.726540    0.527194    0.527194 ^ gpio_in[38] (in)
                                                         gpio_in[38] (net)
                      0.731984    0.000000    0.527194 ^ clkbuf_0_gpio_in[38]/A (sky130_fd_sc_hd__clkbuf_16)
     5    0.068571    0.140223    0.544045    1.071239 ^ clkbuf_0_gpio_in[38]/X (sky130_fd_sc_hd__clkbuf_16)
                                                         clknet_0_gpio_in[38] (net)
                      0.140799    0.007691    1.078930 ^ clkbuf_1_0__f_gpio_in[38]/A (sky130_fd_sc_hd__clkbuf_16)
    25    0.085875    0.158273    0.320503    1.399433 ^ clkbuf_1_0__f_gpio_in[38]/X (sky130_fd_sc_hd__clkbuf_16)
                                                         clknet_1_0__leaf_gpio_in[38] (net)
                      0.164597    0.024433    1.423866 ^ _087_/CLK (sky130_fd_sc_hd__dfrtp_2)
     3    0.009626    0.115779    0.771944    2.195810 ^ _087_/Q (sky130_fd_sc_hd__dfrtp_2)
                                                         gpio_18_21_bidir[18].cfg.gpio_out_val (net)
                      0.115779    0.000474    2.196284 ^ hold3/A (sky130_fd_sc_hd__dlygate4sd3_1)
     5    0.020609    0.335813    1.266759    3.463044 ^ hold3/X (sky130_fd_sc_hd__dlygate4sd3_1)
                                                         net578 (net)
                      0.335813    0.001182    3.464226 ^ _049_/A (sky130_fd_sc_hd__and4_4)
    17    0.141597    0.679416    1.032999    4.497225 ^ _049_/X (sky130_fd_sc_hd__and4_4)
                                                         _022_ (net)
                      0.679688    0.011779    4.509005 ^ _078_/A (sky130_fd_sc_hd__and4_4)
    11    0.128445    0.620753    1.127005    5.636010 ^ _078_/X (sky130_fd_sc_hd__and4_4)
                                                         _039_ (net)
                      0.635573    0.075530    5.711540 ^ _084_/D (sky130_fd_sc_hd__and4_1)
     1    0.006778    0.154864    0.610354    6.321895 ^ _084_/X (sky130_fd_sc_hd__and4_1)
                                                         _042_ (net)
                      0.154864    0.000526    6.322421 ^ _086_/B (sky130_fd_sc_hd__xor2_1)
     1    0.002311    0.090971    0.147833    6.470254 v _086_/X (sky130_fd_sc_hd__xor2_1)
                                                         _010_ (net)
                      0.090971    0.000112    6.470366 v hold2/A (sky130_fd_sc_hd__dlygate4sd3_1)
     1    0.003024    0.107424    1.136803    7.607169 v hold2/X (sky130_fd_sc_hd__dlygate4sd3_1)
                                                         net577 (net)
                      0.107424    0.000186    7.607355 v _106_/D (sky130_fd_sc_hd__dfrtp_1)
                                              7.607355   data arrival time

                                 25.000000   25.000000   clock gpio_in[38] (rise edge)
                                  0.000000   25.000000   clock source latency
     2    0.100561    0.726540    0.527194   25.527193 ^ gpio_in[38] (in)
                                                         gpio_in[38] (net)
                      0.731984    0.000000   25.527193 ^ clkbuf_0_gpio_in[38]/A (sky130_fd_sc_hd__clkbuf_16)
     5    0.068571    0.140223    0.544045   26.071238 ^ clkbuf_0_gpio_in[38]/X (sky130_fd_sc_hd__clkbuf_16)
                                                         clknet_0_gpio_in[38] (net)
                      0.140770    0.007512   26.078751 ^ clkbuf_1_1__f_gpio_in[38]/A (sky130_fd_sc_hd__clkbuf_16)
    19    0.073023    0.139259    0.312458   26.391209 ^ clkbuf_1_1__f_gpio_in[38]/X (sky130_fd_sc_hd__clkbuf_16)
                                                         clknet_1_1__leaf_gpio_in[38] (net)
                      0.142287    0.015890   26.407097 ^ _106_/CLK (sky130_fd_sc_hd__dfrtp_1)
                                 -0.250000   26.157099   clock uncertainty
                                  0.000000   26.157099   clock reconvergence pessimism
                                 -0.272887   25.884211   library setup time
                                             25.884211   data required time
---------------------------------------------------------------------------------------------
                                             25.884211   data required time
                                             -7.607355   data arrival time
---------------------------------------------------------------------------------------------
                                             18.276855   slack (MET)


Startpoint: _087_ (rising edge-triggered flip-flop clocked by gpio_in[38])
Endpoint: _105_ (rising edge-triggered flip-flop clocked by gpio_in[38])
Path Group: gpio_in[38]
Path Type: max

Fanout         Cap        Slew       Delay        Time   Description
---------------------------------------------------------------------------------------------
                                  0.000000    0.000000   clock gpio_in[38] (rise edge)
                                  0.000000    0.000000   clock source latency
     2    0.100561    0.726540    0.527194    0.527194 ^ gpio_in[38] (in)
                                                         gpio_in[38] (net)
                      0.731984    0.000000    0.527194 ^ clkbuf_0_gpio_in[38]/A (sky130_fd_sc_hd__clkbuf_16)
     5    0.068571    0.140223    0.544045    1.071239 ^ clkbuf_0_gpio_in[38]/X (sky130_fd_sc_hd__clkbuf_16)
                                                         clknet_0_gpio_in[38] (net)
                      0.140799    0.007691    1.078930 ^ clkbuf_1_0__f_gpio_in[38]/A (sky130_fd_sc_hd__clkbuf_16)
    25    0.085875    0.158273    0.320503    1.399433 ^ clkbuf_1_0__f_gpio_in[38]/X (sky130_fd_sc_hd__clkbuf_16)
                                                         clknet_1_0__leaf_gpio_in[38] (net)
                      0.164597    0.024433    1.423866 ^ _087_/CLK (sky130_fd_sc_hd__dfrtp_2)
     3    0.009626    0.115779    0.771944    2.195810 ^ _087_/Q (sky130_fd_sc_hd__dfrtp_2)
                                                         gpio_18_21_bidir[18].cfg.gpio_out_val (net)
                      0.115779    0.000474    2.196284 ^ hold3/A (sky130_fd_sc_hd__dlygate4sd3_1)
     5    0.020609    0.335813    1.266759    3.463044 ^ hold3/X (sky130_fd_sc_hd__dlygate4sd3_1)
                                                         net578 (net)
                      0.335813    0.001182    3.464226 ^ _049_/A (sky130_fd_sc_hd__and4_4)
    17    0.141597    0.679416    1.032999    4.497225 ^ _049_/X (sky130_fd_sc_hd__and4_4)
                                                         _022_ (net)
                      0.679688    0.011779    4.509005 ^ _078_/A (sky130_fd_sc_hd__and4_4)
    11    0.128445    0.620753    1.127005    5.636010 ^ _078_/X (sky130_fd_sc_hd__and4_4)
                                                         _039_ (net)
                      0.635527    0.075414    5.711424 ^ _082_/C (sky130_fd_sc_hd__and3_1)
     2    0.010827    0.197152    0.571852    6.283276 ^ _082_/X (sky130_fd_sc_hd__and3_1)
                                                         _041_ (net)
                      0.197152    0.000656    6.283932 ^ _085_/B (sky130_fd_sc_hd__xor2_1)
     1    0.002067    0.091859    0.162545    6.446477 v _085_/X (sky130_fd_sc_hd__xor2_1)
                                                         _009_ (net)
                      0.091859    0.000097    6.446574 v hold5/A (sky130_fd_sc_hd__dlygate4sd3_1)
     1    0.002918    0.106512    1.135448    7.582022 v hold5/X (sky130_fd_sc_hd__dlygate4sd3_1)
                                                         net580 (net)
                      0.106512    0.000190    7.582212 v _105_/D (sky130_fd_sc_hd__dfrtp_1)
                                              7.582212   data arrival time

                                 25.000000   25.000000   clock gpio_in[38] (rise edge)
                                  0.000000   25.000000   clock source latency
     2    0.100561    0.726540    0.527194   25.527193 ^ gpio_in[38] (in)
                                                         gpio_in[38] (net)
                      0.731984    0.000000   25.527193 ^ clkbuf_0_gpio_in[38]/A (sky130_fd_sc_hd__clkbuf_16)
     5    0.068571    0.140223    0.544045   26.071238 ^ clkbuf_0_gpio_in[38]/X (sky130_fd_sc_hd__clkbuf_16)
                                                         clknet_0_gpio_in[38] (net)
                      0.140770    0.007512   26.078751 ^ clkbuf_1_1__f_gpio_in[38]/A (sky130_fd_sc_hd__clkbuf_16)
    19    0.073023    0.139259    0.312458   26.391209 ^ clkbuf_1_1__f_gpio_in[38]/X (sky130_fd_sc_hd__clkbuf_16)
                                                         clknet_1_1__leaf_gpio_in[38] (net)
                      0.142289    0.015893   26.407101 ^ _105_/CLK (sky130_fd_sc_hd__dfrtp_1)
                                 -0.250000   26.157103   clock uncertainty
                                  0.000000   26.157103   clock reconvergence pessimism
                                 -0.272507   25.884594   library setup time
                                             25.884594   data required time
---------------------------------------------------------------------------------------------
                                             25.884594   data required time
                                             -7.582212   data arrival time
---------------------------------------------------------------------------------------------
                                             18.302382   slack (MET)


Startpoint: _087_ (rising edge-triggered flip-flop clocked by gpio_in[38])
Endpoint: _097_ (rising edge-triggered flip-flop clocked by gpio_in[38])
Path Group: gpio_in[38]
Path Type: max

Fanout         Cap        Slew       Delay        Time   Description
---------------------------------------------------------------------------------------------
                                  0.000000    0.000000   clock gpio_in[38] (rise edge)
                                  0.000000    0.000000   clock source latency
     2    0.100561    0.726540    0.527194    0.527194 ^ gpio_in[38] (in)
                                                         gpio_in[38] (net)
                      0.731984    0.000000    0.527194 ^ clkbuf_0_gpio_in[38]/A (sky130_fd_sc_hd__clkbuf_16)
     5    0.068571    0.140223    0.544045    1.071239 ^ clkbuf_0_gpio_in[38]/X (sky130_fd_sc_hd__clkbuf_16)
                                                         clknet_0_gpio_in[38] (net)
                      0.140799    0.007691    1.078930 ^ clkbuf_1_0__f_gpio_in[38]/A (sky130_fd_sc_hd__clkbuf_16)
    25    0.085875    0.158273    0.320503    1.399433 ^ clkbuf_1_0__f_gpio_in[38]/X (sky130_fd_sc_hd__clkbuf_16)
                                                         clknet_1_0__leaf_gpio_in[38] (net)
                      0.164597    0.024433    1.423866 ^ _087_/CLK (sky130_fd_sc_hd__dfrtp_2)
     3    0.009626    0.115779    0.771944    2.195810 ^ _087_/Q (sky130_fd_sc_hd__dfrtp_2)
                                                         gpio_18_21_bidir[18].cfg.gpio_out_val (net)
                      0.115779    0.000474    2.196284 ^ hold3/A (sky130_fd_sc_hd__dlygate4sd3_1)
     5    0.020609    0.335813    1.266759    3.463044 ^ hold3/X (sky130_fd_sc_hd__dlygate4sd3_1)
                                                         net578 (net)
                      0.335813    0.001182    3.464226 ^ _049_/A (sky130_fd_sc_hd__and4_4)
    17    0.141597    0.679416    1.032999    4.497225 ^ _049_/X (sky130_fd_sc_hd__and4_4)
                                                         _022_ (net)
                      0.696745    0.085664    4.582890 ^ _059_/A (sky130_fd_sc_hd__and2_4)
     9    0.123804    0.566627    0.891126    5.474016 ^ _059_/X (sky130_fd_sc_hd__and2_4)
                                                         _028_ (net)
                      0.579534    0.067688    5.541704 ^ _062_/C (sky130_fd_sc_hd__and3_1)
     2    0.007315    0.149131    0.514614    6.056317 ^ _062_/X (sky130_fd_sc_hd__and3_1)
                                                         _029_ (net)
                      0.149131    0.000468    6.056785 ^ _066_/B (sky130_fd_sc_hd__xor2_1)
     1    0.001714    0.086480    0.138516    6.195302 v _066_/X (sky130_fd_sc_hd__xor2_1)
                                                         _001_ (net)
                      0.086480    0.000122    6.195423 v hold7/A (sky130_fd_sc_hd__dlygate4sd3_1)
     1    0.002436    0.102724    1.124658    7.320081 v hold7/X (sky130_fd_sc_hd__dlygate4sd3_1)
                                                         net582 (net)
                      0.102724    0.000176    7.320257 v _097_/D (sky130_fd_sc_hd__dfrtp_1)
                                              7.320257   data arrival time

                                 25.000000   25.000000   clock gpio_in[38] (rise edge)
                                  0.000000   25.000000   clock source latency
     2    0.100561    0.726540    0.527194   25.527193 ^ gpio_in[38] (in)
                                                         gpio_in[38] (net)
                      0.731984    0.000000   25.527193 ^ clkbuf_0_gpio_in[38]/A (sky130_fd_sc_hd__clkbuf_16)
     5    0.068571    0.140223    0.544045   26.071238 ^ clkbuf_0_gpio_in[38]/X (sky130_fd_sc_hd__clkbuf_16)
                                                         clknet_0_gpio_in[38] (net)
                      0.140799    0.007690   26.078928 ^ clkbuf_1_0__f_gpio_in[38]/A (sky130_fd_sc_hd__clkbuf_16)
    25    0.085875    0.158273    0.320505   26.399433 ^ clkbuf_1_0__f_gpio_in[38]/X (sky130_fd_sc_hd__clkbuf_16)
                                                         clknet_1_0__leaf_gpio_in[38] (net)
                      0.164465    0.024169   26.423601 ^ _097_/CLK (sky130_fd_sc_hd__dfrtp_1)
                                 -0.250000   26.173603   clock uncertainty
                                  0.000000   26.173603   clock reconvergence pessimism
                                 -0.265014   25.908588   library setup time
                                             25.908588   data required time
---------------------------------------------------------------------------------------------
                                             25.908588   data required time
                                             -7.320257   data arrival time
---------------------------------------------------------------------------------------------
                                             18.588331   slack (MET)


Startpoint: _087_ (rising edge-triggered flip-flop clocked by gpio_in[38])
Endpoint: _102_ (rising edge-triggered flip-flop clocked by gpio_in[38])
Path Group: gpio_in[38]
Path Type: max

Fanout         Cap        Slew       Delay        Time   Description
---------------------------------------------------------------------------------------------
                                  0.000000    0.000000   clock gpio_in[38] (rise edge)
                                  0.000000    0.000000   clock source latency
     2    0.100561    0.726540    0.527194    0.527194 ^ gpio_in[38] (in)
                                                         gpio_in[38] (net)
                      0.731984    0.000000    0.527194 ^ clkbuf_0_gpio_in[38]/A (sky130_fd_sc_hd__clkbuf_16)
     5    0.068571    0.140223    0.544045    1.071239 ^ clkbuf_0_gpio_in[38]/X (sky130_fd_sc_hd__clkbuf_16)
                                                         clknet_0_gpio_in[38] (net)
                      0.140799    0.007691    1.078930 ^ clkbuf_1_0__f_gpio_in[38]/A (sky130_fd_sc_hd__clkbuf_16)
    25    0.085875    0.158273    0.320503    1.399433 ^ clkbuf_1_0__f_gpio_in[38]/X (sky130_fd_sc_hd__clkbuf_16)
                                                         clknet_1_0__leaf_gpio_in[38] (net)
                      0.164597    0.024433    1.423866 ^ _087_/CLK (sky130_fd_sc_hd__dfrtp_2)
     3    0.009626    0.115779    0.771944    2.195810 ^ _087_/Q (sky130_fd_sc_hd__dfrtp_2)
                                                         gpio_18_21_bidir[18].cfg.gpio_out_val (net)
                      0.115779    0.000474    2.196284 ^ hold3/A (sky130_fd_sc_hd__dlygate4sd3_1)
     5    0.020609    0.335813    1.266759    3.463044 ^ hold3/X (sky130_fd_sc_hd__dlygate4sd3_1)
                                                         net578 (net)
                      0.335813    0.001182    3.464226 ^ _049_/A (sky130_fd_sc_hd__and4_4)
    17    0.141597    0.679416    1.032999    4.497225 ^ _049_/X (sky130_fd_sc_hd__and4_4)
                                                         _022_ (net)
                      0.679688    0.011779    4.509005 ^ _078_/A (sky130_fd_sc_hd__and4_4)
    11    0.128445    0.620753    1.127005    5.636010 ^ _078_/X (sky130_fd_sc_hd__and4_4)
                                                         _039_ (net)
                      0.620798    0.004720    5.640730 ^ _079_/B1_N (sky130_fd_sc_hd__o21ba_1)
     1    0.002228    0.058943    0.447976    6.088706 v _079_/X (sky130_fd_sc_hd__o21ba_1)
                                                         _006_ (net)
                      0.058943    0.000107    6.088814 v hold9/A (sky130_fd_sc_hd__dlygate4sd3_1)
     1    0.002877    0.106206    1.119889    7.208703 v hold9/X (sky130_fd_sc_hd__dlygate4sd3_1)
                                                         net584 (net)
                      0.106206    0.000191    7.208894 v _102_/D (sky130_fd_sc_hd__dfrtp_1)
                                              7.208894   data arrival time

                                 25.000000   25.000000   clock gpio_in[38] (rise edge)
                                  0.000000   25.000000   clock source latency
     2    0.100561    0.726540    0.527194   25.527193 ^ gpio_in[38] (in)
                                                         gpio_in[38] (net)
                      0.731984    0.000000   25.527193 ^ clkbuf_0_gpio_in[38]/A (sky130_fd_sc_hd__clkbuf_16)
     5    0.068571    0.140223    0.544045   26.071238 ^ clkbuf_0_gpio_in[38]/X (sky130_fd_sc_hd__clkbuf_16)
                                                         clknet_0_gpio_in[38] (net)
                      0.140799    0.007690   26.078928 ^ clkbuf_1_0__f_gpio_in[38]/A (sky130_fd_sc_hd__clkbuf_16)
    25    0.085875    0.158273    0.320505   26.399433 ^ clkbuf_1_0__f_gpio_in[38]/X (sky130_fd_sc_hd__clkbuf_16)
                                                         clknet_1_0__leaf_gpio_in[38] (net)
                      0.165959    0.027011   26.426443 ^ _102_/CLK (sky130_fd_sc_hd__dfrtp_1)
                                 -0.250000   26.176445   clock uncertainty
                                  0.000000   26.176445   clock reconvergence pessimism
                                 -0.266065   25.910379   library setup time
                                             25.910379   data required time
---------------------------------------------------------------------------------------------
                                             25.910379   data required time
                                             -7.208894   data arrival time
---------------------------------------------------------------------------------------------
                                             18.701485   slack (MET)


Startpoint: _087_ (rising edge-triggered flip-flop clocked by gpio_in[38])
Endpoint: _098_ (rising edge-triggered flip-flop clocked by gpio_in[38])
Path Group: gpio_in[38]
Path Type: max

Fanout         Cap        Slew       Delay        Time   Description
---------------------------------------------------------------------------------------------
                                  0.000000    0.000000   clock gpio_in[38] (rise edge)
                                  0.000000    0.000000   clock source latency
     2    0.100561    0.726540    0.527194    0.527194 ^ gpio_in[38] (in)
                                                         gpio_in[38] (net)
                      0.731984    0.000000    0.527194 ^ clkbuf_0_gpio_in[38]/A (sky130_fd_sc_hd__clkbuf_16)
     5    0.068571    0.140223    0.544045    1.071239 ^ clkbuf_0_gpio_in[38]/X (sky130_fd_sc_hd__clkbuf_16)
                                                         clknet_0_gpio_in[38] (net)
                      0.140799    0.007691    1.078930 ^ clkbuf_1_0__f_gpio_in[38]/A (sky130_fd_sc_hd__clkbuf_16)
    25    0.085875    0.158273    0.320503    1.399433 ^ clkbuf_1_0__f_gpio_in[38]/X (sky130_fd_sc_hd__clkbuf_16)
                                                         clknet_1_0__leaf_gpio_in[38] (net)
                      0.164597    0.024433    1.423866 ^ _087_/CLK (sky130_fd_sc_hd__dfrtp_2)
     3    0.009626    0.115779    0.771944    2.195810 ^ _087_/Q (sky130_fd_sc_hd__dfrtp_2)
                                                         gpio_18_21_bidir[18].cfg.gpio_out_val (net)
                      0.115779    0.000474    2.196284 ^ hold3/A (sky130_fd_sc_hd__dlygate4sd3_1)
     5    0.020609    0.335813    1.266759    3.463044 ^ hold3/X (sky130_fd_sc_hd__dlygate4sd3_1)
                                                         net578 (net)
                      0.335813    0.001182    3.464226 ^ _049_/A (sky130_fd_sc_hd__and4_4)
    17    0.141597    0.679416    1.032999    4.497225 ^ _049_/X (sky130_fd_sc_hd__and4_4)
                                                         _022_ (net)
                      0.696745    0.085664    4.582890 ^ _059_/A (sky130_fd_sc_hd__and2_4)
     9    0.123804    0.566627    0.891126    5.474016 ^ _059_/X (sky130_fd_sc_hd__and2_4)
                                                         _028_ (net)
                      0.579471    0.067525    5.541541 ^ _065_/D (sky130_fd_sc_hd__and4_1)
     1    0.003223    0.107102    0.544564    6.086104 ^ _065_/X (sky130_fd_sc_hd__and4_1)
                                                         _031_ (net)
                      0.107102    0.000223    6.086327 ^ _069_/A2 (sky130_fd_sc_hd__o21ba_1)
     1    0.001752    0.060886    0.220177    6.306504 ^ _069_/X (sky130_fd_sc_hd__o21ba_1)
                                                         _002_ (net)
                      0.060886    0.000081    6.306586 ^ hold15/A (sky130_fd_sc_hd__dlygate4sd3_1)
     1    0.002756    0.091066    1.036150    7.342735 ^ hold15/X (sky130_fd_sc_hd__dlygate4sd3_1)
                                                         net590 (net)
                      0.091066    0.000177    7.342912 ^ _098_/D (sky130_fd_sc_hd__dfrtp_1)
                                              7.342912   data arrival time

                                 25.000000   25.000000   clock gpio_in[38] (rise edge)
                                  0.000000   25.000000   clock source latency
     2    0.100561    0.726540    0.527194   25.527193 ^ gpio_in[38] (in)
                                                         gpio_in[38] (net)
                      0.731984    0.000000   25.527193 ^ clkbuf_0_gpio_in[38]/A (sky130_fd_sc_hd__clkbuf_16)
     5    0.068571    0.140223    0.544045   26.071238 ^ clkbuf_0_gpio_in[38]/X (sky130_fd_sc_hd__clkbuf_16)
                                                         clknet_0_gpio_in[38] (net)
                      0.140799    0.007690   26.078928 ^ clkbuf_1_0__f_gpio_in[38]/A (sky130_fd_sc_hd__clkbuf_16)
    25    0.085875    0.158273    0.320505   26.399433 ^ clkbuf_1_0__f_gpio_in[38]/X (sky130_fd_sc_hd__clkbuf_16)
                                                         clknet_1_0__leaf_gpio_in[38] (net)
                      0.164024    0.023272   26.422705 ^ _098_/CLK (sky130_fd_sc_hd__dfrtp_1)
                                 -0.250000   26.172705   clock uncertainty
                                  0.000000   26.172705   clock reconvergence pessimism
                                 -0.121882   26.050825   library setup time
                                             26.050825   data required time
---------------------------------------------------------------------------------------------
                                             26.050825   data required time
                                             -7.342912   data arrival time
---------------------------------------------------------------------------------------------
                                             18.707912   slack (MET)


Startpoint: _087_ (rising edge-triggered flip-flop clocked by gpio_in[38])
Endpoint: _094_ (rising edge-triggered flip-flop clocked by gpio_in[38])
Path Group: gpio_in[38]
Path Type: max

Fanout         Cap        Slew       Delay        Time   Description
---------------------------------------------------------------------------------------------
                                  0.000000    0.000000   clock gpio_in[38] (rise edge)
                                  0.000000    0.000000   clock source latency
     2    0.100561    0.726540    0.527194    0.527194 ^ gpio_in[38] (in)
                                                         gpio_in[38] (net)
                      0.731984    0.000000    0.527194 ^ clkbuf_0_gpio_in[38]/A (sky130_fd_sc_hd__clkbuf_16)
     5    0.068571    0.140223    0.544045    1.071239 ^ clkbuf_0_gpio_in[38]/X (sky130_fd_sc_hd__clkbuf_16)
                                                         clknet_0_gpio_in[38] (net)
                      0.140799    0.007691    1.078930 ^ clkbuf_1_0__f_gpio_in[38]/A (sky130_fd_sc_hd__clkbuf_16)
    25    0.085875    0.158273    0.320503    1.399433 ^ clkbuf_1_0__f_gpio_in[38]/X (sky130_fd_sc_hd__clkbuf_16)
                                                         clknet_1_0__leaf_gpio_in[38] (net)
                      0.164597    0.024433    1.423866 ^ _087_/CLK (sky130_fd_sc_hd__dfrtp_2)
     3    0.009626    0.115779    0.771944    2.195810 ^ _087_/Q (sky130_fd_sc_hd__dfrtp_2)
                                                         gpio_18_21_bidir[18].cfg.gpio_out_val (net)
                      0.115779    0.000474    2.196284 ^ hold3/A (sky130_fd_sc_hd__dlygate4sd3_1)
     5    0.020609    0.335813    1.266759    3.463044 ^ hold3/X (sky130_fd_sc_hd__dlygate4sd3_1)
                                                         net578 (net)
                      0.335813    0.001182    3.464226 ^ _049_/A (sky130_fd_sc_hd__and4_4)
    17    0.141597    0.679416    1.032999    4.497225 ^ _049_/X (sky130_fd_sc_hd__and4_4)
                                                         _022_ (net)
                      0.696745    0.085664    4.582890 ^ _059_/A (sky130_fd_sc_hd__and2_4)
     9    0.123804    0.566627    0.891126    5.474016 ^ _059_/X (sky130_fd_sc_hd__and2_4)
                                                         _028_ (net)
                      0.566650    0.003245    5.477261 ^ _060_/B1_N (sky130_fd_sc_hd__o21ba_1)
     1    0.004681    0.080908    0.456331    5.933591 v _060_/X (sky130_fd_sc_hd__o21ba_1)
                                                         _017_ (net)
                      0.080908    0.000319    5.933910 v hold17/A (sky130_fd_sc_hd__dlygate4sd3_1)
     1    0.002710    0.104738    1.126599    7.060509 v hold17/X (sky130_fd_sc_hd__dlygate4sd3_1)
                                                         net592 (net)
                      0.104738    0.000181    7.060690 v _094_/D (sky130_fd_sc_hd__dfrtp_1)
                                              7.060690   data arrival time

                                 25.000000   25.000000   clock gpio_in[38] (rise edge)
                                  0.000000   25.000000   clock source latency
     2    0.100561    0.726540    0.527194   25.527193 ^ gpio_in[38] (in)
                                                         gpio_in[38] (net)
                      0.731984    0.000000   25.527193 ^ clkbuf_0_gpio_in[38]/A (sky130_fd_sc_hd__clkbuf_16)
     5    0.068571    0.140223    0.544045   26.071238 ^ clkbuf_0_gpio_in[38]/X (sky130_fd_sc_hd__clkbuf_16)
                                                         clknet_0_gpio_in[38] (net)
                      0.140770    0.007512   26.078751 ^ clkbuf_1_1__f_gpio_in[38]/A (sky130_fd_sc_hd__clkbuf_16)
    19    0.073023    0.139259    0.312458   26.391209 ^ clkbuf_1_1__f_gpio_in[38]/X (sky130_fd_sc_hd__clkbuf_16)
                                                         clknet_1_1__leaf_gpio_in[38] (net)
                      0.142748    0.017126   26.408335 ^ _094_/CLK (sky130_fd_sc_hd__dfrtp_1)
                                 -0.250000   26.158335   clock uncertainty
                                  0.000000   26.158335   clock reconvergence pessimism
                                 -0.271646   25.886688   library setup time
                                             25.886688   data required time
---------------------------------------------------------------------------------------------
                                             25.886688   data required time
                                             -7.060690   data arrival time
---------------------------------------------------------------------------------------------
                                             18.825998   slack (MET)


Startpoint: _087_ (rising edge-triggered flip-flop clocked by gpio_in[38])
Endpoint: _100_ (rising edge-triggered flip-flop clocked by gpio_in[38])
Path Group: gpio_in[38]
Path Type: max

Fanout         Cap        Slew       Delay        Time   Description
---------------------------------------------------------------------------------------------
                                  0.000000    0.000000   clock gpio_in[38] (rise edge)
                                  0.000000    0.000000   clock source latency
     2    0.100561    0.726540    0.527194    0.527194 ^ gpio_in[38] (in)
                                                         gpio_in[38] (net)
                      0.731984    0.000000    0.527194 ^ clkbuf_0_gpio_in[38]/A (sky130_fd_sc_hd__clkbuf_16)
     5    0.068571    0.140223    0.544045    1.071239 ^ clkbuf_0_gpio_in[38]/X (sky130_fd_sc_hd__clkbuf_16)
                                                         clknet_0_gpio_in[38] (net)
                      0.140799    0.007691    1.078930 ^ clkbuf_1_0__f_gpio_in[38]/A (sky130_fd_sc_hd__clkbuf_16)
    25    0.085875    0.158273    0.320503    1.399433 ^ clkbuf_1_0__f_gpio_in[38]/X (sky130_fd_sc_hd__clkbuf_16)
                                                         clknet_1_0__leaf_gpio_in[38] (net)
                      0.164597    0.024433    1.423866 ^ _087_/CLK (sky130_fd_sc_hd__dfrtp_2)
     3    0.009626    0.115779    0.771944    2.195810 ^ _087_/Q (sky130_fd_sc_hd__dfrtp_2)
                                                         gpio_18_21_bidir[18].cfg.gpio_out_val (net)
                      0.115779    0.000474    2.196284 ^ hold3/A (sky130_fd_sc_hd__dlygate4sd3_1)
     5    0.020609    0.335813    1.266759    3.463044 ^ hold3/X (sky130_fd_sc_hd__dlygate4sd3_1)
                                                         net578 (net)
                      0.335813    0.001182    3.464226 ^ _049_/A (sky130_fd_sc_hd__and4_4)
    17    0.141597    0.679416    1.032999    4.497225 ^ _049_/X (sky130_fd_sc_hd__and4_4)
                                                         _022_ (net)
                      0.679495    0.006457    4.503683 ^ _068_/A (sky130_fd_sc_hd__and3_1)
     5    0.016715    0.276422    0.661403    5.165085 ^ _068_/X (sky130_fd_sc_hd__and3_1)
                                                         _033_ (net)
                      0.276422    0.000805    5.165890 ^ _073_/C (sky130_fd_sc_hd__and3_1)
     2    0.007730    0.152048    0.431093    5.596982 ^ _073_/X (sky130_fd_sc_hd__and3_1)
                                                         _036_ (net)
                      0.152048    0.000386    5.597369 ^ _074_/B1_N (sky130_fd_sc_hd__o21ba_1)
     1    0.003697    0.072085    0.304232    5.901601 v _074_/X (sky130_fd_sc_hd__o21ba_1)
                                                         _004_ (net)
                      0.072085    0.000156    5.901757 v hold27/A (sky130_fd_sc_hd__dlygate4sd3_1)
     1    0.002337    0.102118    1.116419    7.018176 v hold27/X (sky130_fd_sc_hd__dlygate4sd3_1)
                                                         net602 (net)
                      0.102118    0.000159    7.018335 v _100_/D (sky130_fd_sc_hd__dfrtp_1)
                                              7.018335   data arrival time

                                 25.000000   25.000000   clock gpio_in[38] (rise edge)
                                  0.000000   25.000000   clock source latency
     2    0.100561    0.726540    0.527194   25.527193 ^ gpio_in[38] (in)
                                                         gpio_in[38] (net)
                      0.731984    0.000000   25.527193 ^ clkbuf_0_gpio_in[38]/A (sky130_fd_sc_hd__clkbuf_16)
     5    0.068571    0.140223    0.544045   26.071238 ^ clkbuf_0_gpio_in[38]/X (sky130_fd_sc_hd__clkbuf_16)
                                                         clknet_0_gpio_in[38] (net)
                      0.140799    0.007690   26.078928 ^ clkbuf_1_0__f_gpio_in[38]/A (sky130_fd_sc_hd__clkbuf_16)
    25    0.085875    0.158273    0.320505   26.399433 ^ clkbuf_1_0__f_gpio_in[38]/X (sky130_fd_sc_hd__clkbuf_16)
                                                         clknet_1_0__leaf_gpio_in[38] (net)
                      0.166120    0.027301   26.426733 ^ _100_/CLK (sky130_fd_sc_hd__dfrtp_1)
                                 -0.250000   26.176735   clock uncertainty
                                  0.000000   26.176735   clock reconvergence pessimism
                                 -0.264320   25.912415   library setup time
                                             25.912415   data required time
---------------------------------------------------------------------------------------------
                                             25.912415   data required time
                                             -7.018335   data arrival time
---------------------------------------------------------------------------------------------
                                             18.894079   slack (MET)


Startpoint: _087_ (rising edge-triggered flip-flop clocked by gpio_in[38])
Endpoint: _101_ (rising edge-triggered flip-flop clocked by gpio_in[38])
Path Group: gpio_in[38]
Path Type: max

Fanout         Cap        Slew       Delay        Time   Description
---------------------------------------------------------------------------------------------
                                  0.000000    0.000000   clock gpio_in[38] (rise edge)
                                  0.000000    0.000000   clock source latency
     2    0.100561    0.726540    0.527194    0.527194 ^ gpio_in[38] (in)
                                                         gpio_in[38] (net)
                      0.731984    0.000000    0.527194 ^ clkbuf_0_gpio_in[38]/A (sky130_fd_sc_hd__clkbuf_16)
     5    0.068571    0.140223    0.544045    1.071239 ^ clkbuf_0_gpio_in[38]/X (sky130_fd_sc_hd__clkbuf_16)
                                                         clknet_0_gpio_in[38] (net)
                      0.140799    0.007691    1.078930 ^ clkbuf_1_0__f_gpio_in[38]/A (sky130_fd_sc_hd__clkbuf_16)
    25    0.085875    0.158273    0.320503    1.399433 ^ clkbuf_1_0__f_gpio_in[38]/X (sky130_fd_sc_hd__clkbuf_16)
                                                         clknet_1_0__leaf_gpio_in[38] (net)
                      0.164597    0.024433    1.423866 ^ _087_/CLK (sky130_fd_sc_hd__dfrtp_2)
     3    0.009626    0.115779    0.771944    2.195810 ^ _087_/Q (sky130_fd_sc_hd__dfrtp_2)
                                                         gpio_18_21_bidir[18].cfg.gpio_out_val (net)
                      0.115779    0.000474    2.196284 ^ hold3/A (sky130_fd_sc_hd__dlygate4sd3_1)
     5    0.020609    0.335813    1.266759    3.463044 ^ hold3/X (sky130_fd_sc_hd__dlygate4sd3_1)
                                                         net578 (net)
                      0.335813    0.001182    3.464226 ^ _049_/A (sky130_fd_sc_hd__and4_4)
    17    0.141597    0.679416    1.032999    4.497225 ^ _049_/X (sky130_fd_sc_hd__and4_4)
                                                         _022_ (net)
                      0.679495    0.006457    4.503683 ^ _068_/A (sky130_fd_sc_hd__and3_1)
     5    0.016715    0.276422    0.661403    5.165085 ^ _068_/X (sky130_fd_sc_hd__and3_1)
                                                         _033_ (net)
                      0.276422    0.000805    5.165890 ^ _073_/C (sky130_fd_sc_hd__and3_1)
     2    0.007730    0.152048    0.431093    5.596982 ^ _073_/X (sky130_fd_sc_hd__and3_1)
                                                         _036_ (net)
                      0.152048    0.000516    5.597499 ^ _076_/B (sky130_fd_sc_hd__xor2_1)
     1    0.004085    0.112306    0.166733    5.764232 v _076_/X (sky130_fd_sc_hd__xor2_1)
                                                         _005_ (net)
                      0.112306    0.000325    5.764557 v hold11/A (sky130_fd_sc_hd__dlygate4sd3_1)
     1    0.002203    0.100857    1.133300    6.897857 v hold11/X (sky130_fd_sc_hd__dlygate4sd3_1)
                                                         net586 (net)
                      0.100857    0.000153    6.898009 v _101_/D (sky130_fd_sc_hd__dfrtp_1)
                                              6.898009   data arrival time

                                 25.000000   25.000000   clock gpio_in[38] (rise edge)
                                  0.000000   25.000000   clock source latency
     2    0.100561    0.726540    0.527194   25.527193 ^ gpio_in[38] (in)
                                                         gpio_in[38] (net)
                      0.731984    0.000000   25.527193 ^ clkbuf_0_gpio_in[38]/A (sky130_fd_sc_hd__clkbuf_16)
     5    0.068571    0.140223    0.544045   26.071238 ^ clkbuf_0_gpio_in[38]/X (sky130_fd_sc_hd__clkbuf_16)
                                                         clknet_0_gpio_in[38] (net)
                      0.140799    0.007690   26.078928 ^ clkbuf_1_0__f_gpio_in[38]/A (sky130_fd_sc_hd__clkbuf_16)
    25    0.085875    0.158273    0.320505   26.399433 ^ clkbuf_1_0__f_gpio_in[38]/X (sky130_fd_sc_hd__clkbuf_16)
                                                         clknet_1_0__leaf_gpio_in[38] (net)
                      0.166049    0.027175   26.426607 ^ _101_/CLK (sky130_fd_sc_hd__dfrtp_1)
                                 -0.250000   26.176609   clock uncertainty
                                  0.000000   26.176609   clock reconvergence pessimism
                                 -0.263814   25.912794   library setup time
                                             25.912794   data required time
---------------------------------------------------------------------------------------------
                                             25.912794   data required time
                                             -6.898009   data arrival time
---------------------------------------------------------------------------------------------
                                             19.014786   slack (MET)


Startpoint: _087_ (rising edge-triggered flip-flop clocked by gpio_in[38])
Endpoint: _090_ (rising edge-triggered flip-flop clocked by gpio_in[38])
Path Group: gpio_in[38]
Path Type: max

Fanout         Cap        Slew       Delay        Time   Description
---------------------------------------------------------------------------------------------
                                  0.000000    0.000000   clock gpio_in[38] (rise edge)
                                  0.000000    0.000000   clock source latency
     2    0.100561    0.726540    0.527194    0.527194 ^ gpio_in[38] (in)
                                                         gpio_in[38] (net)
                      0.731984    0.000000    0.527194 ^ clkbuf_0_gpio_in[38]/A (sky130_fd_sc_hd__clkbuf_16)
     5    0.068571    0.140223    0.544045    1.071239 ^ clkbuf_0_gpio_in[38]/X (sky130_fd_sc_hd__clkbuf_16)
                                                         clknet_0_gpio_in[38] (net)
                      0.140799    0.007691    1.078930 ^ clkbuf_1_0__f_gpio_in[38]/A (sky130_fd_sc_hd__clkbuf_16)
    25    0.085875    0.158273    0.320503    1.399433 ^ clkbuf_1_0__f_gpio_in[38]/X (sky130_fd_sc_hd__clkbuf_16)
                                                         clknet_1_0__leaf_gpio_in[38] (net)
                      0.164597    0.024433    1.423866 ^ _087_/CLK (sky130_fd_sc_hd__dfrtp_2)
     3    0.009250    0.105037    0.884242    2.308108 v _087_/Q (sky130_fd_sc_hd__dfrtp_2)
                                                         gpio_18_21_bidir[18].cfg.gpio_out_val (net)
                      0.105037    0.000455    2.308563 v hold3/A (sky130_fd_sc_hd__dlygate4sd3_1)
     5    0.019894    0.254204    1.319011    3.627574 v hold3/X (sky130_fd_sc_hd__dlygate4sd3_1)
                                                         net578 (net)
                      0.254206    0.001307    3.628880 v _050_/A1 (sky130_fd_sc_hd__a31o_1)
     1    0.001647    0.056245    0.383985    4.012865 v _050_/X (sky130_fd_sc_hd__a31o_1)
                                                         _023_ (net)
                      0.056245    0.000076    4.012941 v hold32/A (sky130_fd_sc_hd__dlygate4sd3_1)
     1    0.004142    0.120149    1.140035    5.152976 v hold32/X (sky130_fd_sc_hd__dlygate4sd3_1)
                                                         net607 (net)
                      0.120149    0.000295    5.153271 v _051_/B (sky130_fd_sc_hd__and2b_1)
     1    0.002804    0.065745    0.338797    5.492068 v _051_/X (sky130_fd_sc_hd__and2b_1)
                                                         _013_ (net)
                      0.065745    0.000196    5.492264 v hold33/A (sky130_fd_sc_hd__dlygate4sd3_1)
     1    0.002974    0.106982    1.124459    6.616724 v hold33/X (sky130_fd_sc_hd__dlygate4sd3_1)
                                                         net608 (net)
                      0.106982    0.000191    6.616915 v _090_/D (sky130_fd_sc_hd__dfrtp_1)
                                              6.616915   data arrival time

                                 25.000000   25.000000   clock gpio_in[38] (rise edge)
                                  0.000000   25.000000   clock source latency
     2    0.100561    0.726540    0.527194   25.527193 ^ gpio_in[38] (in)
                                                         gpio_in[38] (net)
                      0.731984    0.000000   25.527193 ^ clkbuf_0_gpio_in[38]/A (sky130_fd_sc_hd__clkbuf_16)
     5    0.068571    0.140223    0.544045   26.071238 ^ clkbuf_0_gpio_in[38]/X (sky130_fd_sc_hd__clkbuf_16)
                                                         clknet_0_gpio_in[38] (net)
                      0.140799    0.007690   26.078928 ^ clkbuf_1_0__f_gpio_in[38]/A (sky130_fd_sc_hd__clkbuf_16)
    25    0.085875    0.158273    0.320505   26.399433 ^ clkbuf_1_0__f_gpio_in[38]/X (sky130_fd_sc_hd__clkbuf_16)
                                                         clknet_1_0__leaf_gpio_in[38] (net)
                      0.165127    0.025466   26.424898 ^ _090_/CLK (sky130_fd_sc_hd__dfrtp_1)
                                 -0.250000   26.174900   clock uncertainty
                                  0.000000   26.174900   clock reconvergence pessimism
                                 -0.266610   25.908289   library setup time
                                             25.908289   data required time
---------------------------------------------------------------------------------------------
                                             25.908289   data required time
                                             -6.616915   data arrival time
---------------------------------------------------------------------------------------------
                                             19.291374   slack (MET)


Startpoint: _087_ (rising edge-triggered flip-flop clocked by gpio_in[38])
Endpoint: _093_ (rising edge-triggered flip-flop clocked by gpio_in[38])
Path Group: gpio_in[38]
Path Type: max

Fanout         Cap        Slew       Delay        Time   Description
---------------------------------------------------------------------------------------------
                                  0.000000    0.000000   clock gpio_in[38] (rise edge)
                                  0.000000    0.000000   clock source latency
     2    0.100561    0.726540    0.527194    0.527194 ^ gpio_in[38] (in)
                                                         gpio_in[38] (net)
                      0.731984    0.000000    0.527194 ^ clkbuf_0_gpio_in[38]/A (sky130_fd_sc_hd__clkbuf_16)
     5    0.068571    0.140223    0.544045    1.071239 ^ clkbuf_0_gpio_in[38]/X (sky130_fd_sc_hd__clkbuf_16)
                                                         clknet_0_gpio_in[38] (net)
                      0.140799    0.007691    1.078930 ^ clkbuf_1_0__f_gpio_in[38]/A (sky130_fd_sc_hd__clkbuf_16)
    25    0.085875    0.158273    0.320503    1.399433 ^ clkbuf_1_0__f_gpio_in[38]/X (sky130_fd_sc_hd__clkbuf_16)
                                                         clknet_1_0__leaf_gpio_in[38] (net)
                      0.164597    0.024433    1.423866 ^ _087_/CLK (sky130_fd_sc_hd__dfrtp_2)
     3    0.009626    0.115779    0.771944    2.195810 ^ _087_/Q (sky130_fd_sc_hd__dfrtp_2)
                                                         gpio_18_21_bidir[18].cfg.gpio_out_val (net)
                      0.115779    0.000474    2.196284 ^ hold3/A (sky130_fd_sc_hd__dlygate4sd3_1)
     5    0.020609    0.335813    1.266759    3.463044 ^ hold3/X (sky130_fd_sc_hd__dlygate4sd3_1)
                                                         net578 (net)
                      0.335813    0.001182    3.464226 ^ _049_/A (sky130_fd_sc_hd__and4_4)
    17    0.141597    0.679416    1.032999    4.497225 ^ _049_/X (sky130_fd_sc_hd__and4_4)
                                                         _022_ (net)
                      0.696917    0.086081    4.583306 ^ _053_/C (sky130_fd_sc_hd__and3_1)
     3    0.011316    0.204693    0.590774    5.174080 ^ _053_/X (sky130_fd_sc_hd__and3_1)
                                                         _024_ (net)
                      0.204693    0.000723    5.174803 ^ _057_/B (sky130_fd_sc_hd__xor2_1)
     1    0.001606    0.087513    0.160233    5.335037 v _057_/X (sky130_fd_sc_hd__xor2_1)
                                                         _016_ (net)
                      0.087513    0.000074    5.335110 v hold13/A (sky130_fd_sc_hd__dlygate4sd3_1)
     1    0.003551    0.114203    1.144032    6.479142 v hold13/X (sky130_fd_sc_hd__dlygate4sd3_1)
                                                         net588 (net)
                      0.114203    0.000228    6.479370 v _093_/D (sky130_fd_sc_hd__dfrtp_1)
                                              6.479370   data arrival time

                                 25.000000   25.000000   clock gpio_in[38] (rise edge)
                                  0.000000   25.000000   clock source latency
     2    0.100561    0.726540    0.527194   25.527193 ^ gpio_in[38] (in)
                                                         gpio_in[38] (net)
                      0.731984    0.000000   25.527193 ^ clkbuf_0_gpio_in[38]/A (sky130_fd_sc_hd__clkbuf_16)
     5    0.068571    0.140223    0.544045   26.071238 ^ clkbuf_0_gpio_in[38]/X (sky130_fd_sc_hd__clkbuf_16)
                                                         clknet_0_gpio_in[38] (net)
                      0.140770    0.007512   26.078751 ^ clkbuf_1_1__f_gpio_in[38]/A (sky130_fd_sc_hd__clkbuf_16)
    19    0.073023    0.139259    0.312458   26.391209 ^ clkbuf_1_1__f_gpio_in[38]/X (sky130_fd_sc_hd__clkbuf_16)
                                                         clknet_1_1__leaf_gpio_in[38] (net)
                      0.142830    0.017337   26.408545 ^ _093_/CLK (sky130_fd_sc_hd__dfrtp_1)
                                 -0.250000   26.158546   clock uncertainty
                                  0.000000   26.158546   clock reconvergence pessimism
                                 -0.275566   25.882980   library setup time
                                             25.882980   data required time
---------------------------------------------------------------------------------------------
                                             25.882980   data required time
                                             -6.479370   data arrival time
---------------------------------------------------------------------------------------------
                                             19.403610   slack (MET)


Startpoint: _087_ (rising edge-triggered flip-flop clocked by gpio_in[38])
Endpoint: _099_ (rising edge-triggered flip-flop clocked by gpio_in[38])
Path Group: gpio_in[38]
Path Type: max

Fanout         Cap        Slew       Delay        Time   Description
---------------------------------------------------------------------------------------------
                                  0.000000    0.000000   clock gpio_in[38] (rise edge)
                                  0.000000    0.000000   clock source latency
     2    0.100561    0.726540    0.527194    0.527194 ^ gpio_in[38] (in)
                                                         gpio_in[38] (net)
                      0.731984    0.000000    0.527194 ^ clkbuf_0_gpio_in[38]/A (sky130_fd_sc_hd__clkbuf_16)
     5    0.068571    0.140223    0.544045    1.071239 ^ clkbuf_0_gpio_in[38]/X (sky130_fd_sc_hd__clkbuf_16)
                                                         clknet_0_gpio_in[38] (net)
                      0.140799    0.007691    1.078930 ^ clkbuf_1_0__f_gpio_in[38]/A (sky130_fd_sc_hd__clkbuf_16)
    25    0.085875    0.158273    0.320503    1.399433 ^ clkbuf_1_0__f_gpio_in[38]/X (sky130_fd_sc_hd__clkbuf_16)
                                                         clknet_1_0__leaf_gpio_in[38] (net)
                      0.164597    0.024433    1.423866 ^ _087_/CLK (sky130_fd_sc_hd__dfrtp_2)
     3    0.009626    0.115779    0.771944    2.195810 ^ _087_/Q (sky130_fd_sc_hd__dfrtp_2)
                                                         gpio_18_21_bidir[18].cfg.gpio_out_val (net)
                      0.115779    0.000474    2.196284 ^ hold3/A (sky130_fd_sc_hd__dlygate4sd3_1)
     5    0.020609    0.335813    1.266759    3.463044 ^ hold3/X (sky130_fd_sc_hd__dlygate4sd3_1)
                                                         net578 (net)
                      0.335813    0.001182    3.464226 ^ _049_/A (sky130_fd_sc_hd__and4_4)
    17    0.141597    0.679416    1.032999    4.497225 ^ _049_/X (sky130_fd_sc_hd__and4_4)
                                                         _022_ (net)
                      0.679495    0.006457    4.503683 ^ _068_/A (sky130_fd_sc_hd__and3_1)
     5    0.016715    0.276422    0.661403    5.165085 ^ _068_/X (sky130_fd_sc_hd__and3_1)
                                                         _033_ (net)
                      0.276422    0.000903    5.165988 ^ _071_/B (sky130_fd_sc_hd__nor2_1)
     1    0.002298    0.067847    0.135155    5.301143 v _071_/Y (sky130_fd_sc_hd__nor2_1)
                                                         _035_ (net)
                      0.067847    0.000143    5.301286 v hold29/A (sky130_fd_sc_hd__dlygate4sd3_1)
     1    0.003559    0.114216    1.135237    6.436523 v hold29/X (sky130_fd_sc_hd__dlygate4sd3_1)
                                                         net604 (net)
                      0.114216    0.000231    6.436754 v _072_/B (sky130_fd_sc_hd__nor2_1)
     1    0.002621    0.126096    0.154221    6.590975 ^ _072_/Y (sky130_fd_sc_hd__nor2_1)
                                                         _003_ (net)
                      0.126096    0.000185    6.591160 ^ _099_/D (sky130_fd_sc_hd__dfrtp_1)
                                              6.591160   data arrival time

                                 25.000000   25.000000   clock gpio_in[38] (rise edge)
                                  0.000000   25.000000   clock source latency
     2    0.100561    0.726540    0.527194   25.527193 ^ gpio_in[38] (in)
                                                         gpio_in[38] (net)
                      0.731984    0.000000   25.527193 ^ clkbuf_0_gpio_in[38]/A (sky130_fd_sc_hd__clkbuf_16)
     5    0.068571    0.140223    0.544045   26.071238 ^ clkbuf_0_gpio_in[38]/X (sky130_fd_sc_hd__clkbuf_16)
                                                         clknet_0_gpio_in[38] (net)
                      0.140799    0.007690   26.078928 ^ clkbuf_1_0__f_gpio_in[38]/A (sky130_fd_sc_hd__clkbuf_16)
    25    0.085875    0.158273    0.320505   26.399433 ^ clkbuf_1_0__f_gpio_in[38]/X (sky130_fd_sc_hd__clkbuf_16)
                                                         clknet_1_0__leaf_gpio_in[38] (net)
                      0.165919    0.026937   26.426369 ^ _099_/CLK (sky130_fd_sc_hd__dfrtp_1)
                                 -0.250000   26.176371   clock uncertainty
                                  0.000000   26.176371   clock reconvergence pessimism
                                 -0.130346   26.046024   library setup time
                                             26.046024   data required time
---------------------------------------------------------------------------------------------
                                             26.046024   data required time
                                             -6.591160   data arrival time
---------------------------------------------------------------------------------------------
                                             19.454865   slack (MET)


Startpoint: _087_ (rising edge-triggered flip-flop clocked by gpio_in[38])
Endpoint: _104_ (rising edge-triggered flip-flop clocked by gpio_in[38])
Path Group: gpio_in[38]
Path Type: max

Fanout         Cap        Slew       Delay        Time   Description
---------------------------------------------------------------------------------------------
                                  0.000000    0.000000   clock gpio_in[38] (rise edge)
                                  0.000000    0.000000   clock source latency
     2    0.100561    0.726540    0.527194    0.527194 ^ gpio_in[38] (in)
                                                         gpio_in[38] (net)
                      0.731984    0.000000    0.527194 ^ clkbuf_0_gpio_in[38]/A (sky130_fd_sc_hd__clkbuf_16)
     5    0.068571    0.140223    0.544045    1.071239 ^ clkbuf_0_gpio_in[38]/X (sky130_fd_sc_hd__clkbuf_16)
                                                         clknet_0_gpio_in[38] (net)
                      0.140799    0.007691    1.078930 ^ clkbuf_1_0__f_gpio_in[38]/A (sky130_fd_sc_hd__clkbuf_16)
    25    0.085875    0.158273    0.320503    1.399433 ^ clkbuf_1_0__f_gpio_in[38]/X (sky130_fd_sc_hd__clkbuf_16)
                                                         clknet_1_0__leaf_gpio_in[38] (net)
                      0.164597    0.024433    1.423866 ^ _087_/CLK (sky130_fd_sc_hd__dfrtp_2)
     3    0.009626    0.115779    0.771944    2.195810 ^ _087_/Q (sky130_fd_sc_hd__dfrtp_2)
                                                         gpio_18_21_bidir[18].cfg.gpio_out_val (net)
                      0.115779    0.000474    2.196284 ^ hold3/A (sky130_fd_sc_hd__dlygate4sd3_1)
     5    0.020609    0.335813    1.266759    3.463044 ^ hold3/X (sky130_fd_sc_hd__dlygate4sd3_1)
                                                         net578 (net)
                      0.335813    0.001182    3.464226 ^ _049_/A (sky130_fd_sc_hd__and4_4)
    17    0.141597    0.679416    1.032999    4.497225 ^ _049_/X (sky130_fd_sc_hd__and4_4)
                                                         _022_ (net)
                      0.679688    0.011779    4.509005 ^ _078_/A (sky130_fd_sc_hd__and4_4)
    11    0.128445    0.620753    1.127005    5.636010 ^ _078_/X (sky130_fd_sc_hd__and4_4)
                                                         _039_ (net)
                      0.635527    0.075414    5.711424 ^ _082_/C (sky130_fd_sc_hd__and3_1)
     2    0.010827    0.197152    0.571852    6.283276 ^ _082_/X (sky130_fd_sc_hd__and3_1)
                                                         _041_ (net)
                      0.197152    0.000401    6.283677 ^ _083_/B (sky130_fd_sc_hd__nor2_1)
     1    0.003760    0.083180    0.128260    6.411936 v _083_/Y (sky130_fd_sc_hd__nor2_1)
                                                         _008_ (net)
                      0.083180    0.000234    6.412170 v _104_/D (sky130_fd_sc_hd__dfrtp_1)
                                              6.412170   data arrival time

                                 25.000000   25.000000   clock gpio_in[38] (rise edge)
                                  0.000000   25.000000   clock source latency
     2    0.100561    0.726540    0.527194   25.527193 ^ gpio_in[38] (in)
                                                         gpio_in[38] (net)
                      0.731984    0.000000   25.527193 ^ clkbuf_0_gpio_in[38]/A (sky130_fd_sc_hd__clkbuf_16)
     5    0.068571    0.140223    0.544045   26.071238 ^ clkbuf_0_gpio_in[38]/X (sky130_fd_sc_hd__clkbuf_16)
                                                         clknet_0_gpio_in[38] (net)
                      0.140770    0.007512   26.078751 ^ clkbuf_1_1__f_gpio_in[38]/A (sky130_fd_sc_hd__clkbuf_16)
    19    0.073023    0.139259    0.312458   26.391209 ^ clkbuf_1_1__f_gpio_in[38]/X (sky130_fd_sc_hd__clkbuf_16)
                                                         clknet_1_1__leaf_gpio_in[38] (net)
                      0.142282    0.015875   26.407084 ^ _104_/CLK (sky130_fd_sc_hd__dfrtp_1)
                                 -0.250000   26.157084   clock uncertainty
                                  0.000000   26.157084   clock reconvergence pessimism
                                 -0.262791   25.894293   library setup time
                                             25.894293   data required time
---------------------------------------------------------------------------------------------
                                             25.894293   data required time
                                             -6.412170   data arrival time
---------------------------------------------------------------------------------------------
                                             19.482122   slack (MET)


Startpoint: _087_ (rising edge-triggered flip-flop clocked by gpio_in[38])
Endpoint: _096_ (rising edge-triggered flip-flop clocked by gpio_in[38])
Path Group: gpio_in[38]
Path Type: max

Fanout         Cap        Slew       Delay        Time   Description
---------------------------------------------------------------------------------------------
                                  0.000000    0.000000   clock gpio_in[38] (rise edge)
                                  0.000000    0.000000   clock source latency
     2    0.100561    0.726540    0.527194    0.527194 ^ gpio_in[38] (in)
                                                         gpio_in[38] (net)
                      0.731984    0.000000    0.527194 ^ clkbuf_0_gpio_in[38]/A (sky130_fd_sc_hd__clkbuf_16)
     5    0.068571    0.140223    0.544045    1.071239 ^ clkbuf_0_gpio_in[38]/X (sky130_fd_sc_hd__clkbuf_16)
                                                         clknet_0_gpio_in[38] (net)
                      0.140799    0.007691    1.078930 ^ clkbuf_1_0__f_gpio_in[38]/A (sky130_fd_sc_hd__clkbuf_16)
    25    0.085875    0.158273    0.320503    1.399433 ^ clkbuf_1_0__f_gpio_in[38]/X (sky130_fd_sc_hd__clkbuf_16)
                                                         clknet_1_0__leaf_gpio_in[38] (net)
                      0.164597    0.024433    1.423866 ^ _087_/CLK (sky130_fd_sc_hd__dfrtp_2)
     3    0.009626    0.115779    0.771944    2.195810 ^ _087_/Q (sky130_fd_sc_hd__dfrtp_2)
                                                         gpio_18_21_bidir[18].cfg.gpio_out_val (net)
                      0.115779    0.000474    2.196284 ^ hold3/A (sky130_fd_sc_hd__dlygate4sd3_1)
     5    0.020609    0.335813    1.266759    3.463044 ^ hold3/X (sky130_fd_sc_hd__dlygate4sd3_1)
                                                         net578 (net)
                      0.335813    0.001182    3.464226 ^ _049_/A (sky130_fd_sc_hd__and4_4)
    17    0.141597    0.679416    1.032999    4.497225 ^ _049_/X (sky130_fd_sc_hd__and4_4)
                                                         _022_ (net)
                      0.696745    0.085664    4.582890 ^ _059_/A (sky130_fd_sc_hd__and2_4)
     9    0.123804    0.566627    0.891126    5.474016 ^ _059_/X (sky130_fd_sc_hd__and2_4)
                                                         _028_ (net)
                      0.579534    0.067688    5.541704 ^ _062_/C (sky130_fd_sc_hd__and3_1)
     2    0.007315    0.149131    0.514614    6.056317 ^ _062_/X (sky130_fd_sc_hd__and3_1)
                                                         _029_ (net)
                      0.149131    0.000381    6.056698 ^ _064_/A_N (sky130_fd_sc_hd__and2b_1)
     1    0.002135    0.060354    0.379383    6.436081 v _064_/X (sky130_fd_sc_hd__and2b_1)
                                                         _019_ (net)
                      0.060354    0.000151    6.436232 v _096_/D (sky130_fd_sc_hd__dfrtp_1)
                                              6.436232   data arrival time

                                 25.000000   25.000000   clock gpio_in[38] (rise edge)
                                  0.000000   25.000000   clock source latency
     2    0.100561    0.726540    0.527194   25.527193 ^ gpio_in[38] (in)
                                                         gpio_in[38] (net)
                      0.731984    0.000000   25.527193 ^ clkbuf_0_gpio_in[38]/A (sky130_fd_sc_hd__clkbuf_16)
     5    0.068571    0.140223    0.544045   26.071238 ^ clkbuf_0_gpio_in[38]/X (sky130_fd_sc_hd__clkbuf_16)
                                                         clknet_0_gpio_in[38] (net)
                      0.140799    0.007690   26.078928 ^ clkbuf_1_0__f_gpio_in[38]/A (sky130_fd_sc_hd__clkbuf_16)
    25    0.085875    0.158273    0.320505   26.399433 ^ clkbuf_1_0__f_gpio_in[38]/X (sky130_fd_sc_hd__clkbuf_16)
                                                         clknet_1_0__leaf_gpio_in[38] (net)
                      0.164496    0.024231   26.423664 ^ _096_/CLK (sky130_fd_sc_hd__dfrtp_1)
                                 -0.250000   26.173664   clock uncertainty
                                  0.000000   26.173664   clock reconvergence pessimism
                                 -0.247366   25.926298   library setup time
                                             25.926298   data required time
---------------------------------------------------------------------------------------------
                                             25.926298   data required time
                                             -6.436232   data arrival time
---------------------------------------------------------------------------------------------
                                             19.490067   slack (MET)


Startpoint: _087_ (rising edge-triggered flip-flop clocked by gpio_in[38])
Endpoint: _091_ (rising edge-triggered flip-flop clocked by gpio_in[38])
Path Group: gpio_in[38]
Path Type: max

Fanout         Cap        Slew       Delay        Time   Description
---------------------------------------------------------------------------------------------
                                  0.000000    0.000000   clock gpio_in[38] (rise edge)
                                  0.000000    0.000000   clock source latency
     2    0.100561    0.726540    0.527194    0.527194 ^ gpio_in[38] (in)
                                                         gpio_in[38] (net)
                      0.731984    0.000000    0.527194 ^ clkbuf_0_gpio_in[38]/A (sky130_fd_sc_hd__clkbuf_16)
     5    0.068571    0.140223    0.544045    1.071239 ^ clkbuf_0_gpio_in[38]/X (sky130_fd_sc_hd__clkbuf_16)
                                                         clknet_0_gpio_in[38] (net)
                      0.140799    0.007691    1.078930 ^ clkbuf_1_0__f_gpio_in[38]/A (sky130_fd_sc_hd__clkbuf_16)
    25    0.085875    0.158273    0.320503    1.399433 ^ clkbuf_1_0__f_gpio_in[38]/X (sky130_fd_sc_hd__clkbuf_16)
                                                         clknet_1_0__leaf_gpio_in[38] (net)
                      0.164597    0.024433    1.423866 ^ _087_/CLK (sky130_fd_sc_hd__dfrtp_2)
     3    0.009626    0.115779    0.771944    2.195810 ^ _087_/Q (sky130_fd_sc_hd__dfrtp_2)
                                                         gpio_18_21_bidir[18].cfg.gpio_out_val (net)
                      0.115779    0.000474    2.196284 ^ hold3/A (sky130_fd_sc_hd__dlygate4sd3_1)
     5    0.020609    0.335813    1.266759    3.463044 ^ hold3/X (sky130_fd_sc_hd__dlygate4sd3_1)
                                                         net578 (net)
                      0.335813    0.001182    3.464226 ^ _049_/A (sky130_fd_sc_hd__and4_4)
    17    0.141597    0.679416    1.032999    4.497225 ^ _049_/X (sky130_fd_sc_hd__and4_4)
                                                         _022_ (net)
                      0.696974    0.086219    4.583444 ^ _052_/B (sky130_fd_sc_hd__xor2_1)
     1    0.002111    0.169702    0.308119    4.891563 v _052_/X (sky130_fd_sc_hd__xor2_1)
                                                         _014_ (net)
                      0.169702    0.000139    4.891702 v hold21/A (sky130_fd_sc_hd__dlygate4sd3_1)
     1    0.002131    0.100281    1.160031    6.051733 v hold21/X (sky130_fd_sc_hd__dlygate4sd3_1)
                                                         net596 (net)
                      0.100281    0.000098    6.051832 v _091_/D (sky130_fd_sc_hd__dfrtp_1)
                                              6.051832   data arrival time

                                 25.000000   25.000000   clock gpio_in[38] (rise edge)
                                  0.000000   25.000000   clock source latency
     2    0.100561    0.726540    0.527194   25.527193 ^ gpio_in[38] (in)
                                                         gpio_in[38] (net)
                      0.731984    0.000000   25.527193 ^ clkbuf_0_gpio_in[38]/A (sky130_fd_sc_hd__clkbuf_16)
     5    0.068571    0.140223    0.544045   26.071238 ^ clkbuf_0_gpio_in[38]/X (sky130_fd_sc_hd__clkbuf_16)
                                                         clknet_0_gpio_in[38] (net)
                      0.140770    0.007512   26.078751 ^ clkbuf_1_1__f_gpio_in[38]/A (sky130_fd_sc_hd__clkbuf_16)
    19    0.073023    0.139259    0.312458   26.391209 ^ clkbuf_1_1__f_gpio_in[38]/X (sky130_fd_sc_hd__clkbuf_16)
                                                         clknet_1_1__leaf_gpio_in[38] (net)
                      0.142819    0.017309   26.408518 ^ _091_/CLK (sky130_fd_sc_hd__dfrtp_1)
                                 -0.250000   26.158518   clock uncertainty
                                  0.000000   26.158518   clock reconvergence pessimism
                                 -0.269771   25.888748   library setup time
                                             25.888748   data required time
---------------------------------------------------------------------------------------------
                                             25.888748   data required time
                                             -6.051832   data arrival time
---------------------------------------------------------------------------------------------
                                             19.836916   slack (MET)


Startpoint: _087_ (rising edge-triggered flip-flop clocked by gpio_in[38])
Endpoint: _103_ (rising edge-triggered flip-flop clocked by gpio_in[38])
Path Group: gpio_in[38]
Path Type: max

Fanout         Cap        Slew       Delay        Time   Description
---------------------------------------------------------------------------------------------
                                  0.000000    0.000000   clock gpio_in[38] (rise edge)
                                  0.000000    0.000000   clock source latency
     2    0.100561    0.726540    0.527194    0.527194 ^ gpio_in[38] (in)
                                                         gpio_in[38] (net)
                      0.731984    0.000000    0.527194 ^ clkbuf_0_gpio_in[38]/A (sky130_fd_sc_hd__clkbuf_16)
     5    0.068571    0.140223    0.544045    1.071239 ^ clkbuf_0_gpio_in[38]/X (sky130_fd_sc_hd__clkbuf_16)
                                                         clknet_0_gpio_in[38] (net)
                      0.140799    0.007691    1.078930 ^ clkbuf_1_0__f_gpio_in[38]/A (sky130_fd_sc_hd__clkbuf_16)
    25    0.085875    0.158273    0.320503    1.399433 ^ clkbuf_1_0__f_gpio_in[38]/X (sky130_fd_sc_hd__clkbuf_16)
                                                         clknet_1_0__leaf_gpio_in[38] (net)
                      0.164597    0.024433    1.423866 ^ _087_/CLK (sky130_fd_sc_hd__dfrtp_2)
     3    0.009626    0.115779    0.771944    2.195810 ^ _087_/Q (sky130_fd_sc_hd__dfrtp_2)
                                                         gpio_18_21_bidir[18].cfg.gpio_out_val (net)
                      0.115779    0.000474    2.196284 ^ hold3/A (sky130_fd_sc_hd__dlygate4sd3_1)
     5    0.020609    0.335813    1.266759    3.463044 ^ hold3/X (sky130_fd_sc_hd__dlygate4sd3_1)
                                                         net578 (net)
                      0.335813    0.001182    3.464226 ^ _049_/A (sky130_fd_sc_hd__and4_4)
    17    0.141597    0.679416    1.032999    4.497225 ^ _049_/X (sky130_fd_sc_hd__and4_4)
                                                         _022_ (net)
                      0.679688    0.011779    4.509005 ^ _078_/A (sky130_fd_sc_hd__and4_4)
    11    0.128445    0.620753    1.127005    5.636010 ^ _078_/X (sky130_fd_sc_hd__and4_4)
                                                         _039_ (net)
                      0.635248    0.074706    5.710716 ^ _080_/B (sky130_fd_sc_hd__xor2_1)
     1    0.002217    0.163237    0.299758    6.010474 v _080_/X (sky130_fd_sc_hd__xor2_1)
                                                         _007_ (net)
                      0.163237    0.000102    6.010576 v _103_/D (sky130_fd_sc_hd__dfrtp_1)
                                              6.010576   data arrival time

                                 25.000000   25.000000   clock gpio_in[38] (rise edge)
                                  0.000000   25.000000   clock source latency
     2    0.100561    0.726540    0.527194   25.527193 ^ gpio_in[38] (in)
                                                         gpio_in[38] (net)
                      0.731984    0.000000   25.527193 ^ clkbuf_0_gpio_in[38]/A (sky130_fd_sc_hd__clkbuf_16)
     5    0.068571    0.140223    0.544045   26.071238 ^ clkbuf_0_gpio_in[38]/X (sky130_fd_sc_hd__clkbuf_16)
                                                         clknet_0_gpio_in[38] (net)
                      0.140770    0.007512   26.078751 ^ clkbuf_1_1__f_gpio_in[38]/A (sky130_fd_sc_hd__clkbuf_16)
    19    0.073023    0.139259    0.312458   26.391209 ^ clkbuf_1_1__f_gpio_in[38]/X (sky130_fd_sc_hd__clkbuf_16)
                                                         clknet_1_1__leaf_gpio_in[38] (net)
                      0.142276    0.015858   26.407066 ^ _103_/CLK (sky130_fd_sc_hd__dfrtp_1)
                                 -0.250000   26.157066   clock uncertainty
                                  0.000000   26.157066   clock reconvergence pessimism
                                 -0.296137   25.860929   library setup time
                                             25.860929   data required time
---------------------------------------------------------------------------------------------
                                             25.860929   data required time
                                             -6.010576   data arrival time
---------------------------------------------------------------------------------------------
                                             19.850355   slack (MET)


Startpoint: _087_ (rising edge-triggered flip-flop clocked by gpio_in[38])
Endpoint: _095_ (rising edge-triggered flip-flop clocked by gpio_in[38])
Path Group: gpio_in[38]
Path Type: max

Fanout         Cap        Slew       Delay        Time   Description
---------------------------------------------------------------------------------------------
                                  0.000000    0.000000   clock gpio_in[38] (rise edge)
                                  0.000000    0.000000   clock source latency
     2    0.100561    0.726540    0.527194    0.527194 ^ gpio_in[38] (in)
                                                         gpio_in[38] (net)
                      0.731984    0.000000    0.527194 ^ clkbuf_0_gpio_in[38]/A (sky130_fd_sc_hd__clkbuf_16)
     5    0.068571    0.140223    0.544045    1.071239 ^ clkbuf_0_gpio_in[38]/X (sky130_fd_sc_hd__clkbuf_16)
                                                         clknet_0_gpio_in[38] (net)
                      0.140799    0.007691    1.078930 ^ clkbuf_1_0__f_gpio_in[38]/A (sky130_fd_sc_hd__clkbuf_16)
    25    0.085875    0.158273    0.320503    1.399433 ^ clkbuf_1_0__f_gpio_in[38]/X (sky130_fd_sc_hd__clkbuf_16)
                                                         clknet_1_0__leaf_gpio_in[38] (net)
                      0.164597    0.024433    1.423866 ^ _087_/CLK (sky130_fd_sc_hd__dfrtp_2)
     3    0.009626    0.115779    0.771944    2.195810 ^ _087_/Q (sky130_fd_sc_hd__dfrtp_2)
                                                         gpio_18_21_bidir[18].cfg.gpio_out_val (net)
                      0.115779    0.000474    2.196284 ^ hold3/A (sky130_fd_sc_hd__dlygate4sd3_1)
     5    0.020609    0.335813    1.266759    3.463044 ^ hold3/X (sky130_fd_sc_hd__dlygate4sd3_1)
                                                         net578 (net)
                      0.335813    0.001182    3.464226 ^ _049_/A (sky130_fd_sc_hd__and4_4)
    17    0.141597    0.679416    1.032999    4.497225 ^ _049_/X (sky130_fd_sc_hd__and4_4)
                                                         _022_ (net)
                      0.696745    0.085664    4.582890 ^ _059_/A (sky130_fd_sc_hd__and2_4)
     9    0.123804    0.566627    0.891126    5.474016 ^ _059_/X (sky130_fd_sc_hd__and2_4)
                                                         _028_ (net)
                      0.579292    0.067066    5.541081 ^ _061_/B (sky130_fd_sc_hd__xor2_1)
     1    0.002308    0.155366    0.285196    5.826277 v _061_/X (sky130_fd_sc_hd__xor2_1)
                                                         _018_ (net)
                      0.155366    0.000167    5.826445 v _095_/D (sky130_fd_sc_hd__dfrtp_2)
                                              5.826445   data arrival time

                                 25.000000   25.000000   clock gpio_in[38] (rise edge)
                                  0.000000   25.000000   clock source latency
     2    0.100561    0.726540    0.527194   25.527193 ^ gpio_in[38] (in)
                                                         gpio_in[38] (net)
                      0.731984    0.000000   25.527193 ^ clkbuf_0_gpio_in[38]/A (sky130_fd_sc_hd__clkbuf_16)
     5    0.068571    0.140223    0.544045   26.071238 ^ clkbuf_0_gpio_in[38]/X (sky130_fd_sc_hd__clkbuf_16)
                                                         clknet_0_gpio_in[38] (net)
                      0.140799    0.007690   26.078928 ^ clkbuf_1_0__f_gpio_in[38]/A (sky130_fd_sc_hd__clkbuf_16)
    25    0.085875    0.158273    0.320505   26.399433 ^ clkbuf_1_0__f_gpio_in[38]/X (sky130_fd_sc_hd__clkbuf_16)
                                                         clknet_1_0__leaf_gpio_in[38] (net)
                      0.162780    0.020567   26.420000 ^ _095_/CLK (sky130_fd_sc_hd__dfrtp_2)
                                 -0.250000   26.170000   clock uncertainty
                                  0.000000   26.170000   clock reconvergence pessimism
                                 -0.287488   25.882513   library setup time
                                             25.882513   data required time
---------------------------------------------------------------------------------------------
                                             25.882513   data required time
                                             -5.826445   data arrival time
---------------------------------------------------------------------------------------------
                                             20.056068   slack (MET)


Startpoint: resetb_l (input port clocked by gpio_in[38])
Endpoint: _094_ (recovery check against rising-edge clock gpio_in[38])
Path Group: asynchronous
Path Type: max

Fanout         Cap        Slew       Delay        Time   Description
---------------------------------------------------------------------------------------------
                                  0.000000    0.000000   clock gpio_in[38] (rise edge)
                                  0.000000    0.000000   clock network delay (propagated)
                                  5.000000    5.000000 ^ input external delay
     2    0.009078    0.074849    0.047937    5.047937 ^ resetb_l (in)
                                                         resetb_l (net)
                      0.074851    0.000000    5.047937 ^ input2/A (sky130_fd_sc_hd__buf_8)
    11    0.139166    0.350016    0.351784    5.399720 ^ input2/X (sky130_fd_sc_hd__buf_8)
                                                         net2 (net)
                      0.350064    0.003746    5.403467 ^ fanout31/A (sky130_fd_sc_hd__clkbuf_16)
    33    0.195327    0.307621    0.500558    5.904025 ^ fanout31/X (sky130_fd_sc_hd__clkbuf_16)
                                                         net31 (net)
                      0.363470    0.100298    6.004322 ^ _094_/RESET_B (sky130_fd_sc_hd__dfrtp_1)
                                              6.004322   data arrival time

                                 25.000000   25.000000   clock gpio_in[38] (rise edge)
                                  0.000000   25.000000   clock source latency
     2    0.100561    0.726540    0.527194   25.527193 ^ gpio_in[38] (in)
                                                         gpio_in[38] (net)
                      0.731984    0.000000   25.527193 ^ clkbuf_0_gpio_in[38]/A (sky130_fd_sc_hd__clkbuf_16)
     5    0.068571    0.140223    0.544045   26.071238 ^ clkbuf_0_gpio_in[38]/X (sky130_fd_sc_hd__clkbuf_16)
                                                         clknet_0_gpio_in[38] (net)
                      0.140770    0.007512   26.078751 ^ clkbuf_1_1__f_gpio_in[38]/A (sky130_fd_sc_hd__clkbuf_16)
    19    0.073023    0.139259    0.312458   26.391209 ^ clkbuf_1_1__f_gpio_in[38]/X (sky130_fd_sc_hd__clkbuf_16)
                                                         clknet_1_1__leaf_gpio_in[38] (net)
                      0.142748    0.017126   26.408335 ^ _094_/CLK (sky130_fd_sc_hd__dfrtp_1)
                                 -0.250000   26.158335   clock uncertainty
                                  0.000000   26.158335   clock reconvergence pessimism
                                  0.378622   26.536957   library recovery time
                                             26.536957   data required time
---------------------------------------------------------------------------------------------
                                             26.536957   data required time
                                             -6.004322   data arrival time
---------------------------------------------------------------------------------------------
                                             20.532635   slack (MET)


Startpoint: resetb_l (input port clocked by gpio_in[38])
Endpoint: _092_ (recovery check against rising-edge clock gpio_in[38])
Path Group: asynchronous
Path Type: max

Fanout         Cap        Slew       Delay        Time   Description
---------------------------------------------------------------------------------------------
                                  0.000000    0.000000   clock gpio_in[38] (rise edge)
                                  0.000000    0.000000   clock network delay (propagated)
                                  5.000000    5.000000 ^ input external delay
     2    0.009078    0.074849    0.047937    5.047937 ^ resetb_l (in)
                                                         resetb_l (net)
                      0.074851    0.000000    5.047937 ^ input2/A (sky130_fd_sc_hd__buf_8)
    11    0.139166    0.350016    0.351784    5.399720 ^ input2/X (sky130_fd_sc_hd__buf_8)
                                                         net2 (net)
                      0.350064    0.003746    5.403467 ^ fanout31/A (sky130_fd_sc_hd__clkbuf_16)
    33    0.195327    0.307621    0.500558    5.904025 ^ fanout31/X (sky130_fd_sc_hd__clkbuf_16)
                                                         net31 (net)
                      0.363497    0.100325    6.004350 ^ _092_/RESET_B (sky130_fd_sc_hd__dfrtp_1)
                                              6.004350   data arrival time

                                 25.000000   25.000000   clock gpio_in[38] (rise edge)
                                  0.000000   25.000000   clock source latency
     2    0.100561    0.726540    0.527194   25.527193 ^ gpio_in[38] (in)
                                                         gpio_in[38] (net)
                      0.731984    0.000000   25.527193 ^ clkbuf_0_gpio_in[38]/A (sky130_fd_sc_hd__clkbuf_16)
     5    0.068571    0.140223    0.544045   26.071238 ^ clkbuf_0_gpio_in[38]/X (sky130_fd_sc_hd__clkbuf_16)
                                                         clknet_0_gpio_in[38] (net)
                      0.140770    0.007512   26.078751 ^ clkbuf_1_1__f_gpio_in[38]/A (sky130_fd_sc_hd__clkbuf_16)
    19    0.073023    0.139259    0.312458   26.391209 ^ clkbuf_1_1__f_gpio_in[38]/X (sky130_fd_sc_hd__clkbuf_16)
                                                         clknet_1_1__leaf_gpio_in[38] (net)
                      0.142825    0.017325   26.408533 ^ _092_/CLK (sky130_fd_sc_hd__dfrtp_1)
                                 -0.250000   26.158533   clock uncertainty
                                  0.000000   26.158533   clock reconvergence pessimism
                                  0.378638   26.537172   library recovery time
                                             26.537172   data required time
---------------------------------------------------------------------------------------------
                                             26.537172   data required time
                                             -6.004350   data arrival time
---------------------------------------------------------------------------------------------
                                             20.532822   slack (MET)


Startpoint: resetb_l (input port clocked by gpio_in[38])
Endpoint: _091_ (recovery check against rising-edge clock gpio_in[38])
Path Group: asynchronous
Path Type: max

Fanout         Cap        Slew       Delay        Time   Description
---------------------------------------------------------------------------------------------
                                  0.000000    0.000000   clock gpio_in[38] (rise edge)
                                  0.000000    0.000000   clock network delay (propagated)
                                  5.000000    5.000000 ^ input external delay
     2    0.009078    0.074849    0.047937    5.047937 ^ resetb_l (in)
                                                         resetb_l (net)
                      0.074851    0.000000    5.047937 ^ input2/A (sky130_fd_sc_hd__buf_8)
    11    0.139166    0.350016    0.351784    5.399720 ^ input2/X (sky130_fd_sc_hd__buf_8)
                                                         net2 (net)
                      0.350064    0.003746    5.403467 ^ fanout31/A (sky130_fd_sc_hd__clkbuf_16)
    33    0.195327    0.307621    0.500558    5.904025 ^ fanout31/X (sky130_fd_sc_hd__clkbuf_16)
                                                         net31 (net)
                      0.363443    0.100270    6.004295 ^ _091_/RESET_B (sky130_fd_sc_hd__dfrtp_1)
                                              6.004295   data arrival time

                                 25.000000   25.000000   clock gpio_in[38] (rise edge)
                                  0.000000   25.000000   clock source latency
     2    0.100561    0.726540    0.527194   25.527193 ^ gpio_in[38] (in)
                                                         gpio_in[38] (net)
                      0.731984    0.000000   25.527193 ^ clkbuf_0_gpio_in[38]/A (sky130_fd_sc_hd__clkbuf_16)
     5    0.068571    0.140223    0.544045   26.071238 ^ clkbuf_0_gpio_in[38]/X (sky130_fd_sc_hd__clkbuf_16)
                                                         clknet_0_gpio_in[38] (net)
                      0.140770    0.007512   26.078751 ^ clkbuf_1_1__f_gpio_in[38]/A (sky130_fd_sc_hd__clkbuf_16)
    19    0.073023    0.139259    0.312458   26.391209 ^ clkbuf_1_1__f_gpio_in[38]/X (sky130_fd_sc_hd__clkbuf_16)
                                                         clknet_1_1__leaf_gpio_in[38] (net)
                      0.142819    0.017309   26.408518 ^ _091_/CLK (sky130_fd_sc_hd__dfrtp_1)
                                 -0.250000   26.158518   clock uncertainty
                                  0.000000   26.158518   clock reconvergence pessimism
                                  0.378656   26.537172   library recovery time
                                             26.537172   data required time
---------------------------------------------------------------------------------------------
                                             26.537172   data required time
                                             -6.004295   data arrival time
---------------------------------------------------------------------------------------------
                                             20.532877   slack (MET)


Startpoint: resetb_l (input port clocked by gpio_in[38])
Endpoint: _093_ (recovery check against rising-edge clock gpio_in[38])
Path Group: asynchronous
Path Type: max

Fanout         Cap        Slew       Delay        Time   Description
---------------------------------------------------------------------------------------------
                                  0.000000    0.000000   clock gpio_in[38] (rise edge)
                                  0.000000    0.000000   clock network delay (propagated)
                                  5.000000    5.000000 ^ input external delay
     2    0.009078    0.074849    0.047937    5.047937 ^ resetb_l (in)
                                                         resetb_l (net)
                      0.074851    0.000000    5.047937 ^ input2/A (sky130_fd_sc_hd__buf_8)
    11    0.139166    0.350016    0.351784    5.399720 ^ input2/X (sky130_fd_sc_hd__buf_8)
                                                         net2 (net)
                      0.350064    0.003746    5.403467 ^ fanout31/A (sky130_fd_sc_hd__clkbuf_16)
    33    0.195327    0.307621    0.500558    5.904025 ^ fanout31/X (sky130_fd_sc_hd__clkbuf_16)
                                                         net31 (net)
                      0.363181    0.100009    6.004034 ^ _093_/RESET_B (sky130_fd_sc_hd__dfrtp_1)
                                              6.004034   data arrival time

                                 25.000000   25.000000   clock gpio_in[38] (rise edge)
                                  0.000000   25.000000   clock source latency
     2    0.100561    0.726540    0.527194   25.527193 ^ gpio_in[38] (in)
                                                         gpio_in[38] (net)
                      0.731984    0.000000   25.527193 ^ clkbuf_0_gpio_in[38]/A (sky130_fd_sc_hd__clkbuf_16)
     5    0.068571    0.140223    0.544045   26.071238 ^ clkbuf_0_gpio_in[38]/X (sky130_fd_sc_hd__clkbuf_16)
                                                         clknet_0_gpio_in[38] (net)
                      0.140770    0.007512   26.078751 ^ clkbuf_1_1__f_gpio_in[38]/A (sky130_fd_sc_hd__clkbuf_16)
    19    0.073023    0.139259    0.312458   26.391209 ^ clkbuf_1_1__f_gpio_in[38]/X (sky130_fd_sc_hd__clkbuf_16)
                                                         clknet_1_1__leaf_gpio_in[38] (net)
                      0.142830    0.017337   26.408545 ^ _093_/CLK (sky130_fd_sc_hd__dfrtp_1)
                                 -0.250000   26.158546   clock uncertainty
                                  0.000000   26.158546   clock reconvergence pessimism
                                  0.378756   26.537302   library recovery time
                                             26.537302   data required time
---------------------------------------------------------------------------------------------
                                             26.537302   data required time
                                             -6.004034   data arrival time
---------------------------------------------------------------------------------------------
                                             20.533270   slack (MET)


Startpoint: _087_ (rising edge-triggered flip-flop clocked by gpio_in[38])
Endpoint: _092_ (rising edge-triggered flip-flop clocked by gpio_in[38])
Path Group: gpio_in[38]
Path Type: max

Fanout         Cap        Slew       Delay        Time   Description
---------------------------------------------------------------------------------------------
                                  0.000000    0.000000   clock gpio_in[38] (rise edge)
                                  0.000000    0.000000   clock source latency
     2    0.100561    0.726540    0.527194    0.527194 ^ gpio_in[38] (in)
                                                         gpio_in[38] (net)
                      0.731984    0.000000    0.527194 ^ clkbuf_0_gpio_in[38]/A (sky130_fd_sc_hd__clkbuf_16)
     5    0.068571    0.140223    0.544045    1.071239 ^ clkbuf_0_gpio_in[38]/X (sky130_fd_sc_hd__clkbuf_16)
                                                         clknet_0_gpio_in[38] (net)
                      0.140799    0.007691    1.078930 ^ clkbuf_1_0__f_gpio_in[38]/A (sky130_fd_sc_hd__clkbuf_16)
    25    0.085875    0.158273    0.320503    1.399433 ^ clkbuf_1_0__f_gpio_in[38]/X (sky130_fd_sc_hd__clkbuf_16)
                                                         clknet_1_0__leaf_gpio_in[38] (net)
                      0.164597    0.024433    1.423866 ^ _087_/CLK (sky130_fd_sc_hd__dfrtp_2)
     3    0.009626    0.115779    0.771944    2.195810 ^ _087_/Q (sky130_fd_sc_hd__dfrtp_2)
                                                         gpio_18_21_bidir[18].cfg.gpio_out_val (net)
                      0.115779    0.000474    2.196284 ^ hold3/A (sky130_fd_sc_hd__dlygate4sd3_1)
     5    0.020609    0.335813    1.266759    3.463044 ^ hold3/X (sky130_fd_sc_hd__dlygate4sd3_1)
                                                         net578 (net)
                      0.335813    0.001182    3.464226 ^ _049_/A (sky130_fd_sc_hd__and4_4)
    17    0.141597    0.679416    1.032999    4.497225 ^ _049_/X (sky130_fd_sc_hd__and4_4)
                                                         _022_ (net)
                      0.696917    0.086081    4.583306 ^ _053_/C (sky130_fd_sc_hd__and3_1)
     3    0.011316    0.204693    0.590774    5.174080 ^ _053_/X (sky130_fd_sc_hd__and3_1)
                                                         _024_ (net)
                      0.204693    0.000564    5.174644 ^ _055_/A (sky130_fd_sc_hd__nor2_1)
     1    0.003842    0.075821    0.145403    5.320048 v _055_/Y (sky130_fd_sc_hd__nor2_1)
                                                         _015_ (net)
                      0.075822    0.000288    5.320335 v _092_/D (sky130_fd_sc_hd__dfrtp_1)
                                              5.320335   data arrival time

                                 25.000000   25.000000   clock gpio_in[38] (rise edge)
                                  0.000000   25.000000   clock source latency
     2    0.100561    0.726540    0.527194   25.527193 ^ gpio_in[38] (in)
                                                         gpio_in[38] (net)
                      0.731984    0.000000   25.527193 ^ clkbuf_0_gpio_in[38]/A (sky130_fd_sc_hd__clkbuf_16)
     5    0.068571    0.140223    0.544045   26.071238 ^ clkbuf_0_gpio_in[38]/X (sky130_fd_sc_hd__clkbuf_16)
                                                         clknet_0_gpio_in[38] (net)
                      0.140770    0.007512   26.078751 ^ clkbuf_1_1__f_gpio_in[38]/A (sky130_fd_sc_hd__clkbuf_16)
    19    0.073023    0.139259    0.312458   26.391209 ^ clkbuf_1_1__f_gpio_in[38]/X (sky130_fd_sc_hd__clkbuf_16)
                                                         clknet_1_1__leaf_gpio_in[38] (net)
                      0.142825    0.017325   26.408533 ^ _092_/CLK (sky130_fd_sc_hd__dfrtp_1)
                                 -0.250000   26.158533   clock uncertainty
                                  0.000000   26.158533   clock reconvergence pessimism
                                 -0.259582   25.898952   library setup time
                                             25.898952   data required time
---------------------------------------------------------------------------------------------
                                             25.898952   data required time
                                             -5.320335   data arrival time
---------------------------------------------------------------------------------------------
                                             20.578619   slack (MET)


Startpoint: resetb_l (input port clocked by gpio_in[38])
Endpoint: _095_ (recovery check against rising-edge clock gpio_in[38])
Path Group: asynchronous
Path Type: max

Fanout         Cap        Slew       Delay        Time   Description
---------------------------------------------------------------------------------------------
                                  0.000000    0.000000   clock gpio_in[38] (rise edge)
                                  0.000000    0.000000   clock network delay (propagated)
                                  5.000000    5.000000 ^ input external delay
     2    0.009078    0.074849    0.047937    5.047937 ^ resetb_l (in)
                                                         resetb_l (net)
                      0.074851    0.000000    5.047937 ^ input2/A (sky130_fd_sc_hd__buf_8)
    11    0.139166    0.350016    0.351784    5.399720 ^ input2/X (sky130_fd_sc_hd__buf_8)
                                                         net2 (net)
                      0.350064    0.003746    5.403467 ^ fanout31/A (sky130_fd_sc_hd__clkbuf_16)
    33    0.195327    0.307621    0.500558    5.904025 ^ fanout31/X (sky130_fd_sc_hd__clkbuf_16)
                                                         net31 (net)
                      0.316690    0.040000    5.944025 ^ _095_/RESET_B (sky130_fd_sc_hd__dfrtp_2)
                                              5.944025   data arrival time

                                 25.000000   25.000000   clock gpio_in[38] (rise edge)
                                  0.000000   25.000000   clock source latency
     2    0.100561    0.726540    0.527194   25.527193 ^ gpio_in[38] (in)
                                                         gpio_in[38] (net)
                      0.731984    0.000000   25.527193 ^ clkbuf_0_gpio_in[38]/A (sky130_fd_sc_hd__clkbuf_16)
     5    0.068571    0.140223    0.544045   26.071238 ^ clkbuf_0_gpio_in[38]/X (sky130_fd_sc_hd__clkbuf_16)
                                                         clknet_0_gpio_in[38] (net)
                      0.140799    0.007690   26.078928 ^ clkbuf_1_0__f_gpio_in[38]/A (sky130_fd_sc_hd__clkbuf_16)
    25    0.085875    0.158273    0.320505   26.399433 ^ clkbuf_1_0__f_gpio_in[38]/X (sky130_fd_sc_hd__clkbuf_16)
                                                         clknet_1_0__leaf_gpio_in[38] (net)
                      0.162780    0.020567   26.420000 ^ _095_/CLK (sky130_fd_sc_hd__dfrtp_2)
                                 -0.250000   26.170000   clock uncertainty
                                  0.000000   26.170000   clock reconvergence pessimism
                                  0.370808   26.540810   library recovery time
                                             26.540810   data required time
---------------------------------------------------------------------------------------------
                                             26.540810   data required time
                                             -5.944025   data arrival time
---------------------------------------------------------------------------------------------
                                             20.596783   slack (MET)


Startpoint: resetb_l (input port clocked by gpio_in[38])
Endpoint: _087_ (recovery check against rising-edge clock gpio_in[38])
Path Group: asynchronous
Path Type: max

Fanout         Cap        Slew       Delay        Time   Description
---------------------------------------------------------------------------------------------
                                  0.000000    0.000000   clock gpio_in[38] (rise edge)
                                  0.000000    0.000000   clock network delay (propagated)
                                  5.000000    5.000000 ^ input external delay
     2    0.009078    0.074849    0.047937    5.047937 ^ resetb_l (in)
                                                         resetb_l (net)
                      0.074851    0.000000    5.047937 ^ input2/A (sky130_fd_sc_hd__buf_8)
    11    0.139166    0.350016    0.351784    5.399720 ^ input2/X (sky130_fd_sc_hd__buf_8)
                                                         net2 (net)
                      0.350064    0.003746    5.403467 ^ fanout31/A (sky130_fd_sc_hd__clkbuf_16)
    33    0.195327    0.307621    0.500558    5.904025 ^ fanout31/X (sky130_fd_sc_hd__clkbuf_16)
                                                         net31 (net)
                      0.312925    0.031272    5.935297 ^ _087_/RESET_B (sky130_fd_sc_hd__dfrtp_2)
                                              5.935297   data arrival time

                                 25.000000   25.000000   clock gpio_in[38] (rise edge)
                                  0.000000   25.000000   clock source latency
     2    0.100561    0.726540    0.527194   25.527193 ^ gpio_in[38] (in)
                                                         gpio_in[38] (net)
                      0.731984    0.000000   25.527193 ^ clkbuf_0_gpio_in[38]/A (sky130_fd_sc_hd__clkbuf_16)
     5    0.068571    0.140223    0.544045   26.071238 ^ clkbuf_0_gpio_in[38]/X (sky130_fd_sc_hd__clkbuf_16)
                                                         clknet_0_gpio_in[38] (net)
                      0.140799    0.007690   26.078928 ^ clkbuf_1_0__f_gpio_in[38]/A (sky130_fd_sc_hd__clkbuf_16)
    25    0.085875    0.158273    0.320505   26.399433 ^ clkbuf_1_0__f_gpio_in[38]/X (sky130_fd_sc_hd__clkbuf_16)
                                                         clknet_1_0__leaf_gpio_in[38] (net)
                      0.164597    0.024432   26.423864 ^ _087_/CLK (sky130_fd_sc_hd__dfrtp_2)
                                 -0.250000   26.173866   clock uncertainty
                                  0.000000   26.173866   clock reconvergence pessimism
                                  0.373027   26.546894   library recovery time
                                             26.546894   data required time
---------------------------------------------------------------------------------------------
                                             26.546894   data required time
                                             -5.935297   data arrival time
---------------------------------------------------------------------------------------------
                                             20.611597   slack (MET)


Startpoint: resetb_l (input port clocked by gpio_in[38])
Endpoint: _098_ (recovery check against rising-edge clock gpio_in[38])
Path Group: asynchronous
Path Type: max

Fanout         Cap        Slew       Delay        Time   Description
---------------------------------------------------------------------------------------------
                                  0.000000    0.000000   clock gpio_in[38] (rise edge)
                                  0.000000    0.000000   clock network delay (propagated)
                                  5.000000    5.000000 ^ input external delay
     2    0.009078    0.074849    0.047937    5.047937 ^ resetb_l (in)
                                                         resetb_l (net)
                      0.074851    0.000000    5.047937 ^ input2/A (sky130_fd_sc_hd__buf_8)
    11    0.139166    0.350016    0.351784    5.399720 ^ input2/X (sky130_fd_sc_hd__buf_8)
                                                         net2 (net)
                      0.350064    0.003746    5.403467 ^ fanout31/A (sky130_fd_sc_hd__clkbuf_16)
    33    0.195327    0.307621    0.500558    5.904025 ^ fanout31/X (sky130_fd_sc_hd__clkbuf_16)
                                                         net31 (net)
                      0.314516    0.035231    5.939256 ^ _098_/RESET_B (sky130_fd_sc_hd__dfrtp_1)
                                              5.939256   data arrival time

                                 25.000000   25.000000   clock gpio_in[38] (rise edge)
                                  0.000000   25.000000   clock source latency
     2    0.100561    0.726540    0.527194   25.527193 ^ gpio_in[38] (in)
                                                         gpio_in[38] (net)
                      0.731984    0.000000   25.527193 ^ clkbuf_0_gpio_in[38]/A (sky130_fd_sc_hd__clkbuf_16)
     5    0.068571    0.140223    0.544045   26.071238 ^ clkbuf_0_gpio_in[38]/X (sky130_fd_sc_hd__clkbuf_16)
                                                         clknet_0_gpio_in[38] (net)
                      0.140799    0.007690   26.078928 ^ clkbuf_1_0__f_gpio_in[38]/A (sky130_fd_sc_hd__clkbuf_16)
    25    0.085875    0.158273    0.320505   26.399433 ^ clkbuf_1_0__f_gpio_in[38]/X (sky130_fd_sc_hd__clkbuf_16)
                                                         clknet_1_0__leaf_gpio_in[38] (net)
                      0.164024    0.023272   26.422705 ^ _098_/CLK (sky130_fd_sc_hd__dfrtp_1)
                                 -0.250000   26.172705   clock uncertainty
                                  0.000000   26.172705   clock reconvergence pessimism
                                  0.403881   26.576588   library recovery time
                                             26.576588   data required time
---------------------------------------------------------------------------------------------
                                             26.576588   data required time
                                             -5.939256   data arrival time
---------------------------------------------------------------------------------------------
                                             20.637331   slack (MET)


Startpoint: resetb_l (input port clocked by gpio_in[38])
Endpoint: _097_ (recovery check against rising-edge clock gpio_in[38])
Path Group: asynchronous
Path Type: max

Fanout         Cap        Slew       Delay        Time   Description
---------------------------------------------------------------------------------------------
                                  0.000000    0.000000   clock gpio_in[38] (rise edge)
                                  0.000000    0.000000   clock network delay (propagated)
                                  5.000000    5.000000 ^ input external delay
     2    0.009078    0.074849    0.047937    5.047937 ^ resetb_l (in)
                                                         resetb_l (net)
                      0.074851    0.000000    5.047937 ^ input2/A (sky130_fd_sc_hd__buf_8)
    11    0.139166    0.350016    0.351784    5.399720 ^ input2/X (sky130_fd_sc_hd__buf_8)
                                                         net2 (net)
                      0.350064    0.003746    5.403467 ^ fanout31/A (sky130_fd_sc_hd__clkbuf_16)
    33    0.195327    0.307621    0.500558    5.904025 ^ fanout31/X (sky130_fd_sc_hd__clkbuf_16)
                                                         net31 (net)
                      0.314597    0.035421    5.939445 ^ _097_/RESET_B (sky130_fd_sc_hd__dfrtp_1)
                                              5.939445   data arrival time

                                 25.000000   25.000000   clock gpio_in[38] (rise edge)
                                  0.000000   25.000000   clock source latency
     2    0.100561    0.726540    0.527194   25.527193 ^ gpio_in[38] (in)
                                                         gpio_in[38] (net)
                      0.731984    0.000000   25.527193 ^ clkbuf_0_gpio_in[38]/A (sky130_fd_sc_hd__clkbuf_16)
     5    0.068571    0.140223    0.544045   26.071238 ^ clkbuf_0_gpio_in[38]/X (sky130_fd_sc_hd__clkbuf_16)
                                                         clknet_0_gpio_in[38] (net)
                      0.140799    0.007690   26.078928 ^ clkbuf_1_0__f_gpio_in[38]/A (sky130_fd_sc_hd__clkbuf_16)
    25    0.085875    0.158273    0.320505   26.399433 ^ clkbuf_1_0__f_gpio_in[38]/X (sky130_fd_sc_hd__clkbuf_16)
                                                         clknet_1_0__leaf_gpio_in[38] (net)
                      0.164465    0.024169   26.423601 ^ _097_/CLK (sky130_fd_sc_hd__dfrtp_1)
                                 -0.250000   26.173603   clock uncertainty
                                  0.000000   26.173603   clock reconvergence pessimism
                                  0.404000   26.577602   library recovery time
                                             26.577602   data required time
---------------------------------------------------------------------------------------------
                                             26.577602   data required time
                                             -5.939445   data arrival time
---------------------------------------------------------------------------------------------
                                             20.638159   slack (MET)


Startpoint: resetb_l (input port clocked by gpio_in[38])
Endpoint: _096_ (recovery check against rising-edge clock gpio_in[38])
Path Group: asynchronous
Path Type: max

Fanout         Cap        Slew       Delay        Time   Description
---------------------------------------------------------------------------------------------
                                  0.000000    0.000000   clock gpio_in[38] (rise edge)
                                  0.000000    0.000000   clock network delay (propagated)
                                  5.000000    5.000000 ^ input external delay
     2    0.009078    0.074849    0.047937    5.047937 ^ resetb_l (in)
                                                         resetb_l (net)
                      0.074851    0.000000    5.047937 ^ input2/A (sky130_fd_sc_hd__buf_8)
    11    0.139166    0.350016    0.351784    5.399720 ^ input2/X (sky130_fd_sc_hd__buf_8)
                                                         net2 (net)
                      0.350064    0.003746    5.403467 ^ fanout31/A (sky130_fd_sc_hd__clkbuf_16)
    33    0.195327    0.307621    0.500558    5.904025 ^ fanout31/X (sky130_fd_sc_hd__clkbuf_16)
                                                         net31 (net)
                      0.314539    0.035284    5.939309 ^ _096_/RESET_B (sky130_fd_sc_hd__dfrtp_1)
                                              5.939309   data arrival time

                                 25.000000   25.000000   clock gpio_in[38] (rise edge)
                                  0.000000   25.000000   clock source latency
     2    0.100561    0.726540    0.527194   25.527193 ^ gpio_in[38] (in)
                                                         gpio_in[38] (net)
                      0.731984    0.000000   25.527193 ^ clkbuf_0_gpio_in[38]/A (sky130_fd_sc_hd__clkbuf_16)
     5    0.068571    0.140223    0.544045   26.071238 ^ clkbuf_0_gpio_in[38]/X (sky130_fd_sc_hd__clkbuf_16)
                                                         clknet_0_gpio_in[38] (net)
                      0.140799    0.007690   26.078928 ^ clkbuf_1_0__f_gpio_in[38]/A (sky130_fd_sc_hd__clkbuf_16)
    25    0.085875    0.158273    0.320505   26.399433 ^ clkbuf_1_0__f_gpio_in[38]/X (sky130_fd_sc_hd__clkbuf_16)
                                                         clknet_1_0__leaf_gpio_in[38] (net)
                      0.164496    0.024231   26.423664 ^ _096_/CLK (sky130_fd_sc_hd__dfrtp_1)
                                 -0.250000   26.173664   clock uncertainty
                                  0.000000   26.173664   clock reconvergence pessimism
                                  0.404032   26.577698   library recovery time
                                             26.577698   data required time
---------------------------------------------------------------------------------------------
                                             26.577698   data required time
                                             -5.939309   data arrival time
---------------------------------------------------------------------------------------------
                                             20.638390   slack (MET)


Startpoint: resetb_l (input port clocked by gpio_in[38])
Endpoint: _088_ (recovery check against rising-edge clock gpio_in[38])
Path Group: asynchronous
Path Type: max

Fanout         Cap        Slew       Delay        Time   Description
---------------------------------------------------------------------------------------------
                                  0.000000    0.000000   clock gpio_in[38] (rise edge)
                                  0.000000    0.000000   clock network delay (propagated)
                                  5.000000    5.000000 ^ input external delay
     2    0.009078    0.074849    0.047937    5.047937 ^ resetb_l (in)
                                                         resetb_l (net)
                      0.074851    0.000000    5.047937 ^ input2/A (sky130_fd_sc_hd__buf_8)
    11    0.139166    0.350016    0.351784    5.399720 ^ input2/X (sky130_fd_sc_hd__buf_8)
                                                         net2 (net)
                      0.350064    0.003746    5.403467 ^ fanout31/A (sky130_fd_sc_hd__clkbuf_16)
    33    0.195327    0.307621    0.500558    5.904025 ^ fanout31/X (sky130_fd_sc_hd__clkbuf_16)
                                                         net31 (net)
                      0.311900    0.028403    5.932427 ^ _088_/RESET_B (sky130_fd_sc_hd__dfrtp_1)
                                              5.932427   data arrival time

                                 25.000000   25.000000   clock gpio_in[38] (rise edge)
                                  0.000000   25.000000   clock source latency
     2    0.100561    0.726540    0.527194   25.527193 ^ gpio_in[38] (in)
                                                         gpio_in[38] (net)
                      0.731984    0.000000   25.527193 ^ clkbuf_0_gpio_in[38]/A (sky130_fd_sc_hd__clkbuf_16)
     5    0.068571    0.140223    0.544045   26.071238 ^ clkbuf_0_gpio_in[38]/X (sky130_fd_sc_hd__clkbuf_16)
                                                         clknet_0_gpio_in[38] (net)
                      0.140799    0.007690   26.078928 ^ clkbuf_1_0__f_gpio_in[38]/A (sky130_fd_sc_hd__clkbuf_16)
    25    0.085875    0.158273    0.320505   26.399433 ^ clkbuf_1_0__f_gpio_in[38]/X (sky130_fd_sc_hd__clkbuf_16)
                                                         clknet_1_0__leaf_gpio_in[38] (net)
                      0.164925    0.025077   26.424509 ^ _088_/CLK (sky130_fd_sc_hd__dfrtp_1)
                                 -0.250000   26.174511   clock uncertainty
                                  0.000000   26.174511   clock reconvergence pessimism
                                  0.405149   26.579660   library recovery time
                                             26.579660   data required time
---------------------------------------------------------------------------------------------
                                             26.579660   data required time
                                             -5.932427   data arrival time
---------------------------------------------------------------------------------------------
                                             20.647232   slack (MET)


Startpoint: resetb_l (input port clocked by gpio_in[38])
Endpoint: _090_ (recovery check against rising-edge clock gpio_in[38])
Path Group: asynchronous
Path Type: max

Fanout         Cap        Slew       Delay        Time   Description
---------------------------------------------------------------------------------------------
                                  0.000000    0.000000   clock gpio_in[38] (rise edge)
                                  0.000000    0.000000   clock network delay (propagated)
                                  5.000000    5.000000 ^ input external delay
     2    0.009078    0.074849    0.047937    5.047937 ^ resetb_l (in)
                                                         resetb_l (net)
                      0.074851    0.000000    5.047937 ^ input2/A (sky130_fd_sc_hd__buf_8)
    11    0.139166    0.350016    0.351784    5.399720 ^ input2/X (sky130_fd_sc_hd__buf_8)
                                                         net2 (net)
                      0.350064    0.003746    5.403467 ^ fanout31/A (sky130_fd_sc_hd__clkbuf_16)
    33    0.195327    0.307621    0.500558    5.904025 ^ fanout31/X (sky130_fd_sc_hd__clkbuf_16)
                                                         net31 (net)
                      0.310283    0.023040    5.927064 ^ _090_/RESET_B (sky130_fd_sc_hd__dfrtp_1)
                                              5.927064   data arrival time

                                 25.000000   25.000000   clock gpio_in[38] (rise edge)
                                  0.000000   25.000000   clock source latency
     2    0.100561    0.726540    0.527194   25.527193 ^ gpio_in[38] (in)
                                                         gpio_in[38] (net)
                      0.731984    0.000000   25.527193 ^ clkbuf_0_gpio_in[38]/A (sky130_fd_sc_hd__clkbuf_16)
     5    0.068571    0.140223    0.544045   26.071238 ^ clkbuf_0_gpio_in[38]/X (sky130_fd_sc_hd__clkbuf_16)
                                                         clknet_0_gpio_in[38] (net)
                      0.140799    0.007690   26.078928 ^ clkbuf_1_0__f_gpio_in[38]/A (sky130_fd_sc_hd__clkbuf_16)
    25    0.085875    0.158273    0.320505   26.399433 ^ clkbuf_1_0__f_gpio_in[38]/X (sky130_fd_sc_hd__clkbuf_16)
                                                         clknet_1_0__leaf_gpio_in[38] (net)
                      0.165127    0.025466   26.424898 ^ _090_/CLK (sky130_fd_sc_hd__dfrtp_1)
                                 -0.250000   26.174900   clock uncertainty
                                  0.000000   26.174900   clock reconvergence pessimism
                                  0.405813   26.580711   library recovery time
                                             26.580711   data required time
---------------------------------------------------------------------------------------------
                                             26.580711   data required time
                                             -5.927064   data arrival time
---------------------------------------------------------------------------------------------
                                             20.653648   slack (MET)


Startpoint: resetb_l (input port clocked by gpio_in[38])
Endpoint: _089_ (recovery check against rising-edge clock gpio_in[38])
Path Group: asynchronous
Path Type: max

Fanout         Cap        Slew       Delay        Time   Description
---------------------------------------------------------------------------------------------
                                  0.000000    0.000000   clock gpio_in[38] (rise edge)
                                  0.000000    0.000000   clock network delay (propagated)
                                  5.000000    5.000000 ^ input external delay
     2    0.009078    0.074849    0.047937    5.047937 ^ resetb_l (in)
                                                         resetb_l (net)
                      0.074851    0.000000    5.047937 ^ input2/A (sky130_fd_sc_hd__buf_8)
    11    0.139166    0.350016    0.351784    5.399720 ^ input2/X (sky130_fd_sc_hd__buf_8)
                                                         net2 (net)
                      0.350064    0.003746    5.403467 ^ fanout31/A (sky130_fd_sc_hd__clkbuf_16)
    33    0.195327    0.307621    0.500558    5.904025 ^ fanout31/X (sky130_fd_sc_hd__clkbuf_16)
                                                         net31 (net)
                      0.309407    0.019347    5.923371 ^ _089_/RESET_B (sky130_fd_sc_hd__dfrtp_1)
                                              5.923371   data arrival time

                                 25.000000   25.000000   clock gpio_in[38] (rise edge)
                                  0.000000   25.000000   clock source latency
     2    0.100561    0.726540    0.527194   25.527193 ^ gpio_in[38] (in)
                                                         gpio_in[38] (net)
                      0.731984    0.000000   25.527193 ^ clkbuf_0_gpio_in[38]/A (sky130_fd_sc_hd__clkbuf_16)
     5    0.068571    0.140223    0.544045   26.071238 ^ clkbuf_0_gpio_in[38]/X (sky130_fd_sc_hd__clkbuf_16)
                                                         clknet_0_gpio_in[38] (net)
                      0.140799    0.007690   26.078928 ^ clkbuf_1_0__f_gpio_in[38]/A (sky130_fd_sc_hd__clkbuf_16)
    25    0.085875    0.158273    0.320505   26.399433 ^ clkbuf_1_0__f_gpio_in[38]/X (sky130_fd_sc_hd__clkbuf_16)
                                                         clknet_1_0__leaf_gpio_in[38] (net)
                      0.165629    0.026404   26.425837 ^ _089_/CLK (sky130_fd_sc_hd__dfrtp_1)
                                 -0.250000   26.175837   clock uncertainty
                                  0.000000   26.175837   clock reconvergence pessimism
                                  0.406306   26.582144   library recovery time
                                             26.582144   data required time
---------------------------------------------------------------------------------------------
                                             26.582144   data required time
                                             -5.923371   data arrival time
---------------------------------------------------------------------------------------------
                                             20.658772   slack (MET)


Startpoint: resetb_l (input port clocked by gpio_in[38])
Endpoint: _099_ (recovery check against rising-edge clock gpio_in[38])
Path Group: asynchronous
Path Type: max

Fanout         Cap        Slew       Delay        Time   Description
---------------------------------------------------------------------------------------------
                                  0.000000    0.000000   clock gpio_in[38] (rise edge)
                                  0.000000    0.000000   clock network delay (propagated)
                                  5.000000    5.000000 ^ input external delay
     2    0.009078    0.074849    0.047937    5.047937 ^ resetb_l (in)
                                                         resetb_l (net)
                      0.074851    0.000000    5.047937 ^ input2/A (sky130_fd_sc_hd__buf_8)
    11    0.139166    0.350016    0.351784    5.399720 ^ input2/X (sky130_fd_sc_hd__buf_8)
                                                         net2 (net)
                      0.350064    0.003746    5.403467 ^ fanout31/A (sky130_fd_sc_hd__clkbuf_16)
    33    0.195327    0.307621    0.500558    5.904025 ^ fanout31/X (sky130_fd_sc_hd__clkbuf_16)
                                                         net31 (net)
                      0.308318    0.012727    5.916752 ^ _099_/RESET_B (sky130_fd_sc_hd__dfrtp_1)
                                              5.916752   data arrival time

                                 25.000000   25.000000   clock gpio_in[38] (rise edge)
                                  0.000000   25.000000   clock source latency
     2    0.100561    0.726540    0.527194   25.527193 ^ gpio_in[38] (in)
                                                         gpio_in[38] (net)
                      0.731984    0.000000   25.527193 ^ clkbuf_0_gpio_in[38]/A (sky130_fd_sc_hd__clkbuf_16)
     5    0.068571    0.140223    0.544045   26.071238 ^ clkbuf_0_gpio_in[38]/X (sky130_fd_sc_hd__clkbuf_16)
                                                         clknet_0_gpio_in[38] (net)
                      0.140799    0.007690   26.078928 ^ clkbuf_1_0__f_gpio_in[38]/A (sky130_fd_sc_hd__clkbuf_16)
    25    0.085875    0.158273    0.320505   26.399433 ^ clkbuf_1_0__f_gpio_in[38]/X (sky130_fd_sc_hd__clkbuf_16)
                                                         clknet_1_0__leaf_gpio_in[38] (net)
                      0.165919    0.026937   26.426369 ^ _099_/CLK (sky130_fd_sc_hd__dfrtp_1)
                                 -0.250000   26.176371   clock uncertainty
                                  0.000000   26.176371   clock reconvergence pessimism
                                  0.406805   26.583176   library recovery time
                                             26.583176   data required time
---------------------------------------------------------------------------------------------
                                             26.583176   data required time
                                             -5.916752   data arrival time
---------------------------------------------------------------------------------------------
                                             20.666424   slack (MET)


Startpoint: resetb_l (input port clocked by gpio_in[38])
Endpoint: _100_ (recovery check against rising-edge clock gpio_in[38])
Path Group: asynchronous
Path Type: max

Fanout         Cap        Slew       Delay        Time   Description
---------------------------------------------------------------------------------------------
                                  0.000000    0.000000   clock gpio_in[38] (rise edge)
                                  0.000000    0.000000   clock network delay (propagated)
                                  5.000000    5.000000 ^ input external delay
     2    0.009078    0.074849    0.047937    5.047937 ^ resetb_l (in)
                                                         resetb_l (net)
                      0.074851    0.000000    5.047937 ^ input2/A (sky130_fd_sc_hd__buf_8)
    11    0.139166    0.350016    0.351784    5.399720 ^ input2/X (sky130_fd_sc_hd__buf_8)
                                                         net2 (net)
                      0.350064    0.003746    5.403467 ^ fanout31/A (sky130_fd_sc_hd__clkbuf_16)
    33    0.195327    0.307621    0.500558    5.904025 ^ fanout31/X (sky130_fd_sc_hd__clkbuf_16)
                                                         net31 (net)
                      0.308178    0.011483    5.915508 ^ _100_/RESET_B (sky130_fd_sc_hd__dfrtp_1)
                                              5.915508   data arrival time

                                 25.000000   25.000000   clock gpio_in[38] (rise edge)
                                  0.000000   25.000000   clock source latency
     2    0.100561    0.726540    0.527194   25.527193 ^ gpio_in[38] (in)
                                                         gpio_in[38] (net)
                      0.731984    0.000000   25.527193 ^ clkbuf_0_gpio_in[38]/A (sky130_fd_sc_hd__clkbuf_16)
     5    0.068571    0.140223    0.544045   26.071238 ^ clkbuf_0_gpio_in[38]/X (sky130_fd_sc_hd__clkbuf_16)
                                                         clknet_0_gpio_in[38] (net)
                      0.140799    0.007690   26.078928 ^ clkbuf_1_0__f_gpio_in[38]/A (sky130_fd_sc_hd__clkbuf_16)
    25    0.085875    0.158273    0.320505   26.399433 ^ clkbuf_1_0__f_gpio_in[38]/X (sky130_fd_sc_hd__clkbuf_16)
                                                         clknet_1_0__leaf_gpio_in[38] (net)
                      0.166120    0.027301   26.426733 ^ _100_/CLK (sky130_fd_sc_hd__dfrtp_1)
                                 -0.250000   26.176735   clock uncertainty
                                  0.000000   26.176735   clock reconvergence pessimism
                                  0.406924   26.583658   library recovery time
                                             26.583658   data required time
---------------------------------------------------------------------------------------------
                                             26.583658   data required time
                                             -5.915508   data arrival time
---------------------------------------------------------------------------------------------
                                             20.668150   slack (MET)


Startpoint: resetb_l (input port clocked by gpio_in[38])
Endpoint: _102_ (recovery check against rising-edge clock gpio_in[38])
Path Group: asynchronous
Path Type: max

Fanout         Cap        Slew       Delay        Time   Description
---------------------------------------------------------------------------------------------
                                  0.000000    0.000000   clock gpio_in[38] (rise edge)
                                  0.000000    0.000000   clock network delay (propagated)
                                  5.000000    5.000000 ^ input external delay
     2    0.009078    0.074849    0.047937    5.047937 ^ resetb_l (in)
                                                         resetb_l (net)
                      0.074851    0.000000    5.047937 ^ input2/A (sky130_fd_sc_hd__buf_8)
    11    0.139166    0.350016    0.351784    5.399720 ^ input2/X (sky130_fd_sc_hd__buf_8)
                                                         net2 (net)
                      0.350064    0.003746    5.403467 ^ fanout31/A (sky130_fd_sc_hd__clkbuf_16)
    33    0.195327    0.307621    0.500558    5.904025 ^ fanout31/X (sky130_fd_sc_hd__clkbuf_16)
                                                         net31 (net)
                      0.307919    0.008533    5.912558 ^ _102_/RESET_B (sky130_fd_sc_hd__dfrtp_1)
                                              5.912558   data arrival time

                                 25.000000   25.000000   clock gpio_in[38] (rise edge)
                                  0.000000   25.000000   clock source latency
     2    0.100561    0.726540    0.527194   25.527193 ^ gpio_in[38] (in)
                                                         gpio_in[38] (net)
                      0.731984    0.000000   25.527193 ^ clkbuf_0_gpio_in[38]/A (sky130_fd_sc_hd__clkbuf_16)
     5    0.068571    0.140223    0.544045   26.071238 ^ clkbuf_0_gpio_in[38]/X (sky130_fd_sc_hd__clkbuf_16)
                                                         clknet_0_gpio_in[38] (net)
                      0.140799    0.007690   26.078928 ^ clkbuf_1_0__f_gpio_in[38]/A (sky130_fd_sc_hd__clkbuf_16)
    25    0.085875    0.158273    0.320505   26.399433 ^ clkbuf_1_0__f_gpio_in[38]/X (sky130_fd_sc_hd__clkbuf_16)
                                                         clknet_1_0__leaf_gpio_in[38] (net)
                      0.165959    0.027011   26.426443 ^ _102_/CLK (sky130_fd_sc_hd__dfrtp_1)
                                 -0.250000   26.176445   clock uncertainty
                                  0.000000   26.176445   clock reconvergence pessimism
                                  0.406965   26.583410   library recovery time
                                             26.583410   data required time
---------------------------------------------------------------------------------------------
                                             26.583410   data required time
                                             -5.912558   data arrival time
---------------------------------------------------------------------------------------------
                                             20.670853   slack (MET)


Startpoint: resetb_l (input port clocked by gpio_in[38])
Endpoint: _101_ (recovery check against rising-edge clock gpio_in[38])
Path Group: asynchronous
Path Type: max

Fanout         Cap        Slew       Delay        Time   Description
---------------------------------------------------------------------------------------------
                                  0.000000    0.000000   clock gpio_in[38] (rise edge)
                                  0.000000    0.000000   clock network delay (propagated)
                                  5.000000    5.000000 ^ input external delay
     2    0.009078    0.074849    0.047937    5.047937 ^ resetb_l (in)
                                                         resetb_l (net)
                      0.074851    0.000000    5.047937 ^ input2/A (sky130_fd_sc_hd__buf_8)
    11    0.139166    0.350016    0.351784    5.399720 ^ input2/X (sky130_fd_sc_hd__buf_8)
                                                         net2 (net)
                      0.350064    0.003746    5.403467 ^ fanout31/A (sky130_fd_sc_hd__clkbuf_16)
    33    0.195327    0.307621    0.500558    5.904025 ^ fanout31/X (sky130_fd_sc_hd__clkbuf_16)
                                                         net31 (net)
                      0.307888    0.008087    5.912112 ^ _101_/RESET_B (sky130_fd_sc_hd__dfrtp_1)
                                              5.912112   data arrival time

                                 25.000000   25.000000   clock gpio_in[38] (rise edge)
                                  0.000000   25.000000   clock source latency
     2    0.100561    0.726540    0.527194   25.527193 ^ gpio_in[38] (in)
                                                         gpio_in[38] (net)
                      0.731984    0.000000   25.527193 ^ clkbuf_0_gpio_in[38]/A (sky130_fd_sc_hd__clkbuf_16)
     5    0.068571    0.140223    0.544045   26.071238 ^ clkbuf_0_gpio_in[38]/X (sky130_fd_sc_hd__clkbuf_16)
                                                         clknet_0_gpio_in[38] (net)
                      0.140799    0.007690   26.078928 ^ clkbuf_1_0__f_gpio_in[38]/A (sky130_fd_sc_hd__clkbuf_16)
    25    0.085875    0.158273    0.320505   26.399433 ^ clkbuf_1_0__f_gpio_in[38]/X (sky130_fd_sc_hd__clkbuf_16)
                                                         clknet_1_0__leaf_gpio_in[38] (net)
                      0.166049    0.027175   26.426607 ^ _101_/CLK (sky130_fd_sc_hd__dfrtp_1)
                                 -0.250000   26.176609   clock uncertainty
                                  0.000000   26.176609   clock reconvergence pessimism
                                  0.407007   26.583616   library recovery time
                                             26.583616   data required time
---------------------------------------------------------------------------------------------
                                             26.583616   data required time
                                             -5.912112   data arrival time
---------------------------------------------------------------------------------------------
                                             20.671505   slack (MET)


Startpoint: _087_ (rising edge-triggered flip-flop clocked by gpio_in[38])
Endpoint: _089_ (rising edge-triggered flip-flop clocked by gpio_in[38])
Path Group: gpio_in[38]
Path Type: max

Fanout         Cap        Slew       Delay        Time   Description
---------------------------------------------------------------------------------------------
                                  0.000000    0.000000   clock gpio_in[38] (rise edge)
                                  0.000000    0.000000   clock source latency
     2    0.100561    0.726540    0.527194    0.527194 ^ gpio_in[38] (in)
                                                         gpio_in[38] (net)
                      0.731984    0.000000    0.527194 ^ clkbuf_0_gpio_in[38]/A (sky130_fd_sc_hd__clkbuf_16)
     5    0.068571    0.140223    0.544045    1.071239 ^ clkbuf_0_gpio_in[38]/X (sky130_fd_sc_hd__clkbuf_16)
                                                         clknet_0_gpio_in[38] (net)
                      0.140799    0.007691    1.078930 ^ clkbuf_1_0__f_gpio_in[38]/A (sky130_fd_sc_hd__clkbuf_16)
    25    0.085875    0.158273    0.320503    1.399433 ^ clkbuf_1_0__f_gpio_in[38]/X (sky130_fd_sc_hd__clkbuf_16)
                                                         clknet_1_0__leaf_gpio_in[38] (net)
                      0.164597    0.024433    1.423866 ^ _087_/CLK (sky130_fd_sc_hd__dfrtp_2)
     3    0.009250    0.105037    0.884242    2.308108 v _087_/Q (sky130_fd_sc_hd__dfrtp_2)
                                                         gpio_18_21_bidir[18].cfg.gpio_out_val (net)
                      0.105037    0.000455    2.308563 v hold3/A (sky130_fd_sc_hd__dlygate4sd3_1)
     5    0.019894    0.254204    1.319011    3.627574 v hold3/X (sky130_fd_sc_hd__dlygate4sd3_1)
                                                         net578 (net)
                      0.254204    0.000963    3.628537 v _045_/A (sky130_fd_sc_hd__nand2_1)
     2    0.008673    0.154604    0.232011    3.860548 ^ _045_/Y (sky130_fd_sc_hd__nand2_1)
                                                         _020_ (net)
                      0.154604    0.000322    3.860870 ^ _048_/B (sky130_fd_sc_hd__xnor2_1)
     1    0.002431    0.088732    0.143594    4.004464 v _048_/Y (sky130_fd_sc_hd__xnor2_1)
                                                         _012_ (net)
                      0.088732    0.000098    4.004562 v hold24/A (sky130_fd_sc_hd__dlygate4sd3_1)
     1    0.002768    0.105247    1.131388    5.135950 v hold24/X (sky130_fd_sc_hd__dlygate4sd3_1)
                                                         net599 (net)
                      0.105247    0.000184    5.136134 v _089_/D (sky130_fd_sc_hd__dfrtp_1)
                                              5.136134   data arrival time

                                 25.000000   25.000000   clock gpio_in[38] (rise edge)
                                  0.000000   25.000000   clock source latency
     2    0.100561    0.726540    0.527194   25.527193 ^ gpio_in[38] (in)
                                                         gpio_in[38] (net)
                      0.731984    0.000000   25.527193 ^ clkbuf_0_gpio_in[38]/A (sky130_fd_sc_hd__clkbuf_16)
     5    0.068571    0.140223    0.544045   26.071238 ^ clkbuf_0_gpio_in[38]/X (sky130_fd_sc_hd__clkbuf_16)
                                                         clknet_0_gpio_in[38] (net)
                      0.140799    0.007690   26.078928 ^ clkbuf_1_0__f_gpio_in[38]/A (sky130_fd_sc_hd__clkbuf_16)
    25    0.085875    0.158273    0.320505   26.399433 ^ clkbuf_1_0__f_gpio_in[38]/X (sky130_fd_sc_hd__clkbuf_16)
                                                         clknet_1_0__leaf_gpio_in[38] (net)
                      0.165629    0.026404   26.425837 ^ _089_/CLK (sky130_fd_sc_hd__dfrtp_1)
                                 -0.250000   26.175837   clock uncertainty
                                  0.000000   26.175837   clock reconvergence pessimism
                                 -0.265754   25.910084   library setup time
                                             25.910084   data required time
---------------------------------------------------------------------------------------------
                                             25.910084   data required time
                                             -5.136134   data arrival time
---------------------------------------------------------------------------------------------
                                             20.773951   slack (MET)


Startpoint: resetb_l (input port clocked by gpio_in[38])
Endpoint: _106_ (recovery check against rising-edge clock gpio_in[38])
Path Group: asynchronous
Path Type: max

Fanout         Cap        Slew       Delay        Time   Description
---------------------------------------------------------------------------------------------
                                  0.000000    0.000000   clock gpio_in[38] (rise edge)
                                  0.000000    0.000000   clock network delay (propagated)
                                  5.000000    5.000000 ^ input external delay
     2    0.009078    0.074849    0.047937    5.047937 ^ resetb_l (in)
                                                         resetb_l (net)
                      0.074851    0.000000    5.047937 ^ input2/A (sky130_fd_sc_hd__buf_8)
    11    0.139166    0.350016    0.351784    5.399720 ^ input2/X (sky130_fd_sc_hd__buf_8)
                                                         net2 (net)
                      0.382751    0.081775    5.481495 ^ _106_/RESET_B (sky130_fd_sc_hd__dfrtp_1)
                                              5.481495   data arrival time

                                 25.000000   25.000000   clock gpio_in[38] (rise edge)
                                  0.000000   25.000000   clock source latency
     2    0.100561    0.726540    0.527194   25.527193 ^ gpio_in[38] (in)
                                                         gpio_in[38] (net)
                      0.731984    0.000000   25.527193 ^ clkbuf_0_gpio_in[38]/A (sky130_fd_sc_hd__clkbuf_16)
     5    0.068571    0.140223    0.544045   26.071238 ^ clkbuf_0_gpio_in[38]/X (sky130_fd_sc_hd__clkbuf_16)
                                                         clknet_0_gpio_in[38] (net)
                      0.140770    0.007512   26.078751 ^ clkbuf_1_1__f_gpio_in[38]/A (sky130_fd_sc_hd__clkbuf_16)
    19    0.073023    0.139259    0.312458   26.391209 ^ clkbuf_1_1__f_gpio_in[38]/X (sky130_fd_sc_hd__clkbuf_16)
                                                         clknet_1_1__leaf_gpio_in[38] (net)
                      0.142287    0.015890   26.407097 ^ _106_/CLK (sky130_fd_sc_hd__dfrtp_1)
                                 -0.250000   26.157099   clock uncertainty
                                  0.000000   26.157099   clock reconvergence pessimism
                                  0.371357   26.528456   library recovery time
                                             26.528456   data required time
---------------------------------------------------------------------------------------------
                                             26.528456   data required time
                                             -5.481495   data arrival time
---------------------------------------------------------------------------------------------
                                             21.046959   slack (MET)


Startpoint: resetb_l (input port clocked by gpio_in[38])
Endpoint: _104_ (recovery check against rising-edge clock gpio_in[38])
Path Group: asynchronous
Path Type: max

Fanout         Cap        Slew       Delay        Time   Description
---------------------------------------------------------------------------------------------
                                  0.000000    0.000000   clock gpio_in[38] (rise edge)
                                  0.000000    0.000000   clock network delay (propagated)
                                  5.000000    5.000000 ^ input external delay
     2    0.009078    0.074849    0.047937    5.047937 ^ resetb_l (in)
                                                         resetb_l (net)
                      0.074851    0.000000    5.047937 ^ input2/A (sky130_fd_sc_hd__buf_8)
    11    0.139166    0.350016    0.351784    5.399720 ^ input2/X (sky130_fd_sc_hd__buf_8)
                                                         net2 (net)
                      0.382728    0.081746    5.481466 ^ _104_/RESET_B (sky130_fd_sc_hd__dfrtp_1)
                                              5.481466   data arrival time

                                 25.000000   25.000000   clock gpio_in[38] (rise edge)
                                  0.000000   25.000000   clock source latency
     2    0.100561    0.726540    0.527194   25.527193 ^ gpio_in[38] (in)
                                                         gpio_in[38] (net)
                      0.731984    0.000000   25.527193 ^ clkbuf_0_gpio_in[38]/A (sky130_fd_sc_hd__clkbuf_16)
     5    0.068571    0.140223    0.544045   26.071238 ^ clkbuf_0_gpio_in[38]/X (sky130_fd_sc_hd__clkbuf_16)
                                                         clknet_0_gpio_in[38] (net)
                      0.140770    0.007512   26.078751 ^ clkbuf_1_1__f_gpio_in[38]/A (sky130_fd_sc_hd__clkbuf_16)
    19    0.073023    0.139259    0.312458   26.391209 ^ clkbuf_1_1__f_gpio_in[38]/X (sky130_fd_sc_hd__clkbuf_16)
                                                         clknet_1_1__leaf_gpio_in[38] (net)
                      0.142282    0.015875   26.407084 ^ _104_/CLK (sky130_fd_sc_hd__dfrtp_1)
                                 -0.250000   26.157084   clock uncertainty
                                  0.000000   26.157084   clock reconvergence pessimism
                                  0.371363   26.528448   library recovery time
                                             26.528448   data required time
---------------------------------------------------------------------------------------------
                                             26.528448   data required time
                                             -5.481466   data arrival time
---------------------------------------------------------------------------------------------
                                             21.046982   slack (MET)


Startpoint: resetb_l (input port clocked by gpio_in[38])
Endpoint: _103_ (recovery check against rising-edge clock gpio_in[38])
Path Group: asynchronous
Path Type: max

Fanout         Cap        Slew       Delay        Time   Description
---------------------------------------------------------------------------------------------
                                  0.000000    0.000000   clock gpio_in[38] (rise edge)
                                  0.000000    0.000000   clock network delay (propagated)
                                  5.000000    5.000000 ^ input external delay
     2    0.009078    0.074849    0.047937    5.047937 ^ resetb_l (in)
                                                         resetb_l (net)
                      0.074851    0.000000    5.047937 ^ input2/A (sky130_fd_sc_hd__buf_8)
    11    0.139166    0.350016    0.351784    5.399720 ^ input2/X (sky130_fd_sc_hd__buf_8)
                                                         net2 (net)
                      0.382673    0.081675    5.481396 ^ _103_/RESET_B (sky130_fd_sc_hd__dfrtp_1)
                                              5.481396   data arrival time

                                 25.000000   25.000000   clock gpio_in[38] (rise edge)
                                  0.000000   25.000000   clock source latency
     2    0.100561    0.726540    0.527194   25.527193 ^ gpio_in[38] (in)
                                                         gpio_in[38] (net)
                      0.731984    0.000000   25.527193 ^ clkbuf_0_gpio_in[38]/A (sky130_fd_sc_hd__clkbuf_16)
     5    0.068571    0.140223    0.544045   26.071238 ^ clkbuf_0_gpio_in[38]/X (sky130_fd_sc_hd__clkbuf_16)
                                                         clknet_0_gpio_in[38] (net)
                      0.140770    0.007512   26.078751 ^ clkbuf_1_1__f_gpio_in[38]/A (sky130_fd_sc_hd__clkbuf_16)
    19    0.073023    0.139259    0.312458   26.391209 ^ clkbuf_1_1__f_gpio_in[38]/X (sky130_fd_sc_hd__clkbuf_16)
                                                         clknet_1_1__leaf_gpio_in[38] (net)
                      0.142276    0.015858   26.407066 ^ _103_/CLK (sky130_fd_sc_hd__dfrtp_1)
                                 -0.250000   26.157066   clock uncertainty
                                  0.000000   26.157066   clock reconvergence pessimism
                                  0.371382   26.528448   library recovery time
                                             26.528448   data required time
---------------------------------------------------------------------------------------------
                                             26.528448   data required time
                                             -5.481396   data arrival time
---------------------------------------------------------------------------------------------
                                             21.047052   slack (MET)


Startpoint: resetb_l (input port clocked by gpio_in[38])
Endpoint: _105_ (recovery check against rising-edge clock gpio_in[38])
Path Group: asynchronous
Path Type: max

Fanout         Cap        Slew       Delay        Time   Description
---------------------------------------------------------------------------------------------
                                  0.000000    0.000000   clock gpio_in[38] (rise edge)
                                  0.000000    0.000000   clock network delay (propagated)
                                  5.000000    5.000000 ^ input external delay
     2    0.009078    0.074849    0.047937    5.047937 ^ resetb_l (in)
                                                         resetb_l (net)
                      0.074851    0.000000    5.047937 ^ input2/A (sky130_fd_sc_hd__buf_8)
    11    0.139166    0.350016    0.351784    5.399720 ^ input2/X (sky130_fd_sc_hd__buf_8)
                                                         net2 (net)
                      0.382432    0.081367    5.481088 ^ _105_/RESET_B (sky130_fd_sc_hd__dfrtp_1)
                                              5.481088   data arrival time

                                 25.000000   25.000000   clock gpio_in[38] (rise edge)
                                  0.000000   25.000000   clock source latency
     2    0.100561    0.726540    0.527194   25.527193 ^ gpio_in[38] (in)
                                                         gpio_in[38] (net)
                      0.731984    0.000000   25.527193 ^ clkbuf_0_gpio_in[38]/A (sky130_fd_sc_hd__clkbuf_16)
     5    0.068571    0.140223    0.544045   26.071238 ^ clkbuf_0_gpio_in[38]/X (sky130_fd_sc_hd__clkbuf_16)
                                                         clknet_0_gpio_in[38] (net)
                      0.140770    0.007512   26.078751 ^ clkbuf_1_1__f_gpio_in[38]/A (sky130_fd_sc_hd__clkbuf_16)
    19    0.073023    0.139259    0.312458   26.391209 ^ clkbuf_1_1__f_gpio_in[38]/X (sky130_fd_sc_hd__clkbuf_16)
                                                         clknet_1_1__leaf_gpio_in[38] (net)
                      0.142289    0.015893   26.407101 ^ _105_/CLK (sky130_fd_sc_hd__dfrtp_1)
                                 -0.250000   26.157103   clock uncertainty
                                  0.000000   26.157103   clock reconvergence pessimism
                                  0.371475   26.528578   library recovery time
                                             26.528578   data required time
---------------------------------------------------------------------------------------------
                                             26.528578   data required time
                                             -5.481088   data arrival time
---------------------------------------------------------------------------------------------
                                             21.047489   slack (MET)


Startpoint: _087_ (rising edge-triggered flip-flop clocked by gpio_in[38])
Endpoint: _088_ (rising edge-triggered flip-flop clocked by gpio_in[38])
Path Group: gpio_in[38]
Path Type: max

Fanout         Cap        Slew       Delay        Time   Description
---------------------------------------------------------------------------------------------
                                  0.000000    0.000000   clock gpio_in[38] (rise edge)
                                  0.000000    0.000000   clock source latency
     2    0.100561    0.726540    0.527194    0.527194 ^ gpio_in[38] (in)
                                                         gpio_in[38] (net)
                      0.731984    0.000000    0.527194 ^ clkbuf_0_gpio_in[38]/A (sky130_fd_sc_hd__clkbuf_16)
     5    0.068571    0.140223    0.544045    1.071239 ^ clkbuf_0_gpio_in[38]/X (sky130_fd_sc_hd__clkbuf_16)
                                                         clknet_0_gpio_in[38] (net)
                      0.140799    0.007691    1.078930 ^ clkbuf_1_0__f_gpio_in[38]/A (sky130_fd_sc_hd__clkbuf_16)
    25    0.085875    0.158273    0.320503    1.399433 ^ clkbuf_1_0__f_gpio_in[38]/X (sky130_fd_sc_hd__clkbuf_16)
                                                         clknet_1_0__leaf_gpio_in[38] (net)
                      0.164597    0.024433    1.423866 ^ _087_/CLK (sky130_fd_sc_hd__dfrtp_2)
     3    0.009250    0.105037    0.884242    2.308108 v _087_/Q (sky130_fd_sc_hd__dfrtp_2)
                                                         gpio_18_21_bidir[18].cfg.gpio_out_val (net)
                      0.105037    0.000455    2.308563 v hold3/A (sky130_fd_sc_hd__dlygate4sd3_1)
     5    0.019894    0.254204    1.319011    3.627574 v hold3/X (sky130_fd_sc_hd__dlygate4sd3_1)
                                                         net578 (net)
                      0.254205    0.001185    3.628759 v _046_/A (sky130_fd_sc_hd__or2_1)
     1    0.004546    0.114912    0.594397    4.223156 v _046_/X (sky130_fd_sc_hd__or2_1)
                                                         _021_ (net)
                      0.114912    0.000294    4.223451 v _047_/B (sky130_fd_sc_hd__and2_1)
     1    0.002633    0.066770    0.332816    4.556267 v _047_/X (sky130_fd_sc_hd__and2_1)
                                                         _011_ (net)
                      0.066770    0.000171    4.556438 v _088_/D (sky130_fd_sc_hd__dfrtp_1)
                                              4.556438   data arrival time

                                 25.000000   25.000000   clock gpio_in[38] (rise edge)
                                  0.000000   25.000000   clock source latency
     2    0.100561    0.726540    0.527194   25.527193 ^ gpio_in[38] (in)
                                                         gpio_in[38] (net)
                      0.731984    0.000000   25.527193 ^ clkbuf_0_gpio_in[38]/A (sky130_fd_sc_hd__clkbuf_16)
     5    0.068571    0.140223    0.544045   26.071238 ^ clkbuf_0_gpio_in[38]/X (sky130_fd_sc_hd__clkbuf_16)
                                                         clknet_0_gpio_in[38] (net)
                      0.140799    0.007690   26.078928 ^ clkbuf_1_0__f_gpio_in[38]/A (sky130_fd_sc_hd__clkbuf_16)
    25    0.085875    0.158273    0.320505   26.399433 ^ clkbuf_1_0__f_gpio_in[38]/X (sky130_fd_sc_hd__clkbuf_16)
                                                         clknet_1_0__leaf_gpio_in[38] (net)
                      0.164925    0.025077   26.424509 ^ _088_/CLK (sky130_fd_sc_hd__dfrtp_1)
                                 -0.250000   26.174511   clock uncertainty
                                  0.000000   26.174511   clock reconvergence pessimism
                                 -0.249922   25.924587   library setup time
                                             25.924587   data required time
---------------------------------------------------------------------------------------------
                                             25.924587   data required time
                                             -4.556438   data arrival time
---------------------------------------------------------------------------------------------
                                             21.368149   slack (MET)


Startpoint: _087_ (rising edge-triggered flip-flop clocked by gpio_in[38])
Endpoint: _087_ (rising edge-triggered flip-flop clocked by gpio_in[38])
Path Group: gpio_in[38]
Path Type: max

Fanout         Cap        Slew       Delay        Time   Description
---------------------------------------------------------------------------------------------
                                  0.000000    0.000000   clock gpio_in[38] (rise edge)
                                  0.000000    0.000000   clock source latency
     2    0.100561    0.726540    0.527194    0.527194 ^ gpio_in[38] (in)
                                                         gpio_in[38] (net)
                      0.731984    0.000000    0.527194 ^ clkbuf_0_gpio_in[38]/A (sky130_fd_sc_hd__clkbuf_16)
     5    0.068571    0.140223    0.544045    1.071239 ^ clkbuf_0_gpio_in[38]/X (sky130_fd_sc_hd__clkbuf_16)
                                                         clknet_0_gpio_in[38] (net)
                      0.140799    0.007691    1.078930 ^ clkbuf_1_0__f_gpio_in[38]/A (sky130_fd_sc_hd__clkbuf_16)
    25    0.085875    0.158273    0.320503    1.399433 ^ clkbuf_1_0__f_gpio_in[38]/X (sky130_fd_sc_hd__clkbuf_16)
                                                         clknet_1_0__leaf_gpio_in[38] (net)
                      0.164597    0.024433    1.423866 ^ _087_/CLK (sky130_fd_sc_hd__dfrtp_2)
     3    0.009250    0.105037    0.884242    2.308108 v _087_/Q (sky130_fd_sc_hd__dfrtp_2)
                                                         gpio_18_21_bidir[18].cfg.gpio_out_val (net)
                      0.105037    0.000455    2.308563 v hold3/A (sky130_fd_sc_hd__dlygate4sd3_1)
     5    0.019894    0.254204    1.319011    3.627574 v hold3/X (sky130_fd_sc_hd__dlygate4sd3_1)
                                                         net578 (net)
                      0.254207    0.001419    3.628992 v _043_/A (sky130_fd_sc_hd__inv_2)
     1    0.002386    0.068031    0.121542    3.750534 ^ _043_/Y (sky130_fd_sc_hd__inv_2)
                                                         _000_ (net)
                      0.068031    0.000161    3.750695 ^ _087_/D (sky130_fd_sc_hd__dfrtp_2)
                                              3.750695   data arrival time

                                 25.000000   25.000000   clock gpio_in[38] (rise edge)
                                  0.000000   25.000000   clock source latency
     2    0.100561    0.726540    0.527194   25.527193 ^ gpio_in[38] (in)
                                                         gpio_in[38] (net)
                      0.731984    0.000000   25.527193 ^ clkbuf_0_gpio_in[38]/A (sky130_fd_sc_hd__clkbuf_16)
     5    0.068571    0.140223    0.544045   26.071238 ^ clkbuf_0_gpio_in[38]/X (sky130_fd_sc_hd__clkbuf_16)
                                                         clknet_0_gpio_in[38] (net)
                      0.140799    0.007690   26.078928 ^ clkbuf_1_0__f_gpio_in[38]/A (sky130_fd_sc_hd__clkbuf_16)
    25    0.085875    0.158273    0.320505   26.399433 ^ clkbuf_1_0__f_gpio_in[38]/X (sky130_fd_sc_hd__clkbuf_16)
                                                         clknet_1_0__leaf_gpio_in[38] (net)
                      0.164597    0.024432   26.423864 ^ _087_/CLK (sky130_fd_sc_hd__dfrtp_2)
                                 -0.250000   26.173866   clock uncertainty
                                  0.000000   26.173866   clock reconvergence pessimism
                                 -0.121195   26.052670   library setup time
                                             26.052670   data required time
---------------------------------------------------------------------------------------------
                                             26.052670   data required time
                                             -3.750695   data arrival time
---------------------------------------------------------------------------------------------
                                             22.301973   slack (MET)



