
===========================================================================
report_checks -path_delay max (Setup)
============================================================================
======================= min_ss_100C_1v60 Corner ===================================

Startpoint: gpio_in[0] (input port clocked by gpio_in[38])
Endpoint: gpio_oeb[21] (output port clocked by gpio_in[38])
Path Group: gpio_in[38]
Path Type: max

Fanout         Cap        Slew       Delay        Time   Description
---------------------------------------------------------------------------------------------
                                  0.000000    0.000000   clock gpio_in[38] (rise edge)
                                  0.000000    0.000000   clock network delay (propagated)
                                  5.000000    5.000000 v input external delay
     2    0.003960    0.022975    0.012857    5.012857 v gpio_in[0] (in)
                                                         gpio_in[0] (net)
                      0.022975    0.000000    5.012857 v input1/A (sky130_fd_sc_hd__clkbuf_4)
     3    0.044486    0.171850    0.325703    5.338560 v input1/X (sky130_fd_sc_hd__clkbuf_4)
                                                         net1 (net)
                      0.172373    0.007679    5.346239 v _044_/A (sky130_fd_sc_hd__inv_2)
     9    0.044792    0.329018    0.322627    5.668867 ^ _044_/Y (sky130_fd_sc_hd__inv_2)
                                                         bidir_oeb (net)
                      0.329242    0.007109    5.675975 ^ _654_/A (sky130_fd_sc_hd__clkbuf_1)
     1    0.005545    0.122198    0.279885    5.955860 ^ _654_/X (sky130_fd_sc_hd__clkbuf_1)
                                                         net6 (net)
                      0.122198    0.000120    5.955979 ^ output6/A (sky130_fd_sc_hd__buf_2)
     1    0.034319    0.272550    0.368375    6.324355 ^ output6/X (sky130_fd_sc_hd__buf_2)
                                                         gpio_oeb[21] (net)
                      0.272550    0.000357    6.324711 ^ gpio_oeb[21] (out)
                                              6.324711   data arrival time

                                 25.000000   25.000000   clock gpio_in[38] (rise edge)
                                  0.000000   25.000000   clock network delay (propagated)
                                 -0.250000   24.750000   clock uncertainty
                                  0.000000   24.750000   clock reconvergence pessimism
                                 -5.000000   19.750000   output external delay
                                             19.750000   data required time
---------------------------------------------------------------------------------------------
                                             19.750000   data required time
                                             -6.324711   data arrival time
---------------------------------------------------------------------------------------------
                                             13.425288   slack (MET)


Startpoint: gpio_in[0] (input port clocked by gpio_in[38])
Endpoint: gpio_oeb[18] (output port clocked by gpio_in[38])
Path Group: gpio_in[38]
Path Type: max

Fanout         Cap        Slew       Delay        Time   Description
---------------------------------------------------------------------------------------------
                                  0.000000    0.000000   clock gpio_in[38] (rise edge)
                                  0.000000    0.000000   clock network delay (propagated)
                                  5.000000    5.000000 v input external delay
     2    0.003960    0.022975    0.012857    5.012857 v gpio_in[0] (in)
                                                         gpio_in[0] (net)
                      0.022975    0.000000    5.012857 v input1/A (sky130_fd_sc_hd__clkbuf_4)
     3    0.044486    0.171850    0.325703    5.338560 v input1/X (sky130_fd_sc_hd__clkbuf_4)
                                                         net1 (net)
                      0.172373    0.007679    5.346239 v _044_/A (sky130_fd_sc_hd__inv_2)
     9    0.044792    0.329018    0.322627    5.668867 ^ _044_/Y (sky130_fd_sc_hd__inv_2)
                                                         bidir_oeb (net)
                      0.329213    0.006645    5.675512 ^ _651_/A (sky130_fd_sc_hd__clkbuf_1)
     1    0.002426    0.068948    0.238015    5.913527 ^ _651_/X (sky130_fd_sc_hd__clkbuf_1)
                                                         net3 (net)
                      0.068948    0.000024    5.913551 ^ output3/A (sky130_fd_sc_hd__buf_2)
     1    0.034319    0.272453    0.343508    6.257059 ^ output3/X (sky130_fd_sc_hd__buf_2)
                                                         gpio_oeb[18] (net)
                      0.272453    0.000357    6.257416 ^ gpio_oeb[18] (out)
                                              6.257416   data arrival time

                                 25.000000   25.000000   clock gpio_in[38] (rise edge)
                                  0.000000   25.000000   clock network delay (propagated)
                                 -0.250000   24.750000   clock uncertainty
                                  0.000000   24.750000   clock reconvergence pessimism
                                 -5.000000   19.750000   output external delay
                                             19.750000   data required time
---------------------------------------------------------------------------------------------
                                             19.750000   data required time
                                             -6.257416   data arrival time
---------------------------------------------------------------------------------------------
                                             13.492583   slack (MET)


Startpoint: gpio_in[0] (input port clocked by gpio_in[38])
Endpoint: gpio_oeb[20] (output port clocked by gpio_in[38])
Path Group: gpio_in[38]
Path Type: max

Fanout         Cap        Slew       Delay        Time   Description
---------------------------------------------------------------------------------------------
                                  0.000000    0.000000   clock gpio_in[38] (rise edge)
                                  0.000000    0.000000   clock network delay (propagated)
                                  5.000000    5.000000 v input external delay
     2    0.003960    0.022975    0.012857    5.012857 v gpio_in[0] (in)
                                                         gpio_in[0] (net)
                      0.022975    0.000000    5.012857 v input1/A (sky130_fd_sc_hd__clkbuf_4)
     3    0.044486    0.171850    0.325703    5.338560 v input1/X (sky130_fd_sc_hd__clkbuf_4)
                                                         net1 (net)
                      0.172373    0.007679    5.346239 v _044_/A (sky130_fd_sc_hd__inv_2)
     9    0.044792    0.329018    0.322627    5.668867 ^ _044_/Y (sky130_fd_sc_hd__inv_2)
                                                         bidir_oeb (net)
                      0.329239    0.007076    5.675942 ^ _653_/A (sky130_fd_sc_hd__clkbuf_1)
     1    0.002059    0.065118    0.232996    5.908939 ^ _653_/X (sky130_fd_sc_hd__clkbuf_1)
                                                         net5 (net)
                      0.065118    0.000018    5.908957 ^ output5/A (sky130_fd_sc_hd__buf_2)
     1    0.034315    0.272423    0.341736    6.250692 ^ output5/X (sky130_fd_sc_hd__buf_2)
                                                         gpio_oeb[20] (net)
                      0.272423    0.000357    6.251049 ^ gpio_oeb[20] (out)
                                              6.251049   data arrival time

                                 25.000000   25.000000   clock gpio_in[38] (rise edge)
                                  0.000000   25.000000   clock network delay (propagated)
                                 -0.250000   24.750000   clock uncertainty
                                  0.000000   24.750000   clock reconvergence pessimism
                                 -5.000000   19.750000   output external delay
                                             19.750000   data required time
---------------------------------------------------------------------------------------------
                                             19.750000   data required time
                                             -6.251049   data arrival time
---------------------------------------------------------------------------------------------
                                             13.498951   slack (MET)


Startpoint: gpio_in[0] (input port clocked by gpio_in[38])
Endpoint: gpio_oeb[19] (output port clocked by gpio_in[38])
Path Group: gpio_in[38]
Path Type: max

Fanout         Cap        Slew       Delay        Time   Description
---------------------------------------------------------------------------------------------
                                  0.000000    0.000000   clock gpio_in[38] (rise edge)
                                  0.000000    0.000000   clock network delay (propagated)
                                  5.000000    5.000000 v input external delay
     2    0.003960    0.022975    0.012857    5.012857 v gpio_in[0] (in)
                                                         gpio_in[0] (net)
                      0.022975    0.000000    5.012857 v input1/A (sky130_fd_sc_hd__clkbuf_4)
     3    0.044486    0.171850    0.325703    5.338560 v input1/X (sky130_fd_sc_hd__clkbuf_4)
                                                         net1 (net)
                      0.172373    0.007679    5.346239 v _044_/A (sky130_fd_sc_hd__inv_2)
     9    0.044792    0.329018    0.322627    5.668867 ^ _044_/Y (sky130_fd_sc_hd__inv_2)
                                                         bidir_oeb (net)
                      0.329241    0.007107    5.675973 ^ _652_/A (sky130_fd_sc_hd__clkbuf_1)
     1    0.002058    0.065096    0.232979    5.908953 ^ _652_/X (sky130_fd_sc_hd__clkbuf_1)
                                                         net4 (net)
                      0.065096    0.000018    5.908971 ^ output4/A (sky130_fd_sc_hd__buf_2)
     1    0.034256    0.271979    0.341419    6.250390 ^ output4/X (sky130_fd_sc_hd__buf_2)
                                                         gpio_oeb[19] (net)
                      0.271979    0.000345    6.250734 ^ gpio_oeb[19] (out)
                                              6.250734   data arrival time

                                 25.000000   25.000000   clock gpio_in[38] (rise edge)
                                  0.000000   25.000000   clock network delay (propagated)
                                 -0.250000   24.750000   clock uncertainty
                                  0.000000   24.750000   clock reconvergence pessimism
                                 -5.000000   19.750000   output external delay
                                             19.750000   data required time
---------------------------------------------------------------------------------------------
                                             19.750000   data required time
                                             -6.250734   data arrival time
---------------------------------------------------------------------------------------------
                                             13.499266   slack (MET)


Startpoint: _095_ (rising edge-triggered flip-flop clocked by gpio_in[38])
Endpoint: gpio_out[26] (output port clocked by gpio_in[38])
Path Group: gpio_in[38]
Path Type: max

Fanout         Cap        Slew       Delay        Time   Description
---------------------------------------------------------------------------------------------
                                  0.000000    0.000000   clock gpio_in[38] (rise edge)
                                  0.000000    0.000000   clock source latency
     2    0.090833    0.654910    0.469484    0.469484 ^ gpio_in[38] (in)
                                                         gpio_in[38] (net)
                      0.657180    0.000000    0.469484 ^ clkbuf_0_gpio_in[38]/A (sky130_fd_sc_hd__clkbuf_16)
     5    0.060913    0.128177    0.516905    0.986389 ^ clkbuf_0_gpio_in[38]/X (sky130_fd_sc_hd__clkbuf_16)
                                                         clknet_0_gpio_in[38] (net)
                      0.128309    0.003698    0.990087 ^ clkbuf_1_0__f_gpio_in[38]/A (sky130_fd_sc_hd__clkbuf_16)
    25    0.077426    0.144997    0.312070    1.302158 ^ clkbuf_1_0__f_gpio_in[38]/X (sky130_fd_sc_hd__clkbuf_16)
                                                         clknet_1_0__leaf_gpio_in[38] (net)
                      0.146453    0.011339    1.313496 ^ _095_/CLK (sky130_fd_sc_hd__dfrtp_2)
     3    0.010778    0.112043    0.885431    2.198927 v _095_/Q (sky130_fd_sc_hd__dfrtp_2)
                                                         gpio_22_37_output[26].cfg.gpio_out_val (net)
                      0.112043    0.000100    2.199027 v _667_/A (sky130_fd_sc_hd__buf_6)
     3    0.095820    0.162363    0.323936    2.522963 v _667_/X (sky130_fd_sc_hd__buf_6)
                                                         net15 (net)
                      0.175299    0.035301    2.558264 v output15/A (sky130_fd_sc_hd__buf_2)
     1    0.034382    0.166370    0.395669    2.953933 v output15/X (sky130_fd_sc_hd__buf_2)
                                                         gpio_out[26] (net)
                      0.166370    0.000406    2.954339 v gpio_out[26] (out)
                                              2.954339   data arrival time

                                 25.000000   25.000000   clock gpio_in[38] (rise edge)
                                  0.000000   25.000000   clock network delay (propagated)
                                 -0.250000   24.750000   clock uncertainty
                                  0.000000   24.750000   clock reconvergence pessimism
                                 -5.000000   19.750000   output external delay
                                             19.750000   data required time
---------------------------------------------------------------------------------------------
                                             19.750000   data required time
                                             -2.954339   data arrival time
---------------------------------------------------------------------------------------------
                                             16.795660   slack (MET)


Startpoint: _105_ (rising edge-triggered flip-flop clocked by gpio_in[38])
Endpoint: gpio_out[36] (output port clocked by gpio_in[38])
Path Group: gpio_in[38]
Path Type: max

Fanout         Cap        Slew       Delay        Time   Description
---------------------------------------------------------------------------------------------
                                  0.000000    0.000000   clock gpio_in[38] (rise edge)
                                  0.000000    0.000000   clock source latency
     2    0.090833    0.654910    0.469484    0.469484 ^ gpio_in[38] (in)
                                                         gpio_in[38] (net)
                      0.657180    0.000000    0.469484 ^ clkbuf_0_gpio_in[38]/A (sky130_fd_sc_hd__clkbuf_16)
     5    0.060913    0.128177    0.516905    0.986389 ^ clkbuf_0_gpio_in[38]/X (sky130_fd_sc_hd__clkbuf_16)
                                                         clknet_0_gpio_in[38] (net)
                      0.128299    0.003586    0.989975 ^ clkbuf_1_1__f_gpio_in[38]/A (sky130_fd_sc_hd__clkbuf_16)
    19    0.066387    0.129561    0.302899    1.292873 ^ clkbuf_1_1__f_gpio_in[38]/X (sky130_fd_sc_hd__clkbuf_16)
                                                         clknet_1_1__leaf_gpio_in[38] (net)
                      0.130568    0.008824    1.301697 ^ _105_/CLK (sky130_fd_sc_hd__dfrtp_1)
     3    0.008691    0.149285    0.730793    2.032490 ^ _105_/Q (sky130_fd_sc_hd__dfrtp_1)
                                                         gpio_22_37_output[36].cfg.gpio_out_val (net)
                      0.149285    0.000107    2.032596 ^ _677_/A (sky130_fd_sc_hd__clkbuf_1)
     3    0.020914    0.400586    0.419440    2.452036 ^ _677_/X (sky130_fd_sc_hd__clkbuf_1)
                                                         net26 (net)
                      0.400593    0.001448    2.453484 ^ output26/A (sky130_fd_sc_hd__buf_2)
     1    0.034468    0.274679    0.485391    2.938875 ^ output26/X (sky130_fd_sc_hd__buf_2)
                                                         gpio_out[36] (net)
                      0.274679    0.000422    2.939297 ^ gpio_out[36] (out)
                                              2.939297   data arrival time

                                 25.000000   25.000000   clock gpio_in[38] (rise edge)
                                  0.000000   25.000000   clock network delay (propagated)
                                 -0.250000   24.750000   clock uncertainty
                                  0.000000   24.750000   clock reconvergence pessimism
                                 -5.000000   19.750000   output external delay
                                             19.750000   data required time
---------------------------------------------------------------------------------------------
                                             19.750000   data required time
                                             -2.939297   data arrival time
---------------------------------------------------------------------------------------------
                                             16.810703   slack (MET)


Startpoint: _088_ (rising edge-triggered flip-flop clocked by gpio_in[38])
Endpoint: gpio_out[3] (output port clocked by gpio_in[38])
Path Group: gpio_in[38]
Path Type: max

Fanout         Cap        Slew       Delay        Time   Description
---------------------------------------------------------------------------------------------
                                  0.000000    0.000000   clock gpio_in[38] (rise edge)
                                  0.000000    0.000000   clock source latency
     2    0.090833    0.654910    0.469484    0.469484 ^ gpio_in[38] (in)
                                                         gpio_in[38] (net)
                      0.657180    0.000000    0.469484 ^ clkbuf_0_gpio_in[38]/A (sky130_fd_sc_hd__clkbuf_16)
     5    0.060913    0.128177    0.516905    0.986389 ^ clkbuf_0_gpio_in[38]/X (sky130_fd_sc_hd__clkbuf_16)
                                                         clknet_0_gpio_in[38] (net)
                      0.128309    0.003698    0.990087 ^ clkbuf_1_0__f_gpio_in[38]/A (sky130_fd_sc_hd__clkbuf_16)
    25    0.077426    0.144997    0.312070    1.302158 ^ clkbuf_1_0__f_gpio_in[38]/X (sky130_fd_sc_hd__clkbuf_16)
                                                         clknet_1_0__leaf_gpio_in[38] (net)
                      0.146895    0.012961    1.315118 ^ _088_/CLK (sky130_fd_sc_hd__dfrtp_1)
     5    0.013142    0.203631    0.785431    2.100549 ^ _088_/Q (sky130_fd_sc_hd__dfrtp_1)
                                                         gpio_18_21_bidir[19].cfg.gpio_out_val (net)
                      0.203631    0.000162    2.100711 ^ _656_/A (sky130_fd_sc_hd__buf_1)
     1    0.015918    0.308518    0.376867    2.477578 ^ _656_/X (sky130_fd_sc_hd__buf_1)
                                                         net28 (net)
                      0.308518    0.000921    2.478499 ^ output28/A (sky130_fd_sc_hd__buf_2)
     1    0.034256    0.272668    0.448578    2.927077 ^ output28/X (sky130_fd_sc_hd__buf_2)
                                                         gpio_out[3] (net)
                      0.272668    0.000345    2.927422 ^ gpio_out[3] (out)
                                              2.927422   data arrival time

                                 25.000000   25.000000   clock gpio_in[38] (rise edge)
                                  0.000000   25.000000   clock network delay (propagated)
                                 -0.250000   24.750000   clock uncertainty
                                  0.000000   24.750000   clock reconvergence pessimism
                                 -5.000000   19.750000   output external delay
                                             19.750000   data required time
---------------------------------------------------------------------------------------------
                                             19.750000   data required time
                                             -2.927422   data arrival time
---------------------------------------------------------------------------------------------
                                             16.822578   slack (MET)


Startpoint: _104_ (rising edge-triggered flip-flop clocked by gpio_in[38])
Endpoint: gpio_out[35] (output port clocked by gpio_in[38])
Path Group: gpio_in[38]
Path Type: max

Fanout         Cap        Slew       Delay        Time   Description
---------------------------------------------------------------------------------------------
                                  0.000000    0.000000   clock gpio_in[38] (rise edge)
                                  0.000000    0.000000   clock source latency
     2    0.090833    0.654910    0.469484    0.469484 ^ gpio_in[38] (in)
                                                         gpio_in[38] (net)
                      0.657180    0.000000    0.469484 ^ clkbuf_0_gpio_in[38]/A (sky130_fd_sc_hd__clkbuf_16)
     5    0.060913    0.128177    0.516905    0.986389 ^ clkbuf_0_gpio_in[38]/X (sky130_fd_sc_hd__clkbuf_16)
                                                         clknet_0_gpio_in[38] (net)
                      0.128299    0.003586    0.989975 ^ clkbuf_1_1__f_gpio_in[38]/A (sky130_fd_sc_hd__clkbuf_16)
    19    0.066387    0.129561    0.302899    1.292873 ^ clkbuf_1_1__f_gpio_in[38]/X (sky130_fd_sc_hd__clkbuf_16)
                                                         clknet_1_1__leaf_gpio_in[38] (net)
                      0.130566    0.008814    1.301687 ^ _104_/CLK (sky130_fd_sc_hd__dfrtp_1)
     3    0.007935    0.119605    0.812133    2.113820 v _104_/Q (sky130_fd_sc_hd__dfrtp_1)
                                                         gpio_22_37_output[35].cfg.gpio_out_val (net)
                      0.119605    0.000066    2.113886 v _676_/A (sky130_fd_sc_hd__clkbuf_2)
     3    0.026829    0.192572    0.323148    2.437034 v _676_/X (sky130_fd_sc_hd__clkbuf_2)
                                                         net25 (net)
                      0.192599    0.002297    2.439331 v output25/A (sky130_fd_sc_hd__buf_2)
     1    0.034453    0.166679    0.404228    2.843560 v output25/X (sky130_fd_sc_hd__buf_2)
                                                         gpio_out[35] (net)
                      0.166679    0.000421    2.843981 v gpio_out[35] (out)
                                              2.843981   data arrival time

                                 25.000000   25.000000   clock gpio_in[38] (rise edge)
                                  0.000000   25.000000   clock network delay (propagated)
                                 -0.250000   24.750000   clock uncertainty
                                  0.000000   24.750000   clock reconvergence pessimism
                                 -5.000000   19.750000   output external delay
                                             19.750000   data required time
---------------------------------------------------------------------------------------------
                                             19.750000   data required time
                                             -2.843981   data arrival time
---------------------------------------------------------------------------------------------
                                             16.906019   slack (MET)


Startpoint: _096_ (rising edge-triggered flip-flop clocked by gpio_in[38])
Endpoint: gpio_out[27] (output port clocked by gpio_in[38])
Path Group: gpio_in[38]
Path Type: max

Fanout         Cap        Slew       Delay        Time   Description
---------------------------------------------------------------------------------------------
                                  0.000000    0.000000   clock gpio_in[38] (rise edge)
                                  0.000000    0.000000   clock source latency
     2    0.090833    0.654910    0.469484    0.469484 ^ gpio_in[38] (in)
                                                         gpio_in[38] (net)
                      0.657180    0.000000    0.469484 ^ clkbuf_0_gpio_in[38]/A (sky130_fd_sc_hd__clkbuf_16)
     5    0.060913    0.128177    0.516905    0.986389 ^ clkbuf_0_gpio_in[38]/X (sky130_fd_sc_hd__clkbuf_16)
                                                         clknet_0_gpio_in[38] (net)
                      0.128309    0.003698    0.990087 ^ clkbuf_1_0__f_gpio_in[38]/A (sky130_fd_sc_hd__clkbuf_16)
    25    0.077426    0.144997    0.312070    1.302158 ^ clkbuf_1_0__f_gpio_in[38]/X (sky130_fd_sc_hd__clkbuf_16)
                                                         clknet_1_0__leaf_gpio_in[38] (net)
                      0.146792    0.012600    1.314757 ^ _096_/CLK (sky130_fd_sc_hd__dfrtp_1)
     4    0.010555    0.172560    0.758094    2.072852 ^ _096_/Q (sky130_fd_sc_hd__dfrtp_1)
                                                         gpio_22_37_output[27].cfg.gpio_out_val (net)
                      0.172560    0.000093    2.072945 ^ _668_/A (sky130_fd_sc_hd__buf_1)
     1    0.013010    0.255755    0.326451    2.399396 ^ _668_/X (sky130_fd_sc_hd__buf_1)
                                                         net16 (net)
                      0.255755    0.000595    2.399991 ^ output16/A (sky130_fd_sc_hd__buf_2)
     1    0.034253    0.272397    0.428079    2.828070 ^ output16/X (sky130_fd_sc_hd__buf_2)
                                                         gpio_out[27] (net)
                      0.272397    0.000345    2.828415 ^ gpio_out[27] (out)
                                              2.828415   data arrival time

                                 25.000000   25.000000   clock gpio_in[38] (rise edge)
                                  0.000000   25.000000   clock network delay (propagated)
                                 -0.250000   24.750000   clock uncertainty
                                  0.000000   24.750000   clock reconvergence pessimism
                                 -5.000000   19.750000   output external delay
                                             19.750000   data required time
---------------------------------------------------------------------------------------------
                                             19.750000   data required time
                                             -2.828415   data arrival time
---------------------------------------------------------------------------------------------
                                             16.921585   slack (MET)


Startpoint: _103_ (rising edge-triggered flip-flop clocked by gpio_in[38])
Endpoint: gpio_out[34] (output port clocked by gpio_in[38])
Path Group: gpio_in[38]
Path Type: max

Fanout         Cap        Slew       Delay        Time   Description
---------------------------------------------------------------------------------------------
                                  0.000000    0.000000   clock gpio_in[38] (rise edge)
                                  0.000000    0.000000   clock source latency
     2    0.090833    0.654910    0.469484    0.469484 ^ gpio_in[38] (in)
                                                         gpio_in[38] (net)
                      0.657180    0.000000    0.469484 ^ clkbuf_0_gpio_in[38]/A (sky130_fd_sc_hd__clkbuf_16)
     5    0.060913    0.128177    0.516905    0.986389 ^ clkbuf_0_gpio_in[38]/X (sky130_fd_sc_hd__clkbuf_16)
                                                         clknet_0_gpio_in[38] (net)
                      0.128299    0.003586    0.989975 ^ clkbuf_1_1__f_gpio_in[38]/A (sky130_fd_sc_hd__clkbuf_16)
    19    0.066387    0.129561    0.302899    1.292873 ^ clkbuf_1_1__f_gpio_in[38]/X (sky130_fd_sc_hd__clkbuf_16)
                                                         clknet_1_1__leaf_gpio_in[38] (net)
                      0.130563    0.008802    1.301675 ^ _103_/CLK (sky130_fd_sc_hd__dfrtp_1)
     3    0.008305    0.122858    0.815488    2.117163 v _103_/Q (sky130_fd_sc_hd__dfrtp_1)
                                                         gpio_22_37_output[34].cfg.gpio_out_val (net)
                      0.122858    0.000138    2.117301 v _675_/A (sky130_fd_sc_hd__clkbuf_2)
     3    0.023974    0.173730    0.311337    2.428638 v _675_/X (sky130_fd_sc_hd__clkbuf_2)
                                                         net24 (net)
                      0.173746    0.001791    2.430429 v output24/A (sky130_fd_sc_hd__buf_2)
     1    0.034420    0.166521    0.395034    2.825463 v output24/X (sky130_fd_sc_hd__buf_2)
                                                         gpio_out[34] (net)
                      0.166521    0.000418    2.825881 v gpio_out[34] (out)
                                              2.825881   data arrival time

                                 25.000000   25.000000   clock gpio_in[38] (rise edge)
                                  0.000000   25.000000   clock network delay (propagated)
                                 -0.250000   24.750000   clock uncertainty
                                  0.000000   24.750000   clock reconvergence pessimism
                                 -5.000000   19.750000   output external delay
                                             19.750000   data required time
---------------------------------------------------------------------------------------------
                                             19.750000   data required time
                                             -2.825881   data arrival time
---------------------------------------------------------------------------------------------
                                             16.924120   slack (MET)


Startpoint: _101_ (rising edge-triggered flip-flop clocked by gpio_in[38])
Endpoint: gpio_out[32] (output port clocked by gpio_in[38])
Path Group: gpio_in[38]
Path Type: max

Fanout         Cap        Slew       Delay        Time   Description
---------------------------------------------------------------------------------------------
                                  0.000000    0.000000   clock gpio_in[38] (rise edge)
                                  0.000000    0.000000   clock source latency
     2    0.090833    0.654910    0.469484    0.469484 ^ gpio_in[38] (in)
                                                         gpio_in[38] (net)
                      0.657180    0.000000    0.469484 ^ clkbuf_0_gpio_in[38]/A (sky130_fd_sc_hd__clkbuf_16)
     5    0.060913    0.128177    0.516905    0.986389 ^ clkbuf_0_gpio_in[38]/X (sky130_fd_sc_hd__clkbuf_16)
                                                         clknet_0_gpio_in[38] (net)
                      0.128309    0.003698    0.990087 ^ clkbuf_1_0__f_gpio_in[38]/A (sky130_fd_sc_hd__clkbuf_16)
    25    0.077426    0.144997    0.312070    1.302158 ^ clkbuf_1_0__f_gpio_in[38]/X (sky130_fd_sc_hd__clkbuf_16)
                                                         clknet_1_0__leaf_gpio_in[38] (net)
                      0.147102    0.013664    1.315821 ^ _101_/CLK (sky130_fd_sc_hd__dfrtp_1)
     4    0.013392    0.164407    0.869905    2.185726 v _101_/Q (sky130_fd_sc_hd__dfrtp_1)
                                                         gpio_22_37_output[32].cfg.gpio_out_val (net)
                      0.164407    0.000114    2.185840 v _673_/A (sky130_fd_sc_hd__clkbuf_1)
     1    0.007157    0.095079    0.242739    2.428578 v _673_/X (sky130_fd_sc_hd__clkbuf_1)
                                                         net22 (net)
                      0.095079    0.000204    2.428782 v output22/A (sky130_fd_sc_hd__buf_2)
     1    0.034315    0.165982    0.356806    2.785588 v output22/X (sky130_fd_sc_hd__buf_2)
                                                         gpio_out[32] (net)
                      0.165982    0.000357    2.785945 v gpio_out[32] (out)
                                              2.785945   data arrival time

                                 25.000000   25.000000   clock gpio_in[38] (rise edge)
                                  0.000000   25.000000   clock network delay (propagated)
                                 -0.250000   24.750000   clock uncertainty
                                  0.000000   24.750000   clock reconvergence pessimism
                                 -5.000000   19.750000   output external delay
                                             19.750000   data required time
---------------------------------------------------------------------------------------------
                                             19.750000   data required time
                                             -2.785945   data arrival time
---------------------------------------------------------------------------------------------
                                             16.964056   slack (MET)


Startpoint: _097_ (rising edge-triggered flip-flop clocked by gpio_in[38])
Endpoint: gpio_out[28] (output port clocked by gpio_in[38])
Path Group: gpio_in[38]
Path Type: max

Fanout         Cap        Slew       Delay        Time   Description
---------------------------------------------------------------------------------------------
                                  0.000000    0.000000   clock gpio_in[38] (rise edge)
                                  0.000000    0.000000   clock source latency
     2    0.090833    0.654910    0.469484    0.469484 ^ gpio_in[38] (in)
                                                         gpio_in[38] (net)
                      0.657180    0.000000    0.469484 ^ clkbuf_0_gpio_in[38]/A (sky130_fd_sc_hd__clkbuf_16)
     5    0.060913    0.128177    0.516905    0.986389 ^ clkbuf_0_gpio_in[38]/X (sky130_fd_sc_hd__clkbuf_16)
                                                         clknet_0_gpio_in[38] (net)
                      0.128309    0.003698    0.990087 ^ clkbuf_1_0__f_gpio_in[38]/A (sky130_fd_sc_hd__clkbuf_16)
    25    0.077426    0.144997    0.312070    1.302158 ^ clkbuf_1_0__f_gpio_in[38]/X (sky130_fd_sc_hd__clkbuf_16)
                                                         clknet_1_0__leaf_gpio_in[38] (net)
                      0.146789    0.012588    1.314746 ^ _097_/CLK (sky130_fd_sc_hd__dfrtp_1)
     2    0.005795    0.101704    0.799907    2.114653 v _097_/Q (sky130_fd_sc_hd__dfrtp_1)
                                                         gpio_22_37_output[28].cfg.gpio_out_val (net)
                      0.101704    0.000080    2.114733 v _669_/A (sky130_fd_sc_hd__buf_1)
     1    0.013030    0.156159    0.260904    2.375637 v _669_/X (sky130_fd_sc_hd__buf_1)
                                                         net17 (net)
                      0.156159    0.000553    2.376190 v output17/A (sky130_fd_sc_hd__buf_2)
     1    0.034253    0.165812    0.386067    2.762258 v output17/X (sky130_fd_sc_hd__buf_2)
                                                         gpio_out[28] (net)
                      0.165812    0.000345    2.762602 v gpio_out[28] (out)
                                              2.762602   data arrival time

                                 25.000000   25.000000   clock gpio_in[38] (rise edge)
                                  0.000000   25.000000   clock network delay (propagated)
                                 -0.250000   24.750000   clock uncertainty
                                  0.000000   24.750000   clock reconvergence pessimism
                                 -5.000000   19.750000   output external delay
                                             19.750000   data required time
---------------------------------------------------------------------------------------------
                                             19.750000   data required time
                                             -2.762602   data arrival time
---------------------------------------------------------------------------------------------
                                             16.987396   slack (MET)


Startpoint: _093_ (rising edge-triggered flip-flop clocked by gpio_in[38])
Endpoint: gpio_out[24] (output port clocked by gpio_in[38])
Path Group: gpio_in[38]
Path Type: max

Fanout         Cap        Slew       Delay        Time   Description
---------------------------------------------------------------------------------------------
                                  0.000000    0.000000   clock gpio_in[38] (rise edge)
                                  0.000000    0.000000   clock source latency
     2    0.090833    0.654910    0.469484    0.469484 ^ gpio_in[38] (in)
                                                         gpio_in[38] (net)
                      0.657180    0.000000    0.469484 ^ clkbuf_0_gpio_in[38]/A (sky130_fd_sc_hd__clkbuf_16)
     5    0.060913    0.128177    0.516905    0.986389 ^ clkbuf_0_gpio_in[38]/X (sky130_fd_sc_hd__clkbuf_16)
                                                         clknet_0_gpio_in[38] (net)
                      0.128299    0.003586    0.989975 ^ clkbuf_1_1__f_gpio_in[38]/A (sky130_fd_sc_hd__clkbuf_16)
    19    0.066387    0.129561    0.302899    1.292873 ^ clkbuf_1_1__f_gpio_in[38]/X (sky130_fd_sc_hd__clkbuf_16)
                                                         clknet_1_1__leaf_gpio_in[38] (net)
                      0.130668    0.009278    1.302151 ^ _093_/CLK (sky130_fd_sc_hd__dfrtp_1)
     3    0.009422    0.132975    0.825829    2.127981 v _093_/Q (sky130_fd_sc_hd__dfrtp_1)
                                                         gpio_22_37_output[24].cfg.gpio_out_val (net)
                      0.132975    0.000139    2.128120 v _665_/A (sky130_fd_sc_hd__buf_1)
     1    0.007897    0.102744    0.233928    2.362048 v _665_/X (sky130_fd_sc_hd__buf_1)
                                                         net13 (net)
                      0.102744    0.000278    2.362326 v output13/A (sky130_fd_sc_hd__buf_2)
     1    0.034382    0.166272    0.360682    2.723008 v output13/X (sky130_fd_sc_hd__buf_2)
                                                         gpio_out[24] (net)
                      0.166272    0.000406    2.723414 v gpio_out[24] (out)
                                              2.723414   data arrival time

                                 25.000000   25.000000   clock gpio_in[38] (rise edge)
                                  0.000000   25.000000   clock network delay (propagated)
                                 -0.250000   24.750000   clock uncertainty
                                  0.000000   24.750000   clock reconvergence pessimism
                                 -5.000000   19.750000   output external delay
                                             19.750000   data required time
---------------------------------------------------------------------------------------------
                                             19.750000   data required time
                                             -2.723414   data arrival time
---------------------------------------------------------------------------------------------
                                             17.026585   slack (MET)


Startpoint: _100_ (rising edge-triggered flip-flop clocked by gpio_in[38])
Endpoint: gpio_out[31] (output port clocked by gpio_in[38])
Path Group: gpio_in[38]
Path Type: max

Fanout         Cap        Slew       Delay        Time   Description
---------------------------------------------------------------------------------------------
                                  0.000000    0.000000   clock gpio_in[38] (rise edge)
                                  0.000000    0.000000   clock source latency
     2    0.090833    0.654910    0.469484    0.469484 ^ gpio_in[38] (in)
                                                         gpio_in[38] (net)
                      0.657180    0.000000    0.469484 ^ clkbuf_0_gpio_in[38]/A (sky130_fd_sc_hd__clkbuf_16)
     5    0.060913    0.128177    0.516905    0.986389 ^ clkbuf_0_gpio_in[38]/X (sky130_fd_sc_hd__clkbuf_16)
                                                         clknet_0_gpio_in[38] (net)
                      0.128309    0.003698    0.990087 ^ clkbuf_1_0__f_gpio_in[38]/A (sky130_fd_sc_hd__clkbuf_16)
    25    0.077426    0.144997    0.312070    1.302158 ^ clkbuf_1_0__f_gpio_in[38]/X (sky130_fd_sc_hd__clkbuf_16)
                                                         clknet_1_0__leaf_gpio_in[38] (net)
                      0.147110    0.013689    1.315847 ^ _100_/CLK (sky130_fd_sc_hd__dfrtp_1)
     4    0.012437    0.160853    0.861130    2.176977 v _100_/Q (sky130_fd_sc_hd__dfrtp_1)
                                                         gpio_22_37_output[31].cfg.gpio_out_val (net)
                      0.160853    0.000060    2.177037 v _672_/A (sky130_fd_sc_hd__clkbuf_1)
     1    0.002477    0.047574    0.199890    2.376927 v _672_/X (sky130_fd_sc_hd__clkbuf_1)
                                                         net21 (net)
                      0.047574    0.000026    2.376953 v output21/A (sky130_fd_sc_hd__buf_2)
     1    0.034585    0.167198    0.335477    2.712430 v output21/X (sky130_fd_sc_hd__buf_2)
                                                         gpio_out[31] (net)
                      0.167198    0.000417    2.712847 v gpio_out[31] (out)
                                              2.712847   data arrival time

                                 25.000000   25.000000   clock gpio_in[38] (rise edge)
                                  0.000000   25.000000   clock network delay (propagated)
                                 -0.250000   24.750000   clock uncertainty
                                  0.000000   24.750000   clock reconvergence pessimism
                                 -5.000000   19.750000   output external delay
                                             19.750000   data required time
---------------------------------------------------------------------------------------------
                                             19.750000   data required time
                                             -2.712847   data arrival time
---------------------------------------------------------------------------------------------
                                             17.037153   slack (MET)


Startpoint: _088_ (rising edge-triggered flip-flop clocked by gpio_in[38])
Endpoint: gpio_out[19] (output port clocked by gpio_in[38])
Path Group: gpio_in[38]
Path Type: max

Fanout         Cap        Slew       Delay        Time   Description
---------------------------------------------------------------------------------------------
                                  0.000000    0.000000   clock gpio_in[38] (rise edge)
                                  0.000000    0.000000   clock source latency
     2    0.090833    0.654910    0.469484    0.469484 ^ gpio_in[38] (in)
                                                         gpio_in[38] (net)
                      0.657180    0.000000    0.469484 ^ clkbuf_0_gpio_in[38]/A (sky130_fd_sc_hd__clkbuf_16)
     5    0.060913    0.128177    0.516905    0.986389 ^ clkbuf_0_gpio_in[38]/X (sky130_fd_sc_hd__clkbuf_16)
                                                         clknet_0_gpio_in[38] (net)
                      0.128309    0.003698    0.990087 ^ clkbuf_1_0__f_gpio_in[38]/A (sky130_fd_sc_hd__clkbuf_16)
    25    0.077426    0.144997    0.312070    1.302158 ^ clkbuf_1_0__f_gpio_in[38]/X (sky130_fd_sc_hd__clkbuf_16)
                                                         clknet_1_0__leaf_gpio_in[38] (net)
                      0.146895    0.012961    1.315118 ^ _088_/CLK (sky130_fd_sc_hd__dfrtp_1)
     5    0.012487    0.161350    0.861457    2.176575 v _088_/Q (sky130_fd_sc_hd__dfrtp_1)
                                                         gpio_18_21_bidir[19].cfg.gpio_out_val (net)
                      0.161350    0.000146    2.176721 v _660_/A (sky130_fd_sc_hd__clkbuf_1)
     1    0.002321    0.046055    0.198607    2.375328 v _660_/X (sky130_fd_sc_hd__clkbuf_1)
                                                         net8 (net)
                      0.046055    0.000024    2.375351 v output8/A (sky130_fd_sc_hd__buf_2)
     1    0.034319    0.166136    0.333973    2.709324 v output8/X (sky130_fd_sc_hd__buf_2)
                                                         gpio_out[19] (net)
                      0.166136    0.000357    2.709681 v gpio_out[19] (out)
                                              2.709681   data arrival time

                                 25.000000   25.000000   clock gpio_in[38] (rise edge)
                                  0.000000   25.000000   clock network delay (propagated)
                                 -0.250000   24.750000   clock uncertainty
                                  0.000000   24.750000   clock reconvergence pessimism
                                 -5.000000   19.750000   output external delay
                                             19.750000   data required time
---------------------------------------------------------------------------------------------
                                             19.750000   data required time
                                             -2.709681   data arrival time
---------------------------------------------------------------------------------------------
                                             17.040318   slack (MET)


Startpoint: _099_ (rising edge-triggered flip-flop clocked by gpio_in[38])
Endpoint: gpio_out[30] (output port clocked by gpio_in[38])
Path Group: gpio_in[38]
Path Type: max

Fanout         Cap        Slew       Delay        Time   Description
---------------------------------------------------------------------------------------------
                                  0.000000    0.000000   clock gpio_in[38] (rise edge)
                                  0.000000    0.000000   clock source latency
     2    0.090833    0.654910    0.469484    0.469484 ^ gpio_in[38] (in)
                                                         gpio_in[38] (net)
                      0.657180    0.000000    0.469484 ^ clkbuf_0_gpio_in[38]/A (sky130_fd_sc_hd__clkbuf_16)
     5    0.060913    0.128177    0.516905    0.986389 ^ clkbuf_0_gpio_in[38]/X (sky130_fd_sc_hd__clkbuf_16)
                                                         clknet_0_gpio_in[38] (net)
                      0.128309    0.003698    0.990087 ^ clkbuf_1_0__f_gpio_in[38]/A (sky130_fd_sc_hd__clkbuf_16)
    25    0.077426    0.144997    0.312070    1.302158 ^ clkbuf_1_0__f_gpio_in[38]/X (sky130_fd_sc_hd__clkbuf_16)
                                                         clknet_1_0__leaf_gpio_in[38] (net)
                      0.147073    0.013566    1.315723 ^ _099_/CLK (sky130_fd_sc_hd__dfrtp_1)
     5    0.010731    0.144972    0.845440    2.161163 v _099_/Q (sky130_fd_sc_hd__dfrtp_1)
                                                         gpio_22_37_output[30].cfg.gpio_out_val (net)
                      0.144972    0.000073    2.161236 v _671_/A (sky130_fd_sc_hd__clkbuf_1)
     1    0.003388    0.056558    0.201160    2.362396 v _671_/X (sky130_fd_sc_hd__clkbuf_1)
                                                         net20 (net)
                      0.056558    0.000047    2.362444 v output20/A (sky130_fd_sc_hd__buf_2)
     1    0.034669    0.167490    0.339866    2.702309 v output20/X (sky130_fd_sc_hd__buf_2)
                                                         gpio_out[30] (net)
                      0.167490    0.000418    2.702728 v gpio_out[30] (out)
                                              2.702728   data arrival time

                                 25.000000   25.000000   clock gpio_in[38] (rise edge)
                                  0.000000   25.000000   clock network delay (propagated)
                                 -0.250000   24.750000   clock uncertainty
                                  0.000000   24.750000   clock reconvergence pessimism
                                 -5.000000   19.750000   output external delay
                                             19.750000   data required time
---------------------------------------------------------------------------------------------
                                             19.750000   data required time
                                             -2.702728   data arrival time
---------------------------------------------------------------------------------------------
                                             17.047272   slack (MET)


Startpoint: _090_ (rising edge-triggered flip-flop clocked by gpio_in[38])
Endpoint: gpio_out[5] (output port clocked by gpio_in[38])
Path Group: gpio_in[38]
Path Type: max

Fanout         Cap        Slew       Delay        Time   Description
---------------------------------------------------------------------------------------------
                                  0.000000    0.000000   clock gpio_in[38] (rise edge)
                                  0.000000    0.000000   clock source latency
     2    0.090833    0.654910    0.469484    0.469484 ^ gpio_in[38] (in)
                                                         gpio_in[38] (net)
                      0.657180    0.000000    0.469484 ^ clkbuf_0_gpio_in[38]/A (sky130_fd_sc_hd__clkbuf_16)
     5    0.060913    0.128177    0.516905    0.986389 ^ clkbuf_0_gpio_in[38]/X (sky130_fd_sc_hd__clkbuf_16)
                                                         clknet_0_gpio_in[38] (net)
                      0.128309    0.003698    0.990087 ^ clkbuf_1_0__f_gpio_in[38]/A (sky130_fd_sc_hd__clkbuf_16)
    25    0.077426    0.144997    0.312070    1.302158 ^ clkbuf_1_0__f_gpio_in[38]/X (sky130_fd_sc_hd__clkbuf_16)
                                                         clknet_1_0__leaf_gpio_in[38] (net)
                      0.146973    0.013231    1.315388 ^ _090_/CLK (sky130_fd_sc_hd__dfrtp_1)
     3    0.007164    0.113018    0.812581    2.127970 v _090_/Q (sky130_fd_sc_hd__dfrtp_1)
                                                         gpio_18_21_bidir[21].cfg.gpio_out_val (net)
                      0.113018    0.000068    2.128037 v _658_/A (sky130_fd_sc_hd__clkbuf_1)
     1    0.006072    0.083618    0.209121    2.337159 v _658_/X (sky130_fd_sc_hd__clkbuf_1)
                                                         net30 (net)
                      0.083618    0.000139    2.337298 v output30/A (sky130_fd_sc_hd__buf_2)
     1    0.034315    0.165966    0.351279    2.688578 v output30/X (sky130_fd_sc_hd__buf_2)
                                                         gpio_out[5] (net)
                      0.165966    0.000357    2.688934 v gpio_out[5] (out)
                                              2.688934   data arrival time

                                 25.000000   25.000000   clock gpio_in[38] (rise edge)
                                  0.000000   25.000000   clock network delay (propagated)
                                 -0.250000   24.750000   clock uncertainty
                                  0.000000   24.750000   clock reconvergence pessimism
                                 -5.000000   19.750000   output external delay
                                             19.750000   data required time
---------------------------------------------------------------------------------------------
                                             19.750000   data required time
                                             -2.688934   data arrival time
---------------------------------------------------------------------------------------------
                                             17.061066   slack (MET)


Startpoint: _087_ (rising edge-triggered flip-flop clocked by gpio_in[38])
Endpoint: gpio_out[2] (output port clocked by gpio_in[38])
Path Group: gpio_in[38]
Path Type: max

Fanout         Cap        Slew       Delay        Time   Description
---------------------------------------------------------------------------------------------
                                  0.000000    0.000000   clock gpio_in[38] (rise edge)
                                  0.000000    0.000000   clock source latency
     2    0.090833    0.654910    0.469484    0.469484 ^ gpio_in[38] (in)
                                                         gpio_in[38] (net)
                      0.657180    0.000000    0.469484 ^ clkbuf_0_gpio_in[38]/A (sky130_fd_sc_hd__clkbuf_16)
     5    0.060913    0.128177    0.516905    0.986389 ^ clkbuf_0_gpio_in[38]/X (sky130_fd_sc_hd__clkbuf_16)
                                                         clknet_0_gpio_in[38] (net)
                      0.128309    0.003698    0.990087 ^ clkbuf_1_0__f_gpio_in[38]/A (sky130_fd_sc_hd__clkbuf_16)
    25    0.077426    0.144997    0.312070    1.302158 ^ clkbuf_1_0__f_gpio_in[38]/X (sky130_fd_sc_hd__clkbuf_16)
                                                         clknet_1_0__leaf_gpio_in[38] (net)
                      0.146848    0.012796    1.314953 ^ _087_/CLK (sky130_fd_sc_hd__dfrtp_2)
     3    0.008604    0.102042    0.872317    2.187270 v _087_/Q (sky130_fd_sc_hd__dfrtp_2)
                                                         gpio_18_21_bidir[18].cfg.gpio_out_val (net)
                      0.102042    0.000115    2.187385 v _655_/A (sky130_fd_sc_hd__clkbuf_1)
     1    0.002100    0.043620    0.168281    2.355666 v _655_/X (sky130_fd_sc_hd__clkbuf_1)
                                                         net19 (net)
                      0.043620    0.000020    2.355686 v output19/A (sky130_fd_sc_hd__buf_2)
     1    0.034315    0.166135    0.332846    2.688532 v output19/X (sky130_fd_sc_hd__buf_2)
                                                         gpio_out[2] (net)
                      0.166135    0.000357    2.688889 v gpio_out[2] (out)
                                              2.688889   data arrival time

                                 25.000000   25.000000   clock gpio_in[38] (rise edge)
                                  0.000000   25.000000   clock network delay (propagated)
                                 -0.250000   24.750000   clock uncertainty
                                  0.000000   24.750000   clock reconvergence pessimism
                                 -5.000000   19.750000   output external delay
                                             19.750000   data required time
---------------------------------------------------------------------------------------------
                                             19.750000   data required time
                                             -2.688889   data arrival time
---------------------------------------------------------------------------------------------
                                             17.061110   slack (MET)


Startpoint: _087_ (rising edge-triggered flip-flop clocked by gpio_in[38])
Endpoint: gpio_out[18] (output port clocked by gpio_in[38])
Path Group: gpio_in[38]
Path Type: max

Fanout         Cap        Slew       Delay        Time   Description
---------------------------------------------------------------------------------------------
                                  0.000000    0.000000   clock gpio_in[38] (rise edge)
                                  0.000000    0.000000   clock source latency
     2    0.090833    0.654910    0.469484    0.469484 ^ gpio_in[38] (in)
                                                         gpio_in[38] (net)
                      0.657180    0.000000    0.469484 ^ clkbuf_0_gpio_in[38]/A (sky130_fd_sc_hd__clkbuf_16)
     5    0.060913    0.128177    0.516905    0.986389 ^ clkbuf_0_gpio_in[38]/X (sky130_fd_sc_hd__clkbuf_16)
                                                         clknet_0_gpio_in[38] (net)
                      0.128309    0.003698    0.990087 ^ clkbuf_1_0__f_gpio_in[38]/A (sky130_fd_sc_hd__clkbuf_16)
    25    0.077426    0.144997    0.312070    1.302158 ^ clkbuf_1_0__f_gpio_in[38]/X (sky130_fd_sc_hd__clkbuf_16)
                                                         clknet_1_0__leaf_gpio_in[38] (net)
                      0.146848    0.012796    1.314953 ^ _087_/CLK (sky130_fd_sc_hd__dfrtp_2)
     3    0.008604    0.102042    0.872317    2.187270 v _087_/Q (sky130_fd_sc_hd__dfrtp_2)
                                                         gpio_18_21_bidir[18].cfg.gpio_out_val (net)
                      0.102042    0.000106    2.187376 v _659_/A (sky130_fd_sc_hd__clkbuf_1)
     1    0.001998    0.042646    0.167295    2.354671 v _659_/X (sky130_fd_sc_hd__clkbuf_1)
                                                         net7 (net)
                      0.042646    0.000018    2.354689 v output7/A (sky130_fd_sc_hd__buf_2)
     1    0.034319    0.166152    0.332410    2.687099 v output7/X (sky130_fd_sc_hd__buf_2)
                                                         gpio_out[18] (net)
                      0.166152    0.000357    2.687455 v gpio_out[18] (out)
                                              2.687455   data arrival time

                                 25.000000   25.000000   clock gpio_in[38] (rise edge)
                                  0.000000   25.000000   clock network delay (propagated)
                                 -0.250000   24.750000   clock uncertainty
                                  0.000000   24.750000   clock reconvergence pessimism
                                 -5.000000   19.750000   output external delay
                                             19.750000   data required time
---------------------------------------------------------------------------------------------
                                             19.750000   data required time
                                             -2.687455   data arrival time
---------------------------------------------------------------------------------------------
                                             17.062544   slack (MET)


Startpoint: _102_ (rising edge-triggered flip-flop clocked by gpio_in[38])
Endpoint: gpio_out[33] (output port clocked by gpio_in[38])
Path Group: gpio_in[38]
Path Type: max

Fanout         Cap        Slew       Delay        Time   Description
---------------------------------------------------------------------------------------------
                                  0.000000    0.000000   clock gpio_in[38] (rise edge)
                                  0.000000    0.000000   clock source latency
     2    0.090833    0.654910    0.469484    0.469484 ^ gpio_in[38] (in)
                                                         gpio_in[38] (net)
                      0.657180    0.000000    0.469484 ^ clkbuf_0_gpio_in[38]/A (sky130_fd_sc_hd__clkbuf_16)
     5    0.060913    0.128177    0.516905    0.986389 ^ clkbuf_0_gpio_in[38]/X (sky130_fd_sc_hd__clkbuf_16)
                                                         clknet_0_gpio_in[38] (net)
                      0.128309    0.003698    0.990087 ^ clkbuf_1_0__f_gpio_in[38]/A (sky130_fd_sc_hd__clkbuf_16)
    25    0.077426    0.144997    0.312070    1.302158 ^ clkbuf_1_0__f_gpio_in[38]/X (sky130_fd_sc_hd__clkbuf_16)
                                                         clknet_1_0__leaf_gpio_in[38] (net)
                      0.147082    0.013597    1.315754 ^ _102_/CLK (sky130_fd_sc_hd__dfrtp_1)
     3    0.008061    0.120740    0.820884    2.136638 v _102_/Q (sky130_fd_sc_hd__dfrtp_1)
                                                         gpio_22_37_output[33].cfg.gpio_out_val (net)
                      0.120740    0.000077    2.136715 v _674_/A (sky130_fd_sc_hd__clkbuf_1)
     1    0.003209    0.054665    0.187873    2.324588 v _674_/X (sky130_fd_sc_hd__clkbuf_1)
                                                         net23 (net)
                      0.054665    0.000044    2.324632 v output23/A (sky130_fd_sc_hd__buf_2)
     1    0.034256    0.165842    0.337727    2.662359 v output23/X (sky130_fd_sc_hd__buf_2)
                                                         gpio_out[33] (net)
                      0.165842    0.000345    2.662703 v gpio_out[33] (out)
                                              2.662703   data arrival time

                                 25.000000   25.000000   clock gpio_in[38] (rise edge)
                                  0.000000   25.000000   clock network delay (propagated)
                                 -0.250000   24.750000   clock uncertainty
                                  0.000000   24.750000   clock reconvergence pessimism
                                 -5.000000   19.750000   output external delay
                                             19.750000   data required time
---------------------------------------------------------------------------------------------
                                             19.750000   data required time
                                             -2.662703   data arrival time
---------------------------------------------------------------------------------------------
                                             17.087296   slack (MET)


Startpoint: _092_ (rising edge-triggered flip-flop clocked by gpio_in[38])
Endpoint: gpio_out[23] (output port clocked by gpio_in[38])
Path Group: gpio_in[38]
Path Type: max

Fanout         Cap        Slew       Delay        Time   Description
---------------------------------------------------------------------------------------------
                                  0.000000    0.000000   clock gpio_in[38] (rise edge)
                                  0.000000    0.000000   clock source latency
     2    0.090833    0.654910    0.469484    0.469484 ^ gpio_in[38] (in)
                                                         gpio_in[38] (net)
                      0.657180    0.000000    0.469484 ^ clkbuf_0_gpio_in[38]/A (sky130_fd_sc_hd__clkbuf_16)
     5    0.060913    0.128177    0.516905    0.986389 ^ clkbuf_0_gpio_in[38]/X (sky130_fd_sc_hd__clkbuf_16)
                                                         clknet_0_gpio_in[38] (net)
                      0.128299    0.003586    0.989975 ^ clkbuf_1_1__f_gpio_in[38]/A (sky130_fd_sc_hd__clkbuf_16)
    19    0.066387    0.129561    0.302899    1.292873 ^ clkbuf_1_1__f_gpio_in[38]/X (sky130_fd_sc_hd__clkbuf_16)
                                                         clknet_1_1__leaf_gpio_in[38] (net)
                      0.130666    0.009268    1.302141 ^ _092_/CLK (sky130_fd_sc_hd__dfrtp_1)
     3    0.009631    0.134872    0.827750    2.129891 v _092_/Q (sky130_fd_sc_hd__dfrtp_1)
                                                         gpio_22_37_output[23].cfg.gpio_out_val (net)
                      0.134872    0.000152    2.130043 v _664_/A (sky130_fd_sc_hd__clkbuf_1)
     1    0.002103    0.043825    0.183910    2.313953 v _664_/X (sky130_fd_sc_hd__clkbuf_1)
                                                         net12 (net)
                      0.043825    0.000020    2.313974 v output12/A (sky130_fd_sc_hd__buf_2)
     1    0.034420    0.166567    0.333233    2.647207 v output12/X (sky130_fd_sc_hd__buf_2)
                                                         gpio_out[23] (net)
                      0.166567    0.000418    2.647625 v gpio_out[23] (out)
                                              2.647625   data arrival time

                                 25.000000   25.000000   clock gpio_in[38] (rise edge)
                                  0.000000   25.000000   clock network delay (propagated)
                                 -0.250000   24.750000   clock uncertainty
                                  0.000000   24.750000   clock reconvergence pessimism
                                 -5.000000   19.750000   output external delay
                                             19.750000   data required time
---------------------------------------------------------------------------------------------
                                             19.750000   data required time
                                             -2.647625   data arrival time
---------------------------------------------------------------------------------------------
                                             17.102375   slack (MET)


Startpoint: _098_ (rising edge-triggered flip-flop clocked by gpio_in[38])
Endpoint: gpio_out[29] (output port clocked by gpio_in[38])
Path Group: gpio_in[38]
Path Type: max

Fanout         Cap        Slew       Delay        Time   Description
---------------------------------------------------------------------------------------------
                                  0.000000    0.000000   clock gpio_in[38] (rise edge)
                                  0.000000    0.000000   clock source latency
     2    0.090833    0.654910    0.469484    0.469484 ^ gpio_in[38] (in)
                                                         gpio_in[38] (net)
                      0.657180    0.000000    0.469484 ^ clkbuf_0_gpio_in[38]/A (sky130_fd_sc_hd__clkbuf_16)
     5    0.060913    0.128177    0.516905    0.986389 ^ clkbuf_0_gpio_in[38]/X (sky130_fd_sc_hd__clkbuf_16)
                                                         clknet_0_gpio_in[38] (net)
                      0.128309    0.003698    0.990087 ^ clkbuf_1_0__f_gpio_in[38]/A (sky130_fd_sc_hd__clkbuf_16)
    25    0.077426    0.144997    0.312070    1.302158 ^ clkbuf_1_0__f_gpio_in[38]/X (sky130_fd_sc_hd__clkbuf_16)
                                                         clknet_1_0__leaf_gpio_in[38] (net)
                      0.146733    0.012387    1.314545 ^ _098_/CLK (sky130_fd_sc_hd__dfrtp_1)
     2    0.005518    0.099502    0.797342    2.111887 v _098_/Q (sky130_fd_sc_hd__dfrtp_1)
                                                         gpio_22_37_output[29].cfg.gpio_out_val (net)
                      0.099502    0.000048    2.111934 v _670_/A (sky130_fd_sc_hd__clkbuf_1)
     1    0.004161    0.063960    0.186818    2.298753 v _670_/X (sky130_fd_sc_hd__clkbuf_1)
                                                         net18 (net)
                      0.063960    0.000073    2.298826 v output18/A (sky130_fd_sc_hd__buf_2)
     1    0.034256    0.165797    0.341987    2.640812 v output18/X (sky130_fd_sc_hd__buf_2)
                                                         gpio_out[29] (net)
                      0.165797    0.000345    2.641157 v gpio_out[29] (out)
                                              2.641157   data arrival time

                                 25.000000   25.000000   clock gpio_in[38] (rise edge)
                                  0.000000   25.000000   clock network delay (propagated)
                                 -0.250000   24.750000   clock uncertainty
                                  0.000000   24.750000   clock reconvergence pessimism
                                 -5.000000   19.750000   output external delay
                                             19.750000   data required time
---------------------------------------------------------------------------------------------
                                             19.750000   data required time
                                             -2.641157   data arrival time
---------------------------------------------------------------------------------------------
                                             17.108843   slack (MET)


Startpoint: _089_ (rising edge-triggered flip-flop clocked by gpio_in[38])
Endpoint: gpio_out[20] (output port clocked by gpio_in[38])
Path Group: gpio_in[38]
Path Type: max

Fanout         Cap        Slew       Delay        Time   Description
---------------------------------------------------------------------------------------------
                                  0.000000    0.000000   clock gpio_in[38] (rise edge)
                                  0.000000    0.000000   clock source latency
     2    0.090833    0.654910    0.469484    0.469484 ^ gpio_in[38] (in)
                                                         gpio_in[38] (net)
                      0.657180    0.000000    0.469484 ^ clkbuf_0_gpio_in[38]/A (sky130_fd_sc_hd__clkbuf_16)
     5    0.060913    0.128177    0.516905    0.986389 ^ clkbuf_0_gpio_in[38]/X (sky130_fd_sc_hd__clkbuf_16)
                                                         clknet_0_gpio_in[38] (net)
                      0.128309    0.003698    0.990087 ^ clkbuf_1_0__f_gpio_in[38]/A (sky130_fd_sc_hd__clkbuf_16)
    25    0.077426    0.144997    0.312070    1.302158 ^ clkbuf_1_0__f_gpio_in[38]/X (sky130_fd_sc_hd__clkbuf_16)
                                                         clknet_1_0__leaf_gpio_in[38] (net)
                      0.147027    0.013413    1.315570 ^ _089_/CLK (sky130_fd_sc_hd__dfrtp_1)
     3    0.007715    0.117741    0.817681    2.133251 v _089_/Q (sky130_fd_sc_hd__dfrtp_1)
                                                         gpio_18_21_bidir[20].cfg.gpio_out_val (net)
                      0.117741    0.000079    2.133330 v _661_/A (sky130_fd_sc_hd__clkbuf_1)
     1    0.002002    0.042776    0.174791    2.308121 v _661_/X (sky130_fd_sc_hd__clkbuf_1)
                                                         net9 (net)
                      0.042776    0.000018    2.308139 v output9/A (sky130_fd_sc_hd__buf_2)
     1    0.034256    0.165900    0.332278    2.640417 v output9/X (sky130_fd_sc_hd__buf_2)
                                                         gpio_out[20] (net)
                      0.165900    0.000345    2.640761 v gpio_out[20] (out)
                                              2.640761   data arrival time

                                 25.000000   25.000000   clock gpio_in[38] (rise edge)
                                  0.000000   25.000000   clock network delay (propagated)
                                 -0.250000   24.750000   clock uncertainty
                                  0.000000   24.750000   clock reconvergence pessimism
                                 -5.000000   19.750000   output external delay
                                             19.750000   data required time
---------------------------------------------------------------------------------------------
                                             19.750000   data required time
                                             -2.640761   data arrival time
---------------------------------------------------------------------------------------------
                                             17.109240   slack (MET)


Startpoint: _089_ (rising edge-triggered flip-flop clocked by gpio_in[38])
Endpoint: gpio_out[4] (output port clocked by gpio_in[38])
Path Group: gpio_in[38]
Path Type: max

Fanout         Cap        Slew       Delay        Time   Description
---------------------------------------------------------------------------------------------
                                  0.000000    0.000000   clock gpio_in[38] (rise edge)
                                  0.000000    0.000000   clock source latency
     2    0.090833    0.654910    0.469484    0.469484 ^ gpio_in[38] (in)
                                                         gpio_in[38] (net)
                      0.657180    0.000000    0.469484 ^ clkbuf_0_gpio_in[38]/A (sky130_fd_sc_hd__clkbuf_16)
     5    0.060913    0.128177    0.516905    0.986389 ^ clkbuf_0_gpio_in[38]/X (sky130_fd_sc_hd__clkbuf_16)
                                                         clknet_0_gpio_in[38] (net)
                      0.128309    0.003698    0.990087 ^ clkbuf_1_0__f_gpio_in[38]/A (sky130_fd_sc_hd__clkbuf_16)
    25    0.077426    0.144997    0.312070    1.302158 ^ clkbuf_1_0__f_gpio_in[38]/X (sky130_fd_sc_hd__clkbuf_16)
                                                         clknet_1_0__leaf_gpio_in[38] (net)
                      0.147027    0.013413    1.315570 ^ _089_/CLK (sky130_fd_sc_hd__dfrtp_1)
     3    0.007715    0.117741    0.817681    2.133251 v _089_/Q (sky130_fd_sc_hd__dfrtp_1)
                                                         gpio_18_21_bidir[20].cfg.gpio_out_val (net)
                      0.117741    0.000077    2.133328 v _657_/A (sky130_fd_sc_hd__clkbuf_1)
     1    0.001998    0.042740    0.174753    2.308081 v _657_/X (sky130_fd_sc_hd__clkbuf_1)
                                                         net29 (net)
                      0.042740    0.000018    2.308099 v output29/A (sky130_fd_sc_hd__buf_2)
     1    0.034256    0.165900    0.332261    2.640360 v output29/X (sky130_fd_sc_hd__buf_2)
                                                         gpio_out[4] (net)
                      0.165900    0.000345    2.640705 v gpio_out[4] (out)
                                              2.640705   data arrival time

                                 25.000000   25.000000   clock gpio_in[38] (rise edge)
                                  0.000000   25.000000   clock network delay (propagated)
                                 -0.250000   24.750000   clock uncertainty
                                  0.000000   24.750000   clock reconvergence pessimism
                                 -5.000000   19.750000   output external delay
                                             19.750000   data required time
---------------------------------------------------------------------------------------------
                                             19.750000   data required time
                                             -2.640705   data arrival time
---------------------------------------------------------------------------------------------
                                             17.109295   slack (MET)


Startpoint: _090_ (rising edge-triggered flip-flop clocked by gpio_in[38])
Endpoint: gpio_out[21] (output port clocked by gpio_in[38])
Path Group: gpio_in[38]
Path Type: max

Fanout         Cap        Slew       Delay        Time   Description
---------------------------------------------------------------------------------------------
                                  0.000000    0.000000   clock gpio_in[38] (rise edge)
                                  0.000000    0.000000   clock source latency
     2    0.090833    0.654910    0.469484    0.469484 ^ gpio_in[38] (in)
                                                         gpio_in[38] (net)
                      0.657180    0.000000    0.469484 ^ clkbuf_0_gpio_in[38]/A (sky130_fd_sc_hd__clkbuf_16)
     5    0.060913    0.128177    0.516905    0.986389 ^ clkbuf_0_gpio_in[38]/X (sky130_fd_sc_hd__clkbuf_16)
                                                         clknet_0_gpio_in[38] (net)
                      0.128309    0.003698    0.990087 ^ clkbuf_1_0__f_gpio_in[38]/A (sky130_fd_sc_hd__clkbuf_16)
    25    0.077426    0.144997    0.312070    1.302158 ^ clkbuf_1_0__f_gpio_in[38]/X (sky130_fd_sc_hd__clkbuf_16)
                                                         clknet_1_0__leaf_gpio_in[38] (net)
                      0.146973    0.013231    1.315388 ^ _090_/CLK (sky130_fd_sc_hd__dfrtp_1)
     3    0.007164    0.113018    0.812581    2.127970 v _090_/Q (sky130_fd_sc_hd__dfrtp_1)
                                                         gpio_18_21_bidir[21].cfg.gpio_out_val (net)
                      0.113018    0.000091    2.128060 v _662_/A (sky130_fd_sc_hd__clkbuf_1)
     1    0.001756    0.041604    0.170177    2.298237 v _662_/X (sky130_fd_sc_hd__clkbuf_1)
                                                         net10 (net)
                      0.041604    0.000007    2.298244 v output10/A (sky130_fd_sc_hd__buf_2)
     1    0.034256    0.165906    0.331740    2.629985 v output10/X (sky130_fd_sc_hd__buf_2)
                                                         gpio_out[21] (net)
                      0.165906    0.000345    2.630329 v gpio_out[21] (out)
                                              2.630329   data arrival time

                                 25.000000   25.000000   clock gpio_in[38] (rise edge)
                                  0.000000   25.000000   clock network delay (propagated)
                                 -0.250000   24.750000   clock uncertainty
                                  0.000000   24.750000   clock reconvergence pessimism
                                 -5.000000   19.750000   output external delay
                                             19.750000   data required time
---------------------------------------------------------------------------------------------
                                             19.750000   data required time
                                             -2.630329   data arrival time
---------------------------------------------------------------------------------------------
                                             17.119669   slack (MET)


Startpoint: _091_ (rising edge-triggered flip-flop clocked by gpio_in[38])
Endpoint: gpio_out[22] (output port clocked by gpio_in[38])
Path Group: gpio_in[38]
Path Type: max

Fanout         Cap        Slew       Delay        Time   Description
---------------------------------------------------------------------------------------------
                                  0.000000    0.000000   clock gpio_in[38] (rise edge)
                                  0.000000    0.000000   clock source latency
     2    0.090833    0.654910    0.469484    0.469484 ^ gpio_in[38] (in)
                                                         gpio_in[38] (net)
                      0.657180    0.000000    0.469484 ^ clkbuf_0_gpio_in[38]/A (sky130_fd_sc_hd__clkbuf_16)
     5    0.060913    0.128177    0.516905    0.986389 ^ clkbuf_0_gpio_in[38]/X (sky130_fd_sc_hd__clkbuf_16)
                                                         clknet_0_gpio_in[38] (net)
                      0.128299    0.003586    0.989975 ^ clkbuf_1_1__f_gpio_in[38]/A (sky130_fd_sc_hd__clkbuf_16)
    19    0.066387    0.129561    0.302899    1.292873 ^ clkbuf_1_1__f_gpio_in[38]/X (sky130_fd_sc_hd__clkbuf_16)
                                                         clknet_1_1__leaf_gpio_in[38] (net)
                      0.130666    0.009268    1.302141 ^ _091_/CLK (sky130_fd_sc_hd__dfrtp_1)
     3    0.007979    0.119978    0.812587    2.114728 v _091_/Q (sky130_fd_sc_hd__dfrtp_1)
                                                         gpio_22_37_output[22].cfg.gpio_out_val (net)
                      0.119978    0.000060    2.114788 v _663_/A (sky130_fd_sc_hd__clkbuf_1)
     1    0.002047    0.043215    0.176293    2.291081 v _663_/X (sky130_fd_sc_hd__clkbuf_1)
                                                         net11 (net)
                      0.043215    0.000020    2.291100 v output11/A (sky130_fd_sc_hd__buf_2)
     1    0.034382    0.166416    0.332840    2.623941 v output11/X (sky130_fd_sc_hd__buf_2)
                                                         gpio_out[22] (net)
                      0.166416    0.000406    2.624346 v gpio_out[22] (out)
                                              2.624346   data arrival time

                                 25.000000   25.000000   clock gpio_in[38] (rise edge)
                                  0.000000   25.000000   clock network delay (propagated)
                                 -0.250000   24.750000   clock uncertainty
                                  0.000000   24.750000   clock reconvergence pessimism
                                 -5.000000   19.750000   output external delay
                                             19.750000   data required time
---------------------------------------------------------------------------------------------
                                             19.750000   data required time
                                             -2.624346   data arrival time
---------------------------------------------------------------------------------------------
                                             17.125652   slack (MET)


Startpoint: _094_ (rising edge-triggered flip-flop clocked by gpio_in[38])
Endpoint: gpio_out[25] (output port clocked by gpio_in[38])
Path Group: gpio_in[38]
Path Type: max

Fanout         Cap        Slew       Delay        Time   Description
---------------------------------------------------------------------------------------------
                                  0.000000    0.000000   clock gpio_in[38] (rise edge)
                                  0.000000    0.000000   clock source latency
     2    0.090833    0.654910    0.469484    0.469484 ^ gpio_in[38] (in)
                                                         gpio_in[38] (net)
                      0.657180    0.000000    0.469484 ^ clkbuf_0_gpio_in[38]/A (sky130_fd_sc_hd__clkbuf_16)
     5    0.060913    0.128177    0.516905    0.986389 ^ clkbuf_0_gpio_in[38]/X (sky130_fd_sc_hd__clkbuf_16)
                                                         clknet_0_gpio_in[38] (net)
                      0.128299    0.003586    0.989975 ^ clkbuf_1_1__f_gpio_in[38]/A (sky130_fd_sc_hd__clkbuf_16)
    19    0.066387    0.129561    0.302899    1.292873 ^ clkbuf_1_1__f_gpio_in[38]/X (sky130_fd_sc_hd__clkbuf_16)
                                                         clknet_1_1__leaf_gpio_in[38] (net)
                      0.130655    0.009220    1.302093 ^ _094_/CLK (sky130_fd_sc_hd__dfrtp_1)
     3    0.006970    0.111329    0.803298    2.105391 v _094_/Q (sky130_fd_sc_hd__dfrtp_1)
                                                         gpio_22_37_output[25].cfg.gpio_out_val (net)
                      0.111329    0.000050    2.105441 v _666_/A (sky130_fd_sc_hd__clkbuf_1)
     1    0.002159    0.044228    0.173263    2.278704 v _666_/X (sky130_fd_sc_hd__clkbuf_1)
                                                         net14 (net)
                      0.044228    0.000022    2.278726 v output14/A (sky130_fd_sc_hd__buf_2)
     1    0.034464    0.166739    0.333555    2.612281 v output14/X (sky130_fd_sc_hd__buf_2)
                                                         gpio_out[25] (net)
                      0.166739    0.000420    2.612701 v gpio_out[25] (out)
                                              2.612701   data arrival time

                                 25.000000   25.000000   clock gpio_in[38] (rise edge)
                                  0.000000   25.000000   clock network delay (propagated)
                                 -0.250000   24.750000   clock uncertainty
                                  0.000000   24.750000   clock reconvergence pessimism
                                 -5.000000   19.750000   output external delay
                                             19.750000   data required time
---------------------------------------------------------------------------------------------
                                             19.750000   data required time
                                             -2.612701   data arrival time
---------------------------------------------------------------------------------------------
                                             17.137299   slack (MET)


Startpoint: _106_ (rising edge-triggered flip-flop clocked by gpio_in[38])
Endpoint: gpio_out[37] (output port clocked by gpio_in[38])
Path Group: gpio_in[38]
Path Type: max

Fanout         Cap        Slew       Delay        Time   Description
---------------------------------------------------------------------------------------------
                                  0.000000    0.000000   clock gpio_in[38] (rise edge)
                                  0.000000    0.000000   clock source latency
     2    0.090833    0.654910    0.469484    0.469484 ^ gpio_in[38] (in)
                                                         gpio_in[38] (net)
                      0.657180    0.000000    0.469484 ^ clkbuf_0_gpio_in[38]/A (sky130_fd_sc_hd__clkbuf_16)
     5    0.060913    0.128177    0.516905    0.986389 ^ clkbuf_0_gpio_in[38]/X (sky130_fd_sc_hd__clkbuf_16)
                                                         clknet_0_gpio_in[38] (net)
                      0.128299    0.003586    0.989975 ^ clkbuf_1_1__f_gpio_in[38]/A (sky130_fd_sc_hd__clkbuf_16)
    19    0.066387    0.129561    0.302899    1.292873 ^ clkbuf_1_1__f_gpio_in[38]/X (sky130_fd_sc_hd__clkbuf_16)
                                                         clknet_1_1__leaf_gpio_in[38] (net)
                      0.130562    0.008795    1.301668 ^ _106_/CLK (sky130_fd_sc_hd__dfrtp_1)
     2    0.005407    0.098611    0.788866    2.090534 v _106_/Q (sky130_fd_sc_hd__dfrtp_1)
                                                         gpio_22_37_output[37].cfg.gpio_out_val (net)
                      0.098611    0.000071    2.090606 v _678_/A (sky130_fd_sc_hd__clkbuf_1)
     1    0.001795    0.040730    0.163713    2.254319 v _678_/X (sky130_fd_sc_hd__clkbuf_1)
                                                         net27 (net)
                      0.040730    0.000015    2.254333 v output27/A (sky130_fd_sc_hd__buf_2)
     1    0.034420    0.166582    0.331815    2.586148 v output27/X (sky130_fd_sc_hd__buf_2)
                                                         gpio_out[37] (net)
                      0.166582    0.000418    2.586566 v gpio_out[37] (out)
                                              2.586566   data arrival time

                                 25.000000   25.000000   clock gpio_in[38] (rise edge)
                                  0.000000   25.000000   clock network delay (propagated)
                                 -0.250000   24.750000   clock uncertainty
                                  0.000000   24.750000   clock reconvergence pessimism
                                 -5.000000   19.750000   output external delay
                                             19.750000   data required time
---------------------------------------------------------------------------------------------
                                             19.750000   data required time
                                             -2.586566   data arrival time
---------------------------------------------------------------------------------------------
                                             17.163433   slack (MET)


Startpoint: _087_ (rising edge-triggered flip-flop clocked by gpio_in[38])
Endpoint: _106_ (rising edge-triggered flip-flop clocked by gpio_in[38])
Path Group: gpio_in[38]
Path Type: max

Fanout         Cap        Slew       Delay        Time   Description
---------------------------------------------------------------------------------------------
                                  0.000000    0.000000   clock gpio_in[38] (rise edge)
                                  0.000000    0.000000   clock source latency
     2    0.090833    0.654910    0.469484    0.469484 ^ gpio_in[38] (in)
                                                         gpio_in[38] (net)
                      0.657180    0.000000    0.469484 ^ clkbuf_0_gpio_in[38]/A (sky130_fd_sc_hd__clkbuf_16)
     5    0.060913    0.128177    0.516905    0.986389 ^ clkbuf_0_gpio_in[38]/X (sky130_fd_sc_hd__clkbuf_16)
                                                         clknet_0_gpio_in[38] (net)
                      0.128309    0.003698    0.990087 ^ clkbuf_1_0__f_gpio_in[38]/A (sky130_fd_sc_hd__clkbuf_16)
    25    0.077426    0.144997    0.312070    1.302158 ^ clkbuf_1_0__f_gpio_in[38]/X (sky130_fd_sc_hd__clkbuf_16)
                                                         clknet_1_0__leaf_gpio_in[38] (net)
                      0.146848    0.012796    1.314953 ^ _087_/CLK (sky130_fd_sc_hd__dfrtp_2)
     3    0.008980    0.111343    0.759471    2.074424 ^ _087_/Q (sky130_fd_sc_hd__dfrtp_2)
                                                         gpio_18_21_bidir[18].cfg.gpio_out_val (net)
                      0.111343    0.000055    2.074479 ^ hold3/A (sky130_fd_sc_hd__dlygate4sd3_1)
     5    0.019357    0.317760    1.252473    3.326951 ^ hold3/X (sky130_fd_sc_hd__dlygate4sd3_1)
                                                         net578 (net)
                      0.317760    0.000179    3.327130 ^ _049_/A (sky130_fd_sc_hd__and4_4)
    17    0.123698    0.598790    0.988824    4.315954 ^ _049_/X (sky130_fd_sc_hd__and4_4)
                                                         _022_ (net)
                      0.598802    0.002347    4.318301 ^ _078_/A (sky130_fd_sc_hd__and4_4)
    11    0.111170    0.544161    1.057965    5.376266 ^ _078_/X (sky130_fd_sc_hd__and4_4)
                                                         _039_ (net)
                      0.550108    0.045172    5.421438 ^ _084_/D (sky130_fd_sc_hd__and4_1)
     1    0.006398    0.149341    0.582581    6.004018 ^ _084_/X (sky130_fd_sc_hd__and4_1)
                                                         _042_ (net)
                      0.149341    0.000095    6.004113 ^ _086_/B (sky130_fd_sc_hd__xor2_1)
     1    0.002203    0.090387    0.144314    6.148427 v _086_/X (sky130_fd_sc_hd__xor2_1)
                                                         _010_ (net)
                      0.090387    0.000013    6.148440 v hold2/A (sky130_fd_sc_hd__dlygate4sd3_1)
     1    0.002855    0.105997    1.133717    7.282157 v hold2/X (sky130_fd_sc_hd__dlygate4sd3_1)
                                                         net577 (net)
                      0.105997    0.000031    7.282188 v _106_/D (sky130_fd_sc_hd__dfrtp_1)
                                              7.282188   data arrival time

                                 25.000000   25.000000   clock gpio_in[38] (rise edge)
                                  0.000000   25.000000   clock source latency
     2    0.090833    0.654910    0.469484   25.469482 ^ gpio_in[38] (in)
                                                         gpio_in[38] (net)
                      0.657180    0.000000   25.469482 ^ clkbuf_0_gpio_in[38]/A (sky130_fd_sc_hd__clkbuf_16)
     5    0.060913    0.128177    0.516904   25.986387 ^ clkbuf_0_gpio_in[38]/X (sky130_fd_sc_hd__clkbuf_16)
                                                         clknet_0_gpio_in[38] (net)
                      0.128299    0.003586   25.989973 ^ clkbuf_1_1__f_gpio_in[38]/A (sky130_fd_sc_hd__clkbuf_16)
    19    0.066387    0.129561    0.302899   26.292873 ^ clkbuf_1_1__f_gpio_in[38]/X (sky130_fd_sc_hd__clkbuf_16)
                                                         clknet_1_1__leaf_gpio_in[38] (net)
                      0.130562    0.008795   26.301668 ^ _106_/CLK (sky130_fd_sc_hd__dfrtp_1)
                                 -0.250000   26.051668   clock uncertainty
                                  0.000000   26.051668   clock reconvergence pessimism
                                 -0.275421   25.776247   library setup time
                                             25.776247   data required time
---------------------------------------------------------------------------------------------
                                             25.776247   data required time
                                             -7.282188   data arrival time
---------------------------------------------------------------------------------------------
                                             18.494061   slack (MET)


Startpoint: _087_ (rising edge-triggered flip-flop clocked by gpio_in[38])
Endpoint: _105_ (rising edge-triggered flip-flop clocked by gpio_in[38])
Path Group: gpio_in[38]
Path Type: max

Fanout         Cap        Slew       Delay        Time   Description
---------------------------------------------------------------------------------------------
                                  0.000000    0.000000   clock gpio_in[38] (rise edge)
                                  0.000000    0.000000   clock source latency
     2    0.090833    0.654910    0.469484    0.469484 ^ gpio_in[38] (in)
                                                         gpio_in[38] (net)
                      0.657180    0.000000    0.469484 ^ clkbuf_0_gpio_in[38]/A (sky130_fd_sc_hd__clkbuf_16)
     5    0.060913    0.128177    0.516905    0.986389 ^ clkbuf_0_gpio_in[38]/X (sky130_fd_sc_hd__clkbuf_16)
                                                         clknet_0_gpio_in[38] (net)
                      0.128309    0.003698    0.990087 ^ clkbuf_1_0__f_gpio_in[38]/A (sky130_fd_sc_hd__clkbuf_16)
    25    0.077426    0.144997    0.312070    1.302158 ^ clkbuf_1_0__f_gpio_in[38]/X (sky130_fd_sc_hd__clkbuf_16)
                                                         clknet_1_0__leaf_gpio_in[38] (net)
                      0.146848    0.012796    1.314953 ^ _087_/CLK (sky130_fd_sc_hd__dfrtp_2)
     3    0.008980    0.111343    0.759471    2.074424 ^ _087_/Q (sky130_fd_sc_hd__dfrtp_2)
                                                         gpio_18_21_bidir[18].cfg.gpio_out_val (net)
                      0.111343    0.000055    2.074479 ^ hold3/A (sky130_fd_sc_hd__dlygate4sd3_1)
     5    0.019357    0.317760    1.252473    3.326951 ^ hold3/X (sky130_fd_sc_hd__dlygate4sd3_1)
                                                         net578 (net)
                      0.317760    0.000179    3.327130 ^ _049_/A (sky130_fd_sc_hd__and4_4)
    17    0.123698    0.598790    0.988824    4.315954 ^ _049_/X (sky130_fd_sc_hd__and4_4)
                                                         _022_ (net)
                      0.598802    0.002347    4.318301 ^ _078_/A (sky130_fd_sc_hd__and4_4)
    11    0.111170    0.544161    1.057965    5.376266 ^ _078_/X (sky130_fd_sc_hd__and4_4)
                                                         _039_ (net)
                      0.550102    0.045148    5.421414 ^ _082_/C (sky130_fd_sc_hd__and3_1)
     2    0.010167    0.187321    0.539768    5.961183 ^ _082_/X (sky130_fd_sc_hd__and3_1)
                                                         _041_ (net)
                      0.187321    0.000136    5.961318 ^ _085_/B (sky130_fd_sc_hd__xor2_1)
     1    0.002000    0.091148    0.157700    6.119019 v _085_/X (sky130_fd_sc_hd__xor2_1)
                                                         _009_ (net)
                      0.091148    0.000011    6.119030 v hold5/A (sky130_fd_sc_hd__dlygate4sd3_1)
     1    0.002724    0.104933    1.131866    7.250896 v hold5/X (sky130_fd_sc_hd__dlygate4sd3_1)
                                                         net580 (net)
                      0.104933    0.000033    7.250929 v _105_/D (sky130_fd_sc_hd__dfrtp_1)
                                              7.250929   data arrival time

                                 25.000000   25.000000   clock gpio_in[38] (rise edge)
                                  0.000000   25.000000   clock source latency
     2    0.090833    0.654910    0.469484   25.469482 ^ gpio_in[38] (in)
                                                         gpio_in[38] (net)
                      0.657180    0.000000   25.469482 ^ clkbuf_0_gpio_in[38]/A (sky130_fd_sc_hd__clkbuf_16)
     5    0.060913    0.128177    0.516904   25.986387 ^ clkbuf_0_gpio_in[38]/X (sky130_fd_sc_hd__clkbuf_16)
                                                         clknet_0_gpio_in[38] (net)
                      0.128299    0.003586   25.989973 ^ clkbuf_1_1__f_gpio_in[38]/A (sky130_fd_sc_hd__clkbuf_16)
    19    0.066387    0.129561    0.302899   26.292873 ^ clkbuf_1_1__f_gpio_in[38]/X (sky130_fd_sc_hd__clkbuf_16)
                                                         clknet_1_1__leaf_gpio_in[38] (net)
                      0.130568    0.008823   26.301695 ^ _105_/CLK (sky130_fd_sc_hd__dfrtp_1)
                                 -0.250000   26.051697   clock uncertainty
                                  0.000000   26.051697   clock reconvergence pessimism
                                 -0.274976   25.776720   library setup time
                                             25.776720   data required time
---------------------------------------------------------------------------------------------
                                             25.776720   data required time
                                             -7.250929   data arrival time
---------------------------------------------------------------------------------------------
                                             18.525791   slack (MET)


Startpoint: _087_ (rising edge-triggered flip-flop clocked by gpio_in[38])
Endpoint: _097_ (rising edge-triggered flip-flop clocked by gpio_in[38])
Path Group: gpio_in[38]
Path Type: max

Fanout         Cap        Slew       Delay        Time   Description
---------------------------------------------------------------------------------------------
                                  0.000000    0.000000   clock gpio_in[38] (rise edge)
                                  0.000000    0.000000   clock source latency
     2    0.090833    0.654910    0.469484    0.469484 ^ gpio_in[38] (in)
                                                         gpio_in[38] (net)
                      0.657180    0.000000    0.469484 ^ clkbuf_0_gpio_in[38]/A (sky130_fd_sc_hd__clkbuf_16)
     5    0.060913    0.128177    0.516905    0.986389 ^ clkbuf_0_gpio_in[38]/X (sky130_fd_sc_hd__clkbuf_16)
                                                         clknet_0_gpio_in[38] (net)
                      0.128309    0.003698    0.990087 ^ clkbuf_1_0__f_gpio_in[38]/A (sky130_fd_sc_hd__clkbuf_16)
    25    0.077426    0.144997    0.312070    1.302158 ^ clkbuf_1_0__f_gpio_in[38]/X (sky130_fd_sc_hd__clkbuf_16)
                                                         clknet_1_0__leaf_gpio_in[38] (net)
                      0.146848    0.012796    1.314953 ^ _087_/CLK (sky130_fd_sc_hd__dfrtp_2)
     3    0.008980    0.111343    0.759471    2.074424 ^ _087_/Q (sky130_fd_sc_hd__dfrtp_2)
                                                         gpio_18_21_bidir[18].cfg.gpio_out_val (net)
                      0.111343    0.000055    2.074479 ^ hold3/A (sky130_fd_sc_hd__dlygate4sd3_1)
     5    0.019357    0.317760    1.252473    3.326951 ^ hold3/X (sky130_fd_sc_hd__dlygate4sd3_1)
                                                         net578 (net)
                      0.317760    0.000179    3.327130 ^ _049_/A (sky130_fd_sc_hd__and4_4)
    17    0.123698    0.598790    0.988824    4.315954 ^ _049_/X (sky130_fd_sc_hd__and4_4)
                                                         _022_ (net)
                      0.604756    0.047649    4.363604 ^ _059_/A (sky130_fd_sc_hd__and2_4)
     9    0.106555    0.490606    0.820756    5.184360 ^ _059_/X (sky130_fd_sc_hd__and2_4)
                                                         _028_ (net)
                      0.495690    0.040000    5.224360 ^ _062_/C (sky130_fd_sc_hd__and3_1)
     2    0.007101    0.145473    0.487872    5.712231 ^ _062_/X (sky130_fd_sc_hd__and3_1)
                                                         _029_ (net)
                      0.145473    0.000060    5.712292 ^ _066_/B (sky130_fd_sc_hd__xor2_1)
     1    0.001677    0.084339    0.136589    5.848881 v _066_/X (sky130_fd_sc_hd__xor2_1)
                                                         _001_ (net)
                      0.084339    0.000014    5.848895 v hold7/A (sky130_fd_sc_hd__dlygate4sd3_1)
     1    0.002327    0.104455    1.121830    6.970724 v hold7/X (sky130_fd_sc_hd__dlygate4sd3_1)
                                                         net582 (net)
                      0.104455    0.000021    6.970745 v _097_/D (sky130_fd_sc_hd__dfrtp_1)
                                              6.970745   data arrival time

                                 25.000000   25.000000   clock gpio_in[38] (rise edge)
                                  0.000000   25.000000   clock source latency
     2    0.090833    0.654910    0.469484   25.469482 ^ gpio_in[38] (in)
                                                         gpio_in[38] (net)
                      0.657180    0.000000   25.469482 ^ clkbuf_0_gpio_in[38]/A (sky130_fd_sc_hd__clkbuf_16)
     5    0.060913    0.128177    0.516904   25.986387 ^ clkbuf_0_gpio_in[38]/X (sky130_fd_sc_hd__clkbuf_16)
                                                         clknet_0_gpio_in[38] (net)
                      0.128309    0.003698   25.990086 ^ clkbuf_1_0__f_gpio_in[38]/A (sky130_fd_sc_hd__clkbuf_16)
    25    0.077426    0.144997    0.312072   26.302158 ^ clkbuf_1_0__f_gpio_in[38]/X (sky130_fd_sc_hd__clkbuf_16)
                                                         clknet_1_0__leaf_gpio_in[38] (net)
                      0.146789    0.012587   26.314745 ^ _097_/CLK (sky130_fd_sc_hd__dfrtp_1)
                                 -0.250000   26.064745   clock uncertainty
                                  0.000000   26.064745   clock reconvergence pessimism
                                 -0.270450   25.794296   library setup time
                                             25.794296   data required time
---------------------------------------------------------------------------------------------
                                             25.794296   data required time
                                             -6.970745   data arrival time
---------------------------------------------------------------------------------------------
                                             18.823549   slack (MET)


Startpoint: _087_ (rising edge-triggered flip-flop clocked by gpio_in[38])
Endpoint: _102_ (rising edge-triggered flip-flop clocked by gpio_in[38])
Path Group: gpio_in[38]
Path Type: max

Fanout         Cap        Slew       Delay        Time   Description
---------------------------------------------------------------------------------------------
                                  0.000000    0.000000   clock gpio_in[38] (rise edge)
                                  0.000000    0.000000   clock source latency
     2    0.090833    0.654910    0.469484    0.469484 ^ gpio_in[38] (in)
                                                         gpio_in[38] (net)
                      0.657180    0.000000    0.469484 ^ clkbuf_0_gpio_in[38]/A (sky130_fd_sc_hd__clkbuf_16)
     5    0.060913    0.128177    0.516905    0.986389 ^ clkbuf_0_gpio_in[38]/X (sky130_fd_sc_hd__clkbuf_16)
                                                         clknet_0_gpio_in[38] (net)
                      0.128309    0.003698    0.990087 ^ clkbuf_1_0__f_gpio_in[38]/A (sky130_fd_sc_hd__clkbuf_16)
    25    0.077426    0.144997    0.312070    1.302158 ^ clkbuf_1_0__f_gpio_in[38]/X (sky130_fd_sc_hd__clkbuf_16)
                                                         clknet_1_0__leaf_gpio_in[38] (net)
                      0.146848    0.012796    1.314953 ^ _087_/CLK (sky130_fd_sc_hd__dfrtp_2)
     3    0.008980    0.111343    0.759471    2.074424 ^ _087_/Q (sky130_fd_sc_hd__dfrtp_2)
                                                         gpio_18_21_bidir[18].cfg.gpio_out_val (net)
                      0.111343    0.000055    2.074479 ^ hold3/A (sky130_fd_sc_hd__dlygate4sd3_1)
     5    0.019357    0.317760    1.252473    3.326951 ^ hold3/X (sky130_fd_sc_hd__dlygate4sd3_1)
                                                         net578 (net)
                      0.317760    0.000179    3.327130 ^ _049_/A (sky130_fd_sc_hd__and4_4)
    17    0.123698    0.598790    0.988824    4.315954 ^ _049_/X (sky130_fd_sc_hd__and4_4)
                                                         _022_ (net)
                      0.598802    0.002347    4.318301 ^ _078_/A (sky130_fd_sc_hd__and4_4)
    11    0.111170    0.544161    1.057965    5.376266 ^ _078_/X (sky130_fd_sc_hd__and4_4)
                                                         _039_ (net)
                      0.544164    0.001244    5.377510 ^ _079_/B1_N (sky130_fd_sc_hd__o21ba_1)
     1    0.002122    0.059702    0.422208    5.799719 v _079_/X (sky130_fd_sc_hd__o21ba_1)
                                                         _006_ (net)
                      0.059702    0.000012    5.799731 v hold9/A (sky130_fd_sc_hd__dlygate4sd3_1)
     1    0.002677    0.108527    1.116914    6.916645 v hold9/X (sky130_fd_sc_hd__dlygate4sd3_1)
                                                         net584 (net)
                      0.108527    0.000027    6.916671 v _102_/D (sky130_fd_sc_hd__dfrtp_1)
                                              6.916671   data arrival time

                                 25.000000   25.000000   clock gpio_in[38] (rise edge)
                                  0.000000   25.000000   clock source latency
     2    0.090833    0.654910    0.469484   25.469482 ^ gpio_in[38] (in)
                                                         gpio_in[38] (net)
                      0.657180    0.000000   25.469482 ^ clkbuf_0_gpio_in[38]/A (sky130_fd_sc_hd__clkbuf_16)
     5    0.060913    0.128177    0.516904   25.986387 ^ clkbuf_0_gpio_in[38]/X (sky130_fd_sc_hd__clkbuf_16)
                                                         clknet_0_gpio_in[38] (net)
                      0.128309    0.003698   25.990086 ^ clkbuf_1_0__f_gpio_in[38]/A (sky130_fd_sc_hd__clkbuf_16)
    25    0.077426    0.144997    0.312072   26.302158 ^ clkbuf_1_0__f_gpio_in[38]/X (sky130_fd_sc_hd__clkbuf_16)
                                                         clknet_1_0__leaf_gpio_in[38] (net)
                      0.147082    0.013596   26.315754 ^ _102_/CLK (sky130_fd_sc_hd__dfrtp_1)
                                 -0.250000   26.065754   clock uncertainty
                                  0.000000   26.065754   clock reconvergence pessimism
                                 -0.272068   25.793688   library setup time
                                             25.793688   data required time
---------------------------------------------------------------------------------------------
                                             25.793688   data required time
                                             -6.916671   data arrival time
---------------------------------------------------------------------------------------------
                                             18.877016   slack (MET)


Startpoint: _087_ (rising edge-triggered flip-flop clocked by gpio_in[38])
Endpoint: _098_ (rising edge-triggered flip-flop clocked by gpio_in[38])
Path Group: gpio_in[38]
Path Type: max

Fanout         Cap        Slew       Delay        Time   Description
---------------------------------------------------------------------------------------------
                                  0.000000    0.000000   clock gpio_in[38] (rise edge)
                                  0.000000    0.000000   clock source latency
     2    0.090833    0.654910    0.469484    0.469484 ^ gpio_in[38] (in)
                                                         gpio_in[38] (net)
                      0.657180    0.000000    0.469484 ^ clkbuf_0_gpio_in[38]/A (sky130_fd_sc_hd__clkbuf_16)
     5    0.060913    0.128177    0.516905    0.986389 ^ clkbuf_0_gpio_in[38]/X (sky130_fd_sc_hd__clkbuf_16)
                                                         clknet_0_gpio_in[38] (net)
                      0.128309    0.003698    0.990087 ^ clkbuf_1_0__f_gpio_in[38]/A (sky130_fd_sc_hd__clkbuf_16)
    25    0.077426    0.144997    0.312070    1.302158 ^ clkbuf_1_0__f_gpio_in[38]/X (sky130_fd_sc_hd__clkbuf_16)
                                                         clknet_1_0__leaf_gpio_in[38] (net)
                      0.146848    0.012796    1.314953 ^ _087_/CLK (sky130_fd_sc_hd__dfrtp_2)
     3    0.008980    0.111343    0.759471    2.074424 ^ _087_/Q (sky130_fd_sc_hd__dfrtp_2)
                                                         gpio_18_21_bidir[18].cfg.gpio_out_val (net)
                      0.111343    0.000055    2.074479 ^ hold3/A (sky130_fd_sc_hd__dlygate4sd3_1)
     5    0.019357    0.317760    1.252473    3.326951 ^ hold3/X (sky130_fd_sc_hd__dlygate4sd3_1)
                                                         net578 (net)
                      0.317760    0.000179    3.327130 ^ _049_/A (sky130_fd_sc_hd__and4_4)
    17    0.123698    0.598790    0.988824    4.315954 ^ _049_/X (sky130_fd_sc_hd__and4_4)
                                                         _022_ (net)
                      0.604756    0.047649    4.363604 ^ _059_/A (sky130_fd_sc_hd__and2_4)
     9    0.106555    0.490606    0.820756    5.184360 ^ _059_/X (sky130_fd_sc_hd__and2_4)
                                                         _028_ (net)
                      0.495675    0.039946    5.224306 ^ _065_/D (sky130_fd_sc_hd__and4_1)
     1    0.003076    0.108570    0.519159    5.743465 ^ _065_/X (sky130_fd_sc_hd__and4_1)
                                                         _031_ (net)
                      0.108570    0.000028    5.743494 ^ _069_/A2 (sky130_fd_sc_hd__o21ba_1)
     1    0.001737    0.062042    0.220521    5.964015 ^ _069_/X (sky130_fd_sc_hd__o21ba_1)
                                                         _002_ (net)
                      0.062042    0.000006    5.964021 ^ hold15/A (sky130_fd_sc_hd__dlygate4sd3_1)
     1    0.002588    0.089191    1.034105    6.998126 ^ hold15/X (sky130_fd_sc_hd__dlygate4sd3_1)
                                                         net590 (net)
                      0.089191    0.000025    6.998151 ^ _098_/D (sky130_fd_sc_hd__dfrtp_1)
                                              6.998151   data arrival time

                                 25.000000   25.000000   clock gpio_in[38] (rise edge)
                                  0.000000   25.000000   clock source latency
     2    0.090833    0.654910    0.469484   25.469482 ^ gpio_in[38] (in)
                                                         gpio_in[38] (net)
                      0.657180    0.000000   25.469482 ^ clkbuf_0_gpio_in[38]/A (sky130_fd_sc_hd__clkbuf_16)
     5    0.060913    0.128177    0.516904   25.986387 ^ clkbuf_0_gpio_in[38]/X (sky130_fd_sc_hd__clkbuf_16)
                                                         clknet_0_gpio_in[38] (net)
                      0.128309    0.003698   25.990086 ^ clkbuf_1_0__f_gpio_in[38]/A (sky130_fd_sc_hd__clkbuf_16)
    25    0.077426    0.144997    0.312072   26.302158 ^ clkbuf_1_0__f_gpio_in[38]/X (sky130_fd_sc_hd__clkbuf_16)
                                                         clknet_1_0__leaf_gpio_in[38] (net)
                      0.146733    0.012387   26.314545 ^ _098_/CLK (sky130_fd_sc_hd__dfrtp_1)
                                 -0.250000   26.064545   clock uncertainty
                                  0.000000   26.064545   clock reconvergence pessimism
                                 -0.124437   25.940107   library setup time
                                             25.940107   data required time
---------------------------------------------------------------------------------------------
                                             25.940107   data required time
                                             -6.998151   data arrival time
---------------------------------------------------------------------------------------------
                                             18.941956   slack (MET)


Startpoint: _087_ (rising edge-triggered flip-flop clocked by gpio_in[38])
Endpoint: _100_ (rising edge-triggered flip-flop clocked by gpio_in[38])
Path Group: gpio_in[38]
Path Type: max

Fanout         Cap        Slew       Delay        Time   Description
---------------------------------------------------------------------------------------------
                                  0.000000    0.000000   clock gpio_in[38] (rise edge)
                                  0.000000    0.000000   clock source latency
     2    0.090833    0.654910    0.469484    0.469484 ^ gpio_in[38] (in)
                                                         gpio_in[38] (net)
                      0.657180    0.000000    0.469484 ^ clkbuf_0_gpio_in[38]/A (sky130_fd_sc_hd__clkbuf_16)
     5    0.060913    0.128177    0.516905    0.986389 ^ clkbuf_0_gpio_in[38]/X (sky130_fd_sc_hd__clkbuf_16)
                                                         clknet_0_gpio_in[38] (net)
                      0.128309    0.003698    0.990087 ^ clkbuf_1_0__f_gpio_in[38]/A (sky130_fd_sc_hd__clkbuf_16)
    25    0.077426    0.144997    0.312070    1.302158 ^ clkbuf_1_0__f_gpio_in[38]/X (sky130_fd_sc_hd__clkbuf_16)
                                                         clknet_1_0__leaf_gpio_in[38] (net)
                      0.146848    0.012796    1.314953 ^ _087_/CLK (sky130_fd_sc_hd__dfrtp_2)
     3    0.008980    0.111343    0.759471    2.074424 ^ _087_/Q (sky130_fd_sc_hd__dfrtp_2)
                                                         gpio_18_21_bidir[18].cfg.gpio_out_val (net)
                      0.111343    0.000055    2.074479 ^ hold3/A (sky130_fd_sc_hd__dlygate4sd3_1)
     5    0.019357    0.317760    1.252473    3.326951 ^ hold3/X (sky130_fd_sc_hd__dlygate4sd3_1)
                                                         net578 (net)
                      0.317760    0.000179    3.327130 ^ _049_/A (sky130_fd_sc_hd__and4_4)
    17    0.123698    0.598790    0.988824    4.315954 ^ _049_/X (sky130_fd_sc_hd__and4_4)
                                                         _022_ (net)
                      0.598793    0.001103    4.317057 ^ _068_/A (sky130_fd_sc_hd__and3_1)
     5    0.015294    0.255690    0.623078    4.940134 ^ _068_/X (sky130_fd_sc_hd__and3_1)
                                                         _033_ (net)
                      0.255690    0.000183    4.940317 ^ _073_/C (sky130_fd_sc_hd__and3_1)
     2    0.007369    0.146914    0.421076    5.361393 ^ _073_/X (sky130_fd_sc_hd__and3_1)
                                                         _036_ (net)
                      0.146914    0.000048    5.361442 ^ _074_/B1_N (sky130_fd_sc_hd__o21ba_1)
     1    0.003384    0.069245    0.298607    5.660048 v _074_/X (sky130_fd_sc_hd__o21ba_1)
                                                         _004_ (net)
                      0.069245    0.000040    5.660089 v hold27/A (sky130_fd_sc_hd__dlygate4sd3_1)
     1    0.002242    0.103574    1.113647    6.773736 v hold27/X (sky130_fd_sc_hd__dlygate4sd3_1)
                                                         net602 (net)
                      0.103574    0.000020    6.773756 v _100_/D (sky130_fd_sc_hd__dfrtp_1)
                                              6.773756   data arrival time

                                 25.000000   25.000000   clock gpio_in[38] (rise edge)
                                  0.000000   25.000000   clock source latency
     2    0.090833    0.654910    0.469484   25.469482 ^ gpio_in[38] (in)
                                                         gpio_in[38] (net)
                      0.657180    0.000000   25.469482 ^ clkbuf_0_gpio_in[38]/A (sky130_fd_sc_hd__clkbuf_16)
     5    0.060913    0.128177    0.516904   25.986387 ^ clkbuf_0_gpio_in[38]/X (sky130_fd_sc_hd__clkbuf_16)
                                                         clknet_0_gpio_in[38] (net)
                      0.128309    0.003698   25.990086 ^ clkbuf_1_0__f_gpio_in[38]/A (sky130_fd_sc_hd__clkbuf_16)
    25    0.077426    0.144997    0.312072   26.302158 ^ clkbuf_1_0__f_gpio_in[38]/X (sky130_fd_sc_hd__clkbuf_16)
                                                         clknet_1_0__leaf_gpio_in[38] (net)
                      0.147110    0.013689   26.315845 ^ _100_/CLK (sky130_fd_sc_hd__dfrtp_1)
                                 -0.250000   26.065847   clock uncertainty
                                  0.000000   26.065847   clock reconvergence pessimism
                                 -0.269997   25.795849   library setup time
                                             25.795849   data required time
---------------------------------------------------------------------------------------------
                                             25.795849   data required time
                                             -6.773756   data arrival time
---------------------------------------------------------------------------------------------
                                             19.022093   slack (MET)


Startpoint: _087_ (rising edge-triggered flip-flop clocked by gpio_in[38])
Endpoint: _094_ (rising edge-triggered flip-flop clocked by gpio_in[38])
Path Group: gpio_in[38]
Path Type: max

Fanout         Cap        Slew       Delay        Time   Description
---------------------------------------------------------------------------------------------
                                  0.000000    0.000000   clock gpio_in[38] (rise edge)
                                  0.000000    0.000000   clock source latency
     2    0.090833    0.654910    0.469484    0.469484 ^ gpio_in[38] (in)
                                                         gpio_in[38] (net)
                      0.657180    0.000000    0.469484 ^ clkbuf_0_gpio_in[38]/A (sky130_fd_sc_hd__clkbuf_16)
     5    0.060913    0.128177    0.516905    0.986389 ^ clkbuf_0_gpio_in[38]/X (sky130_fd_sc_hd__clkbuf_16)
                                                         clknet_0_gpio_in[38] (net)
                      0.128309    0.003698    0.990087 ^ clkbuf_1_0__f_gpio_in[38]/A (sky130_fd_sc_hd__clkbuf_16)
    25    0.077426    0.144997    0.312070    1.302158 ^ clkbuf_1_0__f_gpio_in[38]/X (sky130_fd_sc_hd__clkbuf_16)
                                                         clknet_1_0__leaf_gpio_in[38] (net)
                      0.146848    0.012796    1.314953 ^ _087_/CLK (sky130_fd_sc_hd__dfrtp_2)
     3    0.008980    0.111343    0.759471    2.074424 ^ _087_/Q (sky130_fd_sc_hd__dfrtp_2)
                                                         gpio_18_21_bidir[18].cfg.gpio_out_val (net)
                      0.111343    0.000055    2.074479 ^ hold3/A (sky130_fd_sc_hd__dlygate4sd3_1)
     5    0.019357    0.317760    1.252473    3.326951 ^ hold3/X (sky130_fd_sc_hd__dlygate4sd3_1)
                                                         net578 (net)
                      0.317760    0.000179    3.327130 ^ _049_/A (sky130_fd_sc_hd__and4_4)
    17    0.123698    0.598790    0.988824    4.315954 ^ _049_/X (sky130_fd_sc_hd__and4_4)
                                                         _022_ (net)
                      0.604756    0.047649    4.363604 ^ _059_/A (sky130_fd_sc_hd__and2_4)
     9    0.106555    0.490606    0.820756    5.184360 ^ _059_/X (sky130_fd_sc_hd__and2_4)
                                                         _028_ (net)
                      0.490606    0.000282    5.184642 ^ _060_/B1_N (sky130_fd_sc_hd__o21ba_1)
     1    0.004158    0.076375    0.427049    5.611691 v _060_/X (sky130_fd_sc_hd__o21ba_1)
                                                         _017_ (net)
                      0.076375    0.000071    5.611762 v hold17/A (sky130_fd_sc_hd__dlygate4sd3_1)
     1    0.002552    0.103588    1.121928    6.733690 v hold17/X (sky130_fd_sc_hd__dlygate4sd3_1)
                                                         net592 (net)
                      0.103588    0.000028    6.733718 v _094_/D (sky130_fd_sc_hd__dfrtp_1)
                                              6.733718   data arrival time

                                 25.000000   25.000000   clock gpio_in[38] (rise edge)
                                  0.000000   25.000000   clock source latency
     2    0.090833    0.654910    0.469484   25.469482 ^ gpio_in[38] (in)
                                                         gpio_in[38] (net)
                      0.657180    0.000000   25.469482 ^ clkbuf_0_gpio_in[38]/A (sky130_fd_sc_hd__clkbuf_16)
     5    0.060913    0.128177    0.516904   25.986387 ^ clkbuf_0_gpio_in[38]/X (sky130_fd_sc_hd__clkbuf_16)
                                                         clknet_0_gpio_in[38] (net)
                      0.128299    0.003586   25.989973 ^ clkbuf_1_1__f_gpio_in[38]/A (sky130_fd_sc_hd__clkbuf_16)
    19    0.066387    0.129561    0.302899   26.292873 ^ clkbuf_1_1__f_gpio_in[38]/X (sky130_fd_sc_hd__clkbuf_16)
                                                         clknet_1_1__leaf_gpio_in[38] (net)
                      0.130655    0.009219   26.302092 ^ _094_/CLK (sky130_fd_sc_hd__dfrtp_1)
                                 -0.250000   26.052094   clock uncertainty
                                  0.000000   26.052094   clock reconvergence pessimism
                                 -0.274392   25.777700   library setup time
                                             25.777700   data required time
---------------------------------------------------------------------------------------------
                                             25.777700   data required time
                                             -6.733718   data arrival time
---------------------------------------------------------------------------------------------
                                             19.043983   slack (MET)


Startpoint: _087_ (rising edge-triggered flip-flop clocked by gpio_in[38])
Endpoint: _101_ (rising edge-triggered flip-flop clocked by gpio_in[38])
Path Group: gpio_in[38]
Path Type: max

Fanout         Cap        Slew       Delay        Time   Description
---------------------------------------------------------------------------------------------
                                  0.000000    0.000000   clock gpio_in[38] (rise edge)
                                  0.000000    0.000000   clock source latency
     2    0.090833    0.654910    0.469484    0.469484 ^ gpio_in[38] (in)
                                                         gpio_in[38] (net)
                      0.657180    0.000000    0.469484 ^ clkbuf_0_gpio_in[38]/A (sky130_fd_sc_hd__clkbuf_16)
     5    0.060913    0.128177    0.516905    0.986389 ^ clkbuf_0_gpio_in[38]/X (sky130_fd_sc_hd__clkbuf_16)
                                                         clknet_0_gpio_in[38] (net)
                      0.128309    0.003698    0.990087 ^ clkbuf_1_0__f_gpio_in[38]/A (sky130_fd_sc_hd__clkbuf_16)
    25    0.077426    0.144997    0.312070    1.302158 ^ clkbuf_1_0__f_gpio_in[38]/X (sky130_fd_sc_hd__clkbuf_16)
                                                         clknet_1_0__leaf_gpio_in[38] (net)
                      0.146848    0.012796    1.314953 ^ _087_/CLK (sky130_fd_sc_hd__dfrtp_2)
     3    0.008980    0.111343    0.759471    2.074424 ^ _087_/Q (sky130_fd_sc_hd__dfrtp_2)
                                                         gpio_18_21_bidir[18].cfg.gpio_out_val (net)
                      0.111343    0.000055    2.074479 ^ hold3/A (sky130_fd_sc_hd__dlygate4sd3_1)
     5    0.019357    0.317760    1.252473    3.326951 ^ hold3/X (sky130_fd_sc_hd__dlygate4sd3_1)
                                                         net578 (net)
                      0.317760    0.000179    3.327130 ^ _049_/A (sky130_fd_sc_hd__and4_4)
    17    0.123698    0.598790    0.988824    4.315954 ^ _049_/X (sky130_fd_sc_hd__and4_4)
                                                         _022_ (net)
                      0.598793    0.001103    4.317057 ^ _068_/A (sky130_fd_sc_hd__and3_1)
     5    0.015294    0.255690    0.623078    4.940134 ^ _068_/X (sky130_fd_sc_hd__and3_1)
                                                         _033_ (net)
                      0.255690    0.000183    4.940317 ^ _073_/C (sky130_fd_sc_hd__and3_1)
     2    0.007369    0.146914    0.421076    5.361393 ^ _073_/X (sky130_fd_sc_hd__and3_1)
                                                         _036_ (net)
                      0.146914    0.000071    5.361464 ^ _076_/B (sky130_fd_sc_hd__xor2_1)
     1    0.003635    0.106456    0.159784    5.521247 v _076_/X (sky130_fd_sc_hd__xor2_1)
                                                         _005_ (net)
                      0.106456    0.000056    5.521304 v hold11/A (sky130_fd_sc_hd__dlygate4sd3_1)
     1    0.002126    0.102221    1.129192    6.650496 v hold11/X (sky130_fd_sc_hd__dlygate4sd3_1)
                                                         net586 (net)
                      0.102221    0.000018    6.650515 v _101_/D (sky130_fd_sc_hd__dfrtp_1)
                                              6.650515   data arrival time

                                 25.000000   25.000000   clock gpio_in[38] (rise edge)
                                  0.000000   25.000000   clock source latency
     2    0.090833    0.654910    0.469484   25.469482 ^ gpio_in[38] (in)
                                                         gpio_in[38] (net)
                      0.657180    0.000000   25.469482 ^ clkbuf_0_gpio_in[38]/A (sky130_fd_sc_hd__clkbuf_16)
     5    0.060913    0.128177    0.516904   25.986387 ^ clkbuf_0_gpio_in[38]/X (sky130_fd_sc_hd__clkbuf_16)
                                                         clknet_0_gpio_in[38] (net)
                      0.128309    0.003698   25.990086 ^ clkbuf_1_0__f_gpio_in[38]/A (sky130_fd_sc_hd__clkbuf_16)
    25    0.077426    0.144997    0.312072   26.302158 ^ clkbuf_1_0__f_gpio_in[38]/X (sky130_fd_sc_hd__clkbuf_16)
                                                         clknet_1_0__leaf_gpio_in[38] (net)
                      0.147102    0.013662   26.315819 ^ _101_/CLK (sky130_fd_sc_hd__dfrtp_1)
                                 -0.250000   26.065821   clock uncertainty
                                  0.000000   26.065821   clock reconvergence pessimism
                                 -0.269436   25.796385   library setup time
                                             25.796385   data required time
---------------------------------------------------------------------------------------------
                                             25.796385   data required time
                                             -6.650515   data arrival time
---------------------------------------------------------------------------------------------
                                             19.145870   slack (MET)


Startpoint: _087_ (rising edge-triggered flip-flop clocked by gpio_in[38])
Endpoint: _090_ (rising edge-triggered flip-flop clocked by gpio_in[38])
Path Group: gpio_in[38]
Path Type: max

Fanout         Cap        Slew       Delay        Time   Description
---------------------------------------------------------------------------------------------
                                  0.000000    0.000000   clock gpio_in[38] (rise edge)
                                  0.000000    0.000000   clock source latency
     2    0.090833    0.654910    0.469484    0.469484 ^ gpio_in[38] (in)
                                                         gpio_in[38] (net)
                      0.657180    0.000000    0.469484 ^ clkbuf_0_gpio_in[38]/A (sky130_fd_sc_hd__clkbuf_16)
     5    0.060913    0.128177    0.516905    0.986389 ^ clkbuf_0_gpio_in[38]/X (sky130_fd_sc_hd__clkbuf_16)
                                                         clknet_0_gpio_in[38] (net)
                      0.128309    0.003698    0.990087 ^ clkbuf_1_0__f_gpio_in[38]/A (sky130_fd_sc_hd__clkbuf_16)
    25    0.077426    0.144997    0.312070    1.302158 ^ clkbuf_1_0__f_gpio_in[38]/X (sky130_fd_sc_hd__clkbuf_16)
                                                         clknet_1_0__leaf_gpio_in[38] (net)
                      0.146848    0.012796    1.314953 ^ _087_/CLK (sky130_fd_sc_hd__dfrtp_2)
     3    0.008604    0.102042    0.872317    2.187270 v _087_/Q (sky130_fd_sc_hd__dfrtp_2)
                                                         gpio_18_21_bidir[18].cfg.gpio_out_val (net)
                      0.102042    0.000052    2.187323 v hold3/A (sky130_fd_sc_hd__dlygate4sd3_1)
     5    0.018642    0.243608    1.308276    3.495598 v hold3/X (sky130_fd_sc_hd__dlygate4sd3_1)
                                                         net578 (net)
                      0.243608    0.000223    3.495821 v _050_/A1 (sky130_fd_sc_hd__a31o_1)
     1    0.001623    0.057078    0.379422    3.875243 v _050_/X (sky130_fd_sc_hd__a31o_1)
                                                         _023_ (net)
                      0.057078    0.000006    3.875249 v hold32/A (sky130_fd_sc_hd__dlygate4sd3_1)
     1    0.003569    0.112848    1.130811    5.006061 v hold32/X (sky130_fd_sc_hd__dlygate4sd3_1)
                                                         net607 (net)
                      0.112848    0.000057    5.006117 v _051_/B (sky130_fd_sc_hd__and2b_1)
     1    0.002558    0.063807    0.332416    5.338533 v _051_/X (sky130_fd_sc_hd__and2b_1)
                                                         _013_ (net)
                      0.063807    0.000031    5.338564 v hold33/A (sky130_fd_sc_hd__dlygate4sd3_1)
     1    0.002755    0.105229    1.119980    6.458544 v hold33/X (sky130_fd_sc_hd__dlygate4sd3_1)
                                                         net608 (net)
                      0.105229    0.000031    6.458575 v _090_/D (sky130_fd_sc_hd__dfrtp_1)
                                              6.458575   data arrival time

                                 25.000000   25.000000   clock gpio_in[38] (rise edge)
                                  0.000000   25.000000   clock source latency
     2    0.090833    0.654910    0.469484   25.469482 ^ gpio_in[38] (in)
                                                         gpio_in[38] (net)
                      0.657180    0.000000   25.469482 ^ clkbuf_0_gpio_in[38]/A (sky130_fd_sc_hd__clkbuf_16)
     5    0.060913    0.128177    0.516904   25.986387 ^ clkbuf_0_gpio_in[38]/X (sky130_fd_sc_hd__clkbuf_16)
                                                         clknet_0_gpio_in[38] (net)
                      0.128309    0.003698   25.990086 ^ clkbuf_1_0__f_gpio_in[38]/A (sky130_fd_sc_hd__clkbuf_16)
    25    0.077426    0.144997    0.312072   26.302158 ^ clkbuf_1_0__f_gpio_in[38]/X (sky130_fd_sc_hd__clkbuf_16)
                                                         clknet_1_0__leaf_gpio_in[38] (net)
                      0.146973    0.013230   26.315388 ^ _090_/CLK (sky130_fd_sc_hd__dfrtp_1)
                                 -0.250000   26.065390   clock uncertainty
                                  0.000000   26.065390   clock reconvergence pessimism
                                 -0.270723   25.794666   library setup time
                                             25.794666   data required time
---------------------------------------------------------------------------------------------
                                             25.794666   data required time
                                             -6.458575   data arrival time
---------------------------------------------------------------------------------------------
                                             19.336092   slack (MET)


Startpoint: _087_ (rising edge-triggered flip-flop clocked by gpio_in[38])
Endpoint: _093_ (rising edge-triggered flip-flop clocked by gpio_in[38])
Path Group: gpio_in[38]
Path Type: max

Fanout         Cap        Slew       Delay        Time   Description
---------------------------------------------------------------------------------------------
                                  0.000000    0.000000   clock gpio_in[38] (rise edge)
                                  0.000000    0.000000   clock source latency
     2    0.090833    0.654910    0.469484    0.469484 ^ gpio_in[38] (in)
                                                         gpio_in[38] (net)
                      0.657180    0.000000    0.469484 ^ clkbuf_0_gpio_in[38]/A (sky130_fd_sc_hd__clkbuf_16)
     5    0.060913    0.128177    0.516905    0.986389 ^ clkbuf_0_gpio_in[38]/X (sky130_fd_sc_hd__clkbuf_16)
                                                         clknet_0_gpio_in[38] (net)
                      0.128309    0.003698    0.990087 ^ clkbuf_1_0__f_gpio_in[38]/A (sky130_fd_sc_hd__clkbuf_16)
    25    0.077426    0.144997    0.312070    1.302158 ^ clkbuf_1_0__f_gpio_in[38]/X (sky130_fd_sc_hd__clkbuf_16)
                                                         clknet_1_0__leaf_gpio_in[38] (net)
                      0.146848    0.012796    1.314953 ^ _087_/CLK (sky130_fd_sc_hd__dfrtp_2)
     3    0.008980    0.111343    0.759471    2.074424 ^ _087_/Q (sky130_fd_sc_hd__dfrtp_2)
                                                         gpio_18_21_bidir[18].cfg.gpio_out_val (net)
                      0.111343    0.000055    2.074479 ^ hold3/A (sky130_fd_sc_hd__dlygate4sd3_1)
     5    0.019357    0.317760    1.252473    3.326951 ^ hold3/X (sky130_fd_sc_hd__dlygate4sd3_1)
                                                         net578 (net)
                      0.317760    0.000179    3.327130 ^ _049_/A (sky130_fd_sc_hd__and4_4)
    17    0.123698    0.598790    0.988824    4.315954 ^ _049_/X (sky130_fd_sc_hd__and4_4)
                                                         _022_ (net)
                      0.604797    0.047808    4.363762 ^ _053_/C (sky130_fd_sc_hd__and3_1)
     3    0.010837    0.196912    0.563678    4.927440 ^ _053_/X (sky130_fd_sc_hd__and3_1)
                                                         _024_ (net)
                      0.196912    0.000118    4.927557 ^ _057_/B (sky130_fd_sc_hd__xor2_1)
     1    0.001594    0.087130    0.156886    5.084444 v _057_/X (sky130_fd_sc_hd__xor2_1)
                                                         _016_ (net)
                      0.087130    0.000006    5.084449 v hold13/A (sky130_fd_sc_hd__dlygate4sd3_1)
     1    0.003192    0.108964    1.137832    6.222281 v hold13/X (sky130_fd_sc_hd__dlygate4sd3_1)
                                                         net588 (net)
                      0.108964    0.000042    6.222323 v _093_/D (sky130_fd_sc_hd__dfrtp_1)
                                              6.222323   data arrival time

                                 25.000000   25.000000   clock gpio_in[38] (rise edge)
                                  0.000000   25.000000   clock source latency
     2    0.090833    0.654910    0.469484   25.469482 ^ gpio_in[38] (in)
                                                         gpio_in[38] (net)
                      0.657180    0.000000   25.469482 ^ clkbuf_0_gpio_in[38]/A (sky130_fd_sc_hd__clkbuf_16)
     5    0.060913    0.128177    0.516904   25.986387 ^ clkbuf_0_gpio_in[38]/X (sky130_fd_sc_hd__clkbuf_16)
                                                         clknet_0_gpio_in[38] (net)
                      0.128299    0.003586   25.989973 ^ clkbuf_1_1__f_gpio_in[38]/A (sky130_fd_sc_hd__clkbuf_16)
    19    0.066387    0.129561    0.302899   26.292873 ^ clkbuf_1_1__f_gpio_in[38]/X (sky130_fd_sc_hd__clkbuf_16)
                                                         clknet_1_1__leaf_gpio_in[38] (net)
                      0.130668    0.009278   26.302151 ^ _093_/CLK (sky130_fd_sc_hd__dfrtp_1)
                                 -0.250000   26.052151   clock uncertainty
                                  0.000000   26.052151   clock reconvergence pessimism
                                 -0.276629   25.775522   library setup time
                                             25.775522   data required time
---------------------------------------------------------------------------------------------
                                             25.775522   data required time
                                             -6.222323   data arrival time
---------------------------------------------------------------------------------------------
                                             19.553198   slack (MET)


Startpoint: _087_ (rising edge-triggered flip-flop clocked by gpio_in[38])
Endpoint: _099_ (rising edge-triggered flip-flop clocked by gpio_in[38])
Path Group: gpio_in[38]
Path Type: max

Fanout         Cap        Slew       Delay        Time   Description
---------------------------------------------------------------------------------------------
                                  0.000000    0.000000   clock gpio_in[38] (rise edge)
                                  0.000000    0.000000   clock source latency
     2    0.090833    0.654910    0.469484    0.469484 ^ gpio_in[38] (in)
                                                         gpio_in[38] (net)
                      0.657180    0.000000    0.469484 ^ clkbuf_0_gpio_in[38]/A (sky130_fd_sc_hd__clkbuf_16)
     5    0.060913    0.128177    0.516905    0.986389 ^ clkbuf_0_gpio_in[38]/X (sky130_fd_sc_hd__clkbuf_16)
                                                         clknet_0_gpio_in[38] (net)
                      0.128309    0.003698    0.990087 ^ clkbuf_1_0__f_gpio_in[38]/A (sky130_fd_sc_hd__clkbuf_16)
    25    0.077426    0.144997    0.312070    1.302158 ^ clkbuf_1_0__f_gpio_in[38]/X (sky130_fd_sc_hd__clkbuf_16)
                                                         clknet_1_0__leaf_gpio_in[38] (net)
                      0.146848    0.012796    1.314953 ^ _087_/CLK (sky130_fd_sc_hd__dfrtp_2)
     3    0.008980    0.111343    0.759471    2.074424 ^ _087_/Q (sky130_fd_sc_hd__dfrtp_2)
                                                         gpio_18_21_bidir[18].cfg.gpio_out_val (net)
                      0.111343    0.000055    2.074479 ^ hold3/A (sky130_fd_sc_hd__dlygate4sd3_1)
     5    0.019357    0.317760    1.252473    3.326951 ^ hold3/X (sky130_fd_sc_hd__dlygate4sd3_1)
                                                         net578 (net)
                      0.317760    0.000179    3.327130 ^ _049_/A (sky130_fd_sc_hd__and4_4)
    17    0.123698    0.598790    0.988824    4.315954 ^ _049_/X (sky130_fd_sc_hd__and4_4)
                                                         _022_ (net)
                      0.598793    0.001103    4.317057 ^ _068_/A (sky130_fd_sc_hd__and3_1)
     5    0.015294    0.255690    0.623078    4.940134 ^ _068_/X (sky130_fd_sc_hd__and3_1)
                                                         _033_ (net)
                      0.255690    0.000198    4.940332 ^ _071_/B (sky130_fd_sc_hd__nor2_1)
     1    0.002159    0.063871    0.128718    5.069050 v _071_/Y (sky130_fd_sc_hd__nor2_1)
                                                         _035_ (net)
                      0.063871    0.000020    5.069070 v hold29/A (sky130_fd_sc_hd__dlygate4sd3_1)
     1    0.003238    0.109372    1.128157    6.197227 v hold29/X (sky130_fd_sc_hd__dlygate4sd3_1)
                                                         net604 (net)
                      0.109372    0.000039    6.197266 v _072_/B (sky130_fd_sc_hd__nor2_1)
     1    0.002448    0.125017    0.148614    6.345879 ^ _072_/Y (sky130_fd_sc_hd__nor2_1)
                                                         _003_ (net)
                      0.125017    0.000024    6.345902 ^ _099_/D (sky130_fd_sc_hd__dfrtp_1)
                                              6.345902   data arrival time

                                 25.000000   25.000000   clock gpio_in[38] (rise edge)
                                  0.000000   25.000000   clock source latency
     2    0.090833    0.654910    0.469484   25.469482 ^ gpio_in[38] (in)
                                                         gpio_in[38] (net)
                      0.657180    0.000000   25.469482 ^ clkbuf_0_gpio_in[38]/A (sky130_fd_sc_hd__clkbuf_16)
     5    0.060913    0.128177    0.516904   25.986387 ^ clkbuf_0_gpio_in[38]/X (sky130_fd_sc_hd__clkbuf_16)
                                                         clknet_0_gpio_in[38] (net)
                      0.128309    0.003698   25.990086 ^ clkbuf_1_0__f_gpio_in[38]/A (sky130_fd_sc_hd__clkbuf_16)
    25    0.077426    0.144997    0.312072   26.302158 ^ clkbuf_1_0__f_gpio_in[38]/X (sky130_fd_sc_hd__clkbuf_16)
                                                         clknet_1_0__leaf_gpio_in[38] (net)
                      0.147073    0.013564   26.315722 ^ _099_/CLK (sky130_fd_sc_hd__dfrtp_1)
                                 -0.250000   26.065723   clock uncertainty
                                  0.000000   26.065723   clock reconvergence pessimism
                                 -0.133380   25.932343   library setup time
                                             25.932343   data required time
---------------------------------------------------------------------------------------------
                                             25.932343   data required time
                                             -6.345902   data arrival time
---------------------------------------------------------------------------------------------
                                             19.586441   slack (MET)


Startpoint: _087_ (rising edge-triggered flip-flop clocked by gpio_in[38])
Endpoint: _104_ (rising edge-triggered flip-flop clocked by gpio_in[38])
Path Group: gpio_in[38]
Path Type: max

Fanout         Cap        Slew       Delay        Time   Description
---------------------------------------------------------------------------------------------
                                  0.000000    0.000000   clock gpio_in[38] (rise edge)
                                  0.000000    0.000000   clock source latency
     2    0.090833    0.654910    0.469484    0.469484 ^ gpio_in[38] (in)
                                                         gpio_in[38] (net)
                      0.657180    0.000000    0.469484 ^ clkbuf_0_gpio_in[38]/A (sky130_fd_sc_hd__clkbuf_16)
     5    0.060913    0.128177    0.516905    0.986389 ^ clkbuf_0_gpio_in[38]/X (sky130_fd_sc_hd__clkbuf_16)
                                                         clknet_0_gpio_in[38] (net)
                      0.128309    0.003698    0.990087 ^ clkbuf_1_0__f_gpio_in[38]/A (sky130_fd_sc_hd__clkbuf_16)
    25    0.077426    0.144997    0.312070    1.302158 ^ clkbuf_1_0__f_gpio_in[38]/X (sky130_fd_sc_hd__clkbuf_16)
                                                         clknet_1_0__leaf_gpio_in[38] (net)
                      0.146848    0.012796    1.314953 ^ _087_/CLK (sky130_fd_sc_hd__dfrtp_2)
     3    0.008980    0.111343    0.759471    2.074424 ^ _087_/Q (sky130_fd_sc_hd__dfrtp_2)
                                                         gpio_18_21_bidir[18].cfg.gpio_out_val (net)
                      0.111343    0.000055    2.074479 ^ hold3/A (sky130_fd_sc_hd__dlygate4sd3_1)
     5    0.019357    0.317760    1.252473    3.326951 ^ hold3/X (sky130_fd_sc_hd__dlygate4sd3_1)
                                                         net578 (net)
                      0.317760    0.000179    3.327130 ^ _049_/A (sky130_fd_sc_hd__and4_4)
    17    0.123698    0.598790    0.988824    4.315954 ^ _049_/X (sky130_fd_sc_hd__and4_4)
                                                         _022_ (net)
                      0.598802    0.002347    4.318301 ^ _078_/A (sky130_fd_sc_hd__and4_4)
    11    0.111170    0.544161    1.057965    5.376266 ^ _078_/X (sky130_fd_sc_hd__and4_4)
                                                         _039_ (net)
                      0.550102    0.045148    5.421414 ^ _082_/C (sky130_fd_sc_hd__and3_1)
     2    0.010167    0.187321    0.539768    5.961183 ^ _082_/X (sky130_fd_sc_hd__and3_1)
                                                         _041_ (net)
                      0.187321    0.000075    5.961257 ^ _083_/B (sky130_fd_sc_hd__nor2_1)
     1    0.003395    0.077241    0.121187    6.082445 v _083_/Y (sky130_fd_sc_hd__nor2_1)
                                                         _008_ (net)
                      0.077241    0.000048    6.082492 v _104_/D (sky130_fd_sc_hd__dfrtp_1)
                                              6.082492   data arrival time

                                 25.000000   25.000000   clock gpio_in[38] (rise edge)
                                  0.000000   25.000000   clock source latency
     2    0.090833    0.654910    0.469484   25.469482 ^ gpio_in[38] (in)
                                                         gpio_in[38] (net)
                      0.657180    0.000000   25.469482 ^ clkbuf_0_gpio_in[38]/A (sky130_fd_sc_hd__clkbuf_16)
     5    0.060913    0.128177    0.516904   25.986387 ^ clkbuf_0_gpio_in[38]/X (sky130_fd_sc_hd__clkbuf_16)
                                                         clknet_0_gpio_in[38] (net)
                      0.128299    0.003586   25.989973 ^ clkbuf_1_1__f_gpio_in[38]/A (sky130_fd_sc_hd__clkbuf_16)
    19    0.066387    0.129561    0.302899   26.292873 ^ clkbuf_1_1__f_gpio_in[38]/X (sky130_fd_sc_hd__clkbuf_16)
                                                         clknet_1_1__leaf_gpio_in[38] (net)
                      0.130566    0.008814   26.301687 ^ _104_/CLK (sky130_fd_sc_hd__dfrtp_1)
                                 -0.250000   26.051687   clock uncertainty
                                  0.000000   26.051687   clock reconvergence pessimism
                                 -0.263440   25.788246   library setup time
                                             25.788246   data required time
---------------------------------------------------------------------------------------------
                                             25.788246   data required time
                                             -6.082492   data arrival time
---------------------------------------------------------------------------------------------
                                             19.705755   slack (MET)


Startpoint: _087_ (rising edge-triggered flip-flop clocked by gpio_in[38])
Endpoint: _096_ (rising edge-triggered flip-flop clocked by gpio_in[38])
Path Group: gpio_in[38]
Path Type: max

Fanout         Cap        Slew       Delay        Time   Description
---------------------------------------------------------------------------------------------
                                  0.000000    0.000000   clock gpio_in[38] (rise edge)
                                  0.000000    0.000000   clock source latency
     2    0.090833    0.654910    0.469484    0.469484 ^ gpio_in[38] (in)
                                                         gpio_in[38] (net)
                      0.657180    0.000000    0.469484 ^ clkbuf_0_gpio_in[38]/A (sky130_fd_sc_hd__clkbuf_16)
     5    0.060913    0.128177    0.516905    0.986389 ^ clkbuf_0_gpio_in[38]/X (sky130_fd_sc_hd__clkbuf_16)
                                                         clknet_0_gpio_in[38] (net)
                      0.128309    0.003698    0.990087 ^ clkbuf_1_0__f_gpio_in[38]/A (sky130_fd_sc_hd__clkbuf_16)
    25    0.077426    0.144997    0.312070    1.302158 ^ clkbuf_1_0__f_gpio_in[38]/X (sky130_fd_sc_hd__clkbuf_16)
                                                         clknet_1_0__leaf_gpio_in[38] (net)
                      0.146848    0.012796    1.314953 ^ _087_/CLK (sky130_fd_sc_hd__dfrtp_2)
     3    0.008980    0.111343    0.759471    2.074424 ^ _087_/Q (sky130_fd_sc_hd__dfrtp_2)
                                                         gpio_18_21_bidir[18].cfg.gpio_out_val (net)
                      0.111343    0.000055    2.074479 ^ hold3/A (sky130_fd_sc_hd__dlygate4sd3_1)
     5    0.019357    0.317760    1.252473    3.326951 ^ hold3/X (sky130_fd_sc_hd__dlygate4sd3_1)
                                                         net578 (net)
                      0.317760    0.000179    3.327130 ^ _049_/A (sky130_fd_sc_hd__and4_4)
    17    0.123698    0.598790    0.988824    4.315954 ^ _049_/X (sky130_fd_sc_hd__and4_4)
                                                         _022_ (net)
                      0.604756    0.047649    4.363604 ^ _059_/A (sky130_fd_sc_hd__and2_4)
     9    0.106555    0.490606    0.820756    5.184360 ^ _059_/X (sky130_fd_sc_hd__and2_4)
                                                         _028_ (net)
                      0.495690    0.040000    5.224360 ^ _062_/C (sky130_fd_sc_hd__and3_1)
     2    0.007101    0.145473    0.487872    5.712231 ^ _062_/X (sky130_fd_sc_hd__and3_1)
                                                         _029_ (net)
                      0.145473    0.000059    5.712290 ^ _064_/A_N (sky130_fd_sc_hd__and2b_1)
     1    0.002077    0.059890    0.377209    6.089499 v _064_/X (sky130_fd_sc_hd__and2b_1)
                                                         _019_ (net)
                      0.059890    0.000017    6.089517 v _096_/D (sky130_fd_sc_hd__dfrtp_1)
                                              6.089517   data arrival time

                                 25.000000   25.000000   clock gpio_in[38] (rise edge)
                                  0.000000   25.000000   clock source latency
     2    0.090833    0.654910    0.469484   25.469482 ^ gpio_in[38] (in)
                                                         gpio_in[38] (net)
                      0.657180    0.000000   25.469482 ^ clkbuf_0_gpio_in[38]/A (sky130_fd_sc_hd__clkbuf_16)
     5    0.060913    0.128177    0.516904   25.986387 ^ clkbuf_0_gpio_in[38]/X (sky130_fd_sc_hd__clkbuf_16)
                                                         clknet_0_gpio_in[38] (net)
                      0.128309    0.003698   25.990086 ^ clkbuf_1_0__f_gpio_in[38]/A (sky130_fd_sc_hd__clkbuf_16)
    25    0.077426    0.144997    0.312072   26.302158 ^ clkbuf_1_0__f_gpio_in[38]/X (sky130_fd_sc_hd__clkbuf_16)
                                                         clknet_1_0__leaf_gpio_in[38] (net)
                      0.146792    0.012600   26.314756 ^ _096_/CLK (sky130_fd_sc_hd__dfrtp_1)
                                 -0.250000   26.064758   clock uncertainty
                                  0.000000   26.064758   clock reconvergence pessimism
                                 -0.251889   25.812868   library setup time
                                             25.812868   data required time
---------------------------------------------------------------------------------------------
                                             25.812868   data required time
                                             -6.089517   data arrival time
---------------------------------------------------------------------------------------------
                                             19.723352   slack (MET)


Startpoint: _087_ (rising edge-triggered flip-flop clocked by gpio_in[38])
Endpoint: _091_ (rising edge-triggered flip-flop clocked by gpio_in[38])
Path Group: gpio_in[38]
Path Type: max

Fanout         Cap        Slew       Delay        Time   Description
---------------------------------------------------------------------------------------------
                                  0.000000    0.000000   clock gpio_in[38] (rise edge)
                                  0.000000    0.000000   clock source latency
     2    0.090833    0.654910    0.469484    0.469484 ^ gpio_in[38] (in)
                                                         gpio_in[38] (net)
                      0.657180    0.000000    0.469484 ^ clkbuf_0_gpio_in[38]/A (sky130_fd_sc_hd__clkbuf_16)
     5    0.060913    0.128177    0.516905    0.986389 ^ clkbuf_0_gpio_in[38]/X (sky130_fd_sc_hd__clkbuf_16)
                                                         clknet_0_gpio_in[38] (net)
                      0.128309    0.003698    0.990087 ^ clkbuf_1_0__f_gpio_in[38]/A (sky130_fd_sc_hd__clkbuf_16)
    25    0.077426    0.144997    0.312070    1.302158 ^ clkbuf_1_0__f_gpio_in[38]/X (sky130_fd_sc_hd__clkbuf_16)
                                                         clknet_1_0__leaf_gpio_in[38] (net)
                      0.146848    0.012796    1.314953 ^ _087_/CLK (sky130_fd_sc_hd__dfrtp_2)
     3    0.008980    0.111343    0.759471    2.074424 ^ _087_/Q (sky130_fd_sc_hd__dfrtp_2)
                                                         gpio_18_21_bidir[18].cfg.gpio_out_val (net)
                      0.111343    0.000055    2.074479 ^ hold3/A (sky130_fd_sc_hd__dlygate4sd3_1)
     5    0.019357    0.317760    1.252473    3.326951 ^ hold3/X (sky130_fd_sc_hd__dlygate4sd3_1)
                                                         net578 (net)
                      0.317760    0.000179    3.327130 ^ _049_/A (sky130_fd_sc_hd__and4_4)
    17    0.123698    0.598790    0.988824    4.315954 ^ _049_/X (sky130_fd_sc_hd__and4_4)
                                                         _022_ (net)
                      0.604806    0.047842    4.363796 ^ _052_/B (sky130_fd_sc_hd__xor2_1)
     1    0.001970    0.156752    0.286300    4.650096 v _052_/X (sky130_fd_sc_hd__xor2_1)
                                                         _014_ (net)
                      0.156752    0.000018    4.650114 v hold21/A (sky130_fd_sc_hd__dlygate4sd3_1)
     1    0.002075    0.101731    1.152806    5.802920 v hold21/X (sky130_fd_sc_hd__dlygate4sd3_1)
                                                         net596 (net)
                      0.101731    0.000009    5.802929 v _091_/D (sky130_fd_sc_hd__dfrtp_1)
                                              5.802929   data arrival time

                                 25.000000   25.000000   clock gpio_in[38] (rise edge)
                                  0.000000   25.000000   clock source latency
     2    0.090833    0.654910    0.469484   25.469482 ^ gpio_in[38] (in)
                                                         gpio_in[38] (net)
                      0.657180    0.000000   25.469482 ^ clkbuf_0_gpio_in[38]/A (sky130_fd_sc_hd__clkbuf_16)
     5    0.060913    0.128177    0.516904   25.986387 ^ clkbuf_0_gpio_in[38]/X (sky130_fd_sc_hd__clkbuf_16)
                                                         clknet_0_gpio_in[38] (net)
                      0.128299    0.003586   25.989973 ^ clkbuf_1_1__f_gpio_in[38]/A (sky130_fd_sc_hd__clkbuf_16)
    19    0.066387    0.129561    0.302899   26.292873 ^ clkbuf_1_1__f_gpio_in[38]/X (sky130_fd_sc_hd__clkbuf_16)
                                                         clknet_1_1__leaf_gpio_in[38] (net)
                      0.130666    0.009267   26.302139 ^ _091_/CLK (sky130_fd_sc_hd__dfrtp_1)
                                 -0.250000   26.052141   clock uncertainty
                                  0.000000   26.052141   clock reconvergence pessimism
                                 -0.273616   25.778524   library setup time
                                             25.778524   data required time
---------------------------------------------------------------------------------------------
                                             25.778524   data required time
                                             -5.802929   data arrival time
---------------------------------------------------------------------------------------------
                                             19.975595   slack (MET)


Startpoint: _087_ (rising edge-triggered flip-flop clocked by gpio_in[38])
Endpoint: _103_ (rising edge-triggered flip-flop clocked by gpio_in[38])
Path Group: gpio_in[38]
Path Type: max

Fanout         Cap        Slew       Delay        Time   Description
---------------------------------------------------------------------------------------------
                                  0.000000    0.000000   clock gpio_in[38] (rise edge)
                                  0.000000    0.000000   clock source latency
     2    0.090833    0.654910    0.469484    0.469484 ^ gpio_in[38] (in)
                                                         gpio_in[38] (net)
                      0.657180    0.000000    0.469484 ^ clkbuf_0_gpio_in[38]/A (sky130_fd_sc_hd__clkbuf_16)
     5    0.060913    0.128177    0.516905    0.986389 ^ clkbuf_0_gpio_in[38]/X (sky130_fd_sc_hd__clkbuf_16)
                                                         clknet_0_gpio_in[38] (net)
                      0.128309    0.003698    0.990087 ^ clkbuf_1_0__f_gpio_in[38]/A (sky130_fd_sc_hd__clkbuf_16)
    25    0.077426    0.144997    0.312070    1.302158 ^ clkbuf_1_0__f_gpio_in[38]/X (sky130_fd_sc_hd__clkbuf_16)
                                                         clknet_1_0__leaf_gpio_in[38] (net)
                      0.146848    0.012796    1.314953 ^ _087_/CLK (sky130_fd_sc_hd__dfrtp_2)
     3    0.008980    0.111343    0.759471    2.074424 ^ _087_/Q (sky130_fd_sc_hd__dfrtp_2)
                                                         gpio_18_21_bidir[18].cfg.gpio_out_val (net)
                      0.111343    0.000055    2.074479 ^ hold3/A (sky130_fd_sc_hd__dlygate4sd3_1)
     5    0.019357    0.317760    1.252473    3.326951 ^ hold3/X (sky130_fd_sc_hd__dlygate4sd3_1)
                                                         net578 (net)
                      0.317760    0.000179    3.327130 ^ _049_/A (sky130_fd_sc_hd__and4_4)
    17    0.123698    0.598790    0.988824    4.315954 ^ _049_/X (sky130_fd_sc_hd__and4_4)
                                                         _022_ (net)
                      0.598802    0.002347    4.318301 ^ _078_/A (sky130_fd_sc_hd__and4_4)
    11    0.111170    0.544161    1.057965    5.376266 ^ _078_/X (sky130_fd_sc_hd__and4_4)
                                                         _039_ (net)
                      0.550032    0.044885    5.421151 ^ _080_/B (sky130_fd_sc_hd__xor2_1)
     1    0.002151    0.150274    0.273328    5.694479 v _080_/X (sky130_fd_sc_hd__xor2_1)
                                                         _007_ (net)
                      0.150274    0.000011    5.694489 v _103_/D (sky130_fd_sc_hd__dfrtp_1)
                                              5.694489   data arrival time

                                 25.000000   25.000000   clock gpio_in[38] (rise edge)
                                  0.000000   25.000000   clock source latency
     2    0.090833    0.654910    0.469484   25.469482 ^ gpio_in[38] (in)
                                                         gpio_in[38] (net)
                      0.657180    0.000000   25.469482 ^ clkbuf_0_gpio_in[38]/A (sky130_fd_sc_hd__clkbuf_16)
     5    0.060913    0.128177    0.516904   25.986387 ^ clkbuf_0_gpio_in[38]/X (sky130_fd_sc_hd__clkbuf_16)
                                                         clknet_0_gpio_in[38] (net)
                      0.128299    0.003586   25.989973 ^ clkbuf_1_1__f_gpio_in[38]/A (sky130_fd_sc_hd__clkbuf_16)
    19    0.066387    0.129561    0.302899   26.292873 ^ clkbuf_1_1__f_gpio_in[38]/X (sky130_fd_sc_hd__clkbuf_16)
                                                         clknet_1_1__leaf_gpio_in[38] (net)
                      0.130563    0.008802   26.301674 ^ _103_/CLK (sky130_fd_sc_hd__dfrtp_1)
                                 -0.250000   26.051676   clock uncertainty
                                  0.000000   26.051676   clock reconvergence pessimism
                                 -0.293866   25.757809   library setup time
                                             25.757809   data required time
---------------------------------------------------------------------------------------------
                                             25.757809   data required time
                                             -5.694489   data arrival time
---------------------------------------------------------------------------------------------
                                             20.063318   slack (MET)


Startpoint: _087_ (rising edge-triggered flip-flop clocked by gpio_in[38])
Endpoint: _095_ (rising edge-triggered flip-flop clocked by gpio_in[38])
Path Group: gpio_in[38]
Path Type: max

Fanout         Cap        Slew       Delay        Time   Description
---------------------------------------------------------------------------------------------
                                  0.000000    0.000000   clock gpio_in[38] (rise edge)
                                  0.000000    0.000000   clock source latency
     2    0.090833    0.654910    0.469484    0.469484 ^ gpio_in[38] (in)
                                                         gpio_in[38] (net)
                      0.657180    0.000000    0.469484 ^ clkbuf_0_gpio_in[38]/A (sky130_fd_sc_hd__clkbuf_16)
     5    0.060913    0.128177    0.516905    0.986389 ^ clkbuf_0_gpio_in[38]/X (sky130_fd_sc_hd__clkbuf_16)
                                                         clknet_0_gpio_in[38] (net)
                      0.128309    0.003698    0.990087 ^ clkbuf_1_0__f_gpio_in[38]/A (sky130_fd_sc_hd__clkbuf_16)
    25    0.077426    0.144997    0.312070    1.302158 ^ clkbuf_1_0__f_gpio_in[38]/X (sky130_fd_sc_hd__clkbuf_16)
                                                         clknet_1_0__leaf_gpio_in[38] (net)
                      0.146848    0.012796    1.314953 ^ _087_/CLK (sky130_fd_sc_hd__dfrtp_2)
     3    0.008980    0.111343    0.759471    2.074424 ^ _087_/Q (sky130_fd_sc_hd__dfrtp_2)
                                                         gpio_18_21_bidir[18].cfg.gpio_out_val (net)
                      0.111343    0.000055    2.074479 ^ hold3/A (sky130_fd_sc_hd__dlygate4sd3_1)
     5    0.019357    0.317760    1.252473    3.326951 ^ hold3/X (sky130_fd_sc_hd__dlygate4sd3_1)
                                                         net578 (net)
                      0.317760    0.000179    3.327130 ^ _049_/A (sky130_fd_sc_hd__and4_4)
    17    0.123698    0.598790    0.988824    4.315954 ^ _049_/X (sky130_fd_sc_hd__and4_4)
                                                         _022_ (net)
                      0.604756    0.047649    4.363604 ^ _059_/A (sky130_fd_sc_hd__and2_4)
     9    0.106555    0.490606    0.820756    5.184360 ^ _059_/X (sky130_fd_sc_hd__and2_4)
                                                         _028_ (net)
                      0.495632    0.039782    5.224142 ^ _061_/B (sky130_fd_sc_hd__xor2_1)
     1    0.002226    0.142264    0.258182    5.482324 v _061_/X (sky130_fd_sc_hd__xor2_1)
                                                         _018_ (net)
                      0.142264    0.000021    5.482345 v _095_/D (sky130_fd_sc_hd__dfrtp_2)
                                              5.482345   data arrival time

                                 25.000000   25.000000   clock gpio_in[38] (rise edge)
                                  0.000000   25.000000   clock source latency
     2    0.090833    0.654910    0.469484   25.469482 ^ gpio_in[38] (in)
                                                         gpio_in[38] (net)
                      0.657180    0.000000   25.469482 ^ clkbuf_0_gpio_in[38]/A (sky130_fd_sc_hd__clkbuf_16)
     5    0.060913    0.128177    0.516904   25.986387 ^ clkbuf_0_gpio_in[38]/X (sky130_fd_sc_hd__clkbuf_16)
                                                         clknet_0_gpio_in[38] (net)
                      0.128309    0.003698   25.990086 ^ clkbuf_1_0__f_gpio_in[38]/A (sky130_fd_sc_hd__clkbuf_16)
    25    0.077426    0.144997    0.312072   26.302158 ^ clkbuf_1_0__f_gpio_in[38]/X (sky130_fd_sc_hd__clkbuf_16)
                                                         clknet_1_0__leaf_gpio_in[38] (net)
                      0.146453    0.011338   26.313496 ^ _095_/CLK (sky130_fd_sc_hd__dfrtp_2)
                                 -0.250000   26.063498   clock uncertainty
                                  0.000000   26.063498   clock reconvergence pessimism
                                 -0.286383   25.777115   library setup time
                                             25.777115   data required time
---------------------------------------------------------------------------------------------
                                             25.777115   data required time
                                             -5.482345   data arrival time
---------------------------------------------------------------------------------------------
                                             20.294771   slack (MET)


Startpoint: resetb_l (input port clocked by gpio_in[38])
Endpoint: _094_ (recovery check against rising-edge clock gpio_in[38])
Path Group: asynchronous
Path Type: max

Fanout         Cap        Slew       Delay        Time   Description
---------------------------------------------------------------------------------------------
                                  0.000000    0.000000   clock gpio_in[38] (rise edge)
                                  0.000000    0.000000   clock network delay (propagated)
                                  5.000000    5.000000 ^ input external delay
     2    0.008962    0.074034    0.047228    5.047228 ^ resetb_l (in)
                                                         resetb_l (net)
                      0.074034    0.000000    5.047228 ^ input2/A (sky130_fd_sc_hd__buf_8)
    11    0.123409    0.314516    0.341335    5.388564 ^ input2/X (sky130_fd_sc_hd__buf_8)
                                                         net2 (net)
                      0.314516    0.000315    5.388879 ^ fanout31/A (sky130_fd_sc_hd__clkbuf_16)
    33    0.175283    0.285309    0.489428    5.878306 ^ fanout31/X (sky130_fd_sc_hd__clkbuf_16)
                                                         net31 (net)
                      0.300684    0.051589    5.929895 ^ _094_/RESET_B (sky130_fd_sc_hd__dfrtp_1)
                                              5.929895   data arrival time

                                 25.000000   25.000000   clock gpio_in[38] (rise edge)
                                  0.000000   25.000000   clock source latency
     2    0.090833    0.654910    0.469484   25.469482 ^ gpio_in[38] (in)
                                                         gpio_in[38] (net)
                      0.657180    0.000000   25.469482 ^ clkbuf_0_gpio_in[38]/A (sky130_fd_sc_hd__clkbuf_16)
     5    0.060913    0.128177    0.516904   25.986387 ^ clkbuf_0_gpio_in[38]/X (sky130_fd_sc_hd__clkbuf_16)
                                                         clknet_0_gpio_in[38] (net)
                      0.128299    0.003586   25.989973 ^ clkbuf_1_1__f_gpio_in[38]/A (sky130_fd_sc_hd__clkbuf_16)
    19    0.066387    0.129561    0.302899   26.292873 ^ clkbuf_1_1__f_gpio_in[38]/X (sky130_fd_sc_hd__clkbuf_16)
                                                         clknet_1_1__leaf_gpio_in[38] (net)
                      0.130655    0.009219   26.302092 ^ _094_/CLK (sky130_fd_sc_hd__dfrtp_1)
                                 -0.250000   26.052094   clock uncertainty
                                  0.000000   26.052094   clock reconvergence pessimism
                                  0.397671   26.449764   library recovery time
                                             26.449764   data required time
---------------------------------------------------------------------------------------------
                                             26.449764   data required time
                                             -5.929895   data arrival time
---------------------------------------------------------------------------------------------
                                             20.519869   slack (MET)


Startpoint: resetb_l (input port clocked by gpio_in[38])
Endpoint: _092_ (recovery check against rising-edge clock gpio_in[38])
Path Group: asynchronous
Path Type: max

Fanout         Cap        Slew       Delay        Time   Description
---------------------------------------------------------------------------------------------
                                  0.000000    0.000000   clock gpio_in[38] (rise edge)
                                  0.000000    0.000000   clock network delay (propagated)
                                  5.000000    5.000000 ^ input external delay
     2    0.008962    0.074034    0.047228    5.047228 ^ resetb_l (in)
                                                         resetb_l (net)
                      0.074034    0.000000    5.047228 ^ input2/A (sky130_fd_sc_hd__buf_8)
    11    0.123409    0.314516    0.341335    5.388564 ^ input2/X (sky130_fd_sc_hd__buf_8)
                                                         net2 (net)
                      0.314516    0.000315    5.388879 ^ fanout31/A (sky130_fd_sc_hd__clkbuf_16)
    33    0.175283    0.285309    0.489428    5.878306 ^ fanout31/X (sky130_fd_sc_hd__clkbuf_16)
                                                         net31 (net)
                      0.300695    0.051608    5.929914 ^ _092_/RESET_B (sky130_fd_sc_hd__dfrtp_1)
                                              5.929914   data arrival time

                                 25.000000   25.000000   clock gpio_in[38] (rise edge)
                                  0.000000   25.000000   clock source latency
     2    0.090833    0.654910    0.469484   25.469482 ^ gpio_in[38] (in)
                                                         gpio_in[38] (net)
                      0.657180    0.000000   25.469482 ^ clkbuf_0_gpio_in[38]/A (sky130_fd_sc_hd__clkbuf_16)
     5    0.060913    0.128177    0.516904   25.986387 ^ clkbuf_0_gpio_in[38]/X (sky130_fd_sc_hd__clkbuf_16)
                                                         clknet_0_gpio_in[38] (net)
                      0.128299    0.003586   25.989973 ^ clkbuf_1_1__f_gpio_in[38]/A (sky130_fd_sc_hd__clkbuf_16)
    19    0.066387    0.129561    0.302899   26.292873 ^ clkbuf_1_1__f_gpio_in[38]/X (sky130_fd_sc_hd__clkbuf_16)
                                                         clknet_1_1__leaf_gpio_in[38] (net)
                      0.130666    0.009267   26.302139 ^ _092_/CLK (sky130_fd_sc_hd__dfrtp_1)
                                 -0.250000   26.052141   clock uncertainty
                                  0.000000   26.052141   clock reconvergence pessimism
                                  0.397670   26.449812   library recovery time
                                             26.449812   data required time
---------------------------------------------------------------------------------------------
                                             26.449812   data required time
                                             -5.929914   data arrival time
---------------------------------------------------------------------------------------------
                                             20.519897   slack (MET)


Startpoint: resetb_l (input port clocked by gpio_in[38])
Endpoint: _091_ (recovery check against rising-edge clock gpio_in[38])
Path Group: asynchronous
Path Type: max

Fanout         Cap        Slew       Delay        Time   Description
---------------------------------------------------------------------------------------------
                                  0.000000    0.000000   clock gpio_in[38] (rise edge)
                                  0.000000    0.000000   clock network delay (propagated)
                                  5.000000    5.000000 ^ input external delay
     2    0.008962    0.074034    0.047228    5.047228 ^ resetb_l (in)
                                                         resetb_l (net)
                      0.074034    0.000000    5.047228 ^ input2/A (sky130_fd_sc_hd__buf_8)
    11    0.123409    0.314516    0.341335    5.388564 ^ input2/X (sky130_fd_sc_hd__buf_8)
                                                         net2 (net)
                      0.314516    0.000315    5.388879 ^ fanout31/A (sky130_fd_sc_hd__clkbuf_16)
    33    0.175283    0.285309    0.489428    5.878306 ^ fanout31/X (sky130_fd_sc_hd__clkbuf_16)
                                                         net31 (net)
                      0.300672    0.051568    5.929874 ^ _091_/RESET_B (sky130_fd_sc_hd__dfrtp_1)
                                              5.929874   data arrival time

                                 25.000000   25.000000   clock gpio_in[38] (rise edge)
                                  0.000000   25.000000   clock source latency
     2    0.090833    0.654910    0.469484   25.469482 ^ gpio_in[38] (in)
                                                         gpio_in[38] (net)
                      0.657180    0.000000   25.469482 ^ clkbuf_0_gpio_in[38]/A (sky130_fd_sc_hd__clkbuf_16)
     5    0.060913    0.128177    0.516904   25.986387 ^ clkbuf_0_gpio_in[38]/X (sky130_fd_sc_hd__clkbuf_16)
                                                         clknet_0_gpio_in[38] (net)
                      0.128299    0.003586   25.989973 ^ clkbuf_1_1__f_gpio_in[38]/A (sky130_fd_sc_hd__clkbuf_16)
    19    0.066387    0.129561    0.302899   26.292873 ^ clkbuf_1_1__f_gpio_in[38]/X (sky130_fd_sc_hd__clkbuf_16)
                                                         clknet_1_1__leaf_gpio_in[38] (net)
                      0.130666    0.009267   26.302139 ^ _091_/CLK (sky130_fd_sc_hd__dfrtp_1)
                                 -0.250000   26.052141   clock uncertainty
                                  0.000000   26.052141   clock reconvergence pessimism
                                  0.397679   26.449820   library recovery time
                                             26.449820   data required time
---------------------------------------------------------------------------------------------
                                             26.449820   data required time
                                             -5.929874   data arrival time
---------------------------------------------------------------------------------------------
                                             20.519945   slack (MET)


Startpoint: resetb_l (input port clocked by gpio_in[38])
Endpoint: _093_ (recovery check against rising-edge clock gpio_in[38])
Path Group: asynchronous
Path Type: max

Fanout         Cap        Slew       Delay        Time   Description
---------------------------------------------------------------------------------------------
                                  0.000000    0.000000   clock gpio_in[38] (rise edge)
                                  0.000000    0.000000   clock network delay (propagated)
                                  5.000000    5.000000 ^ input external delay
     2    0.008962    0.074034    0.047228    5.047228 ^ resetb_l (in)
                                                         resetb_l (net)
                      0.074034    0.000000    5.047228 ^ input2/A (sky130_fd_sc_hd__buf_8)
    11    0.123409    0.314516    0.341335    5.388564 ^ input2/X (sky130_fd_sc_hd__buf_8)
                                                         net2 (net)
                      0.314516    0.000315    5.388879 ^ fanout31/A (sky130_fd_sc_hd__clkbuf_16)
    33    0.175283    0.285309    0.489428    5.878306 ^ fanout31/X (sky130_fd_sc_hd__clkbuf_16)
                                                         net31 (net)
                      0.300636    0.051506    5.929813 ^ _093_/RESET_B (sky130_fd_sc_hd__dfrtp_1)
                                              5.929813   data arrival time

                                 25.000000   25.000000   clock gpio_in[38] (rise edge)
                                  0.000000   25.000000   clock source latency
     2    0.090833    0.654910    0.469484   25.469482 ^ gpio_in[38] (in)
                                                         gpio_in[38] (net)
                      0.657180    0.000000   25.469482 ^ clkbuf_0_gpio_in[38]/A (sky130_fd_sc_hd__clkbuf_16)
     5    0.060913    0.128177    0.516904   25.986387 ^ clkbuf_0_gpio_in[38]/X (sky130_fd_sc_hd__clkbuf_16)
                                                         clknet_0_gpio_in[38] (net)
                      0.128299    0.003586   25.989973 ^ clkbuf_1_1__f_gpio_in[38]/A (sky130_fd_sc_hd__clkbuf_16)
    19    0.066387    0.129561    0.302899   26.292873 ^ clkbuf_1_1__f_gpio_in[38]/X (sky130_fd_sc_hd__clkbuf_16)
                                                         clknet_1_1__leaf_gpio_in[38] (net)
                      0.130668    0.009278   26.302151 ^ _093_/CLK (sky130_fd_sc_hd__dfrtp_1)
                                 -0.250000   26.052151   clock uncertainty
                                  0.000000   26.052151   clock reconvergence pessimism
                                  0.397693   26.449844   library recovery time
                                             26.449844   data required time
---------------------------------------------------------------------------------------------
                                             26.449844   data required time
                                             -5.929813   data arrival time
---------------------------------------------------------------------------------------------
                                             20.520031   slack (MET)


Startpoint: resetb_l (input port clocked by gpio_in[38])
Endpoint: _095_ (recovery check against rising-edge clock gpio_in[38])
Path Group: asynchronous
Path Type: max

Fanout         Cap        Slew       Delay        Time   Description
---------------------------------------------------------------------------------------------
                                  0.000000    0.000000   clock gpio_in[38] (rise edge)
                                  0.000000    0.000000   clock network delay (propagated)
                                  5.000000    5.000000 ^ input external delay
     2    0.008962    0.074034    0.047228    5.047228 ^ resetb_l (in)
                                                         resetb_l (net)
                      0.074034    0.000000    5.047228 ^ input2/A (sky130_fd_sc_hd__buf_8)
    11    0.123409    0.314516    0.341335    5.388564 ^ input2/X (sky130_fd_sc_hd__buf_8)
                                                         net2 (net)
                      0.314516    0.000315    5.388879 ^ fanout31/A (sky130_fd_sc_hd__clkbuf_16)
    33    0.175283    0.285309    0.489428    5.878306 ^ fanout31/X (sky130_fd_sc_hd__clkbuf_16)
                                                         net31 (net)
                      0.285920    0.011010    5.889316 ^ _095_/RESET_B (sky130_fd_sc_hd__dfrtp_2)
                                              5.889316   data arrival time

                                 25.000000   25.000000   clock gpio_in[38] (rise edge)
                                  0.000000   25.000000   clock source latency
     2    0.090833    0.654910    0.469484   25.469482 ^ gpio_in[38] (in)
                                                         gpio_in[38] (net)
                      0.657180    0.000000   25.469482 ^ clkbuf_0_gpio_in[38]/A (sky130_fd_sc_hd__clkbuf_16)
     5    0.060913    0.128177    0.516904   25.986387 ^ clkbuf_0_gpio_in[38]/X (sky130_fd_sc_hd__clkbuf_16)
                                                         clknet_0_gpio_in[38] (net)
                      0.128309    0.003698   25.990086 ^ clkbuf_1_0__f_gpio_in[38]/A (sky130_fd_sc_hd__clkbuf_16)
    25    0.077426    0.144997    0.312072   26.302158 ^ clkbuf_1_0__f_gpio_in[38]/X (sky130_fd_sc_hd__clkbuf_16)
                                                         clknet_1_0__leaf_gpio_in[38] (net)
                      0.146453    0.011338   26.313496 ^ _095_/CLK (sky130_fd_sc_hd__dfrtp_2)
                                 -0.250000   26.063498   clock uncertainty
                                  0.000000   26.063498   clock reconvergence pessimism
                                  0.378310   26.441807   library recovery time
                                             26.441807   data required time
---------------------------------------------------------------------------------------------
                                             26.441807   data required time
                                             -5.889316   data arrival time
---------------------------------------------------------------------------------------------
                                             20.552492   slack (MET)


Startpoint: resetb_l (input port clocked by gpio_in[38])
Endpoint: _087_ (recovery check against rising-edge clock gpio_in[38])
Path Group: asynchronous
Path Type: max

Fanout         Cap        Slew       Delay        Time   Description
---------------------------------------------------------------------------------------------
                                  0.000000    0.000000   clock gpio_in[38] (rise edge)
                                  0.000000    0.000000   clock network delay (propagated)
                                  5.000000    5.000000 ^ input external delay
     2    0.008962    0.074034    0.047228    5.047228 ^ resetb_l (in)
                                                         resetb_l (net)
                      0.074034    0.000000    5.047228 ^ input2/A (sky130_fd_sc_hd__buf_8)
    11    0.123409    0.314516    0.341335    5.388564 ^ input2/X (sky130_fd_sc_hd__buf_8)
                                                         net2 (net)
                      0.314516    0.000315    5.388879 ^ fanout31/A (sky130_fd_sc_hd__clkbuf_16)
    33    0.175283    0.285309    0.489428    5.878306 ^ fanout31/X (sky130_fd_sc_hd__clkbuf_16)
                                                         net31 (net)
                      0.285570    0.007344    5.885650 ^ _087_/RESET_B (sky130_fd_sc_hd__dfrtp_2)
                                              5.885650   data arrival time

                                 25.000000   25.000000   clock gpio_in[38] (rise edge)
                                  0.000000   25.000000   clock source latency
     2    0.090833    0.654910    0.469484   25.469482 ^ gpio_in[38] (in)
                                                         gpio_in[38] (net)
                      0.657180    0.000000   25.469482 ^ clkbuf_0_gpio_in[38]/A (sky130_fd_sc_hd__clkbuf_16)
     5    0.060913    0.128177    0.516904   25.986387 ^ clkbuf_0_gpio_in[38]/X (sky130_fd_sc_hd__clkbuf_16)
                                                         clknet_0_gpio_in[38] (net)
                      0.128309    0.003698   25.990086 ^ clkbuf_1_0__f_gpio_in[38]/A (sky130_fd_sc_hd__clkbuf_16)
    25    0.077426    0.144997    0.312072   26.302158 ^ clkbuf_1_0__f_gpio_in[38]/X (sky130_fd_sc_hd__clkbuf_16)
                                                         clknet_1_0__leaf_gpio_in[38] (net)
                      0.146848    0.012795   26.314953 ^ _087_/CLK (sky130_fd_sc_hd__dfrtp_2)
                                 -0.250000   26.064953   clock uncertainty
                                  0.000000   26.064953   clock reconvergence pessimism
                                  0.378594   26.443546   library recovery time
                                             26.443546   data required time
---------------------------------------------------------------------------------------------
                                             26.443546   data required time
                                             -5.885650   data arrival time
---------------------------------------------------------------------------------------------
                                             20.557896   slack (MET)


Startpoint: resetb_l (input port clocked by gpio_in[38])
Endpoint: _098_ (recovery check against rising-edge clock gpio_in[38])
Path Group: asynchronous
Path Type: max

Fanout         Cap        Slew       Delay        Time   Description
---------------------------------------------------------------------------------------------
                                  0.000000    0.000000   clock gpio_in[38] (rise edge)
                                  0.000000    0.000000   clock network delay (propagated)
                                  5.000000    5.000000 ^ input external delay
     2    0.008962    0.074034    0.047228    5.047228 ^ resetb_l (in)
                                                         resetb_l (net)
                      0.074034    0.000000    5.047228 ^ input2/A (sky130_fd_sc_hd__buf_8)
    11    0.123409    0.314516    0.341335    5.388564 ^ input2/X (sky130_fd_sc_hd__buf_8)
                                                         net2 (net)
                      0.314516    0.000315    5.388879 ^ fanout31/A (sky130_fd_sc_hd__clkbuf_16)
    33    0.175283    0.285309    0.489428    5.878306 ^ fanout31/X (sky130_fd_sc_hd__clkbuf_16)
                                                         net31 (net)
                      0.285685    0.008741    5.887048 ^ _098_/RESET_B (sky130_fd_sc_hd__dfrtp_1)
                                              5.887048   data arrival time

                                 25.000000   25.000000   clock gpio_in[38] (rise edge)
                                  0.000000   25.000000   clock source latency
     2    0.090833    0.654910    0.469484   25.469482 ^ gpio_in[38] (in)
                                                         gpio_in[38] (net)
                      0.657180    0.000000   25.469482 ^ clkbuf_0_gpio_in[38]/A (sky130_fd_sc_hd__clkbuf_16)
     5    0.060913    0.128177    0.516904   25.986387 ^ clkbuf_0_gpio_in[38]/X (sky130_fd_sc_hd__clkbuf_16)
                                                         clknet_0_gpio_in[38] (net)
                      0.128309    0.003698   25.990086 ^ clkbuf_1_0__f_gpio_in[38]/A (sky130_fd_sc_hd__clkbuf_16)
    25    0.077426    0.144997    0.312072   26.302158 ^ clkbuf_1_0__f_gpio_in[38]/X (sky130_fd_sc_hd__clkbuf_16)
                                                         clknet_1_0__leaf_gpio_in[38] (net)
                      0.146733    0.012387   26.314545 ^ _098_/CLK (sky130_fd_sc_hd__dfrtp_1)
                                 -0.250000   26.064545   clock uncertainty
                                  0.000000   26.064545   clock reconvergence pessimism
                                  0.408644   26.473188   library recovery time
                                             26.473188   data required time
---------------------------------------------------------------------------------------------
                                             26.473188   data required time
                                             -5.887048   data arrival time
---------------------------------------------------------------------------------------------
                                             20.586142   slack (MET)


Startpoint: resetb_l (input port clocked by gpio_in[38])
Endpoint: _097_ (recovery check against rising-edge clock gpio_in[38])
Path Group: asynchronous
Path Type: max

Fanout         Cap        Slew       Delay        Time   Description
---------------------------------------------------------------------------------------------
                                  0.000000    0.000000   clock gpio_in[38] (rise edge)
                                  0.000000    0.000000   clock network delay (propagated)
                                  5.000000    5.000000 ^ input external delay
     2    0.008962    0.074034    0.047228    5.047228 ^ resetb_l (in)
                                                         resetb_l (net)
                      0.074034    0.000000    5.047228 ^ input2/A (sky130_fd_sc_hd__buf_8)
    11    0.123409    0.314516    0.341335    5.388564 ^ input2/X (sky130_fd_sc_hd__buf_8)
                                                         net2 (net)
                      0.314516    0.000315    5.388879 ^ fanout31/A (sky130_fd_sc_hd__clkbuf_16)
    33    0.175283    0.285309    0.489428    5.878306 ^ fanout31/X (sky130_fd_sc_hd__clkbuf_16)
                                                         net31 (net)
                      0.285691    0.008808    5.887114 ^ _097_/RESET_B (sky130_fd_sc_hd__dfrtp_1)
                                              5.887114   data arrival time

                                 25.000000   25.000000   clock gpio_in[38] (rise edge)
                                  0.000000   25.000000   clock source latency
     2    0.090833    0.654910    0.469484   25.469482 ^ gpio_in[38] (in)
                                                         gpio_in[38] (net)
                      0.657180    0.000000   25.469482 ^ clkbuf_0_gpio_in[38]/A (sky130_fd_sc_hd__clkbuf_16)
     5    0.060913    0.128177    0.516904   25.986387 ^ clkbuf_0_gpio_in[38]/X (sky130_fd_sc_hd__clkbuf_16)
                                                         clknet_0_gpio_in[38] (net)
                      0.128309    0.003698   25.990086 ^ clkbuf_1_0__f_gpio_in[38]/A (sky130_fd_sc_hd__clkbuf_16)
    25    0.077426    0.144997    0.312072   26.302158 ^ clkbuf_1_0__f_gpio_in[38]/X (sky130_fd_sc_hd__clkbuf_16)
                                                         clknet_1_0__leaf_gpio_in[38] (net)
                      0.146789    0.012587   26.314745 ^ _097_/CLK (sky130_fd_sc_hd__dfrtp_1)
                                 -0.250000   26.064745   clock uncertainty
                                  0.000000   26.064745   clock reconvergence pessimism
                                  0.408661   26.473406   library recovery time
                                             26.473406   data required time
---------------------------------------------------------------------------------------------
                                             26.473406   data required time
                                             -5.887114   data arrival time
---------------------------------------------------------------------------------------------
                                             20.586292   slack (MET)


Startpoint: resetb_l (input port clocked by gpio_in[38])
Endpoint: _096_ (recovery check against rising-edge clock gpio_in[38])
Path Group: asynchronous
Path Type: max

Fanout         Cap        Slew       Delay        Time   Description
---------------------------------------------------------------------------------------------
                                  0.000000    0.000000   clock gpio_in[38] (rise edge)
                                  0.000000    0.000000   clock network delay (propagated)
                                  5.000000    5.000000 ^ input external delay
     2    0.008962    0.074034    0.047228    5.047228 ^ resetb_l (in)
                                                         resetb_l (net)
                      0.074034    0.000000    5.047228 ^ input2/A (sky130_fd_sc_hd__buf_8)
    11    0.123409    0.314516    0.341335    5.388564 ^ input2/X (sky130_fd_sc_hd__buf_8)
                                                         net2 (net)
                      0.314516    0.000315    5.388879 ^ fanout31/A (sky130_fd_sc_hd__clkbuf_16)
    33    0.175283    0.285309    0.489428    5.878306 ^ fanout31/X (sky130_fd_sc_hd__clkbuf_16)
                                                         net31 (net)
                      0.285688    0.008780    5.887086 ^ _096_/RESET_B (sky130_fd_sc_hd__dfrtp_1)
                                              5.887086   data arrival time

                                 25.000000   25.000000   clock gpio_in[38] (rise edge)
                                  0.000000   25.000000   clock source latency
     2    0.090833    0.654910    0.469484   25.469482 ^ gpio_in[38] (in)
                                                         gpio_in[38] (net)
                      0.657180    0.000000   25.469482 ^ clkbuf_0_gpio_in[38]/A (sky130_fd_sc_hd__clkbuf_16)
     5    0.060913    0.128177    0.516904   25.986387 ^ clkbuf_0_gpio_in[38]/X (sky130_fd_sc_hd__clkbuf_16)
                                                         clknet_0_gpio_in[38] (net)
                      0.128309    0.003698   25.990086 ^ clkbuf_1_0__f_gpio_in[38]/A (sky130_fd_sc_hd__clkbuf_16)
    25    0.077426    0.144997    0.312072   26.302158 ^ clkbuf_1_0__f_gpio_in[38]/X (sky130_fd_sc_hd__clkbuf_16)
                                                         clknet_1_0__leaf_gpio_in[38] (net)
                      0.146792    0.012600   26.314756 ^ _096_/CLK (sky130_fd_sc_hd__dfrtp_1)
                                 -0.250000   26.064758   clock uncertainty
                                  0.000000   26.064758   clock reconvergence pessimism
                                  0.408663   26.473421   library recovery time
                                             26.473421   data required time
---------------------------------------------------------------------------------------------
                                             26.473421   data required time
                                             -5.887086   data arrival time
---------------------------------------------------------------------------------------------
                                             20.586334   slack (MET)


Startpoint: resetb_l (input port clocked by gpio_in[38])
Endpoint: _088_ (recovery check against rising-edge clock gpio_in[38])
Path Group: asynchronous
Path Type: max

Fanout         Cap        Slew       Delay        Time   Description
---------------------------------------------------------------------------------------------
                                  0.000000    0.000000   clock gpio_in[38] (rise edge)
                                  0.000000    0.000000   clock network delay (propagated)
                                  5.000000    5.000000 ^ input external delay
     2    0.008962    0.074034    0.047228    5.047228 ^ resetb_l (in)
                                                         resetb_l (net)
                      0.074034    0.000000    5.047228 ^ input2/A (sky130_fd_sc_hd__buf_8)
    11    0.123409    0.314516    0.341335    5.388564 ^ input2/X (sky130_fd_sc_hd__buf_8)
                                                         net2 (net)
                      0.314516    0.000315    5.388879 ^ fanout31/A (sky130_fd_sc_hd__clkbuf_16)
    33    0.175283    0.285309    0.489428    5.878306 ^ fanout31/X (sky130_fd_sc_hd__clkbuf_16)
                                                         net31 (net)
                      0.285517    0.006579    5.884886 ^ _088_/RESET_B (sky130_fd_sc_hd__dfrtp_1)
                                              5.884886   data arrival time

                                 25.000000   25.000000   clock gpio_in[38] (rise edge)
                                  0.000000   25.000000   clock source latency
     2    0.090833    0.654910    0.469484   25.469482 ^ gpio_in[38] (in)
                                                         gpio_in[38] (net)
                      0.657180    0.000000   25.469482 ^ clkbuf_0_gpio_in[38]/A (sky130_fd_sc_hd__clkbuf_16)
     5    0.060913    0.128177    0.516904   25.986387 ^ clkbuf_0_gpio_in[38]/X (sky130_fd_sc_hd__clkbuf_16)
                                                         clknet_0_gpio_in[38] (net)
                      0.128309    0.003698   25.990086 ^ clkbuf_1_0__f_gpio_in[38]/A (sky130_fd_sc_hd__clkbuf_16)
    25    0.077426    0.144997    0.312072   26.302158 ^ clkbuf_1_0__f_gpio_in[38]/X (sky130_fd_sc_hd__clkbuf_16)
                                                         clknet_1_0__leaf_gpio_in[38] (net)
                      0.146895    0.012960   26.315119 ^ _088_/CLK (sky130_fd_sc_hd__dfrtp_1)
                                 -0.250000   26.065119   clock uncertainty
                                  0.000000   26.065119   clock reconvergence pessimism
                                  0.408760   26.473881   library recovery time
                                             26.473881   data required time
---------------------------------------------------------------------------------------------
                                             26.473881   data required time
                                             -5.884886   data arrival time
---------------------------------------------------------------------------------------------
                                             20.588995   slack (MET)


Startpoint: resetb_l (input port clocked by gpio_in[38])
Endpoint: _090_ (recovery check against rising-edge clock gpio_in[38])
Path Group: asynchronous
Path Type: max

Fanout         Cap        Slew       Delay        Time   Description
---------------------------------------------------------------------------------------------
                                  0.000000    0.000000   clock gpio_in[38] (rise edge)
                                  0.000000    0.000000   clock network delay (propagated)
                                  5.000000    5.000000 ^ input external delay
     2    0.008962    0.074034    0.047228    5.047228 ^ resetb_l (in)
                                                         resetb_l (net)
                      0.074034    0.000000    5.047228 ^ input2/A (sky130_fd_sc_hd__buf_8)
    11    0.123409    0.314516    0.341335    5.388564 ^ input2/X (sky130_fd_sc_hd__buf_8)
                                                         net2 (net)
                      0.314516    0.000315    5.388879 ^ fanout31/A (sky130_fd_sc_hd__clkbuf_16)
    33    0.175283    0.285309    0.489428    5.878306 ^ fanout31/X (sky130_fd_sc_hd__clkbuf_16)
                                                         net31 (net)
                      0.285449    0.005433    5.883740 ^ _090_/RESET_B (sky130_fd_sc_hd__dfrtp_1)
                                              5.883740   data arrival time

                                 25.000000   25.000000   clock gpio_in[38] (rise edge)
                                  0.000000   25.000000   clock source latency
     2    0.090833    0.654910    0.469484   25.469482 ^ gpio_in[38] (in)
                                                         gpio_in[38] (net)
                      0.657180    0.000000   25.469482 ^ clkbuf_0_gpio_in[38]/A (sky130_fd_sc_hd__clkbuf_16)
     5    0.060913    0.128177    0.516904   25.986387 ^ clkbuf_0_gpio_in[38]/X (sky130_fd_sc_hd__clkbuf_16)
                                                         clknet_0_gpio_in[38] (net)
                      0.128309    0.003698   25.990086 ^ clkbuf_1_0__f_gpio_in[38]/A (sky130_fd_sc_hd__clkbuf_16)
    25    0.077426    0.144997    0.312072   26.302158 ^ clkbuf_1_0__f_gpio_in[38]/X (sky130_fd_sc_hd__clkbuf_16)
                                                         clknet_1_0__leaf_gpio_in[38] (net)
                      0.146973    0.013230   26.315388 ^ _090_/CLK (sky130_fd_sc_hd__dfrtp_1)
                                 -0.250000   26.065390   clock uncertainty
                                  0.000000   26.065390   clock reconvergence pessimism
                                  0.408812   26.474201   library recovery time
                                             26.474201   data required time
---------------------------------------------------------------------------------------------
                                             26.474201   data required time
                                             -5.883740   data arrival time
---------------------------------------------------------------------------------------------
                                             20.590462   slack (MET)


Startpoint: resetb_l (input port clocked by gpio_in[38])
Endpoint: _089_ (recovery check against rising-edge clock gpio_in[38])
Path Group: asynchronous
Path Type: max

Fanout         Cap        Slew       Delay        Time   Description
---------------------------------------------------------------------------------------------
                                  0.000000    0.000000   clock gpio_in[38] (rise edge)
                                  0.000000    0.000000   clock network delay (propagated)
                                  5.000000    5.000000 ^ input external delay
     2    0.008962    0.074034    0.047228    5.047228 ^ resetb_l (in)
                                                         resetb_l (net)
                      0.074034    0.000000    5.047228 ^ input2/A (sky130_fd_sc_hd__buf_8)
    11    0.123409    0.314516    0.341335    5.388564 ^ input2/X (sky130_fd_sc_hd__buf_8)
                                                         net2 (net)
                      0.314516    0.000315    5.388879 ^ fanout31/A (sky130_fd_sc_hd__clkbuf_16)
    33    0.175283    0.285309    0.489428    5.878306 ^ fanout31/X (sky130_fd_sc_hd__clkbuf_16)
                                                         net31 (net)
                      0.285397    0.004328    5.882635 ^ _089_/RESET_B (sky130_fd_sc_hd__dfrtp_1)
                                              5.882635   data arrival time

                                 25.000000   25.000000   clock gpio_in[38] (rise edge)
                                  0.000000   25.000000   clock source latency
     2    0.090833    0.654910    0.469484   25.469482 ^ gpio_in[38] (in)
                                                         gpio_in[38] (net)
                      0.657180    0.000000   25.469482 ^ clkbuf_0_gpio_in[38]/A (sky130_fd_sc_hd__clkbuf_16)
     5    0.060913    0.128177    0.516904   25.986387 ^ clkbuf_0_gpio_in[38]/X (sky130_fd_sc_hd__clkbuf_16)
                                                         clknet_0_gpio_in[38] (net)
                      0.128309    0.003698   25.990086 ^ clkbuf_1_0__f_gpio_in[38]/A (sky130_fd_sc_hd__clkbuf_16)
    25    0.077426    0.144997    0.312072   26.302158 ^ clkbuf_1_0__f_gpio_in[38]/X (sky130_fd_sc_hd__clkbuf_16)
                                                         clknet_1_0__leaf_gpio_in[38] (net)
                      0.147027    0.013411   26.315569 ^ _089_/CLK (sky130_fd_sc_hd__dfrtp_1)
                                 -0.250000   26.065571   clock uncertainty
                                  0.000000   26.065571   clock reconvergence pessimism
                                  0.408850   26.474421   library recovery time
                                             26.474421   data required time
---------------------------------------------------------------------------------------------
                                             26.474421   data required time
                                             -5.882635   data arrival time
---------------------------------------------------------------------------------------------
                                             20.591785   slack (MET)


Startpoint: resetb_l (input port clocked by gpio_in[38])
Endpoint: _099_ (recovery check against rising-edge clock gpio_in[38])
Path Group: asynchronous
Path Type: max

Fanout         Cap        Slew       Delay        Time   Description
---------------------------------------------------------------------------------------------
                                  0.000000    0.000000   clock gpio_in[38] (rise edge)
                                  0.000000    0.000000   clock network delay (propagated)
                                  5.000000    5.000000 ^ input external delay
     2    0.008962    0.074034    0.047228    5.047228 ^ resetb_l (in)
                                                         resetb_l (net)
                      0.074034    0.000000    5.047228 ^ input2/A (sky130_fd_sc_hd__buf_8)
    11    0.123409    0.314516    0.341335    5.388564 ^ input2/X (sky130_fd_sc_hd__buf_8)
                                                         net2 (net)
                      0.314516    0.000315    5.388879 ^ fanout31/A (sky130_fd_sc_hd__clkbuf_16)
    33    0.175283    0.285309    0.489428    5.878306 ^ fanout31/X (sky130_fd_sc_hd__clkbuf_16)
                                                         net31 (net)
                      0.285341    0.002653    5.880959 ^ _099_/RESET_B (sky130_fd_sc_hd__dfrtp_1)
                                              5.880959   data arrival time

                                 25.000000   25.000000   clock gpio_in[38] (rise edge)
                                  0.000000   25.000000   clock source latency
     2    0.090833    0.654910    0.469484   25.469482 ^ gpio_in[38] (in)
                                                         gpio_in[38] (net)
                      0.657180    0.000000   25.469482 ^ clkbuf_0_gpio_in[38]/A (sky130_fd_sc_hd__clkbuf_16)
     5    0.060913    0.128177    0.516904   25.986387 ^ clkbuf_0_gpio_in[38]/X (sky130_fd_sc_hd__clkbuf_16)
                                                         clknet_0_gpio_in[38] (net)
                      0.128309    0.003698   25.990086 ^ clkbuf_1_0__f_gpio_in[38]/A (sky130_fd_sc_hd__clkbuf_16)
    25    0.077426    0.144997    0.312072   26.302158 ^ clkbuf_1_0__f_gpio_in[38]/X (sky130_fd_sc_hd__clkbuf_16)
                                                         clknet_1_0__leaf_gpio_in[38] (net)
                      0.147073    0.013564   26.315722 ^ _099_/CLK (sky130_fd_sc_hd__dfrtp_1)
                                 -0.250000   26.065723   clock uncertainty
                                  0.000000   26.065723   clock reconvergence pessimism
                                  0.408885   26.474607   library recovery time
                                             26.474607   data required time
---------------------------------------------------------------------------------------------
                                             26.474607   data required time
                                             -5.880959   data arrival time
---------------------------------------------------------------------------------------------
                                             20.593651   slack (MET)


Startpoint: resetb_l (input port clocked by gpio_in[38])
Endpoint: _100_ (recovery check against rising-edge clock gpio_in[38])
Path Group: asynchronous
Path Type: max

Fanout         Cap        Slew       Delay        Time   Description
---------------------------------------------------------------------------------------------
                                  0.000000    0.000000   clock gpio_in[38] (rise edge)
                                  0.000000    0.000000   clock network delay (propagated)
                                  5.000000    5.000000 ^ input external delay
     2    0.008962    0.074034    0.047228    5.047228 ^ resetb_l (in)
                                                         resetb_l (net)
                      0.074034    0.000000    5.047228 ^ input2/A (sky130_fd_sc_hd__buf_8)
    11    0.123409    0.314516    0.341335    5.388564 ^ input2/X (sky130_fd_sc_hd__buf_8)
                                                         net2 (net)
                      0.314516    0.000315    5.388879 ^ fanout31/A (sky130_fd_sc_hd__clkbuf_16)
    33    0.175283    0.285309    0.489428    5.878306 ^ fanout31/X (sky130_fd_sc_hd__clkbuf_16)
                                                         net31 (net)
                      0.285324    0.001842    5.880148 ^ _100_/RESET_B (sky130_fd_sc_hd__dfrtp_1)
                                              5.880148   data arrival time

                                 25.000000   25.000000   clock gpio_in[38] (rise edge)
                                  0.000000   25.000000   clock source latency
     2    0.090833    0.654910    0.469484   25.469482 ^ gpio_in[38] (in)
                                                         gpio_in[38] (net)
                      0.657180    0.000000   25.469482 ^ clkbuf_0_gpio_in[38]/A (sky130_fd_sc_hd__clkbuf_16)
     5    0.060913    0.128177    0.516904   25.986387 ^ clkbuf_0_gpio_in[38]/X (sky130_fd_sc_hd__clkbuf_16)
                                                         clknet_0_gpio_in[38] (net)
                      0.128309    0.003698   25.990086 ^ clkbuf_1_0__f_gpio_in[38]/A (sky130_fd_sc_hd__clkbuf_16)
    25    0.077426    0.144997    0.312072   26.302158 ^ clkbuf_1_0__f_gpio_in[38]/X (sky130_fd_sc_hd__clkbuf_16)
                                                         clknet_1_0__leaf_gpio_in[38] (net)
                      0.147110    0.013689   26.315845 ^ _100_/CLK (sky130_fd_sc_hd__dfrtp_1)
                                 -0.250000   26.065847   clock uncertainty
                                  0.000000   26.065847   clock reconvergence pessimism
                                  0.408904   26.474752   library recovery time
                                             26.474752   data required time
---------------------------------------------------------------------------------------------
                                             26.474752   data required time
                                             -5.880148   data arrival time
---------------------------------------------------------------------------------------------
                                             20.594604   slack (MET)


Startpoint: resetb_l (input port clocked by gpio_in[38])
Endpoint: _102_ (recovery check against rising-edge clock gpio_in[38])
Path Group: asynchronous
Path Type: max

Fanout         Cap        Slew       Delay        Time   Description
---------------------------------------------------------------------------------------------
                                  0.000000    0.000000   clock gpio_in[38] (rise edge)
                                  0.000000    0.000000   clock network delay (propagated)
                                  5.000000    5.000000 ^ input external delay
     2    0.008962    0.074034    0.047228    5.047228 ^ resetb_l (in)
                                                         resetb_l (net)
                      0.074034    0.000000    5.047228 ^ input2/A (sky130_fd_sc_hd__buf_8)
    11    0.123409    0.314516    0.341335    5.388564 ^ input2/X (sky130_fd_sc_hd__buf_8)
                                                         net2 (net)
                      0.314516    0.000315    5.388879 ^ fanout31/A (sky130_fd_sc_hd__clkbuf_16)
    33    0.175283    0.285309    0.489428    5.878306 ^ fanout31/X (sky130_fd_sc_hd__clkbuf_16)
                                                         net31 (net)
                      0.285317    0.001348    5.879655 ^ _102_/RESET_B (sky130_fd_sc_hd__dfrtp_1)
                                              5.879655   data arrival time

                                 25.000000   25.000000   clock gpio_in[38] (rise edge)
                                  0.000000   25.000000   clock source latency
     2    0.090833    0.654910    0.469484   25.469482 ^ gpio_in[38] (in)
                                                         gpio_in[38] (net)
                      0.657180    0.000000   25.469482 ^ clkbuf_0_gpio_in[38]/A (sky130_fd_sc_hd__clkbuf_16)
     5    0.060913    0.128177    0.516904   25.986387 ^ clkbuf_0_gpio_in[38]/X (sky130_fd_sc_hd__clkbuf_16)
                                                         clknet_0_gpio_in[38] (net)
                      0.128309    0.003698   25.990086 ^ clkbuf_1_0__f_gpio_in[38]/A (sky130_fd_sc_hd__clkbuf_16)
    25    0.077426    0.144997    0.312072   26.302158 ^ clkbuf_1_0__f_gpio_in[38]/X (sky130_fd_sc_hd__clkbuf_16)
                                                         clknet_1_0__leaf_gpio_in[38] (net)
                      0.147082    0.013596   26.315754 ^ _102_/CLK (sky130_fd_sc_hd__dfrtp_1)
                                 -0.250000   26.065754   clock uncertainty
                                  0.000000   26.065754   clock reconvergence pessimism
                                  0.408898   26.474653   library recovery time
                                             26.474653   data required time
---------------------------------------------------------------------------------------------
                                             26.474653   data required time
                                             -5.879655   data arrival time
---------------------------------------------------------------------------------------------
                                             20.594997   slack (MET)


Startpoint: resetb_l (input port clocked by gpio_in[38])
Endpoint: _101_ (recovery check against rising-edge clock gpio_in[38])
Path Group: asynchronous
Path Type: max

Fanout         Cap        Slew       Delay        Time   Description
---------------------------------------------------------------------------------------------
                                  0.000000    0.000000   clock gpio_in[38] (rise edge)
                                  0.000000    0.000000   clock network delay (propagated)
                                  5.000000    5.000000 ^ input external delay
     2    0.008962    0.074034    0.047228    5.047228 ^ resetb_l (in)
                                                         resetb_l (net)
                      0.074034    0.000000    5.047228 ^ input2/A (sky130_fd_sc_hd__buf_8)
    11    0.123409    0.314516    0.341335    5.388564 ^ input2/X (sky130_fd_sc_hd__buf_8)
                                                         net2 (net)
                      0.314516    0.000315    5.388879 ^ fanout31/A (sky130_fd_sc_hd__clkbuf_16)
    33    0.175283    0.285309    0.489428    5.878306 ^ fanout31/X (sky130_fd_sc_hd__clkbuf_16)
                                                         net31 (net)
                      0.285313    0.001037    5.879343 ^ _101_/RESET_B (sky130_fd_sc_hd__dfrtp_1)
                                              5.879343   data arrival time

                                 25.000000   25.000000   clock gpio_in[38] (rise edge)
                                  0.000000   25.000000   clock source latency
     2    0.090833    0.654910    0.469484   25.469482 ^ gpio_in[38] (in)
                                                         gpio_in[38] (net)
                      0.657180    0.000000   25.469482 ^ clkbuf_0_gpio_in[38]/A (sky130_fd_sc_hd__clkbuf_16)
     5    0.060913    0.128177    0.516904   25.986387 ^ clkbuf_0_gpio_in[38]/X (sky130_fd_sc_hd__clkbuf_16)
                                                         clknet_0_gpio_in[38] (net)
                      0.128309    0.003698   25.990086 ^ clkbuf_1_0__f_gpio_in[38]/A (sky130_fd_sc_hd__clkbuf_16)
    25    0.077426    0.144997    0.312072   26.302158 ^ clkbuf_1_0__f_gpio_in[38]/X (sky130_fd_sc_hd__clkbuf_16)
                                                         clknet_1_0__leaf_gpio_in[38] (net)
                      0.147102    0.013662   26.315819 ^ _101_/CLK (sky130_fd_sc_hd__dfrtp_1)
                                 -0.250000   26.065821   clock uncertainty
                                  0.000000   26.065821   clock reconvergence pessimism
                                  0.408906   26.474726   library recovery time
                                             26.474726   data required time
---------------------------------------------------------------------------------------------
                                             26.474726   data required time
                                             -5.879343   data arrival time
---------------------------------------------------------------------------------------------
                                             20.595383   slack (MET)


Startpoint: _087_ (rising edge-triggered flip-flop clocked by gpio_in[38])
Endpoint: _092_ (rising edge-triggered flip-flop clocked by gpio_in[38])
Path Group: gpio_in[38]
Path Type: max

Fanout         Cap        Slew       Delay        Time   Description
---------------------------------------------------------------------------------------------
                                  0.000000    0.000000   clock gpio_in[38] (rise edge)
                                  0.000000    0.000000   clock source latency
     2    0.090833    0.654910    0.469484    0.469484 ^ gpio_in[38] (in)
                                                         gpio_in[38] (net)
                      0.657180    0.000000    0.469484 ^ clkbuf_0_gpio_in[38]/A (sky130_fd_sc_hd__clkbuf_16)
     5    0.060913    0.128177    0.516905    0.986389 ^ clkbuf_0_gpio_in[38]/X (sky130_fd_sc_hd__clkbuf_16)
                                                         clknet_0_gpio_in[38] (net)
                      0.128309    0.003698    0.990087 ^ clkbuf_1_0__f_gpio_in[38]/A (sky130_fd_sc_hd__clkbuf_16)
    25    0.077426    0.144997    0.312070    1.302158 ^ clkbuf_1_0__f_gpio_in[38]/X (sky130_fd_sc_hd__clkbuf_16)
                                                         clknet_1_0__leaf_gpio_in[38] (net)
                      0.146848    0.012796    1.314953 ^ _087_/CLK (sky130_fd_sc_hd__dfrtp_2)
     3    0.008980    0.111343    0.759471    2.074424 ^ _087_/Q (sky130_fd_sc_hd__dfrtp_2)
                                                         gpio_18_21_bidir[18].cfg.gpio_out_val (net)
                      0.111343    0.000055    2.074479 ^ hold3/A (sky130_fd_sc_hd__dlygate4sd3_1)
     5    0.019357    0.317760    1.252473    3.326951 ^ hold3/X (sky130_fd_sc_hd__dlygate4sd3_1)
                                                         net578 (net)
                      0.317760    0.000179    3.327130 ^ _049_/A (sky130_fd_sc_hd__and4_4)
    17    0.123698    0.598790    0.988824    4.315954 ^ _049_/X (sky130_fd_sc_hd__and4_4)
                                                         _022_ (net)
                      0.604797    0.047808    4.363762 ^ _053_/C (sky130_fd_sc_hd__and3_1)
     3    0.010837    0.196912    0.563678    4.927440 ^ _053_/X (sky130_fd_sc_hd__and3_1)
                                                         _024_ (net)
                      0.196912    0.000084    4.927524 ^ _055_/A (sky130_fd_sc_hd__nor2_1)
     1    0.003495    0.070485    0.139495    5.067019 v _055_/Y (sky130_fd_sc_hd__nor2_1)
                                                         _015_ (net)
                      0.070485    0.000048    5.067067 v _092_/D (sky130_fd_sc_hd__dfrtp_1)
                                              5.067067   data arrival time

                                 25.000000   25.000000   clock gpio_in[38] (rise edge)
                                  0.000000   25.000000   clock source latency
     2    0.090833    0.654910    0.469484   25.469482 ^ gpio_in[38] (in)
                                                         gpio_in[38] (net)
                      0.657180    0.000000   25.469482 ^ clkbuf_0_gpio_in[38]/A (sky130_fd_sc_hd__clkbuf_16)
     5    0.060913    0.128177    0.516904   25.986387 ^ clkbuf_0_gpio_in[38]/X (sky130_fd_sc_hd__clkbuf_16)
                                                         clknet_0_gpio_in[38] (net)
                      0.128299    0.003586   25.989973 ^ clkbuf_1_1__f_gpio_in[38]/A (sky130_fd_sc_hd__clkbuf_16)
    19    0.066387    0.129561    0.302899   26.292873 ^ clkbuf_1_1__f_gpio_in[38]/X (sky130_fd_sc_hd__clkbuf_16)
                                                         clknet_1_1__leaf_gpio_in[38] (net)
                      0.130666    0.009267   26.302139 ^ _092_/CLK (sky130_fd_sc_hd__dfrtp_1)
                                 -0.250000   26.052141   clock uncertainty
                                  0.000000   26.052141   clock reconvergence pessimism
                                 -0.260599   25.791542   library setup time
                                             25.791542   data required time
---------------------------------------------------------------------------------------------
                                             25.791542   data required time
                                             -5.067067   data arrival time
---------------------------------------------------------------------------------------------
                                             20.724476   slack (MET)


Startpoint: _087_ (rising edge-triggered flip-flop clocked by gpio_in[38])
Endpoint: _089_ (rising edge-triggered flip-flop clocked by gpio_in[38])
Path Group: gpio_in[38]
Path Type: max

Fanout         Cap        Slew       Delay        Time   Description
---------------------------------------------------------------------------------------------
                                  0.000000    0.000000   clock gpio_in[38] (rise edge)
                                  0.000000    0.000000   clock source latency
     2    0.090833    0.654910    0.469484    0.469484 ^ gpio_in[38] (in)
                                                         gpio_in[38] (net)
                      0.657180    0.000000    0.469484 ^ clkbuf_0_gpio_in[38]/A (sky130_fd_sc_hd__clkbuf_16)
     5    0.060913    0.128177    0.516905    0.986389 ^ clkbuf_0_gpio_in[38]/X (sky130_fd_sc_hd__clkbuf_16)
                                                         clknet_0_gpio_in[38] (net)
                      0.128309    0.003698    0.990087 ^ clkbuf_1_0__f_gpio_in[38]/A (sky130_fd_sc_hd__clkbuf_16)
    25    0.077426    0.144997    0.312070    1.302158 ^ clkbuf_1_0__f_gpio_in[38]/X (sky130_fd_sc_hd__clkbuf_16)
                                                         clknet_1_0__leaf_gpio_in[38] (net)
                      0.146848    0.012796    1.314953 ^ _087_/CLK (sky130_fd_sc_hd__dfrtp_2)
     3    0.008604    0.102042    0.872317    2.187270 v _087_/Q (sky130_fd_sc_hd__dfrtp_2)
                                                         gpio_18_21_bidir[18].cfg.gpio_out_val (net)
                      0.102042    0.000052    2.187323 v hold3/A (sky130_fd_sc_hd__dlygate4sd3_1)
     5    0.018642    0.243608    1.308276    3.495598 v hold3/X (sky130_fd_sc_hd__dlygate4sd3_1)
                                                         net578 (net)
                      0.243608    0.000139    3.495737 v _045_/A (sky130_fd_sc_hd__nand2_1)
     2    0.008194    0.146755    0.223027    3.718764 ^ _045_/Y (sky130_fd_sc_hd__nand2_1)
                                                         _020_ (net)
                      0.146755    0.000035    3.718799 ^ _048_/B (sky130_fd_sc_hd__xnor2_1)
     1    0.002282    0.087940    0.138777    3.857577 v _048_/Y (sky130_fd_sc_hd__xnor2_1)
                                                         _012_ (net)
                      0.087940    0.000015    3.857591 v hold24/A (sky130_fd_sc_hd__dlygate4sd3_1)
     1    0.002564    0.107162    1.127595    4.985187 v hold24/X (sky130_fd_sc_hd__dlygate4sd3_1)
                                                         net599 (net)
                      0.107162    0.000026    4.985213 v _089_/D (sky130_fd_sc_hd__dfrtp_1)
                                              4.985213   data arrival time

                                 25.000000   25.000000   clock gpio_in[38] (rise edge)
                                  0.000000   25.000000   clock source latency
     2    0.090833    0.654910    0.469484   25.469482 ^ gpio_in[38] (in)
                                                         gpio_in[38] (net)
                      0.657180    0.000000   25.469482 ^ clkbuf_0_gpio_in[38]/A (sky130_fd_sc_hd__clkbuf_16)
     5    0.060913    0.128177    0.516904   25.986387 ^ clkbuf_0_gpio_in[38]/X (sky130_fd_sc_hd__clkbuf_16)
                                                         clknet_0_gpio_in[38] (net)
                      0.128309    0.003698   25.990086 ^ clkbuf_1_0__f_gpio_in[38]/A (sky130_fd_sc_hd__clkbuf_16)
    25    0.077426    0.144997    0.312072   26.302158 ^ clkbuf_1_0__f_gpio_in[38]/X (sky130_fd_sc_hd__clkbuf_16)
                                                         clknet_1_0__leaf_gpio_in[38] (net)
                      0.147027    0.013411   26.315569 ^ _089_/CLK (sky130_fd_sc_hd__dfrtp_1)
                                 -0.250000   26.065571   clock uncertainty
                                  0.000000   26.065571   clock reconvergence pessimism
                                 -0.271514   25.794056   library setup time
                                             25.794056   data required time
---------------------------------------------------------------------------------------------
                                             25.794056   data required time
                                             -4.985213   data arrival time
---------------------------------------------------------------------------------------------
                                             20.808844   slack (MET)


Startpoint: resetb_l (input port clocked by gpio_in[38])
Endpoint: _106_ (recovery check against rising-edge clock gpio_in[38])
Path Group: asynchronous
Path Type: max

Fanout         Cap        Slew       Delay        Time   Description
---------------------------------------------------------------------------------------------
                                  0.000000    0.000000   clock gpio_in[38] (rise edge)
                                  0.000000    0.000000   clock network delay (propagated)
                                  5.000000    5.000000 ^ input external delay
     2    0.008962    0.074034    0.047228    5.047228 ^ resetb_l (in)
                                                         resetb_l (net)
                      0.074034    0.000000    5.047228 ^ input2/A (sky130_fd_sc_hd__buf_8)
    11    0.123409    0.314516    0.341335    5.388564 ^ input2/X (sky130_fd_sc_hd__buf_8)
                                                         net2 (net)
                      0.326979    0.048698    5.437262 ^ _106_/RESET_B (sky130_fd_sc_hd__dfrtp_1)
                                              5.437262   data arrival time

                                 25.000000   25.000000   clock gpio_in[38] (rise edge)
                                  0.000000   25.000000   clock source latency
     2    0.090833    0.654910    0.469484   25.469482 ^ gpio_in[38] (in)
                                                         gpio_in[38] (net)
                      0.657180    0.000000   25.469482 ^ clkbuf_0_gpio_in[38]/A (sky130_fd_sc_hd__clkbuf_16)
     5    0.060913    0.128177    0.516904   25.986387 ^ clkbuf_0_gpio_in[38]/X (sky130_fd_sc_hd__clkbuf_16)
                                                         clknet_0_gpio_in[38] (net)
                      0.128299    0.003586   25.989973 ^ clkbuf_1_1__f_gpio_in[38]/A (sky130_fd_sc_hd__clkbuf_16)
    19    0.066387    0.129561    0.302899   26.292873 ^ clkbuf_1_1__f_gpio_in[38]/X (sky130_fd_sc_hd__clkbuf_16)
                                                         clknet_1_1__leaf_gpio_in[38] (net)
                      0.130562    0.008795   26.301668 ^ _106_/CLK (sky130_fd_sc_hd__dfrtp_1)
                                 -0.250000   26.051668   clock uncertainty
                                  0.000000   26.051668   clock reconvergence pessimism
                                  0.387938   26.439608   library recovery time
                                             26.439608   data required time
---------------------------------------------------------------------------------------------
                                             26.439608   data required time
                                             -5.437262   data arrival time
---------------------------------------------------------------------------------------------
                                             21.002346   slack (MET)


Startpoint: resetb_l (input port clocked by gpio_in[38])
Endpoint: _103_ (recovery check against rising-edge clock gpio_in[38])
Path Group: asynchronous
Path Type: max

Fanout         Cap        Slew       Delay        Time   Description
---------------------------------------------------------------------------------------------
                                  0.000000    0.000000   clock gpio_in[38] (rise edge)
                                  0.000000    0.000000   clock network delay (propagated)
                                  5.000000    5.000000 ^ input external delay
     2    0.008962    0.074034    0.047228    5.047228 ^ resetb_l (in)
                                                         resetb_l (net)
                      0.074034    0.000000    5.047228 ^ input2/A (sky130_fd_sc_hd__buf_8)
    11    0.123409    0.314516    0.341335    5.388564 ^ input2/X (sky130_fd_sc_hd__buf_8)
                                                         net2 (net)
                      0.326965    0.048670    5.437234 ^ _103_/RESET_B (sky130_fd_sc_hd__dfrtp_1)
                                              5.437234   data arrival time

                                 25.000000   25.000000   clock gpio_in[38] (rise edge)
                                  0.000000   25.000000   clock source latency
     2    0.090833    0.654910    0.469484   25.469482 ^ gpio_in[38] (in)
                                                         gpio_in[38] (net)
                      0.657180    0.000000   25.469482 ^ clkbuf_0_gpio_in[38]/A (sky130_fd_sc_hd__clkbuf_16)
     5    0.060913    0.128177    0.516904   25.986387 ^ clkbuf_0_gpio_in[38]/X (sky130_fd_sc_hd__clkbuf_16)
                                                         clknet_0_gpio_in[38] (net)
                      0.128299    0.003586   25.989973 ^ clkbuf_1_1__f_gpio_in[38]/A (sky130_fd_sc_hd__clkbuf_16)
    19    0.066387    0.129561    0.302899   26.292873 ^ clkbuf_1_1__f_gpio_in[38]/X (sky130_fd_sc_hd__clkbuf_16)
                                                         clknet_1_1__leaf_gpio_in[38] (net)
                      0.130563    0.008802   26.301674 ^ _103_/CLK (sky130_fd_sc_hd__dfrtp_1)
                                 -0.250000   26.051676   clock uncertainty
                                  0.000000   26.051676   clock reconvergence pessimism
                                  0.387944   26.439619   library recovery time
                                             26.439619   data required time
---------------------------------------------------------------------------------------------
                                             26.439619   data required time
                                             -5.437234   data arrival time
---------------------------------------------------------------------------------------------
                                             21.002384   slack (MET)


Startpoint: resetb_l (input port clocked by gpio_in[38])
Endpoint: _104_ (recovery check against rising-edge clock gpio_in[38])
Path Group: asynchronous
Path Type: max

Fanout         Cap        Slew       Delay        Time   Description
---------------------------------------------------------------------------------------------
                                  0.000000    0.000000   clock gpio_in[38] (rise edge)
                                  0.000000    0.000000   clock network delay (propagated)
                                  5.000000    5.000000 ^ input external delay
     2    0.008962    0.074034    0.047228    5.047228 ^ resetb_l (in)
                                                         resetb_l (net)
                      0.074034    0.000000    5.047228 ^ input2/A (sky130_fd_sc_hd__buf_8)
    11    0.123409    0.314516    0.341335    5.388564 ^ input2/X (sky130_fd_sc_hd__buf_8)
                                                         net2 (net)
                      0.326968    0.048676    5.437240 ^ _104_/RESET_B (sky130_fd_sc_hd__dfrtp_1)
                                              5.437240   data arrival time

                                 25.000000   25.000000   clock gpio_in[38] (rise edge)
                                  0.000000   25.000000   clock source latency
     2    0.090833    0.654910    0.469484   25.469482 ^ gpio_in[38] (in)
                                                         gpio_in[38] (net)
                      0.657180    0.000000   25.469482 ^ clkbuf_0_gpio_in[38]/A (sky130_fd_sc_hd__clkbuf_16)
     5    0.060913    0.128177    0.516904   25.986387 ^ clkbuf_0_gpio_in[38]/X (sky130_fd_sc_hd__clkbuf_16)
                                                         clknet_0_gpio_in[38] (net)
                      0.128299    0.003586   25.989973 ^ clkbuf_1_1__f_gpio_in[38]/A (sky130_fd_sc_hd__clkbuf_16)
    19    0.066387    0.129561    0.302899   26.292873 ^ clkbuf_1_1__f_gpio_in[38]/X (sky130_fd_sc_hd__clkbuf_16)
                                                         clknet_1_1__leaf_gpio_in[38] (net)
                      0.130566    0.008814   26.301687 ^ _104_/CLK (sky130_fd_sc_hd__dfrtp_1)
                                 -0.250000   26.051687   clock uncertainty
                                  0.000000   26.051687   clock reconvergence pessimism
                                  0.387944   26.439632   library recovery time
                                             26.439632   data required time
---------------------------------------------------------------------------------------------
                                             26.439632   data required time
                                             -5.437240   data arrival time
---------------------------------------------------------------------------------------------
                                             21.002392   slack (MET)


Startpoint: resetb_l (input port clocked by gpio_in[38])
Endpoint: _105_ (recovery check against rising-edge clock gpio_in[38])
Path Group: asynchronous
Path Type: max

Fanout         Cap        Slew       Delay        Time   Description
---------------------------------------------------------------------------------------------
                                  0.000000    0.000000   clock gpio_in[38] (rise edge)
                                  0.000000    0.000000   clock network delay (propagated)
                                  5.000000    5.000000 ^ input external delay
     2    0.008962    0.074034    0.047228    5.047228 ^ resetb_l (in)
                                                         resetb_l (net)
                      0.074034    0.000000    5.047228 ^ input2/A (sky130_fd_sc_hd__buf_8)
    11    0.123409    0.314516    0.341335    5.388564 ^ input2/X (sky130_fd_sc_hd__buf_8)
                                                         net2 (net)
                      0.326914    0.048571    5.437135 ^ _105_/RESET_B (sky130_fd_sc_hd__dfrtp_1)
                                              5.437135   data arrival time

                                 25.000000   25.000000   clock gpio_in[38] (rise edge)
                                  0.000000   25.000000   clock source latency
     2    0.090833    0.654910    0.469484   25.469482 ^ gpio_in[38] (in)
                                                         gpio_in[38] (net)
                      0.657180    0.000000   25.469482 ^ clkbuf_0_gpio_in[38]/A (sky130_fd_sc_hd__clkbuf_16)
     5    0.060913    0.128177    0.516904   25.986387 ^ clkbuf_0_gpio_in[38]/X (sky130_fd_sc_hd__clkbuf_16)
                                                         clknet_0_gpio_in[38] (net)
                      0.128299    0.003586   25.989973 ^ clkbuf_1_1__f_gpio_in[38]/A (sky130_fd_sc_hd__clkbuf_16)
    19    0.066387    0.129561    0.302899   26.292873 ^ clkbuf_1_1__f_gpio_in[38]/X (sky130_fd_sc_hd__clkbuf_16)
                                                         clknet_1_1__leaf_gpio_in[38] (net)
                      0.130568    0.008823   26.301695 ^ _105_/CLK (sky130_fd_sc_hd__dfrtp_1)
                                 -0.250000   26.051697   clock uncertainty
                                  0.000000   26.051697   clock reconvergence pessimism
                                  0.387964   26.439661   library recovery time
                                             26.439661   data required time
---------------------------------------------------------------------------------------------
                                             26.439661   data required time
                                             -5.437135   data arrival time
---------------------------------------------------------------------------------------------
                                             21.002525   slack (MET)


Startpoint: _087_ (rising edge-triggered flip-flop clocked by gpio_in[38])
Endpoint: _088_ (rising edge-triggered flip-flop clocked by gpio_in[38])
Path Group: gpio_in[38]
Path Type: max

Fanout         Cap        Slew       Delay        Time   Description
---------------------------------------------------------------------------------------------
                                  0.000000    0.000000   clock gpio_in[38] (rise edge)
                                  0.000000    0.000000   clock source latency
     2    0.090833    0.654910    0.469484    0.469484 ^ gpio_in[38] (in)
                                                         gpio_in[38] (net)
                      0.657180    0.000000    0.469484 ^ clkbuf_0_gpio_in[38]/A (sky130_fd_sc_hd__clkbuf_16)
     5    0.060913    0.128177    0.516905    0.986389 ^ clkbuf_0_gpio_in[38]/X (sky130_fd_sc_hd__clkbuf_16)
                                                         clknet_0_gpio_in[38] (net)
                      0.128309    0.003698    0.990087 ^ clkbuf_1_0__f_gpio_in[38]/A (sky130_fd_sc_hd__clkbuf_16)
    25    0.077426    0.144997    0.312070    1.302158 ^ clkbuf_1_0__f_gpio_in[38]/X (sky130_fd_sc_hd__clkbuf_16)
                                                         clknet_1_0__leaf_gpio_in[38] (net)
                      0.146848    0.012796    1.314953 ^ _087_/CLK (sky130_fd_sc_hd__dfrtp_2)
     3    0.008604    0.102042    0.872317    2.187270 v _087_/Q (sky130_fd_sc_hd__dfrtp_2)
                                                         gpio_18_21_bidir[18].cfg.gpio_out_val (net)
                      0.102042    0.000052    2.187323 v hold3/A (sky130_fd_sc_hd__dlygate4sd3_1)
     5    0.018642    0.243608    1.308276    3.495598 v hold3/X (sky130_fd_sc_hd__dlygate4sd3_1)
                                                         net578 (net)
                      0.243608    0.000214    3.495812 v _046_/A (sky130_fd_sc_hd__or2_1)
     1    0.004006    0.108854    0.582458    4.078270 v _046_/X (sky130_fd_sc_hd__or2_1)
                                                         _021_ (net)
                      0.108854    0.000064    4.078334 v _047_/B (sky130_fd_sc_hd__and2_1)
     1    0.002497    0.065701    0.328407    4.406741 v _047_/X (sky130_fd_sc_hd__and2_1)
                                                         _011_ (net)
                      0.065701    0.000024    4.406765 v _088_/D (sky130_fd_sc_hd__dfrtp_1)
                                              4.406765   data arrival time

                                 25.000000   25.000000   clock gpio_in[38] (rise edge)
                                  0.000000   25.000000   clock source latency
     2    0.090833    0.654910    0.469484   25.469482 ^ gpio_in[38] (in)
                                                         gpio_in[38] (net)
                      0.657180    0.000000   25.469482 ^ clkbuf_0_gpio_in[38]/A (sky130_fd_sc_hd__clkbuf_16)
     5    0.060913    0.128177    0.516904   25.986387 ^ clkbuf_0_gpio_in[38]/X (sky130_fd_sc_hd__clkbuf_16)
                                                         clknet_0_gpio_in[38] (net)
                      0.128309    0.003698   25.990086 ^ clkbuf_1_0__f_gpio_in[38]/A (sky130_fd_sc_hd__clkbuf_16)
    25    0.077426    0.144997    0.312072   26.302158 ^ clkbuf_1_0__f_gpio_in[38]/X (sky130_fd_sc_hd__clkbuf_16)
                                                         clknet_1_0__leaf_gpio_in[38] (net)
                      0.146895    0.012960   26.315119 ^ _088_/CLK (sky130_fd_sc_hd__dfrtp_1)
                                 -0.250000   26.065119   clock uncertainty
                                  0.000000   26.065119   clock reconvergence pessimism
                                 -0.254282   25.810837   library setup time
                                             25.810837   data required time
---------------------------------------------------------------------------------------------
                                             25.810837   data required time
                                             -4.406765   data arrival time
---------------------------------------------------------------------------------------------
                                             21.404072   slack (MET)


Startpoint: _087_ (rising edge-triggered flip-flop clocked by gpio_in[38])
Endpoint: _087_ (rising edge-triggered flip-flop clocked by gpio_in[38])
Path Group: gpio_in[38]
Path Type: max

Fanout         Cap        Slew       Delay        Time   Description
---------------------------------------------------------------------------------------------
                                  0.000000    0.000000   clock gpio_in[38] (rise edge)
                                  0.000000    0.000000   clock source latency
     2    0.090833    0.654910    0.469484    0.469484 ^ gpio_in[38] (in)
                                                         gpio_in[38] (net)
                      0.657180    0.000000    0.469484 ^ clkbuf_0_gpio_in[38]/A (sky130_fd_sc_hd__clkbuf_16)
     5    0.060913    0.128177    0.516905    0.986389 ^ clkbuf_0_gpio_in[38]/X (sky130_fd_sc_hd__clkbuf_16)
                                                         clknet_0_gpio_in[38] (net)
                      0.128309    0.003698    0.990087 ^ clkbuf_1_0__f_gpio_in[38]/A (sky130_fd_sc_hd__clkbuf_16)
    25    0.077426    0.144997    0.312070    1.302158 ^ clkbuf_1_0__f_gpio_in[38]/X (sky130_fd_sc_hd__clkbuf_16)
                                                         clknet_1_0__leaf_gpio_in[38] (net)
                      0.146848    0.012796    1.314953 ^ _087_/CLK (sky130_fd_sc_hd__dfrtp_2)
     3    0.008604    0.102042    0.872317    2.187270 v _087_/Q (sky130_fd_sc_hd__dfrtp_2)
                                                         gpio_18_21_bidir[18].cfg.gpio_out_val (net)
                      0.102042    0.000052    2.187323 v hold3/A (sky130_fd_sc_hd__dlygate4sd3_1)
     5    0.018642    0.243608    1.308276    3.495598 v hold3/X (sky130_fd_sc_hd__dlygate4sd3_1)
                                                         net578 (net)
                      0.243608    0.000255    3.495853 v _043_/A (sky130_fd_sc_hd__inv_2)
     1    0.002297    0.065898    0.118688    3.614542 ^ _043_/Y (sky130_fd_sc_hd__inv_2)
                                                         _000_ (net)
                      0.065898    0.000021    3.614562 ^ _087_/D (sky130_fd_sc_hd__dfrtp_2)
                                              3.614562   data arrival time

                                 25.000000   25.000000   clock gpio_in[38] (rise edge)
                                  0.000000   25.000000   clock source latency
     2    0.090833    0.654910    0.469484   25.469482 ^ gpio_in[38] (in)
                                                         gpio_in[38] (net)
                      0.657180    0.000000   25.469482 ^ clkbuf_0_gpio_in[38]/A (sky130_fd_sc_hd__clkbuf_16)
     5    0.060913    0.128177    0.516904   25.986387 ^ clkbuf_0_gpio_in[38]/X (sky130_fd_sc_hd__clkbuf_16)
                                                         clknet_0_gpio_in[38] (net)
                      0.128309    0.003698   25.990086 ^ clkbuf_1_0__f_gpio_in[38]/A (sky130_fd_sc_hd__clkbuf_16)
    25    0.077426    0.144997    0.312072   26.302158 ^ clkbuf_1_0__f_gpio_in[38]/X (sky130_fd_sc_hd__clkbuf_16)
                                                         clknet_1_0__leaf_gpio_in[38] (net)
                      0.146848    0.012795   26.314953 ^ _087_/CLK (sky130_fd_sc_hd__dfrtp_2)
                                 -0.250000   26.064953   clock uncertainty
                                  0.000000   26.064953   clock reconvergence pessimism
                                 -0.123798   25.941156   library setup time
                                             25.941156   data required time
---------------------------------------------------------------------------------------------
                                             25.941156   data required time
                                             -3.614562   data arrival time
---------------------------------------------------------------------------------------------
                                             22.326593   slack (MET)



