
===========================================================================
report_checks -path_delay min (Hold)
============================================================================
======================= min_ss_100C_1v60 Corner ===================================

Startpoint: _091_ (rising edge-triggered flip-flop clocked by gpio_in[38])
Endpoint: _096_ (rising edge-triggered flip-flop clocked by gpio_in[38])
Path Group: gpio_in[38]
Path Type: min

Fanout         Cap        Slew       Delay        Time   Description
---------------------------------------------------------------------------------------------
                                  0.000000    0.000000   clock gpio_in[38] (rise edge)
                                  0.000000    0.000000   clock source latency
     2    0.090833    0.654910    0.469484    0.469484 ^ gpio_in[38] (in)
                                                         gpio_in[38] (net)
                      0.657180    0.000000    0.469484 ^ clkbuf_0_gpio_in[38]/A (sky130_fd_sc_hd__clkbuf_16)
     5    0.060913    0.128177    0.516905    0.986389 ^ clkbuf_0_gpio_in[38]/X (sky130_fd_sc_hd__clkbuf_16)
                                                         clknet_0_gpio_in[38] (net)
                      0.128299    0.003586    0.989975 ^ clkbuf_1_1__f_gpio_in[38]/A (sky130_fd_sc_hd__clkbuf_16)
    19    0.066387    0.129561    0.302899    1.292873 ^ clkbuf_1_1__f_gpio_in[38]/X (sky130_fd_sc_hd__clkbuf_16)
                                                         clknet_1_1__leaf_gpio_in[38] (net)
                      0.130666    0.009268    1.302141 ^ _091_/CLK (sky130_fd_sc_hd__dfrtp_1)
     3    0.007979    0.119978    0.812587    2.114728 v _091_/Q (sky130_fd_sc_hd__dfrtp_1)
                                                         gpio_22_37_output[22].cfg.gpio_out_val (net)
                      0.119978    0.000026    2.114753 v _058_/A (sky130_fd_sc_hd__and4_4)
     9    0.103522    0.243308    0.464335    2.579089 v _058_/X (sky130_fd_sc_hd__and4_4)
                                                         _027_ (net)
                      0.253961    0.039320    2.618408 v _063_/A3 (sky130_fd_sc_hd__a31o_1)
     1    0.001816    0.053993    0.452326    3.070735 v _063_/X (sky130_fd_sc_hd__a31o_1)
                                                         _030_ (net)
                      0.053993    0.000015    3.070750 v _064_/B (sky130_fd_sc_hd__and2b_1)
     1    0.002077    0.058822    0.298563    3.369313 v _064_/X (sky130_fd_sc_hd__and2b_1)
                                                         _019_ (net)
                      0.058822    0.000017    3.369330 v _096_/D (sky130_fd_sc_hd__dfrtp_1)
                                              3.369330   data arrival time

                                  0.000000    0.000000   clock gpio_in[38] (rise edge)
                                  0.000000    0.000000   clock source latency
     2    0.090833    0.654910    0.469484    0.469484 ^ gpio_in[38] (in)
                                                         gpio_in[38] (net)
                      0.657180    0.000000    0.469484 ^ clkbuf_0_gpio_in[38]/A (sky130_fd_sc_hd__clkbuf_16)
     5    0.060913    0.128177    0.516905    0.986389 ^ clkbuf_0_gpio_in[38]/X (sky130_fd_sc_hd__clkbuf_16)
                                                         clknet_0_gpio_in[38] (net)
                      0.128309    0.003698    0.990087 ^ clkbuf_1_0__f_gpio_in[38]/A (sky130_fd_sc_hd__clkbuf_16)
    25    0.077426    0.144997    0.312070    1.302158 ^ clkbuf_1_0__f_gpio_in[38]/X (sky130_fd_sc_hd__clkbuf_16)
                                                         clknet_1_0__leaf_gpio_in[38] (net)
                      0.146792    0.012600    1.314757 ^ _096_/CLK (sky130_fd_sc_hd__dfrtp_1)
                                  0.250000    1.564757   clock uncertainty
                                  0.000000    1.564757   clock reconvergence pessimism
                                 -0.074408    1.490350   library hold time
                                              1.490350   data required time
---------------------------------------------------------------------------------------------
                                              1.490350   data required time
                                             -3.369330   data arrival time
---------------------------------------------------------------------------------------------
                                              1.878980   slack (MET)


Startpoint: _099_ (rising edge-triggered flip-flop clocked by gpio_in[38])
Endpoint: _103_ (rising edge-triggered flip-flop clocked by gpio_in[38])
Path Group: gpio_in[38]
Path Type: min

Fanout         Cap        Slew       Delay        Time   Description
---------------------------------------------------------------------------------------------
                                  0.000000    0.000000   clock gpio_in[38] (rise edge)
                                  0.000000    0.000000   clock source latency
     2    0.090833    0.654910    0.469484    0.469484 ^ gpio_in[38] (in)
                                                         gpio_in[38] (net)
                      0.657180    0.000000    0.469484 ^ clkbuf_0_gpio_in[38]/A (sky130_fd_sc_hd__clkbuf_16)
     5    0.060913    0.128177    0.516905    0.986389 ^ clkbuf_0_gpio_in[38]/X (sky130_fd_sc_hd__clkbuf_16)
                                                         clknet_0_gpio_in[38] (net)
                      0.128309    0.003698    0.990087 ^ clkbuf_1_0__f_gpio_in[38]/A (sky130_fd_sc_hd__clkbuf_16)
    25    0.077426    0.144997    0.312070    1.302158 ^ clkbuf_1_0__f_gpio_in[38]/X (sky130_fd_sc_hd__clkbuf_16)
                                                         clknet_1_0__leaf_gpio_in[38] (net)
                      0.147073    0.013566    1.315723 ^ _099_/CLK (sky130_fd_sc_hd__dfrtp_1)
     5    0.010731    0.144972    0.845440    2.161163 v _099_/Q (sky130_fd_sc_hd__dfrtp_1)
                                                         gpio_22_37_output[30].cfg.gpio_out_val (net)
                      0.144972    0.000095    2.161258 v _077_/A (sky130_fd_sc_hd__and4_1)
     1    0.005462    0.086263    0.362065    2.523323 v _077_/X (sky130_fd_sc_hd__and4_1)
                                                         _038_ (net)
                      0.086263    0.000112    2.523434 v _078_/D (sky130_fd_sc_hd__and4_4)
    11    0.110149    0.257315    0.543831    3.067266 v _078_/X (sky130_fd_sc_hd__and4_4)
                                                         _039_ (net)
                      0.269663    0.043479    3.110744 v _080_/B (sky130_fd_sc_hd__xor2_1)
     1    0.002166    0.144375    0.272064    3.382808 ^ _080_/X (sky130_fd_sc_hd__xor2_1)
                                                         _007_ (net)
                      0.144375    0.000011    3.382819 ^ _103_/D (sky130_fd_sc_hd__dfrtp_1)
                                              3.382819   data arrival time

                                  0.000000    0.000000   clock gpio_in[38] (rise edge)
                                  0.000000    0.000000   clock source latency
     2    0.090833    0.654910    0.469484    0.469484 ^ gpio_in[38] (in)
                                                         gpio_in[38] (net)
                      0.657180    0.000000    0.469484 ^ clkbuf_0_gpio_in[38]/A (sky130_fd_sc_hd__clkbuf_16)
     5    0.060913    0.128177    0.516905    0.986389 ^ clkbuf_0_gpio_in[38]/X (sky130_fd_sc_hd__clkbuf_16)
                                                         clknet_0_gpio_in[38] (net)
                      0.128299    0.003586    0.989975 ^ clkbuf_1_1__f_gpio_in[38]/A (sky130_fd_sc_hd__clkbuf_16)
    19    0.066387    0.129561    0.302899    1.292873 ^ clkbuf_1_1__f_gpio_in[38]/X (sky130_fd_sc_hd__clkbuf_16)
                                                         clknet_1_1__leaf_gpio_in[38] (net)
                      0.130563    0.008802    1.301675 ^ _103_/CLK (sky130_fd_sc_hd__dfrtp_1)
                                  0.250000    1.551675   clock uncertainty
                                  0.000000    1.551675   clock reconvergence pessimism
                                 -0.083960    1.467715   library hold time
                                              1.467715   data required time
---------------------------------------------------------------------------------------------
                                              1.467715   data required time
                                             -3.382819   data arrival time
---------------------------------------------------------------------------------------------
                                              1.915104   slack (MET)


Startpoint: _087_ (rising edge-triggered flip-flop clocked by gpio_in[38])
Endpoint: _087_ (rising edge-triggered flip-flop clocked by gpio_in[38])
Path Group: gpio_in[38]
Path Type: min

Fanout         Cap        Slew       Delay        Time   Description
---------------------------------------------------------------------------------------------
                                  0.000000    0.000000   clock gpio_in[38] (rise edge)
                                  0.000000    0.000000   clock source latency
     2    0.090833    0.654910    0.469484    0.469484 ^ gpio_in[38] (in)
                                                         gpio_in[38] (net)
                      0.657180    0.000000    0.469484 ^ clkbuf_0_gpio_in[38]/A (sky130_fd_sc_hd__clkbuf_16)
     5    0.060913    0.128177    0.516905    0.986389 ^ clkbuf_0_gpio_in[38]/X (sky130_fd_sc_hd__clkbuf_16)
                                                         clknet_0_gpio_in[38] (net)
                      0.128309    0.003698    0.990087 ^ clkbuf_1_0__f_gpio_in[38]/A (sky130_fd_sc_hd__clkbuf_16)
    25    0.077426    0.144997    0.312070    1.302158 ^ clkbuf_1_0__f_gpio_in[38]/X (sky130_fd_sc_hd__clkbuf_16)
                                                         clknet_1_0__leaf_gpio_in[38] (net)
                      0.146848    0.012796    1.314953 ^ _087_/CLK (sky130_fd_sc_hd__dfrtp_2)
     3    0.008980    0.111343    0.759471    2.074424 ^ _087_/Q (sky130_fd_sc_hd__dfrtp_2)
                                                         gpio_18_21_bidir[18].cfg.gpio_out_val (net)
                      0.111343    0.000055    2.074479 ^ hold3/A (sky130_fd_sc_hd__dlygate4sd3_1)
     5    0.019357    0.317760    1.252473    3.326951 ^ hold3/X (sky130_fd_sc_hd__dlygate4sd3_1)
                                                         net578 (net)
                      0.317760    0.000267    3.327218 ^ _043_/A (sky130_fd_sc_hd__inv_2)
     1    0.002282    0.057840    0.110867    3.438086 v _043_/Y (sky130_fd_sc_hd__inv_2)
                                                         _000_ (net)
                      0.057840    0.000021    3.438106 v _087_/D (sky130_fd_sc_hd__dfrtp_2)
                                              3.438106   data arrival time

                                  0.000000    0.000000   clock gpio_in[38] (rise edge)
                                  0.000000    0.000000   clock source latency
     2    0.090833    0.654910    0.469484    0.469484 ^ gpio_in[38] (in)
                                                         gpio_in[38] (net)
                      0.657180    0.000000    0.469484 ^ clkbuf_0_gpio_in[38]/A (sky130_fd_sc_hd__clkbuf_16)
     5    0.060913    0.128177    0.516905    0.986389 ^ clkbuf_0_gpio_in[38]/X (sky130_fd_sc_hd__clkbuf_16)
                                                         clknet_0_gpio_in[38] (net)
                      0.128309    0.003698    0.990087 ^ clkbuf_1_0__f_gpio_in[38]/A (sky130_fd_sc_hd__clkbuf_16)
    25    0.077426    0.144997    0.312070    1.302158 ^ clkbuf_1_0__f_gpio_in[38]/X (sky130_fd_sc_hd__clkbuf_16)
                                                         clknet_1_0__leaf_gpio_in[38] (net)
                      0.146848    0.012796    1.314953 ^ _087_/CLK (sky130_fd_sc_hd__dfrtp_2)
                                  0.250000    1.564953   clock uncertainty
                                  0.000000    1.564953   clock reconvergence pessimism
                                 -0.066570    1.498384   library hold time
                                              1.498384   data required time
---------------------------------------------------------------------------------------------
                                              1.498384   data required time
                                             -3.438106   data arrival time
---------------------------------------------------------------------------------------------
                                              1.939722   slack (MET)


Startpoint: _091_ (rising edge-triggered flip-flop clocked by gpio_in[38])
Endpoint: _095_ (rising edge-triggered flip-flop clocked by gpio_in[38])
Path Group: gpio_in[38]
Path Type: min

Fanout         Cap        Slew       Delay        Time   Description
---------------------------------------------------------------------------------------------
                                  0.000000    0.000000   clock gpio_in[38] (rise edge)
                                  0.000000    0.000000   clock source latency
     2    0.090833    0.654910    0.469484    0.469484 ^ gpio_in[38] (in)
                                                         gpio_in[38] (net)
                      0.657180    0.000000    0.469484 ^ clkbuf_0_gpio_in[38]/A (sky130_fd_sc_hd__clkbuf_16)
     5    0.060913    0.128177    0.516905    0.986389 ^ clkbuf_0_gpio_in[38]/X (sky130_fd_sc_hd__clkbuf_16)
                                                         clknet_0_gpio_in[38] (net)
                      0.128299    0.003586    0.989975 ^ clkbuf_1_1__f_gpio_in[38]/A (sky130_fd_sc_hd__clkbuf_16)
    19    0.066387    0.129561    0.302899    1.292873 ^ clkbuf_1_1__f_gpio_in[38]/X (sky130_fd_sc_hd__clkbuf_16)
                                                         clknet_1_1__leaf_gpio_in[38] (net)
                      0.130666    0.009268    1.302141 ^ _091_/CLK (sky130_fd_sc_hd__dfrtp_1)
     3    0.007979    0.119978    0.812587    2.114728 v _091_/Q (sky130_fd_sc_hd__dfrtp_1)
                                                         gpio_22_37_output[22].cfg.gpio_out_val (net)
                      0.119978    0.000026    2.114753 v _058_/A (sky130_fd_sc_hd__and4_4)
     9    0.103522    0.243308    0.464335    2.579089 v _058_/X (sky130_fd_sc_hd__and4_4)
                                                         _027_ (net)
                      0.243314    0.001054    2.580143 v _059_/B (sky130_fd_sc_hd__and2_4)
     9    0.105769    0.243557    0.544169    3.124312 v _059_/X (sky130_fd_sc_hd__and2_4)
                                                         _028_ (net)
                      0.253876    0.038758    3.163070 v _061_/B (sky130_fd_sc_hd__xor2_1)
     1    0.002241    0.146709    0.268434    3.431504 ^ _061_/X (sky130_fd_sc_hd__xor2_1)
                                                         _018_ (net)
                      0.146709    0.000021    3.431525 ^ _095_/D (sky130_fd_sc_hd__dfrtp_2)
                                              3.431525   data arrival time

                                  0.000000    0.000000   clock gpio_in[38] (rise edge)
                                  0.000000    0.000000   clock source latency
     2    0.090833    0.654910    0.469484    0.469484 ^ gpio_in[38] (in)
                                                         gpio_in[38] (net)
                      0.657180    0.000000    0.469484 ^ clkbuf_0_gpio_in[38]/A (sky130_fd_sc_hd__clkbuf_16)
     5    0.060913    0.128177    0.516905    0.986389 ^ clkbuf_0_gpio_in[38]/X (sky130_fd_sc_hd__clkbuf_16)
                                                         clknet_0_gpio_in[38] (net)
                      0.128309    0.003698    0.990087 ^ clkbuf_1_0__f_gpio_in[38]/A (sky130_fd_sc_hd__clkbuf_16)
    25    0.077426    0.144997    0.312070    1.302158 ^ clkbuf_1_0__f_gpio_in[38]/X (sky130_fd_sc_hd__clkbuf_16)
                                                         clknet_1_0__leaf_gpio_in[38] (net)
                      0.146453    0.011339    1.313496 ^ _095_/CLK (sky130_fd_sc_hd__dfrtp_2)
                                  0.250000    1.563496   clock uncertainty
                                  0.000000    1.563496   clock reconvergence pessimism
                                 -0.081784    1.481712   library hold time
                                              1.481712   data required time
---------------------------------------------------------------------------------------------
                                              1.481712   data required time
                                             -3.431525   data arrival time
---------------------------------------------------------------------------------------------
                                              1.949813   slack (MET)


Startpoint: _104_ (rising edge-triggered flip-flop clocked by gpio_in[38])
Endpoint: _104_ (rising edge-triggered flip-flop clocked by gpio_in[38])
Path Group: gpio_in[38]
Path Type: min

Fanout         Cap        Slew       Delay        Time   Description
---------------------------------------------------------------------------------------------
                                  0.000000    0.000000   clock gpio_in[38] (rise edge)
                                  0.000000    0.000000   clock source latency
     2    0.090833    0.654910    0.469484    0.469484 ^ gpio_in[38] (in)
                                                         gpio_in[38] (net)
                      0.657180    0.000000    0.469484 ^ clkbuf_0_gpio_in[38]/A (sky130_fd_sc_hd__clkbuf_16)
     5    0.060913    0.128177    0.516905    0.986389 ^ clkbuf_0_gpio_in[38]/X (sky130_fd_sc_hd__clkbuf_16)
                                                         clknet_0_gpio_in[38] (net)
                      0.128299    0.003586    0.989975 ^ clkbuf_1_1__f_gpio_in[38]/A (sky130_fd_sc_hd__clkbuf_16)
    19    0.066387    0.129561    0.302899    1.292873 ^ clkbuf_1_1__f_gpio_in[38]/X (sky130_fd_sc_hd__clkbuf_16)
                                                         clknet_1_1__leaf_gpio_in[38] (net)
                      0.130566    0.008814    1.301687 ^ _104_/CLK (sky130_fd_sc_hd__dfrtp_1)
     3    0.008278    0.144181    0.726455    2.028143 ^ _104_/Q (sky130_fd_sc_hd__dfrtp_1)
                                                         gpio_22_37_output[35].cfg.gpio_out_val (net)
                      0.144181    0.000052    2.028195 ^ hold25/A (sky130_fd_sc_hd__dlygate4sd3_1)
     2    0.006415    0.145387    1.119223    3.147418 ^ hold25/X (sky130_fd_sc_hd__dlygate4sd3_1)
                                                         net600 (net)
                      0.145387    0.000049    3.147467 ^ _081_/B1 (sky130_fd_sc_hd__a21oi_1)
     1    0.005742    0.077700    0.120957    3.268425 v _081_/Y (sky130_fd_sc_hd__a21oi_1)
                                                         _040_ (net)
                      0.077700    0.000117    3.268542 v _083_/A (sky130_fd_sc_hd__nor2_1)
     1    0.003410    0.144222    0.181603    3.450145 ^ _083_/Y (sky130_fd_sc_hd__nor2_1)
                                                         _008_ (net)
                      0.144222    0.000048    3.450192 ^ _104_/D (sky130_fd_sc_hd__dfrtp_1)
                                              3.450192   data arrival time

                                  0.000000    0.000000   clock gpio_in[38] (rise edge)
                                  0.000000    0.000000   clock source latency
     2    0.090833    0.654910    0.469484    0.469484 ^ gpio_in[38] (in)
                                                         gpio_in[38] (net)
                      0.657180    0.000000    0.469484 ^ clkbuf_0_gpio_in[38]/A (sky130_fd_sc_hd__clkbuf_16)
     5    0.060913    0.128177    0.516905    0.986389 ^ clkbuf_0_gpio_in[38]/X (sky130_fd_sc_hd__clkbuf_16)
                                                         clknet_0_gpio_in[38] (net)
                      0.128299    0.003586    0.989975 ^ clkbuf_1_1__f_gpio_in[38]/A (sky130_fd_sc_hd__clkbuf_16)
    19    0.066387    0.129561    0.302899    1.292873 ^ clkbuf_1_1__f_gpio_in[38]/X (sky130_fd_sc_hd__clkbuf_16)
                                                         clknet_1_1__leaf_gpio_in[38] (net)
                      0.130566    0.008814    1.301687 ^ _104_/CLK (sky130_fd_sc_hd__dfrtp_1)
                                  0.250000    1.551687   clock uncertainty
                                  0.000000    1.551687   clock reconvergence pessimism
                                 -0.083924    1.467763   library hold time
                                              1.467763   data required time
---------------------------------------------------------------------------------------------
                                              1.467763   data required time
                                             -3.450192   data arrival time
---------------------------------------------------------------------------------------------
                                              1.982429   slack (MET)


Startpoint: _092_ (rising edge-triggered flip-flop clocked by gpio_in[38])
Endpoint: _092_ (rising edge-triggered flip-flop clocked by gpio_in[38])
Path Group: gpio_in[38]
Path Type: min

Fanout         Cap        Slew       Delay        Time   Description
---------------------------------------------------------------------------------------------
                                  0.000000    0.000000   clock gpio_in[38] (rise edge)
                                  0.000000    0.000000   clock source latency
     2    0.090833    0.654910    0.469484    0.469484 ^ gpio_in[38] (in)
                                                         gpio_in[38] (net)
                      0.657180    0.000000    0.469484 ^ clkbuf_0_gpio_in[38]/A (sky130_fd_sc_hd__clkbuf_16)
     5    0.060913    0.128177    0.516905    0.986389 ^ clkbuf_0_gpio_in[38]/X (sky130_fd_sc_hd__clkbuf_16)
                                                         clknet_0_gpio_in[38] (net)
                      0.128299    0.003586    0.989975 ^ clkbuf_1_1__f_gpio_in[38]/A (sky130_fd_sc_hd__clkbuf_16)
    19    0.066387    0.129561    0.302899    1.292873 ^ clkbuf_1_1__f_gpio_in[38]/X (sky130_fd_sc_hd__clkbuf_16)
                                                         clknet_1_1__leaf_gpio_in[38] (net)
                      0.130666    0.009268    1.302141 ^ _092_/CLK (sky130_fd_sc_hd__dfrtp_1)
     3    0.010004    0.165636    0.744700    2.046841 ^ _092_/Q (sky130_fd_sc_hd__dfrtp_1)
                                                         gpio_22_37_output[23].cfg.gpio_out_val (net)
                      0.165636    0.000115    2.046956 ^ hold22/A (sky130_fd_sc_hd__dlygate4sd3_1)
     2    0.006995    0.147945    1.134614    3.181570 ^ hold22/X (sky130_fd_sc_hd__dlygate4sd3_1)
                                                         net597 (net)
                      0.147945    0.000035    3.181605 ^ _054_/B1 (sky130_fd_sc_hd__a21oi_1)
     1    0.004784    0.071749    0.115256    3.296861 v _054_/Y (sky130_fd_sc_hd__a21oi_1)
                                                         _025_ (net)
                      0.071749    0.000102    3.296963 v _055_/B (sky130_fd_sc_hd__nor2_1)
     1    0.003510    0.146836    0.156662    3.453625 ^ _055_/Y (sky130_fd_sc_hd__nor2_1)
                                                         _015_ (net)
                      0.146836    0.000048    3.453673 ^ _092_/D (sky130_fd_sc_hd__dfrtp_1)
                                              3.453673   data arrival time

                                  0.000000    0.000000   clock gpio_in[38] (rise edge)
                                  0.000000    0.000000   clock source latency
     2    0.090833    0.654910    0.469484    0.469484 ^ gpio_in[38] (in)
                                                         gpio_in[38] (net)
                      0.657180    0.000000    0.469484 ^ clkbuf_0_gpio_in[38]/A (sky130_fd_sc_hd__clkbuf_16)
     5    0.060913    0.128177    0.516905    0.986389 ^ clkbuf_0_gpio_in[38]/X (sky130_fd_sc_hd__clkbuf_16)
                                                         clknet_0_gpio_in[38] (net)
                      0.128299    0.003586    0.989975 ^ clkbuf_1_1__f_gpio_in[38]/A (sky130_fd_sc_hd__clkbuf_16)
    19    0.066387    0.129561    0.302899    1.292873 ^ clkbuf_1_1__f_gpio_in[38]/X (sky130_fd_sc_hd__clkbuf_16)
                                                         clknet_1_1__leaf_gpio_in[38] (net)
                      0.130666    0.009268    1.302141 ^ _092_/CLK (sky130_fd_sc_hd__dfrtp_1)
                                  0.250000    1.552141   clock uncertainty
                                  0.000000    1.552141   clock reconvergence pessimism
                                 -0.084504    1.467637   library hold time
                                              1.467637   data required time
---------------------------------------------------------------------------------------------
                                              1.467637   data required time
                                             -3.453673   data arrival time
---------------------------------------------------------------------------------------------
                                              1.986035   slack (MET)


Startpoint: _099_ (rising edge-triggered flip-flop clocked by gpio_in[38])
Endpoint: _099_ (rising edge-triggered flip-flop clocked by gpio_in[38])
Path Group: gpio_in[38]
Path Type: min

Fanout         Cap        Slew       Delay        Time   Description
---------------------------------------------------------------------------------------------
                                  0.000000    0.000000   clock gpio_in[38] (rise edge)
                                  0.000000    0.000000   clock source latency
     2    0.090833    0.654910    0.469484    0.469484 ^ gpio_in[38] (in)
                                                         gpio_in[38] (net)
                      0.657180    0.000000    0.469484 ^ clkbuf_0_gpio_in[38]/A (sky130_fd_sc_hd__clkbuf_16)
     5    0.060913    0.128177    0.516905    0.986389 ^ clkbuf_0_gpio_in[38]/X (sky130_fd_sc_hd__clkbuf_16)
                                                         clknet_0_gpio_in[38] (net)
                      0.128309    0.003698    0.990087 ^ clkbuf_1_0__f_gpio_in[38]/A (sky130_fd_sc_hd__clkbuf_16)
    25    0.077426    0.144997    0.312070    1.302158 ^ clkbuf_1_0__f_gpio_in[38]/X (sky130_fd_sc_hd__clkbuf_16)
                                                         clknet_1_0__leaf_gpio_in[38] (net)
                      0.147073    0.013566    1.315723 ^ _099_/CLK (sky130_fd_sc_hd__dfrtp_1)
     5    0.011053    0.178827    0.763490    2.079213 ^ _099_/Q (sky130_fd_sc_hd__dfrtp_1)
                                                         gpio_22_37_output[30].cfg.gpio_out_val (net)
                      0.178827    0.000095    2.079308 ^ hold28/A (sky130_fd_sc_hd__dlygate4sd3_1)
     2    0.005728    0.131175    1.124619    3.203927 ^ hold28/X (sky130_fd_sc_hd__dlygate4sd3_1)
                                                         net603 (net)
                      0.131175    0.000056    3.203983 ^ _070_/A (sky130_fd_sc_hd__and2_1)
     2    0.006042    0.127332    0.278956    3.482939 ^ _070_/X (sky130_fd_sc_hd__and2_1)
                                                         _034_ (net)
                      0.127332    0.000040    3.482979 ^ _072_/A (sky130_fd_sc_hd__nor2_1)
     1    0.002433    0.038735    0.100145    3.583125 v _072_/Y (sky130_fd_sc_hd__nor2_1)
                                                         _003_ (net)
                      0.038735    0.000023    3.583148 v _099_/D (sky130_fd_sc_hd__dfrtp_1)
                                              3.583148   data arrival time

                                  0.000000    0.000000   clock gpio_in[38] (rise edge)
                                  0.000000    0.000000   clock source latency
     2    0.090833    0.654910    0.469484    0.469484 ^ gpio_in[38] (in)
                                                         gpio_in[38] (net)
                      0.657180    0.000000    0.469484 ^ clkbuf_0_gpio_in[38]/A (sky130_fd_sc_hd__clkbuf_16)
     5    0.060913    0.128177    0.516905    0.986389 ^ clkbuf_0_gpio_in[38]/X (sky130_fd_sc_hd__clkbuf_16)
                                                         clknet_0_gpio_in[38] (net)
                      0.128309    0.003698    0.990087 ^ clkbuf_1_0__f_gpio_in[38]/A (sky130_fd_sc_hd__clkbuf_16)
    25    0.077426    0.144997    0.312070    1.302158 ^ clkbuf_1_0__f_gpio_in[38]/X (sky130_fd_sc_hd__clkbuf_16)
                                                         clknet_1_0__leaf_gpio_in[38] (net)
                      0.147073    0.013566    1.315723 ^ _099_/CLK (sky130_fd_sc_hd__dfrtp_1)
                                  0.250000    1.565723   clock uncertainty
                                  0.000000    1.565723   clock reconvergence pessimism
                                 -0.066881    1.498842   library hold time
                                              1.498842   data required time
---------------------------------------------------------------------------------------------
                                              1.498842   data required time
                                             -3.583148   data arrival time
---------------------------------------------------------------------------------------------
                                              2.084306   slack (MET)


Startpoint: _088_ (rising edge-triggered flip-flop clocked by gpio_in[38])
Endpoint: _088_ (rising edge-triggered flip-flop clocked by gpio_in[38])
Path Group: gpio_in[38]
Path Type: min

Fanout         Cap        Slew       Delay        Time   Description
---------------------------------------------------------------------------------------------
                                  0.000000    0.000000   clock gpio_in[38] (rise edge)
                                  0.000000    0.000000   clock source latency
     2    0.090833    0.654910    0.469484    0.469484 ^ gpio_in[38] (in)
                                                         gpio_in[38] (net)
                      0.657180    0.000000    0.469484 ^ clkbuf_0_gpio_in[38]/A (sky130_fd_sc_hd__clkbuf_16)
     5    0.060913    0.128177    0.516905    0.986389 ^ clkbuf_0_gpio_in[38]/X (sky130_fd_sc_hd__clkbuf_16)
                                                         clknet_0_gpio_in[38] (net)
                      0.128309    0.003698    0.990087 ^ clkbuf_1_0__f_gpio_in[38]/A (sky130_fd_sc_hd__clkbuf_16)
    25    0.077426    0.144997    0.312070    1.302158 ^ clkbuf_1_0__f_gpio_in[38]/X (sky130_fd_sc_hd__clkbuf_16)
                                                         clknet_1_0__leaf_gpio_in[38] (net)
                      0.146895    0.012961    1.315118 ^ _088_/CLK (sky130_fd_sc_hd__dfrtp_1)
     5    0.013142    0.203631    0.785431    2.100549 ^ _088_/Q (sky130_fd_sc_hd__dfrtp_1)
                                                         gpio_18_21_bidir[19].cfg.gpio_out_val (net)
                      0.203631    0.000197    2.100746 ^ hold34/A (sky130_fd_sc_hd__dlygate4sd3_1)
     2    0.004457    0.118884    1.119150    3.219896 ^ hold34/X (sky130_fd_sc_hd__dlygate4sd3_1)
                                                         net609 (net)
                      0.118884    0.000012    3.219908 ^ _046_/B (sky130_fd_sc_hd__or2_1)
     1    0.004103    0.082245    0.194909    3.414817 ^ _046_/X (sky130_fd_sc_hd__or2_1)
                                                         _021_ (net)
                      0.082245    0.000066    3.414883 ^ _047_/B (sky130_fd_sc_hd__and2_1)
     1    0.002512    0.075838    0.227207    3.642090 ^ _047_/X (sky130_fd_sc_hd__and2_1)
                                                         _011_ (net)
                      0.075838    0.000024    3.642113 ^ _088_/D (sky130_fd_sc_hd__dfrtp_1)
                                              3.642113   data arrival time

                                  0.000000    0.000000   clock gpio_in[38] (rise edge)
                                  0.000000    0.000000   clock source latency
     2    0.090833    0.654910    0.469484    0.469484 ^ gpio_in[38] (in)
                                                         gpio_in[38] (net)
                      0.657180    0.000000    0.469484 ^ clkbuf_0_gpio_in[38]/A (sky130_fd_sc_hd__clkbuf_16)
     5    0.060913    0.128177    0.516905    0.986389 ^ clkbuf_0_gpio_in[38]/X (sky130_fd_sc_hd__clkbuf_16)
                                                         clknet_0_gpio_in[38] (net)
                      0.128309    0.003698    0.990087 ^ clkbuf_1_0__f_gpio_in[38]/A (sky130_fd_sc_hd__clkbuf_16)
    25    0.077426    0.144997    0.312070    1.302158 ^ clkbuf_1_0__f_gpio_in[38]/X (sky130_fd_sc_hd__clkbuf_16)
                                                         clknet_1_0__leaf_gpio_in[38] (net)
                      0.146895    0.012961    1.315118 ^ _088_/CLK (sky130_fd_sc_hd__dfrtp_1)
                                  0.250000    1.565118   clock uncertainty
                                  0.000000    1.565118   clock reconvergence pessimism
                                 -0.065653    1.499465   library hold time
                                              1.499465   data required time
---------------------------------------------------------------------------------------------
                                              1.499465   data required time
                                             -3.642113   data arrival time
---------------------------------------------------------------------------------------------
                                              2.142648   slack (MET)


Startpoint: _095_ (rising edge-triggered flip-flop clocked by gpio_in[38])
Endpoint: _098_ (rising edge-triggered flip-flop clocked by gpio_in[38])
Path Group: gpio_in[38]
Path Type: min

Fanout         Cap        Slew       Delay        Time   Description
---------------------------------------------------------------------------------------------
                                  0.000000    0.000000   clock gpio_in[38] (rise edge)
                                  0.000000    0.000000   clock source latency
     2    0.090833    0.654910    0.469484    0.469484 ^ gpio_in[38] (in)
                                                         gpio_in[38] (net)
                      0.657180    0.000000    0.469484 ^ clkbuf_0_gpio_in[38]/A (sky130_fd_sc_hd__clkbuf_16)
     5    0.060913    0.128177    0.516905    0.986389 ^ clkbuf_0_gpio_in[38]/X (sky130_fd_sc_hd__clkbuf_16)
                                                         clknet_0_gpio_in[38] (net)
                      0.128309    0.003698    0.990087 ^ clkbuf_1_0__f_gpio_in[38]/A (sky130_fd_sc_hd__clkbuf_16)
    25    0.077426    0.144997    0.312070    1.302158 ^ clkbuf_1_0__f_gpio_in[38]/X (sky130_fd_sc_hd__clkbuf_16)
                                                         clknet_1_0__leaf_gpio_in[38] (net)
                      0.146453    0.011339    1.313496 ^ _095_/CLK (sky130_fd_sc_hd__dfrtp_2)
     3    0.011296    0.127080    0.775144    2.088640 ^ _095_/Q (sky130_fd_sc_hd__dfrtp_2)
                                                         gpio_22_37_output[26].cfg.gpio_out_val (net)
                      0.127080    0.000097    2.088737 ^ _065_/A (sky130_fd_sc_hd__and4_1)
     1    0.003076    0.107451    0.360189    2.448926 ^ _065_/X (sky130_fd_sc_hd__and4_1)
                                                         _031_ (net)
                      0.107451    0.000028    2.448955 ^ _069_/A2 (sky130_fd_sc_hd__o21ba_1)
     1    0.001737    0.059273    0.220131    2.669086 ^ _069_/X (sky130_fd_sc_hd__o21ba_1)
                                                         _002_ (net)
                      0.059273    0.000006    2.669092 ^ hold15/A (sky130_fd_sc_hd__dlygate4sd3_1)
     1    0.002588    0.089181    1.032899    3.701991 ^ hold15/X (sky130_fd_sc_hd__dlygate4sd3_1)
                                                         net590 (net)
                      0.089181    0.000025    3.702017 ^ _098_/D (sky130_fd_sc_hd__dfrtp_1)
                                              3.702017   data arrival time

                                  0.000000    0.000000   clock gpio_in[38] (rise edge)
                                  0.000000    0.000000   clock source latency
     2    0.090833    0.654910    0.469484    0.469484 ^ gpio_in[38] (in)
                                                         gpio_in[38] (net)
                      0.657180    0.000000    0.469484 ^ clkbuf_0_gpio_in[38]/A (sky130_fd_sc_hd__clkbuf_16)
     5    0.060913    0.128177    0.516905    0.986389 ^ clkbuf_0_gpio_in[38]/X (sky130_fd_sc_hd__clkbuf_16)
                                                         clknet_0_gpio_in[38] (net)
                      0.128309    0.003698    0.990087 ^ clkbuf_1_0__f_gpio_in[38]/A (sky130_fd_sc_hd__clkbuf_16)
    25    0.077426    0.144997    0.312070    1.302158 ^ clkbuf_1_0__f_gpio_in[38]/X (sky130_fd_sc_hd__clkbuf_16)
                                                         clknet_1_0__leaf_gpio_in[38] (net)
                      0.146733    0.012387    1.314545 ^ _098_/CLK (sky130_fd_sc_hd__dfrtp_1)
                                  0.250000    1.564545   clock uncertainty
                                  0.000000    1.564545   clock reconvergence pessimism
                                 -0.068721    1.495824   library hold time
                                              1.495824   data required time
---------------------------------------------------------------------------------------------
                                              1.495824   data required time
                                             -3.702017   data arrival time
---------------------------------------------------------------------------------------------
                                              2.206193   slack (MET)


Startpoint: _099_ (rising edge-triggered flip-flop clocked by gpio_in[38])
Endpoint: _102_ (rising edge-triggered flip-flop clocked by gpio_in[38])
Path Group: gpio_in[38]
Path Type: min

Fanout         Cap        Slew       Delay        Time   Description
---------------------------------------------------------------------------------------------
                                  0.000000    0.000000   clock gpio_in[38] (rise edge)
                                  0.000000    0.000000   clock source latency
     2    0.090833    0.654910    0.469484    0.469484 ^ gpio_in[38] (in)
                                                         gpio_in[38] (net)
                      0.657180    0.000000    0.469484 ^ clkbuf_0_gpio_in[38]/A (sky130_fd_sc_hd__clkbuf_16)
     5    0.060913    0.128177    0.516905    0.986389 ^ clkbuf_0_gpio_in[38]/X (sky130_fd_sc_hd__clkbuf_16)
                                                         clknet_0_gpio_in[38] (net)
                      0.128309    0.003698    0.990087 ^ clkbuf_1_0__f_gpio_in[38]/A (sky130_fd_sc_hd__clkbuf_16)
    25    0.077426    0.144997    0.312070    1.302158 ^ clkbuf_1_0__f_gpio_in[38]/X (sky130_fd_sc_hd__clkbuf_16)
                                                         clknet_1_0__leaf_gpio_in[38] (net)
                      0.147073    0.013566    1.315723 ^ _099_/CLK (sky130_fd_sc_hd__dfrtp_1)
     5    0.011053    0.178827    0.763490    2.079213 ^ _099_/Q (sky130_fd_sc_hd__dfrtp_1)
                                                         gpio_22_37_output[30].cfg.gpio_out_val (net)
                      0.178827    0.000088    2.079301 ^ _075_/A (sky130_fd_sc_hd__and4_1)
     1    0.003837    0.118539    0.392515    2.471816 ^ _075_/X (sky130_fd_sc_hd__and4_1)
                                                         _037_ (net)
                      0.118539    0.000038    2.471854 ^ _079_/A2 (sky130_fd_sc_hd__o21ba_1)
     1    0.002240    0.066189    0.230332    2.702186 ^ _079_/X (sky130_fd_sc_hd__o21ba_1)
                                                         _006_ (net)
                      0.066189    0.000013    2.702199 ^ hold9/A (sky130_fd_sc_hd__dlygate4sd3_1)
     1    0.002692    0.090391    1.037523    3.739722 ^ hold9/X (sky130_fd_sc_hd__dlygate4sd3_1)
                                                         net584 (net)
                      0.090391    0.000027    3.739749 ^ _102_/D (sky130_fd_sc_hd__dfrtp_1)
                                              3.739749   data arrival time

                                  0.000000    0.000000   clock gpio_in[38] (rise edge)
                                  0.000000    0.000000   clock source latency
     2    0.090833    0.654910    0.469484    0.469484 ^ gpio_in[38] (in)
                                                         gpio_in[38] (net)
                      0.657180    0.000000    0.469484 ^ clkbuf_0_gpio_in[38]/A (sky130_fd_sc_hd__clkbuf_16)
     5    0.060913    0.128177    0.516905    0.986389 ^ clkbuf_0_gpio_in[38]/X (sky130_fd_sc_hd__clkbuf_16)
                                                         clknet_0_gpio_in[38] (net)
                      0.128309    0.003698    0.990087 ^ clkbuf_1_0__f_gpio_in[38]/A (sky130_fd_sc_hd__clkbuf_16)
    25    0.077426    0.144997    0.312070    1.302158 ^ clkbuf_1_0__f_gpio_in[38]/X (sky130_fd_sc_hd__clkbuf_16)
                                                         clknet_1_0__leaf_gpio_in[38] (net)
                      0.147082    0.013597    1.315754 ^ _102_/CLK (sky130_fd_sc_hd__dfrtp_1)
                                  0.250000    1.565754   clock uncertainty
                                  0.000000    1.565754   clock reconvergence pessimism
                                 -0.068940    1.496814   library hold time
                                              1.496814   data required time
---------------------------------------------------------------------------------------------
                                              1.496814   data required time
                                             -3.739749   data arrival time
---------------------------------------------------------------------------------------------
                                              2.242934   slack (MET)


Startpoint: _099_ (rising edge-triggered flip-flop clocked by gpio_in[38])
Endpoint: _101_ (rising edge-triggered flip-flop clocked by gpio_in[38])
Path Group: gpio_in[38]
Path Type: min

Fanout         Cap        Slew       Delay        Time   Description
---------------------------------------------------------------------------------------------
                                  0.000000    0.000000   clock gpio_in[38] (rise edge)
                                  0.000000    0.000000   clock source latency
     2    0.090833    0.654910    0.469484    0.469484 ^ gpio_in[38] (in)
                                                         gpio_in[38] (net)
                      0.657180    0.000000    0.469484 ^ clkbuf_0_gpio_in[38]/A (sky130_fd_sc_hd__clkbuf_16)
     5    0.060913    0.128177    0.516905    0.986389 ^ clkbuf_0_gpio_in[38]/X (sky130_fd_sc_hd__clkbuf_16)
                                                         clknet_0_gpio_in[38] (net)
                      0.128309    0.003698    0.990087 ^ clkbuf_1_0__f_gpio_in[38]/A (sky130_fd_sc_hd__clkbuf_16)
    25    0.077426    0.144997    0.312070    1.302158 ^ clkbuf_1_0__f_gpio_in[38]/X (sky130_fd_sc_hd__clkbuf_16)
                                                         clknet_1_0__leaf_gpio_in[38] (net)
                      0.147073    0.013566    1.315723 ^ _099_/CLK (sky130_fd_sc_hd__dfrtp_1)
     5    0.011053    0.178827    0.763490    2.079213 ^ _099_/Q (sky130_fd_sc_hd__dfrtp_1)
                                                         gpio_22_37_output[30].cfg.gpio_out_val (net)
                      0.178827    0.000076    2.079289 ^ _073_/A (sky130_fd_sc_hd__and3_1)
     2    0.007369    0.146718    0.374749    2.454038 ^ _073_/X (sky130_fd_sc_hd__and3_1)
                                                         _036_ (net)
                      0.146718    0.000071    2.454109 ^ _076_/B (sky130_fd_sc_hd__xor2_1)
     1    0.003635    0.074427    0.159702    2.613810 v _076_/X (sky130_fd_sc_hd__xor2_1)
                                                         _005_ (net)
                      0.074427    0.000056    2.613867 v hold11/A (sky130_fd_sc_hd__dlygate4sd3_1)
     1    0.002126    0.102212    1.113895    3.727762 v hold11/X (sky130_fd_sc_hd__dlygate4sd3_1)
                                                         net586 (net)
                      0.102212    0.000018    3.727780 v _101_/D (sky130_fd_sc_hd__dfrtp_1)
                                              3.727780   data arrival time

                                  0.000000    0.000000   clock gpio_in[38] (rise edge)
                                  0.000000    0.000000   clock source latency
     2    0.090833    0.654910    0.469484    0.469484 ^ gpio_in[38] (in)
                                                         gpio_in[38] (net)
                      0.657180    0.000000    0.469484 ^ clkbuf_0_gpio_in[38]/A (sky130_fd_sc_hd__clkbuf_16)
     5    0.060913    0.128177    0.516905    0.986389 ^ clkbuf_0_gpio_in[38]/X (sky130_fd_sc_hd__clkbuf_16)
                                                         clknet_0_gpio_in[38] (net)
                      0.128309    0.003698    0.990087 ^ clkbuf_1_0__f_gpio_in[38]/A (sky130_fd_sc_hd__clkbuf_16)
    25    0.077426    0.144997    0.312070    1.302158 ^ clkbuf_1_0__f_gpio_in[38]/X (sky130_fd_sc_hd__clkbuf_16)
                                                         clknet_1_0__leaf_gpio_in[38] (net)
                      0.147102    0.013664    1.315821 ^ _101_/CLK (sky130_fd_sc_hd__dfrtp_1)
                                  0.250000    1.565821   clock uncertainty
                                  0.000000    1.565821   clock reconvergence pessimism
                                 -0.090444    1.475377   library hold time
                                              1.475377   data required time
---------------------------------------------------------------------------------------------
                                              1.475377   data required time
                                             -3.727780   data arrival time
---------------------------------------------------------------------------------------------
                                              2.252403   slack (MET)


Startpoint: _103_ (rising edge-triggered flip-flop clocked by gpio_in[38])
Endpoint: _106_ (rising edge-triggered flip-flop clocked by gpio_in[38])
Path Group: gpio_in[38]
Path Type: min

Fanout         Cap        Slew       Delay        Time   Description
---------------------------------------------------------------------------------------------
                                  0.000000    0.000000   clock gpio_in[38] (rise edge)
                                  0.000000    0.000000   clock source latency
     2    0.090833    0.654910    0.469484    0.469484 ^ gpio_in[38] (in)
                                                         gpio_in[38] (net)
                      0.657180    0.000000    0.469484 ^ clkbuf_0_gpio_in[38]/A (sky130_fd_sc_hd__clkbuf_16)
     5    0.060913    0.128177    0.516905    0.986389 ^ clkbuf_0_gpio_in[38]/X (sky130_fd_sc_hd__clkbuf_16)
                                                         clknet_0_gpio_in[38] (net)
                      0.128299    0.003586    0.989975 ^ clkbuf_1_1__f_gpio_in[38]/A (sky130_fd_sc_hd__clkbuf_16)
    19    0.066387    0.129561    0.302899    1.292873 ^ clkbuf_1_1__f_gpio_in[38]/X (sky130_fd_sc_hd__clkbuf_16)
                                                         clknet_1_1__leaf_gpio_in[38] (net)
                      0.130563    0.008802    1.301675 ^ _103_/CLK (sky130_fd_sc_hd__dfrtp_1)
     3    0.008629    0.148524    0.730112    2.031787 ^ _103_/Q (sky130_fd_sc_hd__dfrtp_1)
                                                         gpio_22_37_output[34].cfg.gpio_out_val (net)
                      0.148524    0.000163    2.031950 ^ _084_/A (sky130_fd_sc_hd__and4_1)
     1    0.006398    0.148287    0.416429    2.448379 ^ _084_/X (sky130_fd_sc_hd__and4_1)
                                                         _042_ (net)
                      0.148287    0.000095    2.448475 ^ _086_/B (sky130_fd_sc_hd__xor2_1)
     1    0.002203    0.064429    0.143877    2.592351 v _086_/X (sky130_fd_sc_hd__xor2_1)
                                                         _010_ (net)
                      0.064429    0.000013    2.592364 v hold2/A (sky130_fd_sc_hd__dlygate4sd3_1)
     1    0.002855    0.106024    1.121938    3.714302 v hold2/X (sky130_fd_sc_hd__dlygate4sd3_1)
                                                         net577 (net)
                      0.106024    0.000031    3.714333 v _106_/D (sky130_fd_sc_hd__dfrtp_1)
                                              3.714333   data arrival time

                                  0.000000    0.000000   clock gpio_in[38] (rise edge)
                                  0.000000    0.000000   clock source latency
     2    0.090833    0.654910    0.469484    0.469484 ^ gpio_in[38] (in)
                                                         gpio_in[38] (net)
                      0.657180    0.000000    0.469484 ^ clkbuf_0_gpio_in[38]/A (sky130_fd_sc_hd__clkbuf_16)
     5    0.060913    0.128177    0.516905    0.986389 ^ clkbuf_0_gpio_in[38]/X (sky130_fd_sc_hd__clkbuf_16)
                                                         clknet_0_gpio_in[38] (net)
                      0.128299    0.003586    0.989975 ^ clkbuf_1_1__f_gpio_in[38]/A (sky130_fd_sc_hd__clkbuf_16)
    19    0.066387    0.129561    0.302899    1.292873 ^ clkbuf_1_1__f_gpio_in[38]/X (sky130_fd_sc_hd__clkbuf_16)
                                                         clknet_1_1__leaf_gpio_in[38] (net)
                      0.130562    0.008795    1.301668 ^ _106_/CLK (sky130_fd_sc_hd__dfrtp_1)
                                  0.250000    1.551668   clock uncertainty
                                  0.000000    1.551668   clock reconvergence pessimism
                                 -0.095881    1.455787   library hold time
                                              1.455787   data required time
---------------------------------------------------------------------------------------------
                                              1.455787   data required time
                                             -3.714333   data arrival time
---------------------------------------------------------------------------------------------
                                              2.258546   slack (MET)


Startpoint: _099_ (rising edge-triggered flip-flop clocked by gpio_in[38])
Endpoint: _100_ (rising edge-triggered flip-flop clocked by gpio_in[38])
Path Group: gpio_in[38]
Path Type: min

Fanout         Cap        Slew       Delay        Time   Description
---------------------------------------------------------------------------------------------
                                  0.000000    0.000000   clock gpio_in[38] (rise edge)
                                  0.000000    0.000000   clock source latency
     2    0.090833    0.654910    0.469484    0.469484 ^ gpio_in[38] (in)
                                                         gpio_in[38] (net)
                      0.657180    0.000000    0.469484 ^ clkbuf_0_gpio_in[38]/A (sky130_fd_sc_hd__clkbuf_16)
     5    0.060913    0.128177    0.516905    0.986389 ^ clkbuf_0_gpio_in[38]/X (sky130_fd_sc_hd__clkbuf_16)
                                                         clknet_0_gpio_in[38] (net)
                      0.128309    0.003698    0.990087 ^ clkbuf_1_0__f_gpio_in[38]/A (sky130_fd_sc_hd__clkbuf_16)
    25    0.077426    0.144997    0.312070    1.302158 ^ clkbuf_1_0__f_gpio_in[38]/X (sky130_fd_sc_hd__clkbuf_16)
                                                         clknet_1_0__leaf_gpio_in[38] (net)
                      0.147073    0.013566    1.315723 ^ _099_/CLK (sky130_fd_sc_hd__dfrtp_1)
     5    0.011053    0.178827    0.763490    2.079213 ^ _099_/Q (sky130_fd_sc_hd__dfrtp_1)
                                                         gpio_22_37_output[30].cfg.gpio_out_val (net)
                      0.178827    0.000076    2.079289 ^ _073_/A (sky130_fd_sc_hd__and3_1)
     2    0.007369    0.146718    0.374749    2.454038 ^ _073_/X (sky130_fd_sc_hd__and3_1)
                                                         _036_ (net)
                      0.146718    0.000049    2.454087 ^ _074_/B1_N (sky130_fd_sc_hd__o21ba_1)
     1    0.003384    0.062473    0.298520    2.752607 v _074_/X (sky130_fd_sc_hd__o21ba_1)
                                                         _004_ (net)
                      0.062473    0.000040    2.752647 v hold27/A (sky130_fd_sc_hd__dlygate4sd3_1)
     1    0.002242    0.103636    1.110750    3.863397 v hold27/X (sky130_fd_sc_hd__dlygate4sd3_1)
                                                         net602 (net)
                      0.103636    0.000020    3.863417 v _100_/D (sky130_fd_sc_hd__dfrtp_1)
                                              3.863417   data arrival time

                                  0.000000    0.000000   clock gpio_in[38] (rise edge)
                                  0.000000    0.000000   clock source latency
     2    0.090833    0.654910    0.469484    0.469484 ^ gpio_in[38] (in)
                                                         gpio_in[38] (net)
                      0.657180    0.000000    0.469484 ^ clkbuf_0_gpio_in[38]/A (sky130_fd_sc_hd__clkbuf_16)
     5    0.060913    0.128177    0.516905    0.986389 ^ clkbuf_0_gpio_in[38]/X (sky130_fd_sc_hd__clkbuf_16)
                                                         clknet_0_gpio_in[38] (net)
                      0.128309    0.003698    0.990087 ^ clkbuf_1_0__f_gpio_in[38]/A (sky130_fd_sc_hd__clkbuf_16)
    25    0.077426    0.144997    0.312070    1.302158 ^ clkbuf_1_0__f_gpio_in[38]/X (sky130_fd_sc_hd__clkbuf_16)
                                                         clknet_1_0__leaf_gpio_in[38] (net)
                      0.147110    0.013689    1.315847 ^ _100_/CLK (sky130_fd_sc_hd__dfrtp_1)
                                  0.250000    1.565847   clock uncertainty
                                  0.000000    1.565847   clock reconvergence pessimism
                                 -0.090971    1.474876   library hold time
                                              1.474876   data required time
---------------------------------------------------------------------------------------------
                                              1.474876   data required time
                                             -3.863417   data arrival time
---------------------------------------------------------------------------------------------
                                              2.388541   slack (MET)


Startpoint: _105_ (rising edge-triggered flip-flop clocked by gpio_in[38])
Endpoint: _105_ (rising edge-triggered flip-flop clocked by gpio_in[38])
Path Group: gpio_in[38]
Path Type: min

Fanout         Cap        Slew       Delay        Time   Description
---------------------------------------------------------------------------------------------
                                  0.000000    0.000000   clock gpio_in[38] (rise edge)
                                  0.000000    0.000000   clock source latency
     2    0.090833    0.654910    0.469484    0.469484 ^ gpio_in[38] (in)
                                                         gpio_in[38] (net)
                      0.657180    0.000000    0.469484 ^ clkbuf_0_gpio_in[38]/A (sky130_fd_sc_hd__clkbuf_16)
     5    0.060913    0.128177    0.516905    0.986389 ^ clkbuf_0_gpio_in[38]/X (sky130_fd_sc_hd__clkbuf_16)
                                                         clknet_0_gpio_in[38] (net)
                      0.128299    0.003586    0.989975 ^ clkbuf_1_1__f_gpio_in[38]/A (sky130_fd_sc_hd__clkbuf_16)
    19    0.066387    0.129561    0.302899    1.292873 ^ clkbuf_1_1__f_gpio_in[38]/X (sky130_fd_sc_hd__clkbuf_16)
                                                         clknet_1_1__leaf_gpio_in[38] (net)
                      0.130568    0.008824    1.301697 ^ _105_/CLK (sky130_fd_sc_hd__dfrtp_1)
     3    0.008691    0.149285    0.730793    2.032490 ^ _105_/Q (sky130_fd_sc_hd__dfrtp_1)
                                                         gpio_22_37_output[36].cfg.gpio_out_val (net)
                      0.149285    0.000126    2.032616 ^ hold4/A (sky130_fd_sc_hd__dlygate4sd3_1)
     1    0.007174    0.150372    1.130283    3.162899 ^ hold4/X (sky130_fd_sc_hd__dlygate4sd3_1)
                                                         net579 (net)
                      0.150372    0.000148    3.163047 ^ _085_/A (sky130_fd_sc_hd__xor2_1)
     1    0.002000    0.062760    0.148315    3.311362 v _085_/X (sky130_fd_sc_hd__xor2_1)
                                                         _009_ (net)
                      0.062760    0.000011    3.311372 v hold5/A (sky130_fd_sc_hd__dlygate4sd3_1)
     1    0.002724    0.104995    1.119006    4.430378 v hold5/X (sky130_fd_sc_hd__dlygate4sd3_1)
                                                         net580 (net)
                      0.104995    0.000033    4.430411 v _105_/D (sky130_fd_sc_hd__dfrtp_1)
                                              4.430411   data arrival time

                                  0.000000    0.000000   clock gpio_in[38] (rise edge)
                                  0.000000    0.000000   clock source latency
     2    0.090833    0.654910    0.469484    0.469484 ^ gpio_in[38] (in)
                                                         gpio_in[38] (net)
                      0.657180    0.000000    0.469484 ^ clkbuf_0_gpio_in[38]/A (sky130_fd_sc_hd__clkbuf_16)
     5    0.060913    0.128177    0.516905    0.986389 ^ clkbuf_0_gpio_in[38]/X (sky130_fd_sc_hd__clkbuf_16)
                                                         clknet_0_gpio_in[38] (net)
                      0.128299    0.003586    0.989975 ^ clkbuf_1_1__f_gpio_in[38]/A (sky130_fd_sc_hd__clkbuf_16)
    19    0.066387    0.129561    0.302899    1.292873 ^ clkbuf_1_1__f_gpio_in[38]/X (sky130_fd_sc_hd__clkbuf_16)
                                                         clknet_1_1__leaf_gpio_in[38] (net)
                      0.130568    0.008824    1.301697 ^ _105_/CLK (sky130_fd_sc_hd__dfrtp_1)
                                  0.250000    1.551697   clock uncertainty
                                  0.000000    1.551697   clock reconvergence pessimism
                                 -0.095497    1.456199   library hold time
                                              1.456199   data required time
---------------------------------------------------------------------------------------------
                                              1.456199   data required time
                                             -4.430411   data arrival time
---------------------------------------------------------------------------------------------
                                              2.974212   slack (MET)


Startpoint: _094_ (rising edge-triggered flip-flop clocked by gpio_in[38])
Endpoint: _094_ (rising edge-triggered flip-flop clocked by gpio_in[38])
Path Group: gpio_in[38]
Path Type: min

Fanout         Cap        Slew       Delay        Time   Description
---------------------------------------------------------------------------------------------
                                  0.000000    0.000000   clock gpio_in[38] (rise edge)
                                  0.000000    0.000000   clock source latency
     2    0.090833    0.654910    0.469484    0.469484 ^ gpio_in[38] (in)
                                                         gpio_in[38] (net)
                      0.657180    0.000000    0.469484 ^ clkbuf_0_gpio_in[38]/A (sky130_fd_sc_hd__clkbuf_16)
     5    0.060913    0.128177    0.516905    0.986389 ^ clkbuf_0_gpio_in[38]/X (sky130_fd_sc_hd__clkbuf_16)
                                                         clknet_0_gpio_in[38] (net)
                      0.128299    0.003586    0.989975 ^ clkbuf_1_1__f_gpio_in[38]/A (sky130_fd_sc_hd__clkbuf_16)
    19    0.066387    0.129561    0.302899    1.292873 ^ clkbuf_1_1__f_gpio_in[38]/X (sky130_fd_sc_hd__clkbuf_16)
                                                         clknet_1_1__leaf_gpio_in[38] (net)
                      0.130655    0.009220    1.302093 ^ _094_/CLK (sky130_fd_sc_hd__dfrtp_1)
     3    0.007430    0.138136    0.717570    2.019663 ^ _094_/Q (sky130_fd_sc_hd__dfrtp_1)
                                                         gpio_22_37_output[25].cfg.gpio_out_val (net)
                      0.138136    0.000047    2.019710 ^ hold16/A (sky130_fd_sc_hd__dlygate4sd3_1)
     1    0.005761    0.131604    1.108937    3.128647 ^ hold16/X (sky130_fd_sc_hd__dlygate4sd3_1)
                                                         net591 (net)
                      0.131604    0.000103    3.128750 ^ _060_/A1 (sky130_fd_sc_hd__o21ba_1)
     1    0.004276    0.090901    0.290163    3.418913 ^ _060_/X (sky130_fd_sc_hd__o21ba_1)
                                                         _017_ (net)
                      0.090901    0.000074    3.418987 ^ hold17/A (sky130_fd_sc_hd__dlygate4sd3_1)
     1    0.002567    0.089028    1.045883    4.464870 ^ hold17/X (sky130_fd_sc_hd__dlygate4sd3_1)
                                                         net592 (net)
                      0.089028    0.000028    4.464898 ^ _094_/D (sky130_fd_sc_hd__dfrtp_1)
                                              4.464898   data arrival time

                                  0.000000    0.000000   clock gpio_in[38] (rise edge)
                                  0.000000    0.000000   clock source latency
     2    0.090833    0.654910    0.469484    0.469484 ^ gpio_in[38] (in)
                                                         gpio_in[38] (net)
                      0.657180    0.000000    0.469484 ^ clkbuf_0_gpio_in[38]/A (sky130_fd_sc_hd__clkbuf_16)
     5    0.060913    0.128177    0.516905    0.986389 ^ clkbuf_0_gpio_in[38]/X (sky130_fd_sc_hd__clkbuf_16)
                                                         clknet_0_gpio_in[38] (net)
                      0.128299    0.003586    0.989975 ^ clkbuf_1_1__f_gpio_in[38]/A (sky130_fd_sc_hd__clkbuf_16)
    19    0.066387    0.129561    0.302899    1.292873 ^ clkbuf_1_1__f_gpio_in[38]/X (sky130_fd_sc_hd__clkbuf_16)
                                                         clknet_1_1__leaf_gpio_in[38] (net)
                      0.130655    0.009220    1.302093 ^ _094_/CLK (sky130_fd_sc_hd__dfrtp_1)
                                  0.250000    1.552093   clock uncertainty
                                  0.000000    1.552093   clock reconvergence pessimism
                                 -0.071326    1.480767   library hold time
                                              1.480767   data required time
---------------------------------------------------------------------------------------------
                                              1.480767   data required time
                                             -4.464898   data arrival time
---------------------------------------------------------------------------------------------
                                              2.984131   slack (MET)


Startpoint: _093_ (rising edge-triggered flip-flop clocked by gpio_in[38])
Endpoint: _093_ (rising edge-triggered flip-flop clocked by gpio_in[38])
Path Group: gpio_in[38]
Path Type: min

Fanout         Cap        Slew       Delay        Time   Description
---------------------------------------------------------------------------------------------
                                  0.000000    0.000000   clock gpio_in[38] (rise edge)
                                  0.000000    0.000000   clock source latency
     2    0.090833    0.654910    0.469484    0.469484 ^ gpio_in[38] (in)
                                                         gpio_in[38] (net)
                      0.657180    0.000000    0.469484 ^ clkbuf_0_gpio_in[38]/A (sky130_fd_sc_hd__clkbuf_16)
     5    0.060913    0.128177    0.516905    0.986389 ^ clkbuf_0_gpio_in[38]/X (sky130_fd_sc_hd__clkbuf_16)
                                                         clknet_0_gpio_in[38] (net)
                      0.128299    0.003586    0.989975 ^ clkbuf_1_1__f_gpio_in[38]/A (sky130_fd_sc_hd__clkbuf_16)
    19    0.066387    0.129561    0.302899    1.292873 ^ clkbuf_1_1__f_gpio_in[38]/X (sky130_fd_sc_hd__clkbuf_16)
                                                         clknet_1_1__leaf_gpio_in[38] (net)
                      0.130668    0.009278    1.302151 ^ _093_/CLK (sky130_fd_sc_hd__dfrtp_1)
     3    0.009827    0.163417    0.742833    2.044984 ^ _093_/Q (sky130_fd_sc_hd__dfrtp_1)
                                                         gpio_22_37_output[24].cfg.gpio_out_val (net)
                      0.163417    0.000113    2.045098 ^ hold12/A (sky130_fd_sc_hd__dlygate4sd3_1)
     2    0.007865    0.159717    1.144182    3.189280 ^ hold12/X (sky130_fd_sc_hd__dlygate4sd3_1)
                                                         net587 (net)
                      0.159717    0.000104    3.189384 ^ _057_/A (sky130_fd_sc_hd__xor2_1)
     1    0.001594    0.059281    0.147056    3.336440 v _057_/X (sky130_fd_sc_hd__xor2_1)
                                                         _016_ (net)
                      0.059281    0.000006    3.336445 v hold13/A (sky130_fd_sc_hd__dlygate4sd3_1)
     1    0.003192    0.108962    1.125411    4.461857 v hold13/X (sky130_fd_sc_hd__dlygate4sd3_1)
                                                         net588 (net)
                      0.108962    0.000042    4.461898 v _093_/D (sky130_fd_sc_hd__dfrtp_1)
                                              4.461898   data arrival time

                                  0.000000    0.000000   clock gpio_in[38] (rise edge)
                                  0.000000    0.000000   clock source latency
     2    0.090833    0.654910    0.469484    0.469484 ^ gpio_in[38] (in)
                                                         gpio_in[38] (net)
                      0.657180    0.000000    0.469484 ^ clkbuf_0_gpio_in[38]/A (sky130_fd_sc_hd__clkbuf_16)
     5    0.060913    0.128177    0.516905    0.986389 ^ clkbuf_0_gpio_in[38]/X (sky130_fd_sc_hd__clkbuf_16)
                                                         clknet_0_gpio_in[38] (net)
                      0.128299    0.003586    0.989975 ^ clkbuf_1_1__f_gpio_in[38]/A (sky130_fd_sc_hd__clkbuf_16)
    19    0.066387    0.129561    0.302899    1.292873 ^ clkbuf_1_1__f_gpio_in[38]/X (sky130_fd_sc_hd__clkbuf_16)
                                                         clknet_1_1__leaf_gpio_in[38] (net)
                      0.130668    0.009278    1.302151 ^ _093_/CLK (sky130_fd_sc_hd__dfrtp_1)
                                  0.250000    1.552151   clock uncertainty
                                  0.000000    1.552151   clock reconvergence pessimism
                                 -0.096946    1.455206   library hold time
                                              1.455206   data required time
---------------------------------------------------------------------------------------------
                                              1.455206   data required time
                                             -4.461898   data arrival time
---------------------------------------------------------------------------------------------
                                              3.006693   slack (MET)


Startpoint: _091_ (rising edge-triggered flip-flop clocked by gpio_in[38])
Endpoint: _091_ (rising edge-triggered flip-flop clocked by gpio_in[38])
Path Group: gpio_in[38]
Path Type: min

Fanout         Cap        Slew       Delay        Time   Description
---------------------------------------------------------------------------------------------
                                  0.000000    0.000000   clock gpio_in[38] (rise edge)
                                  0.000000    0.000000   clock source latency
     2    0.090833    0.654910    0.469484    0.469484 ^ gpio_in[38] (in)
                                                         gpio_in[38] (net)
                      0.657180    0.000000    0.469484 ^ clkbuf_0_gpio_in[38]/A (sky130_fd_sc_hd__clkbuf_16)
     5    0.060913    0.128177    0.516905    0.986389 ^ clkbuf_0_gpio_in[38]/X (sky130_fd_sc_hd__clkbuf_16)
                                                         clknet_0_gpio_in[38] (net)
                      0.128299    0.003586    0.989975 ^ clkbuf_1_1__f_gpio_in[38]/A (sky130_fd_sc_hd__clkbuf_16)
    19    0.066387    0.129561    0.302899    1.292873 ^ clkbuf_1_1__f_gpio_in[38]/X (sky130_fd_sc_hd__clkbuf_16)
                                                         clknet_1_1__leaf_gpio_in[38] (net)
                      0.130666    0.009268    1.302141 ^ _091_/CLK (sky130_fd_sc_hd__dfrtp_1)
     3    0.008302    0.144466    0.726758    2.028899 ^ _091_/Q (sky130_fd_sc_hd__dfrtp_1)
                                                         gpio_22_37_output[22].cfg.gpio_out_val (net)
                      0.144466    0.000062    2.028961 ^ hold20/A (sky130_fd_sc_hd__dlygate4sd3_1)
     3    0.010727    0.203742    1.171133    3.200094 ^ hold20/X (sky130_fd_sc_hd__dlygate4sd3_1)
                                                         net595 (net)
                      0.203742    0.000034    3.200128 ^ _052_/A (sky130_fd_sc_hd__xor2_1)
     1    0.001970    0.061525    0.167946    3.368073 v _052_/X (sky130_fd_sc_hd__xor2_1)
                                                         _014_ (net)
                      0.061525    0.000018    3.368091 v hold21/A (sky130_fd_sc_hd__dlygate4sd3_1)
     1    0.002075    0.101769    1.107514    4.475605 v hold21/X (sky130_fd_sc_hd__dlygate4sd3_1)
                                                         net596 (net)
                      0.101769    0.000009    4.475614 v _091_/D (sky130_fd_sc_hd__dfrtp_1)
                                              4.475614   data arrival time

                                  0.000000    0.000000   clock gpio_in[38] (rise edge)
                                  0.000000    0.000000   clock source latency
     2    0.090833    0.654910    0.469484    0.469484 ^ gpio_in[38] (in)
                                                         gpio_in[38] (net)
                      0.657180    0.000000    0.469484 ^ clkbuf_0_gpio_in[38]/A (sky130_fd_sc_hd__clkbuf_16)
     5    0.060913    0.128177    0.516905    0.986389 ^ clkbuf_0_gpio_in[38]/X (sky130_fd_sc_hd__clkbuf_16)
                                                         clknet_0_gpio_in[38] (net)
                      0.128299    0.003586    0.989975 ^ clkbuf_1_1__f_gpio_in[38]/A (sky130_fd_sc_hd__clkbuf_16)
    19    0.066387    0.129561    0.302899    1.292873 ^ clkbuf_1_1__f_gpio_in[38]/X (sky130_fd_sc_hd__clkbuf_16)
                                                         clknet_1_1__leaf_gpio_in[38] (net)
                      0.130666    0.009268    1.302141 ^ _091_/CLK (sky130_fd_sc_hd__dfrtp_1)
                                  0.250000    1.552141   clock uncertainty
                                  0.000000    1.552141   clock reconvergence pessimism
                                 -0.094276    1.457866   library hold time
                                              1.457866   data required time
---------------------------------------------------------------------------------------------
                                              1.457866   data required time
                                             -4.475614   data arrival time
---------------------------------------------------------------------------------------------
                                              3.017749   slack (MET)


Startpoint: _097_ (rising edge-triggered flip-flop clocked by gpio_in[38])
Endpoint: _097_ (rising edge-triggered flip-flop clocked by gpio_in[38])
Path Group: gpio_in[38]
Path Type: min

Fanout         Cap        Slew       Delay        Time   Description
---------------------------------------------------------------------------------------------
                                  0.000000    0.000000   clock gpio_in[38] (rise edge)
                                  0.000000    0.000000   clock source latency
     2    0.090833    0.654910    0.469484    0.469484 ^ gpio_in[38] (in)
                                                         gpio_in[38] (net)
                      0.657180    0.000000    0.469484 ^ clkbuf_0_gpio_in[38]/A (sky130_fd_sc_hd__clkbuf_16)
     5    0.060913    0.128177    0.516905    0.986389 ^ clkbuf_0_gpio_in[38]/X (sky130_fd_sc_hd__clkbuf_16)
                                                         clknet_0_gpio_in[38] (net)
                      0.128309    0.003698    0.990087 ^ clkbuf_1_0__f_gpio_in[38]/A (sky130_fd_sc_hd__clkbuf_16)
    25    0.077426    0.144997    0.312070    1.302158 ^ clkbuf_1_0__f_gpio_in[38]/X (sky130_fd_sc_hd__clkbuf_16)
                                                         clknet_1_0__leaf_gpio_in[38] (net)
                      0.146789    0.012588    1.314746 ^ _097_/CLK (sky130_fd_sc_hd__dfrtp_1)
     2    0.006042    0.116938    0.710408    2.025154 ^ _097_/Q (sky130_fd_sc_hd__dfrtp_1)
                                                         gpio_22_37_output[28].cfg.gpio_out_val (net)
                      0.116938    0.000054    2.025208 ^ hold6/A (sky130_fd_sc_hd__dlygate4sd3_1)
     3    0.012743    0.225050    1.184424    3.209631 ^ hold6/X (sky130_fd_sc_hd__dlygate4sd3_1)
                                                         net581 (net)
                      0.225050    0.000103    3.209735 ^ _066_/A (sky130_fd_sc_hd__xor2_1)
     1    0.001677    0.059099    0.172297    3.382032 v _066_/X (sky130_fd_sc_hd__xor2_1)
                                                         _001_ (net)
                      0.059099    0.000014    3.382046 v hold7/A (sky130_fd_sc_hd__dlygate4sd3_1)
     1    0.002327    0.104612    1.110735    4.492781 v hold7/X (sky130_fd_sc_hd__dlygate4sd3_1)
                                                         net582 (net)
                      0.104612    0.000021    4.492801 v _097_/D (sky130_fd_sc_hd__dfrtp_1)
                                              4.492801   data arrival time

                                  0.000000    0.000000   clock gpio_in[38] (rise edge)
                                  0.000000    0.000000   clock source latency
     2    0.090833    0.654910    0.469484    0.469484 ^ gpio_in[38] (in)
                                                         gpio_in[38] (net)
                      0.657180    0.000000    0.469484 ^ clkbuf_0_gpio_in[38]/A (sky130_fd_sc_hd__clkbuf_16)
     5    0.060913    0.128177    0.516905    0.986389 ^ clkbuf_0_gpio_in[38]/X (sky130_fd_sc_hd__clkbuf_16)
                                                         clknet_0_gpio_in[38] (net)
                      0.128309    0.003698    0.990087 ^ clkbuf_1_0__f_gpio_in[38]/A (sky130_fd_sc_hd__clkbuf_16)
    25    0.077426    0.144997    0.312070    1.302158 ^ clkbuf_1_0__f_gpio_in[38]/X (sky130_fd_sc_hd__clkbuf_16)
                                                         clknet_1_0__leaf_gpio_in[38] (net)
                      0.146789    0.012588    1.314746 ^ _097_/CLK (sky130_fd_sc_hd__dfrtp_1)
                                  0.250000    1.564746   clock uncertainty
                                  0.000000    1.564746   clock reconvergence pessimism
                                 -0.091411    1.473335   library hold time
                                              1.473335   data required time
---------------------------------------------------------------------------------------------
                                              1.473335   data required time
                                             -4.492801   data arrival time
---------------------------------------------------------------------------------------------
                                              3.019467   slack (MET)


Startpoint: _089_ (rising edge-triggered flip-flop clocked by gpio_in[38])
Endpoint: _089_ (rising edge-triggered flip-flop clocked by gpio_in[38])
Path Group: gpio_in[38]
Path Type: min

Fanout         Cap        Slew       Delay        Time   Description
---------------------------------------------------------------------------------------------
                                  0.000000    0.000000   clock gpio_in[38] (rise edge)
                                  0.000000    0.000000   clock source latency
     2    0.090833    0.654910    0.469484    0.469484 ^ gpio_in[38] (in)
                                                         gpio_in[38] (net)
                      0.657180    0.000000    0.469484 ^ clkbuf_0_gpio_in[38]/A (sky130_fd_sc_hd__clkbuf_16)
     5    0.060913    0.128177    0.516905    0.986389 ^ clkbuf_0_gpio_in[38]/X (sky130_fd_sc_hd__clkbuf_16)
                                                         clknet_0_gpio_in[38] (net)
                      0.128309    0.003698    0.990087 ^ clkbuf_1_0__f_gpio_in[38]/A (sky130_fd_sc_hd__clkbuf_16)
    25    0.077426    0.144997    0.312070    1.302158 ^ clkbuf_1_0__f_gpio_in[38]/X (sky130_fd_sc_hd__clkbuf_16)
                                                         clknet_1_0__leaf_gpio_in[38] (net)
                      0.147027    0.013413    1.315570 ^ _089_/CLK (sky130_fd_sc_hd__dfrtp_1)
     3    0.008091    0.141907    0.732173    2.047744 ^ _089_/Q (sky130_fd_sc_hd__dfrtp_1)
                                                         gpio_18_21_bidir[20].cfg.gpio_out_val (net)
                      0.141907    0.000056    2.047800 ^ hold23/A (sky130_fd_sc_hd__dlygate4sd3_1)
     3    0.013325    0.239102    1.200938    3.248737 ^ hold23/X (sky130_fd_sc_hd__dlygate4sd3_1)
                                                         net598 (net)
                      0.239102    0.000078    3.248816 ^ _048_/A (sky130_fd_sc_hd__xnor2_1)
     1    0.002400    0.071159    0.255342    3.504158 ^ _048_/Y (sky130_fd_sc_hd__xnor2_1)
                                                         _012_ (net)
                      0.071159    0.000015    3.504173 ^ hold24/A (sky130_fd_sc_hd__dlygate4sd3_1)
     1    0.002579    0.089129    1.037941    4.542114 ^ hold24/X (sky130_fd_sc_hd__dlygate4sd3_1)
                                                         net599 (net)
                      0.089129    0.000027    4.542140 ^ _089_/D (sky130_fd_sc_hd__dfrtp_1)
                                              4.542140   data arrival time

                                  0.000000    0.000000   clock gpio_in[38] (rise edge)
                                  0.000000    0.000000   clock source latency
     2    0.090833    0.654910    0.469484    0.469484 ^ gpio_in[38] (in)
                                                         gpio_in[38] (net)
                      0.657180    0.000000    0.469484 ^ clkbuf_0_gpio_in[38]/A (sky130_fd_sc_hd__clkbuf_16)
     5    0.060913    0.128177    0.516905    0.986389 ^ clkbuf_0_gpio_in[38]/X (sky130_fd_sc_hd__clkbuf_16)
                                                         clknet_0_gpio_in[38] (net)
                      0.128309    0.003698    0.990087 ^ clkbuf_1_0__f_gpio_in[38]/A (sky130_fd_sc_hd__clkbuf_16)
    25    0.077426    0.144997    0.312070    1.302158 ^ clkbuf_1_0__f_gpio_in[38]/X (sky130_fd_sc_hd__clkbuf_16)
                                                         clknet_1_0__leaf_gpio_in[38] (net)
                      0.147027    0.013413    1.315570 ^ _089_/CLK (sky130_fd_sc_hd__dfrtp_1)
                                  0.250000    1.565570   clock uncertainty
                                  0.000000    1.565570   clock reconvergence pessimism
                                 -0.068661    1.496909   library hold time
                                              1.496909   data required time
---------------------------------------------------------------------------------------------
                                              1.496909   data required time
                                             -4.542140   data arrival time
---------------------------------------------------------------------------------------------
                                              3.045231   slack (MET)


Startpoint: resetb_l (input port clocked by gpio_in[38])
Endpoint: _105_ (removal check against rising-edge clock gpio_in[38])
Path Group: asynchronous
Path Type: min

Fanout         Cap        Slew       Delay        Time   Description
---------------------------------------------------------------------------------------------
                                  0.000000    0.000000   clock gpio_in[38] (rise edge)
                                  0.000000    0.000000   clock network delay (propagated)
                                  5.000000    5.000000 ^ input external delay
     2    0.008962    0.074034    0.047228    5.047228 ^ resetb_l (in)
                                                         resetb_l (net)
                      0.074034    0.000000    5.047228 ^ input2/A (sky130_fd_sc_hd__buf_8)
    11    0.123409    0.314516    0.341335    5.388564 ^ input2/X (sky130_fd_sc_hd__buf_8)
                                                         net2 (net)
                      0.326914    0.048571    5.437135 ^ _105_/RESET_B (sky130_fd_sc_hd__dfrtp_1)
                                              5.437135   data arrival time

                                  0.000000    0.000000   clock gpio_in[38] (rise edge)
                                  0.000000    0.000000   clock source latency
     2    0.090833    0.654910    0.469484    0.469484 ^ gpio_in[38] (in)
                                                         gpio_in[38] (net)
                      0.657180    0.000000    0.469484 ^ clkbuf_0_gpio_in[38]/A (sky130_fd_sc_hd__clkbuf_16)
     5    0.060913    0.128177    0.516905    0.986389 ^ clkbuf_0_gpio_in[38]/X (sky130_fd_sc_hd__clkbuf_16)
                                                         clknet_0_gpio_in[38] (net)
                      0.128299    0.003586    0.989975 ^ clkbuf_1_1__f_gpio_in[38]/A (sky130_fd_sc_hd__clkbuf_16)
    19    0.066387    0.129561    0.302899    1.292873 ^ clkbuf_1_1__f_gpio_in[38]/X (sky130_fd_sc_hd__clkbuf_16)
                                                         clknet_1_1__leaf_gpio_in[38] (net)
                      0.130568    0.008824    1.301697 ^ _105_/CLK (sky130_fd_sc_hd__dfrtp_1)
                                  0.250000    1.551697   clock uncertainty
                                  0.000000    1.551697   clock reconvergence pessimism
                                  0.754591    2.306288   library removal time
                                              2.306288   data required time
---------------------------------------------------------------------------------------------
                                              2.306288   data required time
                                             -5.437135   data arrival time
---------------------------------------------------------------------------------------------
                                              3.130848   slack (MET)


Startpoint: resetb_l (input port clocked by gpio_in[38])
Endpoint: _104_ (removal check against rising-edge clock gpio_in[38])
Path Group: asynchronous
Path Type: min

Fanout         Cap        Slew       Delay        Time   Description
---------------------------------------------------------------------------------------------
                                  0.000000    0.000000   clock gpio_in[38] (rise edge)
                                  0.000000    0.000000   clock network delay (propagated)
                                  5.000000    5.000000 ^ input external delay
     2    0.008962    0.074034    0.047228    5.047228 ^ resetb_l (in)
                                                         resetb_l (net)
                      0.074034    0.000000    5.047228 ^ input2/A (sky130_fd_sc_hd__buf_8)
    11    0.123409    0.314516    0.341335    5.388564 ^ input2/X (sky130_fd_sc_hd__buf_8)
                                                         net2 (net)
                      0.326968    0.048676    5.437240 ^ _104_/RESET_B (sky130_fd_sc_hd__dfrtp_1)
                                              5.437240   data arrival time

                                  0.000000    0.000000   clock gpio_in[38] (rise edge)
                                  0.000000    0.000000   clock source latency
     2    0.090833    0.654910    0.469484    0.469484 ^ gpio_in[38] (in)
                                                         gpio_in[38] (net)
                      0.657180    0.000000    0.469484 ^ clkbuf_0_gpio_in[38]/A (sky130_fd_sc_hd__clkbuf_16)
     5    0.060913    0.128177    0.516905    0.986389 ^ clkbuf_0_gpio_in[38]/X (sky130_fd_sc_hd__clkbuf_16)
                                                         clknet_0_gpio_in[38] (net)
                      0.128299    0.003586    0.989975 ^ clkbuf_1_1__f_gpio_in[38]/A (sky130_fd_sc_hd__clkbuf_16)
    19    0.066387    0.129561    0.302899    1.292873 ^ clkbuf_1_1__f_gpio_in[38]/X (sky130_fd_sc_hd__clkbuf_16)
                                                         clknet_1_1__leaf_gpio_in[38] (net)
                      0.130566    0.008814    1.301687 ^ _104_/CLK (sky130_fd_sc_hd__dfrtp_1)
                                  0.250000    1.551687   clock uncertainty
                                  0.000000    1.551687   clock reconvergence pessimism
                                  0.754607    2.306294   library removal time
                                              2.306294   data required time
---------------------------------------------------------------------------------------------
                                              2.306294   data required time
                                             -5.437240   data arrival time
---------------------------------------------------------------------------------------------
                                              3.130946   slack (MET)


Startpoint: resetb_l (input port clocked by gpio_in[38])
Endpoint: _103_ (removal check against rising-edge clock gpio_in[38])
Path Group: asynchronous
Path Type: min

Fanout         Cap        Slew       Delay        Time   Description
---------------------------------------------------------------------------------------------
                                  0.000000    0.000000   clock gpio_in[38] (rise edge)
                                  0.000000    0.000000   clock network delay (propagated)
                                  5.000000    5.000000 ^ input external delay
     2    0.008962    0.074034    0.047228    5.047228 ^ resetb_l (in)
                                                         resetb_l (net)
                      0.074034    0.000000    5.047228 ^ input2/A (sky130_fd_sc_hd__buf_8)
    11    0.123409    0.314516    0.341335    5.388564 ^ input2/X (sky130_fd_sc_hd__buf_8)
                                                         net2 (net)
                      0.326965    0.048670    5.437234 ^ _103_/RESET_B (sky130_fd_sc_hd__dfrtp_1)
                                              5.437234   data arrival time

                                  0.000000    0.000000   clock gpio_in[38] (rise edge)
                                  0.000000    0.000000   clock source latency
     2    0.090833    0.654910    0.469484    0.469484 ^ gpio_in[38] (in)
                                                         gpio_in[38] (net)
                      0.657180    0.000000    0.469484 ^ clkbuf_0_gpio_in[38]/A (sky130_fd_sc_hd__clkbuf_16)
     5    0.060913    0.128177    0.516905    0.986389 ^ clkbuf_0_gpio_in[38]/X (sky130_fd_sc_hd__clkbuf_16)
                                                         clknet_0_gpio_in[38] (net)
                      0.128299    0.003586    0.989975 ^ clkbuf_1_1__f_gpio_in[38]/A (sky130_fd_sc_hd__clkbuf_16)
    19    0.066387    0.129561    0.302899    1.292873 ^ clkbuf_1_1__f_gpio_in[38]/X (sky130_fd_sc_hd__clkbuf_16)
                                                         clknet_1_1__leaf_gpio_in[38] (net)
                      0.130563    0.008802    1.301675 ^ _103_/CLK (sky130_fd_sc_hd__dfrtp_1)
                                  0.250000    1.551675   clock uncertainty
                                  0.000000    1.551675   clock reconvergence pessimism
                                  0.754605    2.306280   library removal time
                                              2.306280   data required time
---------------------------------------------------------------------------------------------
                                              2.306280   data required time
                                             -5.437234   data arrival time
---------------------------------------------------------------------------------------------
                                              3.130955   slack (MET)


Startpoint: resetb_l (input port clocked by gpio_in[38])
Endpoint: _106_ (removal check against rising-edge clock gpio_in[38])
Path Group: asynchronous
Path Type: min

Fanout         Cap        Slew       Delay        Time   Description
---------------------------------------------------------------------------------------------
                                  0.000000    0.000000   clock gpio_in[38] (rise edge)
                                  0.000000    0.000000   clock network delay (propagated)
                                  5.000000    5.000000 ^ input external delay
     2    0.008962    0.074034    0.047228    5.047228 ^ resetb_l (in)
                                                         resetb_l (net)
                      0.074034    0.000000    5.047228 ^ input2/A (sky130_fd_sc_hd__buf_8)
    11    0.123409    0.314516    0.341335    5.388564 ^ input2/X (sky130_fd_sc_hd__buf_8)
                                                         net2 (net)
                      0.326979    0.048698    5.437262 ^ _106_/RESET_B (sky130_fd_sc_hd__dfrtp_1)
                                              5.437262   data arrival time

                                  0.000000    0.000000   clock gpio_in[38] (rise edge)
                                  0.000000    0.000000   clock source latency
     2    0.090833    0.654910    0.469484    0.469484 ^ gpio_in[38] (in)
                                                         gpio_in[38] (net)
                      0.657180    0.000000    0.469484 ^ clkbuf_0_gpio_in[38]/A (sky130_fd_sc_hd__clkbuf_16)
     5    0.060913    0.128177    0.516905    0.986389 ^ clkbuf_0_gpio_in[38]/X (sky130_fd_sc_hd__clkbuf_16)
                                                         clknet_0_gpio_in[38] (net)
                      0.128299    0.003586    0.989975 ^ clkbuf_1_1__f_gpio_in[38]/A (sky130_fd_sc_hd__clkbuf_16)
    19    0.066387    0.129561    0.302899    1.292873 ^ clkbuf_1_1__f_gpio_in[38]/X (sky130_fd_sc_hd__clkbuf_16)
                                                         clknet_1_1__leaf_gpio_in[38] (net)
                      0.130562    0.008795    1.301668 ^ _106_/CLK (sky130_fd_sc_hd__dfrtp_1)
                                  0.250000    1.551668   clock uncertainty
                                  0.000000    1.551668   clock reconvergence pessimism
                                  0.754609    2.306277   library removal time
                                              2.306277   data required time
---------------------------------------------------------------------------------------------
                                              2.306277   data required time
                                             -5.437262   data arrival time
---------------------------------------------------------------------------------------------
                                              3.130985   slack (MET)


Startpoint: _088_ (rising edge-triggered flip-flop clocked by gpio_in[38])
Endpoint: _090_ (rising edge-triggered flip-flop clocked by gpio_in[38])
Path Group: gpio_in[38]
Path Type: min

Fanout         Cap        Slew       Delay        Time   Description
---------------------------------------------------------------------------------------------
                                  0.000000    0.000000   clock gpio_in[38] (rise edge)
                                  0.000000    0.000000   clock source latency
     2    0.090833    0.654910    0.469484    0.469484 ^ gpio_in[38] (in)
                                                         gpio_in[38] (net)
                      0.657180    0.000000    0.469484 ^ clkbuf_0_gpio_in[38]/A (sky130_fd_sc_hd__clkbuf_16)
     5    0.060913    0.128177    0.516905    0.986389 ^ clkbuf_0_gpio_in[38]/X (sky130_fd_sc_hd__clkbuf_16)
                                                         clknet_0_gpio_in[38] (net)
                      0.128309    0.003698    0.990087 ^ clkbuf_1_0__f_gpio_in[38]/A (sky130_fd_sc_hd__clkbuf_16)
    25    0.077426    0.144997    0.312070    1.302158 ^ clkbuf_1_0__f_gpio_in[38]/X (sky130_fd_sc_hd__clkbuf_16)
                                                         clknet_1_0__leaf_gpio_in[38] (net)
                      0.146895    0.012961    1.315118 ^ _088_/CLK (sky130_fd_sc_hd__dfrtp_1)
     5    0.013142    0.203631    0.785431    2.100549 ^ _088_/Q (sky130_fd_sc_hd__dfrtp_1)
                                                         gpio_18_21_bidir[19].cfg.gpio_out_val (net)
                      0.203631    0.000109    2.100658 ^ _050_/A2 (sky130_fd_sc_hd__a31o_1)
     1    0.001741    0.059533    0.317876    2.418535 ^ _050_/X (sky130_fd_sc_hd__a31o_1)
                                                         _023_ (net)
                      0.059533    0.000006    2.418541 ^ hold32/A (sky130_fd_sc_hd__dlygate4sd3_1)
     1    0.003671    0.103981    1.049649    3.468189 ^ hold32/X (sky130_fd_sc_hd__dlygate4sd3_1)
                                                         net607 (net)
                      0.103981    0.000058    3.468248 ^ _051_/B (sky130_fd_sc_hd__and2b_1)
     1    0.002676    0.069778    0.235919    3.704166 ^ _051_/X (sky130_fd_sc_hd__and2b_1)
                                                         _013_ (net)
                      0.069778    0.000032    3.704198 ^ hold33/A (sky130_fd_sc_hd__dlygate4sd3_1)
     1    0.002770    0.091298    1.040279    4.744477 ^ hold33/X (sky130_fd_sc_hd__dlygate4sd3_1)
                                                         net608 (net)
                      0.091298    0.000031    4.744508 ^ _090_/D (sky130_fd_sc_hd__dfrtp_1)
                                              4.744508   data arrival time

                                  0.000000    0.000000   clock gpio_in[38] (rise edge)
                                  0.000000    0.000000   clock source latency
     2    0.090833    0.654910    0.469484    0.469484 ^ gpio_in[38] (in)
                                                         gpio_in[38] (net)
                      0.657180    0.000000    0.469484 ^ clkbuf_0_gpio_in[38]/A (sky130_fd_sc_hd__clkbuf_16)
     5    0.060913    0.128177    0.516905    0.986389 ^ clkbuf_0_gpio_in[38]/X (sky130_fd_sc_hd__clkbuf_16)
                                                         clknet_0_gpio_in[38] (net)
                      0.128309    0.003698    0.990087 ^ clkbuf_1_0__f_gpio_in[38]/A (sky130_fd_sc_hd__clkbuf_16)
    25    0.077426    0.144997    0.312070    1.302158 ^ clkbuf_1_0__f_gpio_in[38]/X (sky130_fd_sc_hd__clkbuf_16)
                                                         clknet_1_0__leaf_gpio_in[38] (net)
                      0.146973    0.013231    1.315388 ^ _090_/CLK (sky130_fd_sc_hd__dfrtp_1)
                                  0.250000    1.565388   clock uncertainty
                                  0.000000    1.565388   clock reconvergence pessimism
                                 -0.069164    1.496224   library hold time
                                              1.496224   data required time
---------------------------------------------------------------------------------------------
                                              1.496224   data required time
                                             -4.744508   data arrival time
---------------------------------------------------------------------------------------------
                                              3.248284   slack (MET)


Startpoint: resetb_l (input port clocked by gpio_in[38])
Endpoint: _101_ (removal check against rising-edge clock gpio_in[38])
Path Group: asynchronous
Path Type: min

Fanout         Cap        Slew       Delay        Time   Description
---------------------------------------------------------------------------------------------
                                  0.000000    0.000000   clock gpio_in[38] (rise edge)
                                  0.000000    0.000000   clock network delay (propagated)
                                  5.000000    5.000000 ^ input external delay
     2    0.008962    0.074034    0.047228    5.047228 ^ resetb_l (in)
                                                         resetb_l (net)
                      0.074034    0.000000    5.047228 ^ input2/A (sky130_fd_sc_hd__buf_8)
    11    0.123409    0.314516    0.341335    5.388564 ^ input2/X (sky130_fd_sc_hd__buf_8)
                                                         net2 (net)
                      0.314516    0.000315    5.388879 ^ fanout31/A (sky130_fd_sc_hd__clkbuf_16)
    33    0.175283    0.285309    0.489428    5.878306 ^ fanout31/X (sky130_fd_sc_hd__clkbuf_16)
                                                         net31 (net)
                      0.285313    0.001037    5.879343 ^ _101_/RESET_B (sky130_fd_sc_hd__dfrtp_1)
                                              5.879343   data arrival time

                                  0.000000    0.000000   clock gpio_in[38] (rise edge)
                                  0.000000    0.000000   clock source latency
     2    0.090833    0.654910    0.469484    0.469484 ^ gpio_in[38] (in)
                                                         gpio_in[38] (net)
                      0.657180    0.000000    0.469484 ^ clkbuf_0_gpio_in[38]/A (sky130_fd_sc_hd__clkbuf_16)
     5    0.060913    0.128177    0.516905    0.986389 ^ clkbuf_0_gpio_in[38]/X (sky130_fd_sc_hd__clkbuf_16)
                                                         clknet_0_gpio_in[38] (net)
                      0.128309    0.003698    0.990087 ^ clkbuf_1_0__f_gpio_in[38]/A (sky130_fd_sc_hd__clkbuf_16)
    25    0.077426    0.144997    0.312070    1.302158 ^ clkbuf_1_0__f_gpio_in[38]/X (sky130_fd_sc_hd__clkbuf_16)
                                                         clknet_1_0__leaf_gpio_in[38] (net)
                      0.147102    0.013664    1.315821 ^ _101_/CLK (sky130_fd_sc_hd__dfrtp_1)
                                  0.250000    1.565821   clock uncertainty
                                  0.000000    1.565821   clock reconvergence pessimism
                                  0.746793    2.312614   library removal time
                                              2.312614   data required time
---------------------------------------------------------------------------------------------
                                              2.312614   data required time
                                             -5.879343   data arrival time
---------------------------------------------------------------------------------------------
                                              3.566729   slack (MET)


Startpoint: resetb_l (input port clocked by gpio_in[38])
Endpoint: _102_ (removal check against rising-edge clock gpio_in[38])
Path Group: asynchronous
Path Type: min

Fanout         Cap        Slew       Delay        Time   Description
---------------------------------------------------------------------------------------------
                                  0.000000    0.000000   clock gpio_in[38] (rise edge)
                                  0.000000    0.000000   clock network delay (propagated)
                                  5.000000    5.000000 ^ input external delay
     2    0.008962    0.074034    0.047228    5.047228 ^ resetb_l (in)
                                                         resetb_l (net)
                      0.074034    0.000000    5.047228 ^ input2/A (sky130_fd_sc_hd__buf_8)
    11    0.123409    0.314516    0.341335    5.388564 ^ input2/X (sky130_fd_sc_hd__buf_8)
                                                         net2 (net)
                      0.314516    0.000315    5.388879 ^ fanout31/A (sky130_fd_sc_hd__clkbuf_16)
    33    0.175283    0.285309    0.489428    5.878306 ^ fanout31/X (sky130_fd_sc_hd__clkbuf_16)
                                                         net31 (net)
                      0.285317    0.001348    5.879655 ^ _102_/RESET_B (sky130_fd_sc_hd__dfrtp_1)
                                              5.879655   data arrival time

                                  0.000000    0.000000   clock gpio_in[38] (rise edge)
                                  0.000000    0.000000   clock source latency
     2    0.090833    0.654910    0.469484    0.469484 ^ gpio_in[38] (in)
                                                         gpio_in[38] (net)
                      0.657180    0.000000    0.469484 ^ clkbuf_0_gpio_in[38]/A (sky130_fd_sc_hd__clkbuf_16)
     5    0.060913    0.128177    0.516905    0.986389 ^ clkbuf_0_gpio_in[38]/X (sky130_fd_sc_hd__clkbuf_16)
                                                         clknet_0_gpio_in[38] (net)
                      0.128309    0.003698    0.990087 ^ clkbuf_1_0__f_gpio_in[38]/A (sky130_fd_sc_hd__clkbuf_16)
    25    0.077426    0.144997    0.312070    1.302158 ^ clkbuf_1_0__f_gpio_in[38]/X (sky130_fd_sc_hd__clkbuf_16)
                                                         clknet_1_0__leaf_gpio_in[38] (net)
                      0.147082    0.013597    1.315754 ^ _102_/CLK (sky130_fd_sc_hd__dfrtp_1)
                                  0.250000    1.565754   clock uncertainty
                                  0.000000    1.565754   clock reconvergence pessimism
                                  0.746788    2.312542   library removal time
                                              2.312542   data required time
---------------------------------------------------------------------------------------------
                                              2.312542   data required time
                                             -5.879655   data arrival time
---------------------------------------------------------------------------------------------
                                              3.567112   slack (MET)


Startpoint: resetb_l (input port clocked by gpio_in[38])
Endpoint: _100_ (removal check against rising-edge clock gpio_in[38])
Path Group: asynchronous
Path Type: min

Fanout         Cap        Slew       Delay        Time   Description
---------------------------------------------------------------------------------------------
                                  0.000000    0.000000   clock gpio_in[38] (rise edge)
                                  0.000000    0.000000   clock network delay (propagated)
                                  5.000000    5.000000 ^ input external delay
     2    0.008962    0.074034    0.047228    5.047228 ^ resetb_l (in)
                                                         resetb_l (net)
                      0.074034    0.000000    5.047228 ^ input2/A (sky130_fd_sc_hd__buf_8)
    11    0.123409    0.314516    0.341335    5.388564 ^ input2/X (sky130_fd_sc_hd__buf_8)
                                                         net2 (net)
                      0.314516    0.000315    5.388879 ^ fanout31/A (sky130_fd_sc_hd__clkbuf_16)
    33    0.175283    0.285309    0.489428    5.878306 ^ fanout31/X (sky130_fd_sc_hd__clkbuf_16)
                                                         net31 (net)
                      0.285324    0.001842    5.880148 ^ _100_/RESET_B (sky130_fd_sc_hd__dfrtp_1)
                                              5.880148   data arrival time

                                  0.000000    0.000000   clock gpio_in[38] (rise edge)
                                  0.000000    0.000000   clock source latency
     2    0.090833    0.654910    0.469484    0.469484 ^ gpio_in[38] (in)
                                                         gpio_in[38] (net)
                      0.657180    0.000000    0.469484 ^ clkbuf_0_gpio_in[38]/A (sky130_fd_sc_hd__clkbuf_16)
     5    0.060913    0.128177    0.516905    0.986389 ^ clkbuf_0_gpio_in[38]/X (sky130_fd_sc_hd__clkbuf_16)
                                                         clknet_0_gpio_in[38] (net)
                      0.128309    0.003698    0.990087 ^ clkbuf_1_0__f_gpio_in[38]/A (sky130_fd_sc_hd__clkbuf_16)
    25    0.077426    0.144997    0.312070    1.302158 ^ clkbuf_1_0__f_gpio_in[38]/X (sky130_fd_sc_hd__clkbuf_16)
                                                         clknet_1_0__leaf_gpio_in[38] (net)
                      0.147110    0.013689    1.315847 ^ _100_/CLK (sky130_fd_sc_hd__dfrtp_1)
                                  0.250000    1.565847   clock uncertainty
                                  0.000000    1.565847   clock reconvergence pessimism
                                  0.746799    2.312646   library removal time
                                              2.312646   data required time
---------------------------------------------------------------------------------------------
                                              2.312646   data required time
                                             -5.880148   data arrival time
---------------------------------------------------------------------------------------------
                                              3.567502   slack (MET)


Startpoint: resetb_l (input port clocked by gpio_in[38])
Endpoint: _099_ (removal check against rising-edge clock gpio_in[38])
Path Group: asynchronous
Path Type: min

Fanout         Cap        Slew       Delay        Time   Description
---------------------------------------------------------------------------------------------
                                  0.000000    0.000000   clock gpio_in[38] (rise edge)
                                  0.000000    0.000000   clock network delay (propagated)
                                  5.000000    5.000000 ^ input external delay
     2    0.008962    0.074034    0.047228    5.047228 ^ resetb_l (in)
                                                         resetb_l (net)
                      0.074034    0.000000    5.047228 ^ input2/A (sky130_fd_sc_hd__buf_8)
    11    0.123409    0.314516    0.341335    5.388564 ^ input2/X (sky130_fd_sc_hd__buf_8)
                                                         net2 (net)
                      0.314516    0.000315    5.388879 ^ fanout31/A (sky130_fd_sc_hd__clkbuf_16)
    33    0.175283    0.285309    0.489428    5.878306 ^ fanout31/X (sky130_fd_sc_hd__clkbuf_16)
                                                         net31 (net)
                      0.285341    0.002653    5.880959 ^ _099_/RESET_B (sky130_fd_sc_hd__dfrtp_1)
                                              5.880959   data arrival time

                                  0.000000    0.000000   clock gpio_in[38] (rise edge)
                                  0.000000    0.000000   clock source latency
     2    0.090833    0.654910    0.469484    0.469484 ^ gpio_in[38] (in)
                                                         gpio_in[38] (net)
                      0.657180    0.000000    0.469484 ^ clkbuf_0_gpio_in[38]/A (sky130_fd_sc_hd__clkbuf_16)
     5    0.060913    0.128177    0.516905    0.986389 ^ clkbuf_0_gpio_in[38]/X (sky130_fd_sc_hd__clkbuf_16)
                                                         clknet_0_gpio_in[38] (net)
                      0.128309    0.003698    0.990087 ^ clkbuf_1_0__f_gpio_in[38]/A (sky130_fd_sc_hd__clkbuf_16)
    25    0.077426    0.144997    0.312070    1.302158 ^ clkbuf_1_0__f_gpio_in[38]/X (sky130_fd_sc_hd__clkbuf_16)
                                                         clknet_1_0__leaf_gpio_in[38] (net)
                      0.147073    0.013566    1.315723 ^ _099_/CLK (sky130_fd_sc_hd__dfrtp_1)
                                  0.250000    1.565723   clock uncertainty
                                  0.000000    1.565723   clock reconvergence pessimism
                                  0.746793    2.312516   library removal time
                                              2.312516   data required time
---------------------------------------------------------------------------------------------
                                              2.312516   data required time
                                             -5.880959   data arrival time
---------------------------------------------------------------------------------------------
                                              3.568443   slack (MET)


Startpoint: resetb_l (input port clocked by gpio_in[38])
Endpoint: _089_ (removal check against rising-edge clock gpio_in[38])
Path Group: asynchronous
Path Type: min

Fanout         Cap        Slew       Delay        Time   Description
---------------------------------------------------------------------------------------------
                                  0.000000    0.000000   clock gpio_in[38] (rise edge)
                                  0.000000    0.000000   clock network delay (propagated)
                                  5.000000    5.000000 ^ input external delay
     2    0.008962    0.074034    0.047228    5.047228 ^ resetb_l (in)
                                                         resetb_l (net)
                      0.074034    0.000000    5.047228 ^ input2/A (sky130_fd_sc_hd__buf_8)
    11    0.123409    0.314516    0.341335    5.388564 ^ input2/X (sky130_fd_sc_hd__buf_8)
                                                         net2 (net)
                      0.314516    0.000315    5.388879 ^ fanout31/A (sky130_fd_sc_hd__clkbuf_16)
    33    0.175283    0.285309    0.489428    5.878306 ^ fanout31/X (sky130_fd_sc_hd__clkbuf_16)
                                                         net31 (net)
                      0.285397    0.004328    5.882635 ^ _089_/RESET_B (sky130_fd_sc_hd__dfrtp_1)
                                              5.882635   data arrival time

                                  0.000000    0.000000   clock gpio_in[38] (rise edge)
                                  0.000000    0.000000   clock source latency
     2    0.090833    0.654910    0.469484    0.469484 ^ gpio_in[38] (in)
                                                         gpio_in[38] (net)
                      0.657180    0.000000    0.469484 ^ clkbuf_0_gpio_in[38]/A (sky130_fd_sc_hd__clkbuf_16)
     5    0.060913    0.128177    0.516905    0.986389 ^ clkbuf_0_gpio_in[38]/X (sky130_fd_sc_hd__clkbuf_16)
                                                         clknet_0_gpio_in[38] (net)
                      0.128309    0.003698    0.990087 ^ clkbuf_1_0__f_gpio_in[38]/A (sky130_fd_sc_hd__clkbuf_16)
    25    0.077426    0.144997    0.312070    1.302158 ^ clkbuf_1_0__f_gpio_in[38]/X (sky130_fd_sc_hd__clkbuf_16)
                                                         clknet_1_0__leaf_gpio_in[38] (net)
                      0.147027    0.013413    1.315570 ^ _089_/CLK (sky130_fd_sc_hd__dfrtp_1)
                                  0.250000    1.565570   clock uncertainty
                                  0.000000    1.565570   clock reconvergence pessimism
                                  0.746796    2.312367   library removal time
                                              2.312367   data required time
---------------------------------------------------------------------------------------------
                                              2.312367   data required time
                                             -5.882635   data arrival time
---------------------------------------------------------------------------------------------
                                              3.570268   slack (MET)


Startpoint: resetb_l (input port clocked by gpio_in[38])
Endpoint: _090_ (removal check against rising-edge clock gpio_in[38])
Path Group: asynchronous
Path Type: min

Fanout         Cap        Slew       Delay        Time   Description
---------------------------------------------------------------------------------------------
                                  0.000000    0.000000   clock gpio_in[38] (rise edge)
                                  0.000000    0.000000   clock network delay (propagated)
                                  5.000000    5.000000 ^ input external delay
     2    0.008962    0.074034    0.047228    5.047228 ^ resetb_l (in)
                                                         resetb_l (net)
                      0.074034    0.000000    5.047228 ^ input2/A (sky130_fd_sc_hd__buf_8)
    11    0.123409    0.314516    0.341335    5.388564 ^ input2/X (sky130_fd_sc_hd__buf_8)
                                                         net2 (net)
                      0.314516    0.000315    5.388879 ^ fanout31/A (sky130_fd_sc_hd__clkbuf_16)
    33    0.175283    0.285309    0.489428    5.878306 ^ fanout31/X (sky130_fd_sc_hd__clkbuf_16)
                                                         net31 (net)
                      0.285449    0.005433    5.883740 ^ _090_/RESET_B (sky130_fd_sc_hd__dfrtp_1)
                                              5.883740   data arrival time

                                  0.000000    0.000000   clock gpio_in[38] (rise edge)
                                  0.000000    0.000000   clock source latency
     2    0.090833    0.654910    0.469484    0.469484 ^ gpio_in[38] (in)
                                                         gpio_in[38] (net)
                      0.657180    0.000000    0.469484 ^ clkbuf_0_gpio_in[38]/A (sky130_fd_sc_hd__clkbuf_16)
     5    0.060913    0.128177    0.516905    0.986389 ^ clkbuf_0_gpio_in[38]/X (sky130_fd_sc_hd__clkbuf_16)
                                                         clknet_0_gpio_in[38] (net)
                      0.128309    0.003698    0.990087 ^ clkbuf_1_0__f_gpio_in[38]/A (sky130_fd_sc_hd__clkbuf_16)
    25    0.077426    0.144997    0.312070    1.302158 ^ clkbuf_1_0__f_gpio_in[38]/X (sky130_fd_sc_hd__clkbuf_16)
                                                         clknet_1_0__leaf_gpio_in[38] (net)
                      0.146973    0.013231    1.315388 ^ _090_/CLK (sky130_fd_sc_hd__dfrtp_1)
                                  0.250000    1.565388   clock uncertainty
                                  0.000000    1.565388   clock reconvergence pessimism
                                  0.746796    2.312185   library removal time
                                              2.312185   data required time
---------------------------------------------------------------------------------------------
                                              2.312185   data required time
                                             -5.883740   data arrival time
---------------------------------------------------------------------------------------------
                                              3.571555   slack (MET)


Startpoint: resetb_l (input port clocked by gpio_in[38])
Endpoint: _088_ (removal check against rising-edge clock gpio_in[38])
Path Group: asynchronous
Path Type: min

Fanout         Cap        Slew       Delay        Time   Description
---------------------------------------------------------------------------------------------
                                  0.000000    0.000000   clock gpio_in[38] (rise edge)
                                  0.000000    0.000000   clock network delay (propagated)
                                  5.000000    5.000000 ^ input external delay
     2    0.008962    0.074034    0.047228    5.047228 ^ resetb_l (in)
                                                         resetb_l (net)
                      0.074034    0.000000    5.047228 ^ input2/A (sky130_fd_sc_hd__buf_8)
    11    0.123409    0.314516    0.341335    5.388564 ^ input2/X (sky130_fd_sc_hd__buf_8)
                                                         net2 (net)
                      0.314516    0.000315    5.388879 ^ fanout31/A (sky130_fd_sc_hd__clkbuf_16)
    33    0.175283    0.285309    0.489428    5.878306 ^ fanout31/X (sky130_fd_sc_hd__clkbuf_16)
                                                         net31 (net)
                      0.285517    0.006579    5.884886 ^ _088_/RESET_B (sky130_fd_sc_hd__dfrtp_1)
                                              5.884886   data arrival time

                                  0.000000    0.000000   clock gpio_in[38] (rise edge)
                                  0.000000    0.000000   clock source latency
     2    0.090833    0.654910    0.469484    0.469484 ^ gpio_in[38] (in)
                                                         gpio_in[38] (net)
                      0.657180    0.000000    0.469484 ^ clkbuf_0_gpio_in[38]/A (sky130_fd_sc_hd__clkbuf_16)
     5    0.060913    0.128177    0.516905    0.986389 ^ clkbuf_0_gpio_in[38]/X (sky130_fd_sc_hd__clkbuf_16)
                                                         clknet_0_gpio_in[38] (net)
                      0.128309    0.003698    0.990087 ^ clkbuf_1_0__f_gpio_in[38]/A (sky130_fd_sc_hd__clkbuf_16)
    25    0.077426    0.144997    0.312070    1.302158 ^ clkbuf_1_0__f_gpio_in[38]/X (sky130_fd_sc_hd__clkbuf_16)
                                                         clknet_1_0__leaf_gpio_in[38] (net)
                      0.146895    0.012961    1.315118 ^ _088_/CLK (sky130_fd_sc_hd__dfrtp_1)
                                  0.250000    1.565118   clock uncertainty
                                  0.000000    1.565118   clock reconvergence pessimism
                                  0.746794    2.311912   library removal time
                                              2.311912   data required time
---------------------------------------------------------------------------------------------
                                              2.311912   data required time
                                             -5.884886   data arrival time
---------------------------------------------------------------------------------------------
                                              3.572974   slack (MET)


Startpoint: resetb_l (input port clocked by gpio_in[38])
Endpoint: _087_ (removal check against rising-edge clock gpio_in[38])
Path Group: asynchronous
Path Type: min

Fanout         Cap        Slew       Delay        Time   Description
---------------------------------------------------------------------------------------------
                                  0.000000    0.000000   clock gpio_in[38] (rise edge)
                                  0.000000    0.000000   clock network delay (propagated)
                                  5.000000    5.000000 ^ input external delay
     2    0.008962    0.074034    0.047228    5.047228 ^ resetb_l (in)
                                                         resetb_l (net)
                      0.074034    0.000000    5.047228 ^ input2/A (sky130_fd_sc_hd__buf_8)
    11    0.123409    0.314516    0.341335    5.388564 ^ input2/X (sky130_fd_sc_hd__buf_8)
                                                         net2 (net)
                      0.314516    0.000315    5.388879 ^ fanout31/A (sky130_fd_sc_hd__clkbuf_16)
    33    0.175283    0.285309    0.489428    5.878306 ^ fanout31/X (sky130_fd_sc_hd__clkbuf_16)
                                                         net31 (net)
                      0.285570    0.007344    5.885650 ^ _087_/RESET_B (sky130_fd_sc_hd__dfrtp_2)
                                              5.885650   data arrival time

                                  0.000000    0.000000   clock gpio_in[38] (rise edge)
                                  0.000000    0.000000   clock source latency
     2    0.090833    0.654910    0.469484    0.469484 ^ gpio_in[38] (in)
                                                         gpio_in[38] (net)
                      0.657180    0.000000    0.469484 ^ clkbuf_0_gpio_in[38]/A (sky130_fd_sc_hd__clkbuf_16)
     5    0.060913    0.128177    0.516905    0.986389 ^ clkbuf_0_gpio_in[38]/X (sky130_fd_sc_hd__clkbuf_16)
                                                         clknet_0_gpio_in[38] (net)
                      0.128309    0.003698    0.990087 ^ clkbuf_1_0__f_gpio_in[38]/A (sky130_fd_sc_hd__clkbuf_16)
    25    0.077426    0.144997    0.312070    1.302158 ^ clkbuf_1_0__f_gpio_in[38]/X (sky130_fd_sc_hd__clkbuf_16)
                                                         clknet_1_0__leaf_gpio_in[38] (net)
                      0.146848    0.012796    1.314953 ^ _087_/CLK (sky130_fd_sc_hd__dfrtp_2)
                                  0.250000    1.564953   clock uncertainty
                                  0.000000    1.564953   clock reconvergence pessimism
                                  0.746615    2.311568   library removal time
                                              2.311568   data required time
---------------------------------------------------------------------------------------------
                                              2.311568   data required time
                                             -5.885650   data arrival time
---------------------------------------------------------------------------------------------
                                              3.574082   slack (MET)


Startpoint: resetb_l (input port clocked by gpio_in[38])
Endpoint: _096_ (removal check against rising-edge clock gpio_in[38])
Path Group: asynchronous
Path Type: min

Fanout         Cap        Slew       Delay        Time   Description
---------------------------------------------------------------------------------------------
                                  0.000000    0.000000   clock gpio_in[38] (rise edge)
                                  0.000000    0.000000   clock network delay (propagated)
                                  5.000000    5.000000 ^ input external delay
     2    0.008962    0.074034    0.047228    5.047228 ^ resetb_l (in)
                                                         resetb_l (net)
                      0.074034    0.000000    5.047228 ^ input2/A (sky130_fd_sc_hd__buf_8)
    11    0.123409    0.314516    0.341335    5.388564 ^ input2/X (sky130_fd_sc_hd__buf_8)
                                                         net2 (net)
                      0.314516    0.000315    5.388879 ^ fanout31/A (sky130_fd_sc_hd__clkbuf_16)
    33    0.175283    0.285309    0.489428    5.878306 ^ fanout31/X (sky130_fd_sc_hd__clkbuf_16)
                                                         net31 (net)
                      0.285688    0.008780    5.887086 ^ _096_/RESET_B (sky130_fd_sc_hd__dfrtp_1)
                                              5.887086   data arrival time

                                  0.000000    0.000000   clock gpio_in[38] (rise edge)
                                  0.000000    0.000000   clock source latency
     2    0.090833    0.654910    0.469484    0.469484 ^ gpio_in[38] (in)
                                                         gpio_in[38] (net)
                      0.657180    0.000000    0.469484 ^ clkbuf_0_gpio_in[38]/A (sky130_fd_sc_hd__clkbuf_16)
     5    0.060913    0.128177    0.516905    0.986389 ^ clkbuf_0_gpio_in[38]/X (sky130_fd_sc_hd__clkbuf_16)
                                                         clknet_0_gpio_in[38] (net)
                      0.128309    0.003698    0.990087 ^ clkbuf_1_0__f_gpio_in[38]/A (sky130_fd_sc_hd__clkbuf_16)
    25    0.077426    0.144997    0.312070    1.302158 ^ clkbuf_1_0__f_gpio_in[38]/X (sky130_fd_sc_hd__clkbuf_16)
                                                         clknet_1_0__leaf_gpio_in[38] (net)
                      0.146792    0.012600    1.314757 ^ _096_/CLK (sky130_fd_sc_hd__dfrtp_1)
                                  0.250000    1.564757   clock uncertainty
                                  0.000000    1.564757   clock reconvergence pessimism
                                  0.746815    2.311573   library removal time
                                              2.311573   data required time
---------------------------------------------------------------------------------------------
                                              2.311573   data required time
                                             -5.887086   data arrival time
---------------------------------------------------------------------------------------------
                                              3.575513   slack (MET)


Startpoint: resetb_l (input port clocked by gpio_in[38])
Endpoint: _097_ (removal check against rising-edge clock gpio_in[38])
Path Group: asynchronous
Path Type: min

Fanout         Cap        Slew       Delay        Time   Description
---------------------------------------------------------------------------------------------
                                  0.000000    0.000000   clock gpio_in[38] (rise edge)
                                  0.000000    0.000000   clock network delay (propagated)
                                  5.000000    5.000000 ^ input external delay
     2    0.008962    0.074034    0.047228    5.047228 ^ resetb_l (in)
                                                         resetb_l (net)
                      0.074034    0.000000    5.047228 ^ input2/A (sky130_fd_sc_hd__buf_8)
    11    0.123409    0.314516    0.341335    5.388564 ^ input2/X (sky130_fd_sc_hd__buf_8)
                                                         net2 (net)
                      0.314516    0.000315    5.388879 ^ fanout31/A (sky130_fd_sc_hd__clkbuf_16)
    33    0.175283    0.285309    0.489428    5.878306 ^ fanout31/X (sky130_fd_sc_hd__clkbuf_16)
                                                         net31 (net)
                      0.285691    0.008808    5.887114 ^ _097_/RESET_B (sky130_fd_sc_hd__dfrtp_1)
                                              5.887114   data arrival time

                                  0.000000    0.000000   clock gpio_in[38] (rise edge)
                                  0.000000    0.000000   clock source latency
     2    0.090833    0.654910    0.469484    0.469484 ^ gpio_in[38] (in)
                                                         gpio_in[38] (net)
                      0.657180    0.000000    0.469484 ^ clkbuf_0_gpio_in[38]/A (sky130_fd_sc_hd__clkbuf_16)
     5    0.060913    0.128177    0.516905    0.986389 ^ clkbuf_0_gpio_in[38]/X (sky130_fd_sc_hd__clkbuf_16)
                                                         clknet_0_gpio_in[38] (net)
                      0.128309    0.003698    0.990087 ^ clkbuf_1_0__f_gpio_in[38]/A (sky130_fd_sc_hd__clkbuf_16)
    25    0.077426    0.144997    0.312070    1.302158 ^ clkbuf_1_0__f_gpio_in[38]/X (sky130_fd_sc_hd__clkbuf_16)
                                                         clknet_1_0__leaf_gpio_in[38] (net)
                      0.146789    0.012588    1.314746 ^ _097_/CLK (sky130_fd_sc_hd__dfrtp_1)
                                  0.250000    1.564746   clock uncertainty
                                  0.000000    1.564746   clock reconvergence pessimism
                                  0.746815    2.311561   library removal time
                                              2.311561   data required time
---------------------------------------------------------------------------------------------
                                              2.311561   data required time
                                             -5.887114   data arrival time
---------------------------------------------------------------------------------------------
                                              3.575553   slack (MET)


Startpoint: resetb_l (input port clocked by gpio_in[38])
Endpoint: _098_ (removal check against rising-edge clock gpio_in[38])
Path Group: asynchronous
Path Type: min

Fanout         Cap        Slew       Delay        Time   Description
---------------------------------------------------------------------------------------------
                                  0.000000    0.000000   clock gpio_in[38] (rise edge)
                                  0.000000    0.000000   clock network delay (propagated)
                                  5.000000    5.000000 ^ input external delay
     2    0.008962    0.074034    0.047228    5.047228 ^ resetb_l (in)
                                                         resetb_l (net)
                      0.074034    0.000000    5.047228 ^ input2/A (sky130_fd_sc_hd__buf_8)
    11    0.123409    0.314516    0.341335    5.388564 ^ input2/X (sky130_fd_sc_hd__buf_8)
                                                         net2 (net)
                      0.314516    0.000315    5.388879 ^ fanout31/A (sky130_fd_sc_hd__clkbuf_16)
    33    0.175283    0.285309    0.489428    5.878306 ^ fanout31/X (sky130_fd_sc_hd__clkbuf_16)
                                                         net31 (net)
                      0.285685    0.008741    5.887048 ^ _098_/RESET_B (sky130_fd_sc_hd__dfrtp_1)
                                              5.887048   data arrival time

                                  0.000000    0.000000   clock gpio_in[38] (rise edge)
                                  0.000000    0.000000   clock source latency
     2    0.090833    0.654910    0.469484    0.469484 ^ gpio_in[38] (in)
                                                         gpio_in[38] (net)
                      0.657180    0.000000    0.469484 ^ clkbuf_0_gpio_in[38]/A (sky130_fd_sc_hd__clkbuf_16)
     5    0.060913    0.128177    0.516905    0.986389 ^ clkbuf_0_gpio_in[38]/X (sky130_fd_sc_hd__clkbuf_16)
                                                         clknet_0_gpio_in[38] (net)
                      0.128309    0.003698    0.990087 ^ clkbuf_1_0__f_gpio_in[38]/A (sky130_fd_sc_hd__clkbuf_16)
    25    0.077426    0.144997    0.312070    1.302158 ^ clkbuf_1_0__f_gpio_in[38]/X (sky130_fd_sc_hd__clkbuf_16)
                                                         clknet_1_0__leaf_gpio_in[38] (net)
                      0.146733    0.012387    1.314545 ^ _098_/CLK (sky130_fd_sc_hd__dfrtp_1)
                                  0.250000    1.564545   clock uncertainty
                                  0.000000    1.564545   clock reconvergence pessimism
                                  0.746796    2.311341   library removal time
                                              2.311341   data required time
---------------------------------------------------------------------------------------------
                                              2.311341   data required time
                                             -5.887048   data arrival time
---------------------------------------------------------------------------------------------
                                              3.575707   slack (MET)


Startpoint: resetb_l (input port clocked by gpio_in[38])
Endpoint: _095_ (removal check against rising-edge clock gpio_in[38])
Path Group: asynchronous
Path Type: min

Fanout         Cap        Slew       Delay        Time   Description
---------------------------------------------------------------------------------------------
                                  0.000000    0.000000   clock gpio_in[38] (rise edge)
                                  0.000000    0.000000   clock network delay (propagated)
                                  5.000000    5.000000 ^ input external delay
     2    0.008962    0.074034    0.047228    5.047228 ^ resetb_l (in)
                                                         resetb_l (net)
                      0.074034    0.000000    5.047228 ^ input2/A (sky130_fd_sc_hd__buf_8)
    11    0.123409    0.314516    0.341335    5.388564 ^ input2/X (sky130_fd_sc_hd__buf_8)
                                                         net2 (net)
                      0.314516    0.000315    5.388879 ^ fanout31/A (sky130_fd_sc_hd__clkbuf_16)
    33    0.175283    0.285309    0.489428    5.878306 ^ fanout31/X (sky130_fd_sc_hd__clkbuf_16)
                                                         net31 (net)
                      0.285920    0.011010    5.889316 ^ _095_/RESET_B (sky130_fd_sc_hd__dfrtp_2)
                                              5.889316   data arrival time

                                  0.000000    0.000000   clock gpio_in[38] (rise edge)
                                  0.000000    0.000000   clock source latency
     2    0.090833    0.654910    0.469484    0.469484 ^ gpio_in[38] (in)
                                                         gpio_in[38] (net)
                      0.657180    0.000000    0.469484 ^ clkbuf_0_gpio_in[38]/A (sky130_fd_sc_hd__clkbuf_16)
     5    0.060913    0.128177    0.516905    0.986389 ^ clkbuf_0_gpio_in[38]/X (sky130_fd_sc_hd__clkbuf_16)
                                                         clknet_0_gpio_in[38] (net)
                      0.128309    0.003698    0.990087 ^ clkbuf_1_0__f_gpio_in[38]/A (sky130_fd_sc_hd__clkbuf_16)
    25    0.077426    0.144997    0.312070    1.302158 ^ clkbuf_1_0__f_gpio_in[38]/X (sky130_fd_sc_hd__clkbuf_16)
                                                         clknet_1_0__leaf_gpio_in[38] (net)
                      0.146453    0.011339    1.313496 ^ _095_/CLK (sky130_fd_sc_hd__dfrtp_2)
                                  0.250000    1.563496   clock uncertainty
                                  0.000000    1.563496   clock reconvergence pessimism
                                  0.746604    2.310100   library removal time
                                              2.310100   data required time
---------------------------------------------------------------------------------------------
                                              2.310100   data required time
                                             -5.889316   data arrival time
---------------------------------------------------------------------------------------------
                                              3.579216   slack (MET)


Startpoint: resetb_l (input port clocked by gpio_in[38])
Endpoint: _093_ (removal check against rising-edge clock gpio_in[38])
Path Group: asynchronous
Path Type: min

Fanout         Cap        Slew       Delay        Time   Description
---------------------------------------------------------------------------------------------
                                  0.000000    0.000000   clock gpio_in[38] (rise edge)
                                  0.000000    0.000000   clock network delay (propagated)
                                  5.000000    5.000000 ^ input external delay
     2    0.008962    0.074034    0.047228    5.047228 ^ resetb_l (in)
                                                         resetb_l (net)
                      0.074034    0.000000    5.047228 ^ input2/A (sky130_fd_sc_hd__buf_8)
    11    0.123409    0.314516    0.341335    5.388564 ^ input2/X (sky130_fd_sc_hd__buf_8)
                                                         net2 (net)
                      0.314516    0.000315    5.388879 ^ fanout31/A (sky130_fd_sc_hd__clkbuf_16)
    33    0.175283    0.285309    0.489428    5.878306 ^ fanout31/X (sky130_fd_sc_hd__clkbuf_16)
                                                         net31 (net)
                      0.300636    0.051506    5.929813 ^ _093_/RESET_B (sky130_fd_sc_hd__dfrtp_1)
                                              5.929813   data arrival time

                                  0.000000    0.000000   clock gpio_in[38] (rise edge)
                                  0.000000    0.000000   clock source latency
     2    0.090833    0.654910    0.469484    0.469484 ^ gpio_in[38] (in)
                                                         gpio_in[38] (net)
                      0.657180    0.000000    0.469484 ^ clkbuf_0_gpio_in[38]/A (sky130_fd_sc_hd__clkbuf_16)
     5    0.060913    0.128177    0.516905    0.986389 ^ clkbuf_0_gpio_in[38]/X (sky130_fd_sc_hd__clkbuf_16)
                                                         clknet_0_gpio_in[38] (net)
                      0.128299    0.003586    0.989975 ^ clkbuf_1_1__f_gpio_in[38]/A (sky130_fd_sc_hd__clkbuf_16)
    19    0.066387    0.129561    0.302899    1.292873 ^ clkbuf_1_1__f_gpio_in[38]/X (sky130_fd_sc_hd__clkbuf_16)
                                                         clknet_1_1__leaf_gpio_in[38] (net)
                      0.130668    0.009278    1.302151 ^ _093_/CLK (sky130_fd_sc_hd__dfrtp_1)
                                  0.250000    1.552151   clock uncertainty
                                  0.000000    1.552151   clock reconvergence pessimism
                                  0.746555    2.298707   library removal time
                                              2.298707   data required time
---------------------------------------------------------------------------------------------
                                              2.298707   data required time
                                             -5.929813   data arrival time
---------------------------------------------------------------------------------------------
                                              3.631106   slack (MET)


Startpoint: resetb_l (input port clocked by gpio_in[38])
Endpoint: _091_ (removal check against rising-edge clock gpio_in[38])
Path Group: asynchronous
Path Type: min

Fanout         Cap        Slew       Delay        Time   Description
---------------------------------------------------------------------------------------------
                                  0.000000    0.000000   clock gpio_in[38] (rise edge)
                                  0.000000    0.000000   clock network delay (propagated)
                                  5.000000    5.000000 ^ input external delay
     2    0.008962    0.074034    0.047228    5.047228 ^ resetb_l (in)
                                                         resetb_l (net)
                      0.074034    0.000000    5.047228 ^ input2/A (sky130_fd_sc_hd__buf_8)
    11    0.123409    0.314516    0.341335    5.388564 ^ input2/X (sky130_fd_sc_hd__buf_8)
                                                         net2 (net)
                      0.314516    0.000315    5.388879 ^ fanout31/A (sky130_fd_sc_hd__clkbuf_16)
    33    0.175283    0.285309    0.489428    5.878306 ^ fanout31/X (sky130_fd_sc_hd__clkbuf_16)
                                                         net31 (net)
                      0.300672    0.051568    5.929874 ^ _091_/RESET_B (sky130_fd_sc_hd__dfrtp_1)
                                              5.929874   data arrival time

                                  0.000000    0.000000   clock gpio_in[38] (rise edge)
                                  0.000000    0.000000   clock source latency
     2    0.090833    0.654910    0.469484    0.469484 ^ gpio_in[38] (in)
                                                         gpio_in[38] (net)
                      0.657180    0.000000    0.469484 ^ clkbuf_0_gpio_in[38]/A (sky130_fd_sc_hd__clkbuf_16)
     5    0.060913    0.128177    0.516905    0.986389 ^ clkbuf_0_gpio_in[38]/X (sky130_fd_sc_hd__clkbuf_16)
                                                         clknet_0_gpio_in[38] (net)
                      0.128299    0.003586    0.989975 ^ clkbuf_1_1__f_gpio_in[38]/A (sky130_fd_sc_hd__clkbuf_16)
    19    0.066387    0.129561    0.302899    1.292873 ^ clkbuf_1_1__f_gpio_in[38]/X (sky130_fd_sc_hd__clkbuf_16)
                                                         clknet_1_1__leaf_gpio_in[38] (net)
                      0.130666    0.009268    1.302141 ^ _091_/CLK (sky130_fd_sc_hd__dfrtp_1)
                                  0.250000    1.552141   clock uncertainty
                                  0.000000    1.552141   clock reconvergence pessimism
                                  0.746565    2.298707   library removal time
                                              2.298707   data required time
---------------------------------------------------------------------------------------------
                                              2.298707   data required time
                                             -5.929874   data arrival time
---------------------------------------------------------------------------------------------
                                              3.631167   slack (MET)


Startpoint: resetb_l (input port clocked by gpio_in[38])
Endpoint: _092_ (removal check against rising-edge clock gpio_in[38])
Path Group: asynchronous
Path Type: min

Fanout         Cap        Slew       Delay        Time   Description
---------------------------------------------------------------------------------------------
                                  0.000000    0.000000   clock gpio_in[38] (rise edge)
                                  0.000000    0.000000   clock network delay (propagated)
                                  5.000000    5.000000 ^ input external delay
     2    0.008962    0.074034    0.047228    5.047228 ^ resetb_l (in)
                                                         resetb_l (net)
                      0.074034    0.000000    5.047228 ^ input2/A (sky130_fd_sc_hd__buf_8)
    11    0.123409    0.314516    0.341335    5.388564 ^ input2/X (sky130_fd_sc_hd__buf_8)
                                                         net2 (net)
                      0.314516    0.000315    5.388879 ^ fanout31/A (sky130_fd_sc_hd__clkbuf_16)
    33    0.175283    0.285309    0.489428    5.878306 ^ fanout31/X (sky130_fd_sc_hd__clkbuf_16)
                                                         net31 (net)
                      0.300695    0.051608    5.929914 ^ _092_/RESET_B (sky130_fd_sc_hd__dfrtp_1)
                                              5.929914   data arrival time

                                  0.000000    0.000000   clock gpio_in[38] (rise edge)
                                  0.000000    0.000000   clock source latency
     2    0.090833    0.654910    0.469484    0.469484 ^ gpio_in[38] (in)
                                                         gpio_in[38] (net)
                      0.657180    0.000000    0.469484 ^ clkbuf_0_gpio_in[38]/A (sky130_fd_sc_hd__clkbuf_16)
     5    0.060913    0.128177    0.516905    0.986389 ^ clkbuf_0_gpio_in[38]/X (sky130_fd_sc_hd__clkbuf_16)
                                                         clknet_0_gpio_in[38] (net)
                      0.128299    0.003586    0.989975 ^ clkbuf_1_1__f_gpio_in[38]/A (sky130_fd_sc_hd__clkbuf_16)
    19    0.066387    0.129561    0.302899    1.292873 ^ clkbuf_1_1__f_gpio_in[38]/X (sky130_fd_sc_hd__clkbuf_16)
                                                         clknet_1_1__leaf_gpio_in[38] (net)
                      0.130666    0.009268    1.302141 ^ _092_/CLK (sky130_fd_sc_hd__dfrtp_1)
                                  0.250000    1.552141   clock uncertainty
                                  0.000000    1.552141   clock reconvergence pessimism
                                  0.746573    2.298713   library removal time
                                              2.298713   data required time
---------------------------------------------------------------------------------------------
                                              2.298713   data required time
                                             -5.929914   data arrival time
---------------------------------------------------------------------------------------------
                                              3.631201   slack (MET)


Startpoint: resetb_l (input port clocked by gpio_in[38])
Endpoint: _094_ (removal check against rising-edge clock gpio_in[38])
Path Group: asynchronous
Path Type: min

Fanout         Cap        Slew       Delay        Time   Description
---------------------------------------------------------------------------------------------
                                  0.000000    0.000000   clock gpio_in[38] (rise edge)
                                  0.000000    0.000000   clock network delay (propagated)
                                  5.000000    5.000000 ^ input external delay
     2    0.008962    0.074034    0.047228    5.047228 ^ resetb_l (in)
                                                         resetb_l (net)
                      0.074034    0.000000    5.047228 ^ input2/A (sky130_fd_sc_hd__buf_8)
    11    0.123409    0.314516    0.341335    5.388564 ^ input2/X (sky130_fd_sc_hd__buf_8)
                                                         net2 (net)
                      0.314516    0.000315    5.388879 ^ fanout31/A (sky130_fd_sc_hd__clkbuf_16)
    33    0.175283    0.285309    0.489428    5.878306 ^ fanout31/X (sky130_fd_sc_hd__clkbuf_16)
                                                         net31 (net)
                      0.300684    0.051589    5.929895 ^ _094_/RESET_B (sky130_fd_sc_hd__dfrtp_1)
                                              5.929895   data arrival time

                                  0.000000    0.000000   clock gpio_in[38] (rise edge)
                                  0.000000    0.000000   clock source latency
     2    0.090833    0.654910    0.469484    0.469484 ^ gpio_in[38] (in)
                                                         gpio_in[38] (net)
                      0.657180    0.000000    0.469484 ^ clkbuf_0_gpio_in[38]/A (sky130_fd_sc_hd__clkbuf_16)
     5    0.060913    0.128177    0.516905    0.986389 ^ clkbuf_0_gpio_in[38]/X (sky130_fd_sc_hd__clkbuf_16)
                                                         clknet_0_gpio_in[38] (net)
                      0.128299    0.003586    0.989975 ^ clkbuf_1_1__f_gpio_in[38]/A (sky130_fd_sc_hd__clkbuf_16)
    19    0.066387    0.129561    0.302899    1.292873 ^ clkbuf_1_1__f_gpio_in[38]/X (sky130_fd_sc_hd__clkbuf_16)
                                                         clknet_1_1__leaf_gpio_in[38] (net)
                      0.130655    0.009220    1.302093 ^ _094_/CLK (sky130_fd_sc_hd__dfrtp_1)
                                  0.250000    1.552093   clock uncertainty
                                  0.000000    1.552093   clock reconvergence pessimism
                                  0.746566    2.298659   library removal time
                                              2.298659   data required time
---------------------------------------------------------------------------------------------
                                              2.298659   data required time
                                             -5.929895   data arrival time
---------------------------------------------------------------------------------------------
                                              3.631236   slack (MET)


Startpoint: _106_ (rising edge-triggered flip-flop clocked by gpio_in[38])
Endpoint: gpio_out[37] (output port clocked by gpio_in[38])
Path Group: gpio_in[38]
Path Type: min

Fanout         Cap        Slew       Delay        Time   Description
---------------------------------------------------------------------------------------------
                                  0.000000    0.000000   clock gpio_in[38] (rise edge)
                                  0.000000    0.000000   clock source latency
     2    0.090833    0.654910    0.469484    0.469484 ^ gpio_in[38] (in)
                                                         gpio_in[38] (net)
                      0.657180    0.000000    0.469484 ^ clkbuf_0_gpio_in[38]/A (sky130_fd_sc_hd__clkbuf_16)
     5    0.060913    0.128177    0.516905    0.986389 ^ clkbuf_0_gpio_in[38]/X (sky130_fd_sc_hd__clkbuf_16)
                                                         clknet_0_gpio_in[38] (net)
                      0.128299    0.003586    0.989975 ^ clkbuf_1_1__f_gpio_in[38]/A (sky130_fd_sc_hd__clkbuf_16)
    19    0.066387    0.129561    0.302899    1.292873 ^ clkbuf_1_1__f_gpio_in[38]/X (sky130_fd_sc_hd__clkbuf_16)
                                                         clknet_1_1__leaf_gpio_in[38] (net)
                      0.130562    0.008795    1.301668 ^ _106_/CLK (sky130_fd_sc_hd__dfrtp_1)
     2    0.005654    0.112323    0.698730    2.000398 ^ _106_/Q (sky130_fd_sc_hd__dfrtp_1)
                                                         gpio_22_37_output[37].cfg.gpio_out_val (net)
                      0.112323    0.000075    2.000473 ^ _678_/A (sky130_fd_sc_hd__clkbuf_1)
     1    0.001923    0.059947    0.156252    2.156725 ^ _678_/X (sky130_fd_sc_hd__clkbuf_1)
                                                         net27 (net)
                      0.059947    0.000016    2.156741 ^ output27/A (sky130_fd_sc_hd__buf_2)
     1    0.034420    0.273207    0.339879    2.496620 ^ output27/X (sky130_fd_sc_hd__buf_2)
                                                         gpio_out[37] (net)
                      0.273207    0.000418    2.497038 ^ gpio_out[37] (out)
                                              2.497038   data arrival time

                                  0.000000    0.000000   clock gpio_in[38] (rise edge)
                                  0.000000    0.000000   clock network delay (propagated)
                                  0.250000    0.250000   clock uncertainty
                                  0.000000    0.250000   clock reconvergence pessimism
                                 -5.000000   -4.750000   output external delay
                                             -4.750000   data required time
---------------------------------------------------------------------------------------------
                                             -4.750000   data required time
                                             -2.497038   data arrival time
---------------------------------------------------------------------------------------------
                                              7.247038   slack (MET)


Startpoint: _094_ (rising edge-triggered flip-flop clocked by gpio_in[38])
Endpoint: gpio_out[25] (output port clocked by gpio_in[38])
Path Group: gpio_in[38]
Path Type: min

Fanout         Cap        Slew       Delay        Time   Description
---------------------------------------------------------------------------------------------
                                  0.000000    0.000000   clock gpio_in[38] (rise edge)
                                  0.000000    0.000000   clock source latency
     2    0.090833    0.654910    0.469484    0.469484 ^ gpio_in[38] (in)
                                                         gpio_in[38] (net)
                      0.657180    0.000000    0.469484 ^ clkbuf_0_gpio_in[38]/A (sky130_fd_sc_hd__clkbuf_16)
     5    0.060913    0.128177    0.516905    0.986389 ^ clkbuf_0_gpio_in[38]/X (sky130_fd_sc_hd__clkbuf_16)
                                                         clknet_0_gpio_in[38] (net)
                      0.128299    0.003586    0.989975 ^ clkbuf_1_1__f_gpio_in[38]/A (sky130_fd_sc_hd__clkbuf_16)
    19    0.066387    0.129561    0.302899    1.292873 ^ clkbuf_1_1__f_gpio_in[38]/X (sky130_fd_sc_hd__clkbuf_16)
                                                         clknet_1_1__leaf_gpio_in[38] (net)
                      0.130655    0.009220    1.302093 ^ _094_/CLK (sky130_fd_sc_hd__dfrtp_1)
     3    0.007430    0.138136    0.717570    2.019663 ^ _094_/Q (sky130_fd_sc_hd__dfrtp_1)
                                                         gpio_22_37_output[25].cfg.gpio_out_val (net)
                      0.138136    0.000053    2.019716 ^ _666_/A (sky130_fd_sc_hd__clkbuf_1)
     1    0.002287    0.064340    0.171821    2.191538 ^ _666_/X (sky130_fd_sc_hd__clkbuf_1)
                                                         net14 (net)
                      0.064340    0.000023    2.191561 ^ output14/A (sky130_fd_sc_hd__buf_2)
     1    0.034464    0.273539    0.342122    2.533683 ^ output14/X (sky130_fd_sc_hd__buf_2)
                                                         gpio_out[25] (net)
                      0.273539    0.000420    2.534103 ^ gpio_out[25] (out)
                                              2.534103   data arrival time

                                  0.000000    0.000000   clock gpio_in[38] (rise edge)
                                  0.000000    0.000000   clock network delay (propagated)
                                  0.250000    0.250000   clock uncertainty
                                  0.000000    0.250000   clock reconvergence pessimism
                                 -5.000000   -4.750000   output external delay
                                             -4.750000   data required time
---------------------------------------------------------------------------------------------
                                             -4.750000   data required time
                                             -2.534103   data arrival time
---------------------------------------------------------------------------------------------
                                              7.284103   slack (MET)


Startpoint: _091_ (rising edge-triggered flip-flop clocked by gpio_in[38])
Endpoint: gpio_out[22] (output port clocked by gpio_in[38])
Path Group: gpio_in[38]
Path Type: min

Fanout         Cap        Slew       Delay        Time   Description
---------------------------------------------------------------------------------------------
                                  0.000000    0.000000   clock gpio_in[38] (rise edge)
                                  0.000000    0.000000   clock source latency
     2    0.090833    0.654910    0.469484    0.469484 ^ gpio_in[38] (in)
                                                         gpio_in[38] (net)
                      0.657180    0.000000    0.469484 ^ clkbuf_0_gpio_in[38]/A (sky130_fd_sc_hd__clkbuf_16)
     5    0.060913    0.128177    0.516905    0.986389 ^ clkbuf_0_gpio_in[38]/X (sky130_fd_sc_hd__clkbuf_16)
                                                         clknet_0_gpio_in[38] (net)
                      0.128299    0.003586    0.989975 ^ clkbuf_1_1__f_gpio_in[38]/A (sky130_fd_sc_hd__clkbuf_16)
    19    0.066387    0.129561    0.302899    1.292873 ^ clkbuf_1_1__f_gpio_in[38]/X (sky130_fd_sc_hd__clkbuf_16)
                                                         clknet_1_1__leaf_gpio_in[38] (net)
                      0.130666    0.009268    1.302141 ^ _091_/CLK (sky130_fd_sc_hd__dfrtp_1)
     3    0.008302    0.144466    0.726758    2.028899 ^ _091_/Q (sky130_fd_sc_hd__dfrtp_1)
                                                         gpio_22_37_output[22].cfg.gpio_out_val (net)
                      0.144466    0.000062    2.028961 ^ _663_/A (sky130_fd_sc_hd__clkbuf_1)
     1    0.002175    0.062560    0.172912    2.201874 ^ _663_/X (sky130_fd_sc_hd__clkbuf_1)
                                                         net11 (net)
                      0.062560    0.000021    2.201895 ^ output11/A (sky130_fd_sc_hd__buf_2)
     1    0.034382    0.272926    0.340884    2.542778 ^ output11/X (sky130_fd_sc_hd__buf_2)
                                                         gpio_out[22] (net)
                      0.272926    0.000406    2.543184 ^ gpio_out[22] (out)
                                              2.543184   data arrival time

                                  0.000000    0.000000   clock gpio_in[38] (rise edge)
                                  0.000000    0.000000   clock network delay (propagated)
                                  0.250000    0.250000   clock uncertainty
                                  0.000000    0.250000   clock reconvergence pessimism
                                 -5.000000   -4.750000   output external delay
                                             -4.750000   data required time
---------------------------------------------------------------------------------------------
                                             -4.750000   data required time
                                             -2.543184   data arrival time
---------------------------------------------------------------------------------------------
                                              7.293184   slack (MET)


Startpoint: _090_ (rising edge-triggered flip-flop clocked by gpio_in[38])
Endpoint: gpio_out[21] (output port clocked by gpio_in[38])
Path Group: gpio_in[38]
Path Type: min

Fanout         Cap        Slew       Delay        Time   Description
---------------------------------------------------------------------------------------------
                                  0.000000    0.000000   clock gpio_in[38] (rise edge)
                                  0.000000    0.000000   clock source latency
     2    0.090833    0.654910    0.469484    0.469484 ^ gpio_in[38] (in)
                                                         gpio_in[38] (net)
                      0.657180    0.000000    0.469484 ^ clkbuf_0_gpio_in[38]/A (sky130_fd_sc_hd__clkbuf_16)
     5    0.060913    0.128177    0.516905    0.986389 ^ clkbuf_0_gpio_in[38]/X (sky130_fd_sc_hd__clkbuf_16)
                                                         clknet_0_gpio_in[38] (net)
                      0.128309    0.003698    0.990087 ^ clkbuf_1_0__f_gpio_in[38]/A (sky130_fd_sc_hd__clkbuf_16)
    25    0.077426    0.144997    0.312070    1.302158 ^ clkbuf_1_0__f_gpio_in[38]/X (sky130_fd_sc_hd__clkbuf_16)
                                                         clknet_1_0__leaf_gpio_in[38] (net)
                      0.146973    0.013231    1.315388 ^ _090_/CLK (sky130_fd_sc_hd__dfrtp_1)
     3    0.007540    0.135144    0.726318    2.041707 ^ _090_/Q (sky130_fd_sc_hd__dfrtp_1)
                                                         gpio_18_21_bidir[21].cfg.gpio_out_val (net)
                      0.135144    0.000095    2.041802 ^ _662_/A (sky130_fd_sc_hd__clkbuf_1)
     1    0.001884    0.059497    0.165119    2.206921 ^ _662_/X (sky130_fd_sc_hd__clkbuf_1)
                                                         net10 (net)
                      0.059497    0.000008    2.206929 ^ output10/A (sky130_fd_sc_hd__buf_2)
     1    0.034256    0.271971    0.338852    2.545781 ^ output10/X (sky130_fd_sc_hd__buf_2)
                                                         gpio_out[21] (net)
                      0.271971    0.000345    2.546126 ^ gpio_out[21] (out)
                                              2.546126   data arrival time

                                  0.000000    0.000000   clock gpio_in[38] (rise edge)
                                  0.000000    0.000000   clock network delay (propagated)
                                  0.250000    0.250000   clock uncertainty
                                  0.000000    0.250000   clock reconvergence pessimism
                                 -5.000000   -4.750000   output external delay
                                             -4.750000   data required time
---------------------------------------------------------------------------------------------
                                             -4.750000   data required time
                                             -2.546126   data arrival time
---------------------------------------------------------------------------------------------
                                              7.296126   slack (MET)


Startpoint: _089_ (rising edge-triggered flip-flop clocked by gpio_in[38])
Endpoint: gpio_out[4] (output port clocked by gpio_in[38])
Path Group: gpio_in[38]
Path Type: min

Fanout         Cap        Slew       Delay        Time   Description
---------------------------------------------------------------------------------------------
                                  0.000000    0.000000   clock gpio_in[38] (rise edge)
                                  0.000000    0.000000   clock source latency
     2    0.090833    0.654910    0.469484    0.469484 ^ gpio_in[38] (in)
                                                         gpio_in[38] (net)
                      0.657180    0.000000    0.469484 ^ clkbuf_0_gpio_in[38]/A (sky130_fd_sc_hd__clkbuf_16)
     5    0.060913    0.128177    0.516905    0.986389 ^ clkbuf_0_gpio_in[38]/X (sky130_fd_sc_hd__clkbuf_16)
                                                         clknet_0_gpio_in[38] (net)
                      0.128309    0.003698    0.990087 ^ clkbuf_1_0__f_gpio_in[38]/A (sky130_fd_sc_hd__clkbuf_16)
    25    0.077426    0.144997    0.312070    1.302158 ^ clkbuf_1_0__f_gpio_in[38]/X (sky130_fd_sc_hd__clkbuf_16)
                                                         clknet_1_0__leaf_gpio_in[38] (net)
                      0.147027    0.013413    1.315570 ^ _089_/CLK (sky130_fd_sc_hd__dfrtp_1)
     3    0.008091    0.141907    0.732173    2.047744 ^ _089_/Q (sky130_fd_sc_hd__dfrtp_1)
                                                         gpio_18_21_bidir[20].cfg.gpio_out_val (net)
                      0.141907    0.000081    2.047824 ^ _657_/A (sky130_fd_sc_hd__clkbuf_1)
     1    0.002126    0.061728    0.171187    2.219011 ^ _657_/X (sky130_fd_sc_hd__clkbuf_1)
                                                         net29 (net)
                      0.061728    0.000019    2.219030 ^ output29/A (sky130_fd_sc_hd__buf_2)
     1    0.034256    0.271974    0.339875    2.558904 ^ output29/X (sky130_fd_sc_hd__buf_2)
                                                         gpio_out[4] (net)
                      0.271974    0.000345    2.559249 ^ gpio_out[4] (out)
                                              2.559249   data arrival time

                                  0.000000    0.000000   clock gpio_in[38] (rise edge)
                                  0.000000    0.000000   clock network delay (propagated)
                                  0.250000    0.250000   clock uncertainty
                                  0.000000    0.250000   clock reconvergence pessimism
                                 -5.000000   -4.750000   output external delay
                                             -4.750000   data required time
---------------------------------------------------------------------------------------------
                                             -4.750000   data required time
                                             -2.559249   data arrival time
---------------------------------------------------------------------------------------------
                                              7.309249   slack (MET)


Startpoint: _089_ (rising edge-triggered flip-flop clocked by gpio_in[38])
Endpoint: gpio_out[20] (output port clocked by gpio_in[38])
Path Group: gpio_in[38]
Path Type: min

Fanout         Cap        Slew       Delay        Time   Description
---------------------------------------------------------------------------------------------
                                  0.000000    0.000000   clock gpio_in[38] (rise edge)
                                  0.000000    0.000000   clock source latency
     2    0.090833    0.654910    0.469484    0.469484 ^ gpio_in[38] (in)
                                                         gpio_in[38] (net)
                      0.657180    0.000000    0.469484 ^ clkbuf_0_gpio_in[38]/A (sky130_fd_sc_hd__clkbuf_16)
     5    0.060913    0.128177    0.516905    0.986389 ^ clkbuf_0_gpio_in[38]/X (sky130_fd_sc_hd__clkbuf_16)
                                                         clknet_0_gpio_in[38] (net)
                      0.128309    0.003698    0.990087 ^ clkbuf_1_0__f_gpio_in[38]/A (sky130_fd_sc_hd__clkbuf_16)
    25    0.077426    0.144997    0.312070    1.302158 ^ clkbuf_1_0__f_gpio_in[38]/X (sky130_fd_sc_hd__clkbuf_16)
                                                         clknet_1_0__leaf_gpio_in[38] (net)
                      0.147027    0.013413    1.315570 ^ _089_/CLK (sky130_fd_sc_hd__dfrtp_1)
     3    0.008091    0.141907    0.732173    2.047744 ^ _089_/Q (sky130_fd_sc_hd__dfrtp_1)
                                                         gpio_18_21_bidir[20].cfg.gpio_out_val (net)
                      0.141907    0.000083    2.047827 ^ _661_/A (sky130_fd_sc_hd__clkbuf_1)
     1    0.002130    0.061791    0.171239    2.219066 ^ _661_/X (sky130_fd_sc_hd__clkbuf_1)
                                                         net9 (net)
                      0.061791    0.000019    2.219085 ^ output9/A (sky130_fd_sc_hd__buf_2)
     1    0.034256    0.271974    0.339904    2.558989 ^ output9/X (sky130_fd_sc_hd__buf_2)
                                                         gpio_out[20] (net)
                      0.271974    0.000345    2.559334 ^ gpio_out[20] (out)
                                              2.559334   data arrival time

                                  0.000000    0.000000   clock gpio_in[38] (rise edge)
                                  0.000000    0.000000   clock network delay (propagated)
                                  0.250000    0.250000   clock uncertainty
                                  0.000000    0.250000   clock reconvergence pessimism
                                 -5.000000   -4.750000   output external delay
                                             -4.750000   data required time
---------------------------------------------------------------------------------------------
                                             -4.750000   data required time
                                             -2.559334   data arrival time
---------------------------------------------------------------------------------------------
                                              7.309334   slack (MET)


Startpoint: _098_ (rising edge-triggered flip-flop clocked by gpio_in[38])
Endpoint: gpio_out[29] (output port clocked by gpio_in[38])
Path Group: gpio_in[38]
Path Type: min

Fanout         Cap        Slew       Delay        Time   Description
---------------------------------------------------------------------------------------------
                                  0.000000    0.000000   clock gpio_in[38] (rise edge)
                                  0.000000    0.000000   clock source latency
     2    0.090833    0.654910    0.469484    0.469484 ^ gpio_in[38] (in)
                                                         gpio_in[38] (net)
                      0.657180    0.000000    0.469484 ^ clkbuf_0_gpio_in[38]/A (sky130_fd_sc_hd__clkbuf_16)
     5    0.060913    0.128177    0.516905    0.986389 ^ clkbuf_0_gpio_in[38]/X (sky130_fd_sc_hd__clkbuf_16)
                                                         clknet_0_gpio_in[38] (net)
                      0.128309    0.003698    0.990087 ^ clkbuf_1_0__f_gpio_in[38]/A (sky130_fd_sc_hd__clkbuf_16)
    25    0.077426    0.144997    0.312070    1.302158 ^ clkbuf_1_0__f_gpio_in[38]/X (sky130_fd_sc_hd__clkbuf_16)
                                                         clknet_1_0__leaf_gpio_in[38] (net)
                      0.146733    0.012387    1.314545 ^ _098_/CLK (sky130_fd_sc_hd__dfrtp_1)
     2    0.005765    0.113649    0.707465    2.022009 ^ _098_/Q (sky130_fd_sc_hd__dfrtp_1)
                                                         gpio_22_37_output[29].cfg.gpio_out_val (net)
                      0.113649    0.000050    2.022059 ^ _670_/A (sky130_fd_sc_hd__clkbuf_1)
     1    0.004289    0.098361    0.188727    2.210787 ^ _670_/X (sky130_fd_sc_hd__clkbuf_1)
                                                         net18 (net)
                      0.098361    0.000075    2.210862 ^ output18/A (sky130_fd_sc_hd__buf_2)
     1    0.034256    0.272037    0.356869    2.567731 ^ output18/X (sky130_fd_sc_hd__buf_2)
                                                         gpio_out[29] (net)
                      0.272037    0.000345    2.568076 ^ gpio_out[29] (out)
                                              2.568076   data arrival time

                                  0.000000    0.000000   clock gpio_in[38] (rise edge)
                                  0.000000    0.000000   clock network delay (propagated)
                                  0.250000    0.250000   clock uncertainty
                                  0.000000    0.250000   clock reconvergence pessimism
                                 -5.000000   -4.750000   output external delay
                                             -4.750000   data required time
---------------------------------------------------------------------------------------------
                                             -4.750000   data required time
                                             -2.568076   data arrival time
---------------------------------------------------------------------------------------------
                                              7.318076   slack (MET)


Startpoint: _092_ (rising edge-triggered flip-flop clocked by gpio_in[38])
Endpoint: gpio_out[23] (output port clocked by gpio_in[38])
Path Group: gpio_in[38]
Path Type: min

Fanout         Cap        Slew       Delay        Time   Description
---------------------------------------------------------------------------------------------
                                  0.000000    0.000000   clock gpio_in[38] (rise edge)
                                  0.000000    0.000000   clock source latency
     2    0.090833    0.654910    0.469484    0.469484 ^ gpio_in[38] (in)
                                                         gpio_in[38] (net)
                      0.657180    0.000000    0.469484 ^ clkbuf_0_gpio_in[38]/A (sky130_fd_sc_hd__clkbuf_16)
     5    0.060913    0.128177    0.516905    0.986389 ^ clkbuf_0_gpio_in[38]/X (sky130_fd_sc_hd__clkbuf_16)
                                                         clknet_0_gpio_in[38] (net)
                      0.128299    0.003586    0.989975 ^ clkbuf_1_1__f_gpio_in[38]/A (sky130_fd_sc_hd__clkbuf_16)
    19    0.066387    0.129561    0.302899    1.292873 ^ clkbuf_1_1__f_gpio_in[38]/X (sky130_fd_sc_hd__clkbuf_16)
                                                         clknet_1_1__leaf_gpio_in[38] (net)
                      0.130666    0.009268    1.302141 ^ _092_/CLK (sky130_fd_sc_hd__dfrtp_1)
     3    0.010004    0.165636    0.744700    2.046841 ^ _092_/Q (sky130_fd_sc_hd__dfrtp_1)
                                                         gpio_22_37_output[23].cfg.gpio_out_val (net)
                      0.165636    0.000159    2.047000 ^ _664_/A (sky130_fd_sc_hd__clkbuf_1)
     1    0.002231    0.063680    0.182397    2.229397 ^ _664_/X (sky130_fd_sc_hd__clkbuf_1)
                                                         net12 (net)
                      0.063680    0.000022    2.229419 ^ output12/A (sky130_fd_sc_hd__buf_2)
     1    0.034420    0.273212    0.341591    2.571010 ^ output12/X (sky130_fd_sc_hd__buf_2)
                                                         gpio_out[23] (net)
                      0.273212    0.000418    2.571428 ^ gpio_out[23] (out)
                                              2.571428   data arrival time

                                  0.000000    0.000000   clock gpio_in[38] (rise edge)
                                  0.000000    0.000000   clock network delay (propagated)
                                  0.250000    0.250000   clock uncertainty
                                  0.000000    0.250000   clock reconvergence pessimism
                                 -5.000000   -4.750000   output external delay
                                             -4.750000   data required time
---------------------------------------------------------------------------------------------
                                             -4.750000   data required time
                                             -2.571428   data arrival time
---------------------------------------------------------------------------------------------
                                              7.321428   slack (MET)


Startpoint: _087_ (rising edge-triggered flip-flop clocked by gpio_in[38])
Endpoint: gpio_out[18] (output port clocked by gpio_in[38])
Path Group: gpio_in[38]
Path Type: min

Fanout         Cap        Slew       Delay        Time   Description
---------------------------------------------------------------------------------------------
                                  0.000000    0.000000   clock gpio_in[38] (rise edge)
                                  0.000000    0.000000   clock source latency
     2    0.090833    0.654910    0.469484    0.469484 ^ gpio_in[38] (in)
                                                         gpio_in[38] (net)
                      0.657180    0.000000    0.469484 ^ clkbuf_0_gpio_in[38]/A (sky130_fd_sc_hd__clkbuf_16)
     5    0.060913    0.128177    0.516905    0.986389 ^ clkbuf_0_gpio_in[38]/X (sky130_fd_sc_hd__clkbuf_16)
                                                         clknet_0_gpio_in[38] (net)
                      0.128309    0.003698    0.990087 ^ clkbuf_1_0__f_gpio_in[38]/A (sky130_fd_sc_hd__clkbuf_16)
    25    0.077426    0.144997    0.312070    1.302158 ^ clkbuf_1_0__f_gpio_in[38]/X (sky130_fd_sc_hd__clkbuf_16)
                                                         clknet_1_0__leaf_gpio_in[38] (net)
                      0.146848    0.012796    1.314953 ^ _087_/CLK (sky130_fd_sc_hd__dfrtp_2)
     3    0.008980    0.111343    0.759471    2.074424 ^ _087_/Q (sky130_fd_sc_hd__dfrtp_2)
                                                         gpio_18_21_bidir[18].cfg.gpio_out_val (net)
                      0.111343    0.000111    2.074534 ^ _659_/A (sky130_fd_sc_hd__clkbuf_1)
     1    0.002126    0.061418    0.158589    2.233123 ^ _659_/X (sky130_fd_sc_hd__clkbuf_1)
                                                         net7 (net)
                      0.061418    0.000019    2.233142 ^ output7/A (sky130_fd_sc_hd__buf_2)
     1    0.034319    0.272441    0.340057    2.573199 ^ output7/X (sky130_fd_sc_hd__buf_2)
                                                         gpio_out[18] (net)
                      0.272441    0.000357    2.573556 ^ gpio_out[18] (out)
                                              2.573556   data arrival time

                                  0.000000    0.000000   clock gpio_in[38] (rise edge)
                                  0.000000    0.000000   clock network delay (propagated)
                                  0.250000    0.250000   clock uncertainty
                                  0.000000    0.250000   clock reconvergence pessimism
                                 -5.000000   -4.750000   output external delay
                                             -4.750000   data required time
---------------------------------------------------------------------------------------------
                                             -4.750000   data required time
                                             -2.573556   data arrival time
---------------------------------------------------------------------------------------------
                                              7.323556   slack (MET)


Startpoint: _087_ (rising edge-triggered flip-flop clocked by gpio_in[38])
Endpoint: gpio_out[2] (output port clocked by gpio_in[38])
Path Group: gpio_in[38]
Path Type: min

Fanout         Cap        Slew       Delay        Time   Description
---------------------------------------------------------------------------------------------
                                  0.000000    0.000000   clock gpio_in[38] (rise edge)
                                  0.000000    0.000000   clock source latency
     2    0.090833    0.654910    0.469484    0.469484 ^ gpio_in[38] (in)
                                                         gpio_in[38] (net)
                      0.657180    0.000000    0.469484 ^ clkbuf_0_gpio_in[38]/A (sky130_fd_sc_hd__clkbuf_16)
     5    0.060913    0.128177    0.516905    0.986389 ^ clkbuf_0_gpio_in[38]/X (sky130_fd_sc_hd__clkbuf_16)
                                                         clknet_0_gpio_in[38] (net)
                      0.128309    0.003698    0.990087 ^ clkbuf_1_0__f_gpio_in[38]/A (sky130_fd_sc_hd__clkbuf_16)
    25    0.077426    0.144997    0.312070    1.302158 ^ clkbuf_1_0__f_gpio_in[38]/X (sky130_fd_sc_hd__clkbuf_16)
                                                         clknet_1_0__leaf_gpio_in[38] (net)
                      0.146848    0.012796    1.314953 ^ _087_/CLK (sky130_fd_sc_hd__dfrtp_2)
     3    0.008980    0.111343    0.759471    2.074424 ^ _087_/Q (sky130_fd_sc_hd__dfrtp_2)
                                                         gpio_18_21_bidir[18].cfg.gpio_out_val (net)
                      0.111343    0.000120    2.074543 ^ _655_/A (sky130_fd_sc_hd__clkbuf_1)
     1    0.002228    0.063105    0.159975    2.234519 ^ _655_/X (sky130_fd_sc_hd__clkbuf_1)
                                                         net19 (net)
                      0.063105    0.000022    2.234540 ^ output19/A (sky130_fd_sc_hd__buf_2)
     1    0.034315    0.272420    0.340813    2.575353 ^ output19/X (sky130_fd_sc_hd__buf_2)
                                                         gpio_out[2] (net)
                      0.272420    0.000357    2.575710 ^ gpio_out[2] (out)
                                              2.575710   data arrival time

                                  0.000000    0.000000   clock gpio_in[38] (rise edge)
                                  0.000000    0.000000   clock network delay (propagated)
                                  0.250000    0.250000   clock uncertainty
                                  0.000000    0.250000   clock reconvergence pessimism
                                 -5.000000   -4.750000   output external delay
                                             -4.750000   data required time
---------------------------------------------------------------------------------------------
                                             -4.750000   data required time
                                             -2.575710   data arrival time
---------------------------------------------------------------------------------------------
                                              7.325710   slack (MET)


Startpoint: _102_ (rising edge-triggered flip-flop clocked by gpio_in[38])
Endpoint: gpio_out[33] (output port clocked by gpio_in[38])
Path Group: gpio_in[38]
Path Type: min

Fanout         Cap        Slew       Delay        Time   Description
---------------------------------------------------------------------------------------------
                                  0.000000    0.000000   clock gpio_in[38] (rise edge)
                                  0.000000    0.000000   clock source latency
     2    0.090833    0.654910    0.469484    0.469484 ^ gpio_in[38] (in)
                                                         gpio_in[38] (net)
                      0.657180    0.000000    0.469484 ^ clkbuf_0_gpio_in[38]/A (sky130_fd_sc_hd__clkbuf_16)
     5    0.060913    0.128177    0.516905    0.986389 ^ clkbuf_0_gpio_in[38]/X (sky130_fd_sc_hd__clkbuf_16)
                                                         clknet_0_gpio_in[38] (net)
                      0.128309    0.003698    0.990087 ^ clkbuf_1_0__f_gpio_in[38]/A (sky130_fd_sc_hd__clkbuf_16)
    25    0.077426    0.144997    0.312070    1.302158 ^ clkbuf_1_0__f_gpio_in[38]/X (sky130_fd_sc_hd__clkbuf_16)
                                                         clknet_1_0__leaf_gpio_in[38] (net)
                      0.147082    0.013597    1.315754 ^ _102_/CLK (sky130_fd_sc_hd__dfrtp_1)
     3    0.008393    0.145619    0.735384    2.051138 ^ _102_/Q (sky130_fd_sc_hd__dfrtp_1)
                                                         gpio_22_37_output[33].cfg.gpio_out_val (net)
                      0.145619    0.000081    2.051219 ^ _674_/A (sky130_fd_sc_hd__clkbuf_1)
     1    0.003337    0.082135    0.189155    2.240375 ^ _674_/X (sky130_fd_sc_hd__clkbuf_1)
                                                         net23 (net)
                      0.082135    0.000046    2.240421 ^ output23/A (sky130_fd_sc_hd__buf_2)
     1    0.034256    0.272007    0.349258    2.589679 ^ output23/X (sky130_fd_sc_hd__buf_2)
                                                         gpio_out[33] (net)
                      0.272007    0.000345    2.590024 ^ gpio_out[33] (out)
                                              2.590024   data arrival time

                                  0.000000    0.000000   clock gpio_in[38] (rise edge)
                                  0.000000    0.000000   clock network delay (propagated)
                                  0.250000    0.250000   clock uncertainty
                                  0.000000    0.250000   clock reconvergence pessimism
                                 -5.000000   -4.750000   output external delay
                                             -4.750000   data required time
---------------------------------------------------------------------------------------------
                                             -4.750000   data required time
                                             -2.590024   data arrival time
---------------------------------------------------------------------------------------------
                                              7.340024   slack (MET)


Startpoint: _099_ (rising edge-triggered flip-flop clocked by gpio_in[38])
Endpoint: gpio_out[30] (output port clocked by gpio_in[38])
Path Group: gpio_in[38]
Path Type: min

Fanout         Cap        Slew       Delay        Time   Description
---------------------------------------------------------------------------------------------
                                  0.000000    0.000000   clock gpio_in[38] (rise edge)
                                  0.000000    0.000000   clock source latency
     2    0.090833    0.654910    0.469484    0.469484 ^ gpio_in[38] (in)
                                                         gpio_in[38] (net)
                      0.657180    0.000000    0.469484 ^ clkbuf_0_gpio_in[38]/A (sky130_fd_sc_hd__clkbuf_16)
     5    0.060913    0.128177    0.516905    0.986389 ^ clkbuf_0_gpio_in[38]/X (sky130_fd_sc_hd__clkbuf_16)
                                                         clknet_0_gpio_in[38] (net)
                      0.128309    0.003698    0.990087 ^ clkbuf_1_0__f_gpio_in[38]/A (sky130_fd_sc_hd__clkbuf_16)
    25    0.077426    0.144997    0.312070    1.302158 ^ clkbuf_1_0__f_gpio_in[38]/X (sky130_fd_sc_hd__clkbuf_16)
                                                         clknet_1_0__leaf_gpio_in[38] (net)
                      0.147073    0.013566    1.315723 ^ _099_/CLK (sky130_fd_sc_hd__dfrtp_1)
     5    0.011053    0.178827    0.763490    2.079213 ^ _099_/Q (sky130_fd_sc_hd__dfrtp_1)
                                                         gpio_22_37_output[30].cfg.gpio_out_val (net)
                      0.178827    0.000075    2.079288 ^ _671_/A (sky130_fd_sc_hd__clkbuf_1)
     1    0.003516    0.085375    0.205308    2.284597 ^ _671_/X (sky130_fd_sc_hd__clkbuf_1)
                                                         net20 (net)
                      0.085375    0.000050    2.284646 ^ output20/A (sky130_fd_sc_hd__buf_2)
     1    0.034669    0.275097    0.352920    2.637566 ^ output20/X (sky130_fd_sc_hd__buf_2)
                                                         gpio_out[30] (net)
                      0.275097    0.000418    2.637984 ^ gpio_out[30] (out)
                                              2.637984   data arrival time

                                  0.000000    0.000000   clock gpio_in[38] (rise edge)
                                  0.000000    0.000000   clock network delay (propagated)
                                  0.250000    0.250000   clock uncertainty
                                  0.000000    0.250000   clock reconvergence pessimism
                                 -5.000000   -4.750000   output external delay
                                             -4.750000   data required time
---------------------------------------------------------------------------------------------
                                             -4.750000   data required time
                                             -2.637984   data arrival time
---------------------------------------------------------------------------------------------
                                              7.387984   slack (MET)


Startpoint: _090_ (rising edge-triggered flip-flop clocked by gpio_in[38])
Endpoint: gpio_out[5] (output port clocked by gpio_in[38])
Path Group: gpio_in[38]
Path Type: min

Fanout         Cap        Slew       Delay        Time   Description
---------------------------------------------------------------------------------------------
                                  0.000000    0.000000   clock gpio_in[38] (rise edge)
                                  0.000000    0.000000   clock source latency
     2    0.090833    0.654910    0.469484    0.469484 ^ gpio_in[38] (in)
                                                         gpio_in[38] (net)
                      0.657180    0.000000    0.469484 ^ clkbuf_0_gpio_in[38]/A (sky130_fd_sc_hd__clkbuf_16)
     5    0.060913    0.128177    0.516905    0.986389 ^ clkbuf_0_gpio_in[38]/X (sky130_fd_sc_hd__clkbuf_16)
                                                         clknet_0_gpio_in[38] (net)
                      0.128309    0.003698    0.990087 ^ clkbuf_1_0__f_gpio_in[38]/A (sky130_fd_sc_hd__clkbuf_16)
    25    0.077426    0.144997    0.312070    1.302158 ^ clkbuf_1_0__f_gpio_in[38]/X (sky130_fd_sc_hd__clkbuf_16)
                                                         clknet_1_0__leaf_gpio_in[38] (net)
                      0.146973    0.013231    1.315388 ^ _090_/CLK (sky130_fd_sc_hd__dfrtp_1)
     3    0.007540    0.135144    0.726318    2.041707 ^ _090_/Q (sky130_fd_sc_hd__dfrtp_1)
                                                         gpio_18_21_bidir[21].cfg.gpio_out_val (net)
                      0.135144    0.000072    2.041779 ^ _658_/A (sky130_fd_sc_hd__clkbuf_1)
     1    0.006200    0.132659    0.222496    2.264275 ^ _658_/X (sky130_fd_sc_hd__clkbuf_1)
                                                         net30 (net)
                      0.132659    0.000144    2.264419 ^ output30/A (sky130_fd_sc_hd__buf_2)
     1    0.034315    0.272545    0.373264    2.637683 ^ output30/X (sky130_fd_sc_hd__buf_2)
                                                         gpio_out[5] (net)
                      0.272545    0.000357    2.638040 ^ gpio_out[5] (out)
                                              2.638040   data arrival time

                                  0.000000    0.000000   clock gpio_in[38] (rise edge)
                                  0.000000    0.000000   clock network delay (propagated)
                                  0.250000    0.250000   clock uncertainty
                                  0.000000    0.250000   clock reconvergence pessimism
                                 -5.000000   -4.750000   output external delay
                                             -4.750000   data required time
---------------------------------------------------------------------------------------------
                                             -4.750000   data required time
                                             -2.638040   data arrival time
---------------------------------------------------------------------------------------------
                                              7.388040   slack (MET)


Startpoint: _088_ (rising edge-triggered flip-flop clocked by gpio_in[38])
Endpoint: gpio_out[19] (output port clocked by gpio_in[38])
Path Group: gpio_in[38]
Path Type: min

Fanout         Cap        Slew       Delay        Time   Description
---------------------------------------------------------------------------------------------
                                  0.000000    0.000000   clock gpio_in[38] (rise edge)
                                  0.000000    0.000000   clock source latency
     2    0.090833    0.654910    0.469484    0.469484 ^ gpio_in[38] (in)
                                                         gpio_in[38] (net)
                      0.657180    0.000000    0.469484 ^ clkbuf_0_gpio_in[38]/A (sky130_fd_sc_hd__clkbuf_16)
     5    0.060913    0.128177    0.516905    0.986389 ^ clkbuf_0_gpio_in[38]/X (sky130_fd_sc_hd__clkbuf_16)
                                                         clknet_0_gpio_in[38] (net)
                      0.128309    0.003698    0.990087 ^ clkbuf_1_0__f_gpio_in[38]/A (sky130_fd_sc_hd__clkbuf_16)
    25    0.077426    0.144997    0.312070    1.302158 ^ clkbuf_1_0__f_gpio_in[38]/X (sky130_fd_sc_hd__clkbuf_16)
                                                         clknet_1_0__leaf_gpio_in[38] (net)
                      0.146895    0.012961    1.315118 ^ _088_/CLK (sky130_fd_sc_hd__dfrtp_1)
     5    0.013142    0.203631    0.785431    2.100549 ^ _088_/Q (sky130_fd_sc_hd__dfrtp_1)
                                                         gpio_18_21_bidir[19].cfg.gpio_out_val (net)
                      0.203631    0.000154    2.100703 ^ _660_/A (sky130_fd_sc_hd__clkbuf_1)
     1    0.002449    0.067612    0.201025    2.301728 ^ _660_/X (sky130_fd_sc_hd__clkbuf_1)
                                                         net8 (net)
                      0.067612    0.000025    2.301753 ^ output8/A (sky130_fd_sc_hd__buf_2)
     1    0.034319    0.272451    0.342896    2.644649 ^ output8/X (sky130_fd_sc_hd__buf_2)
                                                         gpio_out[19] (net)
                      0.272451    0.000357    2.645006 ^ gpio_out[19] (out)
                                              2.645006   data arrival time

                                  0.000000    0.000000   clock gpio_in[38] (rise edge)
                                  0.000000    0.000000   clock network delay (propagated)
                                  0.250000    0.250000   clock uncertainty
                                  0.000000    0.250000   clock reconvergence pessimism
                                 -5.000000   -4.750000   output external delay
                                             -4.750000   data required time
---------------------------------------------------------------------------------------------
                                             -4.750000   data required time
                                             -2.645006   data arrival time
---------------------------------------------------------------------------------------------
                                              7.395006   slack (MET)


Startpoint: _100_ (rising edge-triggered flip-flop clocked by gpio_in[38])
Endpoint: gpio_out[31] (output port clocked by gpio_in[38])
Path Group: gpio_in[38]
Path Type: min

Fanout         Cap        Slew       Delay        Time   Description
---------------------------------------------------------------------------------------------
                                  0.000000    0.000000   clock gpio_in[38] (rise edge)
                                  0.000000    0.000000   clock source latency
     2    0.090833    0.654910    0.469484    0.469484 ^ gpio_in[38] (in)
                                                         gpio_in[38] (net)
                      0.657180    0.000000    0.469484 ^ clkbuf_0_gpio_in[38]/A (sky130_fd_sc_hd__clkbuf_16)
     5    0.060913    0.128177    0.516905    0.986389 ^ clkbuf_0_gpio_in[38]/X (sky130_fd_sc_hd__clkbuf_16)
                                                         clknet_0_gpio_in[38] (net)
                      0.128309    0.003698    0.990087 ^ clkbuf_1_0__f_gpio_in[38]/A (sky130_fd_sc_hd__clkbuf_16)
    25    0.077426    0.144997    0.312070    1.302158 ^ clkbuf_1_0__f_gpio_in[38]/X (sky130_fd_sc_hd__clkbuf_16)
                                                         clknet_1_0__leaf_gpio_in[38] (net)
                      0.147110    0.013689    1.315847 ^ _100_/CLK (sky130_fd_sc_hd__dfrtp_1)
     4    0.012764    0.200193    0.781569    2.097416 ^ _100_/Q (sky130_fd_sc_hd__dfrtp_1)
                                                         gpio_22_37_output[31].cfg.gpio_out_val (net)
                      0.200193    0.000062    2.097478 ^ _672_/A (sky130_fd_sc_hd__clkbuf_1)
     1    0.002605    0.070181    0.201738    2.299216 ^ _672_/X (sky130_fd_sc_hd__clkbuf_1)
                                                         net21 (net)
                      0.070181    0.000028    2.299244 ^ output21/A (sky130_fd_sc_hd__buf_2)
     1    0.034585    0.274441    0.345441    2.644685 ^ output21/X (sky130_fd_sc_hd__buf_2)
                                                         gpio_out[31] (net)
                      0.274441    0.000417    2.645102 ^ gpio_out[31] (out)
                                              2.645102   data arrival time

                                  0.000000    0.000000   clock gpio_in[38] (rise edge)
                                  0.000000    0.000000   clock network delay (propagated)
                                  0.250000    0.250000   clock uncertainty
                                  0.000000    0.250000   clock reconvergence pessimism
                                 -5.000000   -4.750000   output external delay
                                             -4.750000   data required time
---------------------------------------------------------------------------------------------
                                             -4.750000   data required time
                                             -2.645102   data arrival time
---------------------------------------------------------------------------------------------
                                              7.395103   slack (MET)


Startpoint: _093_ (rising edge-triggered flip-flop clocked by gpio_in[38])
Endpoint: gpio_out[24] (output port clocked by gpio_in[38])
Path Group: gpio_in[38]
Path Type: min

Fanout         Cap        Slew       Delay        Time   Description
---------------------------------------------------------------------------------------------
                                  0.000000    0.000000   clock gpio_in[38] (rise edge)
                                  0.000000    0.000000   clock source latency
     2    0.090833    0.654910    0.469484    0.469484 ^ gpio_in[38] (in)
                                                         gpio_in[38] (net)
                      0.657180    0.000000    0.469484 ^ clkbuf_0_gpio_in[38]/A (sky130_fd_sc_hd__clkbuf_16)
     5    0.060913    0.128177    0.516905    0.986389 ^ clkbuf_0_gpio_in[38]/X (sky130_fd_sc_hd__clkbuf_16)
                                                         clknet_0_gpio_in[38] (net)
                      0.128299    0.003586    0.989975 ^ clkbuf_1_1__f_gpio_in[38]/A (sky130_fd_sc_hd__clkbuf_16)
    19    0.066387    0.129561    0.302899    1.292873 ^ clkbuf_1_1__f_gpio_in[38]/X (sky130_fd_sc_hd__clkbuf_16)
                                                         clknet_1_1__leaf_gpio_in[38] (net)
                      0.130668    0.009278    1.302151 ^ _093_/CLK (sky130_fd_sc_hd__dfrtp_1)
     3    0.009827    0.163417    0.742833    2.044984 ^ _093_/Q (sky130_fd_sc_hd__dfrtp_1)
                                                         gpio_22_37_output[24].cfg.gpio_out_val (net)
                      0.163417    0.000145    2.045129 ^ _665_/A (sky130_fd_sc_hd__buf_1)
     1    0.008025    0.165466    0.257946    2.303075 ^ _665_/X (sky130_fd_sc_hd__buf_1)
                                                         net13 (net)
                      0.165466    0.000285    2.303360 ^ output13/A (sky130_fd_sc_hd__buf_2)
     1    0.034382    0.273114    0.388974    2.692334 ^ output13/X (sky130_fd_sc_hd__buf_2)
                                                         gpio_out[24] (net)
                      0.273114    0.000406    2.692740 ^ gpio_out[24] (out)
                                              2.692740   data arrival time

                                  0.000000    0.000000   clock gpio_in[38] (rise edge)
                                  0.000000    0.000000   clock network delay (propagated)
                                  0.250000    0.250000   clock uncertainty
                                  0.000000    0.250000   clock reconvergence pessimism
                                 -5.000000   -4.750000   output external delay
                                             -4.750000   data required time
---------------------------------------------------------------------------------------------
                                             -4.750000   data required time
                                             -2.692740   data arrival time
---------------------------------------------------------------------------------------------
                                              7.442740   slack (MET)


Startpoint: _101_ (rising edge-triggered flip-flop clocked by gpio_in[38])
Endpoint: gpio_out[32] (output port clocked by gpio_in[38])
Path Group: gpio_in[38]
Path Type: min

Fanout         Cap        Slew       Delay        Time   Description
---------------------------------------------------------------------------------------------
                                  0.000000    0.000000   clock gpio_in[38] (rise edge)
                                  0.000000    0.000000   clock source latency
     2    0.090833    0.654910    0.469484    0.469484 ^ gpio_in[38] (in)
                                                         gpio_in[38] (net)
                      0.657180    0.000000    0.469484 ^ clkbuf_0_gpio_in[38]/A (sky130_fd_sc_hd__clkbuf_16)
     5    0.060913    0.128177    0.516905    0.986389 ^ clkbuf_0_gpio_in[38]/X (sky130_fd_sc_hd__clkbuf_16)
                                                         clknet_0_gpio_in[38] (net)
                      0.128309    0.003698    0.990087 ^ clkbuf_1_0__f_gpio_in[38]/A (sky130_fd_sc_hd__clkbuf_16)
    25    0.077426    0.144997    0.312070    1.302158 ^ clkbuf_1_0__f_gpio_in[38]/X (sky130_fd_sc_hd__clkbuf_16)
                                                         clknet_1_0__leaf_gpio_in[38] (net)
                      0.147102    0.013664    1.315821 ^ _101_/CLK (sky130_fd_sc_hd__dfrtp_1)
     4    0.013733    0.209246    0.791769    2.107590 ^ _101_/Q (sky130_fd_sc_hd__dfrtp_1)
                                                         gpio_22_37_output[32].cfg.gpio_out_val (net)
                      0.209246    0.000117    2.107708 ^ _673_/A (sky130_fd_sc_hd__clkbuf_1)
     1    0.007285    0.152433    0.267375    2.375082 ^ _673_/X (sky130_fd_sc_hd__clkbuf_1)
                                                         net22 (net)
                      0.152433    0.000209    2.375292 ^ output22/A (sky130_fd_sc_hd__buf_2)
     1    0.034315    0.272583    0.382540    2.757831 ^ output22/X (sky130_fd_sc_hd__buf_2)
                                                         gpio_out[32] (net)
                      0.272583    0.000357    2.758188 ^ gpio_out[32] (out)
                                              2.758188   data arrival time

                                  0.000000    0.000000   clock gpio_in[38] (rise edge)
                                  0.000000    0.000000   clock network delay (propagated)
                                  0.250000    0.250000   clock uncertainty
                                  0.000000    0.250000   clock reconvergence pessimism
                                 -5.000000   -4.750000   output external delay
                                             -4.750000   data required time
---------------------------------------------------------------------------------------------
                                             -4.750000   data required time
                                             -2.758188   data arrival time
---------------------------------------------------------------------------------------------
                                              7.508188   slack (MET)


Startpoint: _097_ (rising edge-triggered flip-flop clocked by gpio_in[38])
Endpoint: gpio_out[28] (output port clocked by gpio_in[38])
Path Group: gpio_in[38]
Path Type: min

Fanout         Cap        Slew       Delay        Time   Description
---------------------------------------------------------------------------------------------
                                  0.000000    0.000000   clock gpio_in[38] (rise edge)
                                  0.000000    0.000000   clock source latency
     2    0.090833    0.654910    0.469484    0.469484 ^ gpio_in[38] (in)
                                                         gpio_in[38] (net)
                      0.657180    0.000000    0.469484 ^ clkbuf_0_gpio_in[38]/A (sky130_fd_sc_hd__clkbuf_16)
     5    0.060913    0.128177    0.516905    0.986389 ^ clkbuf_0_gpio_in[38]/X (sky130_fd_sc_hd__clkbuf_16)
                                                         clknet_0_gpio_in[38] (net)
                      0.128309    0.003698    0.990087 ^ clkbuf_1_0__f_gpio_in[38]/A (sky130_fd_sc_hd__clkbuf_16)
    25    0.077426    0.144997    0.312070    1.302158 ^ clkbuf_1_0__f_gpio_in[38]/X (sky130_fd_sc_hd__clkbuf_16)
                                                         clknet_1_0__leaf_gpio_in[38] (net)
                      0.146789    0.012588    1.314746 ^ _097_/CLK (sky130_fd_sc_hd__dfrtp_1)
     2    0.006042    0.116938    0.710408    2.025154 ^ _097_/Q (sky130_fd_sc_hd__dfrtp_1)
                                                         gpio_22_37_output[28].cfg.gpio_out_val (net)
                      0.116938    0.000083    2.025237 ^ _669_/A (sky130_fd_sc_hd__buf_1)
     1    0.013158    0.258768    0.305408    2.330645 ^ _669_/X (sky130_fd_sc_hd__buf_1)
                                                         net17 (net)
                      0.258768    0.000563    2.331208 ^ output17/A (sky130_fd_sc_hd__buf_2)
     1    0.034253    0.272411    0.429249    2.760457 ^ output17/X (sky130_fd_sc_hd__buf_2)
                                                         gpio_out[28] (net)
                      0.272411    0.000345    2.760802 ^ gpio_out[28] (out)
                                              2.760802   data arrival time

                                  0.000000    0.000000   clock gpio_in[38] (rise edge)
                                  0.000000    0.000000   clock network delay (propagated)
                                  0.250000    0.250000   clock uncertainty
                                  0.000000    0.250000   clock reconvergence pessimism
                                 -5.000000   -4.750000   output external delay
                                             -4.750000   data required time
---------------------------------------------------------------------------------------------
                                             -4.750000   data required time
                                             -2.760802   data arrival time
---------------------------------------------------------------------------------------------
                                              7.510801   slack (MET)


Startpoint: _103_ (rising edge-triggered flip-flop clocked by gpio_in[38])
Endpoint: gpio_out[34] (output port clocked by gpio_in[38])
Path Group: gpio_in[38]
Path Type: min

Fanout         Cap        Slew       Delay        Time   Description
---------------------------------------------------------------------------------------------
                                  0.000000    0.000000   clock gpio_in[38] (rise edge)
                                  0.000000    0.000000   clock source latency
     2    0.090833    0.654910    0.469484    0.469484 ^ gpio_in[38] (in)
                                                         gpio_in[38] (net)
                      0.657180    0.000000    0.469484 ^ clkbuf_0_gpio_in[38]/A (sky130_fd_sc_hd__clkbuf_16)
     5    0.060913    0.128177    0.516905    0.986389 ^ clkbuf_0_gpio_in[38]/X (sky130_fd_sc_hd__clkbuf_16)
                                                         clknet_0_gpio_in[38] (net)
                      0.128299    0.003586    0.989975 ^ clkbuf_1_1__f_gpio_in[38]/A (sky130_fd_sc_hd__clkbuf_16)
    19    0.066387    0.129561    0.302899    1.292873 ^ clkbuf_1_1__f_gpio_in[38]/X (sky130_fd_sc_hd__clkbuf_16)
                                                         clknet_1_1__leaf_gpio_in[38] (net)
                      0.130563    0.008802    1.301675 ^ _103_/CLK (sky130_fd_sc_hd__dfrtp_1)
     3    0.008629    0.148524    0.730112    2.031787 ^ _103_/Q (sky130_fd_sc_hd__dfrtp_1)
                                                         gpio_22_37_output[34].cfg.gpio_out_val (net)
                      0.148524    0.000144    2.031931 ^ _675_/A (sky130_fd_sc_hd__clkbuf_2)
     3    0.024206    0.213241    0.331320    2.363251 ^ _675_/X (sky130_fd_sc_hd__clkbuf_2)
                                                         net24 (net)
                      0.213252    0.001811    2.365062 ^ output24/A (sky130_fd_sc_hd__buf_2)
     1    0.034420    0.273489    0.411583    2.776645 ^ output24/X (sky130_fd_sc_hd__buf_2)
                                                         gpio_out[34] (net)
                      0.273489    0.000418    2.777063 ^ gpio_out[34] (out)
                                              2.777063   data arrival time

                                  0.000000    0.000000   clock gpio_in[38] (rise edge)
                                  0.000000    0.000000   clock network delay (propagated)
                                  0.250000    0.250000   clock uncertainty
                                  0.000000    0.250000   clock reconvergence pessimism
                                 -5.000000   -4.750000   output external delay
                                             -4.750000   data required time
---------------------------------------------------------------------------------------------
                                             -4.750000   data required time
                                             -2.777063   data arrival time
---------------------------------------------------------------------------------------------
                                              7.527064   slack (MET)


Startpoint: _104_ (rising edge-triggered flip-flop clocked by gpio_in[38])
Endpoint: gpio_out[35] (output port clocked by gpio_in[38])
Path Group: gpio_in[38]
Path Type: min

Fanout         Cap        Slew       Delay        Time   Description
---------------------------------------------------------------------------------------------
                                  0.000000    0.000000   clock gpio_in[38] (rise edge)
                                  0.000000    0.000000   clock source latency
     2    0.090833    0.654910    0.469484    0.469484 ^ gpio_in[38] (in)
                                                         gpio_in[38] (net)
                      0.657180    0.000000    0.469484 ^ clkbuf_0_gpio_in[38]/A (sky130_fd_sc_hd__clkbuf_16)
     5    0.060913    0.128177    0.516905    0.986389 ^ clkbuf_0_gpio_in[38]/X (sky130_fd_sc_hd__clkbuf_16)
                                                         clknet_0_gpio_in[38] (net)
                      0.128299    0.003586    0.989975 ^ clkbuf_1_1__f_gpio_in[38]/A (sky130_fd_sc_hd__clkbuf_16)
    19    0.066387    0.129561    0.302899    1.292873 ^ clkbuf_1_1__f_gpio_in[38]/X (sky130_fd_sc_hd__clkbuf_16)
                                                         clknet_1_1__leaf_gpio_in[38] (net)
                      0.130566    0.008814    1.301687 ^ _104_/CLK (sky130_fd_sc_hd__dfrtp_1)
     3    0.008278    0.144181    0.726455    2.028143 ^ _104_/Q (sky130_fd_sc_hd__dfrtp_1)
                                                         gpio_22_37_output[35].cfg.gpio_out_val (net)
                      0.144181    0.000069    2.028211 ^ _676_/A (sky130_fd_sc_hd__clkbuf_2)
     3    0.027061    0.236449    0.345112    2.373324 ^ _676_/X (sky130_fd_sc_hd__clkbuf_2)
                                                         net25 (net)
                      0.236468    0.002317    2.375641 ^ output25/A (sky130_fd_sc_hd__buf_2)
     1    0.034453    0.273814    0.421606    2.797247 ^ output25/X (sky130_fd_sc_hd__buf_2)
                                                         gpio_out[35] (net)
                      0.273814    0.000422    2.797669 ^ gpio_out[35] (out)
                                              2.797669   data arrival time

                                  0.000000    0.000000   clock gpio_in[38] (rise edge)
                                  0.000000    0.000000   clock network delay (propagated)
                                  0.250000    0.250000   clock uncertainty
                                  0.000000    0.250000   clock reconvergence pessimism
                                 -5.000000   -4.750000   output external delay
                                             -4.750000   data required time
---------------------------------------------------------------------------------------------
                                             -4.750000   data required time
                                             -2.797669   data arrival time
---------------------------------------------------------------------------------------------
                                              7.547668   slack (MET)


Startpoint: _096_ (rising edge-triggered flip-flop clocked by gpio_in[38])
Endpoint: gpio_out[27] (output port clocked by gpio_in[38])
Path Group: gpio_in[38]
Path Type: min

Fanout         Cap        Slew       Delay        Time   Description
---------------------------------------------------------------------------------------------
                                  0.000000    0.000000   clock gpio_in[38] (rise edge)
                                  0.000000    0.000000   clock source latency
     2    0.090833    0.654910    0.469484    0.469484 ^ gpio_in[38] (in)
                                                         gpio_in[38] (net)
                      0.657180    0.000000    0.469484 ^ clkbuf_0_gpio_in[38]/A (sky130_fd_sc_hd__clkbuf_16)
     5    0.060913    0.128177    0.516905    0.986389 ^ clkbuf_0_gpio_in[38]/X (sky130_fd_sc_hd__clkbuf_16)
                                                         clknet_0_gpio_in[38] (net)
                      0.128309    0.003698    0.990087 ^ clkbuf_1_0__f_gpio_in[38]/A (sky130_fd_sc_hd__clkbuf_16)
    25    0.077426    0.144997    0.312070    1.302158 ^ clkbuf_1_0__f_gpio_in[38]/X (sky130_fd_sc_hd__clkbuf_16)
                                                         clknet_1_0__leaf_gpio_in[38] (net)
                      0.146792    0.012600    1.314757 ^ _096_/CLK (sky130_fd_sc_hd__dfrtp_1)
     4    0.010150    0.139630    0.839966    2.154723 v _096_/Q (sky130_fd_sc_hd__dfrtp_1)
                                                         gpio_22_37_output[27].cfg.gpio_out_val (net)
                      0.139630    0.000090    2.154813 v _668_/A (sky130_fd_sc_hd__buf_1)
     1    0.012882    0.154597    0.277973    2.432786 v _668_/X (sky130_fd_sc_hd__buf_1)
                                                         net16 (net)
                      0.154597    0.000584    2.433371 v output16/A (sky130_fd_sc_hd__buf_2)
     1    0.034253    0.165810    0.385314    2.818684 v output16/X (sky130_fd_sc_hd__buf_2)
                                                         gpio_out[27] (net)
                      0.165810    0.000345    2.819029 v gpio_out[27] (out)
                                              2.819029   data arrival time

                                  0.000000    0.000000   clock gpio_in[38] (rise edge)
                                  0.000000    0.000000   clock network delay (propagated)
                                  0.250000    0.250000   clock uncertainty
                                  0.000000    0.250000   clock reconvergence pessimism
                                 -5.000000   -4.750000   output external delay
                                             -4.750000   data required time
---------------------------------------------------------------------------------------------
                                             -4.750000   data required time
                                             -2.819029   data arrival time
---------------------------------------------------------------------------------------------
                                              7.569029   slack (MET)


Startpoint: _105_ (rising edge-triggered flip-flop clocked by gpio_in[38])
Endpoint: gpio_out[36] (output port clocked by gpio_in[38])
Path Group: gpio_in[38]
Path Type: min

Fanout         Cap        Slew       Delay        Time   Description
---------------------------------------------------------------------------------------------
                                  0.000000    0.000000   clock gpio_in[38] (rise edge)
                                  0.000000    0.000000   clock source latency
     2    0.090833    0.654910    0.469484    0.469484 ^ gpio_in[38] (in)
                                                         gpio_in[38] (net)
                      0.657180    0.000000    0.469484 ^ clkbuf_0_gpio_in[38]/A (sky130_fd_sc_hd__clkbuf_16)
     5    0.060913    0.128177    0.516905    0.986389 ^ clkbuf_0_gpio_in[38]/X (sky130_fd_sc_hd__clkbuf_16)
                                                         clknet_0_gpio_in[38] (net)
                      0.128299    0.003586    0.989975 ^ clkbuf_1_1__f_gpio_in[38]/A (sky130_fd_sc_hd__clkbuf_16)
    19    0.066387    0.129561    0.302899    1.292873 ^ clkbuf_1_1__f_gpio_in[38]/X (sky130_fd_sc_hd__clkbuf_16)
                                                         clknet_1_1__leaf_gpio_in[38] (net)
                      0.130568    0.008824    1.301697 ^ _105_/CLK (sky130_fd_sc_hd__dfrtp_1)
     3    0.008397    0.123654    0.816360    2.118057 v _105_/Q (sky130_fd_sc_hd__dfrtp_1)
                                                         gpio_22_37_output[36].cfg.gpio_out_val (net)
                      0.123654    0.000103    2.118160 v _677_/A (sky130_fd_sc_hd__clkbuf_1)
     3    0.020682    0.239480    0.331454    2.449614 v _677_/X (sky130_fd_sc_hd__clkbuf_1)
                                                         net26 (net)
                      0.239485    0.001430    2.451044 v output26/A (sky130_fd_sc_hd__buf_2)
     1    0.034468    0.166854    0.426744    2.877788 v output26/X (sky130_fd_sc_hd__buf_2)
                                                         gpio_out[36] (net)
                      0.166854    0.000422    2.878210 v gpio_out[36] (out)
                                              2.878210   data arrival time

                                  0.000000    0.000000   clock gpio_in[38] (rise edge)
                                  0.000000    0.000000   clock network delay (propagated)
                                  0.250000    0.250000   clock uncertainty
                                  0.000000    0.250000   clock reconvergence pessimism
                                 -5.000000   -4.750000   output external delay
                                             -4.750000   data required time
---------------------------------------------------------------------------------------------
                                             -4.750000   data required time
                                             -2.878210   data arrival time
---------------------------------------------------------------------------------------------
                                              7.628210   slack (MET)


Startpoint: _088_ (rising edge-triggered flip-flop clocked by gpio_in[38])
Endpoint: gpio_out[3] (output port clocked by gpio_in[38])
Path Group: gpio_in[38]
Path Type: min

Fanout         Cap        Slew       Delay        Time   Description
---------------------------------------------------------------------------------------------
                                  0.000000    0.000000   clock gpio_in[38] (rise edge)
                                  0.000000    0.000000   clock source latency
     2    0.090833    0.654910    0.469484    0.469484 ^ gpio_in[38] (in)
                                                         gpio_in[38] (net)
                      0.657180    0.000000    0.469484 ^ clkbuf_0_gpio_in[38]/A (sky130_fd_sc_hd__clkbuf_16)
     5    0.060913    0.128177    0.516905    0.986389 ^ clkbuf_0_gpio_in[38]/X (sky130_fd_sc_hd__clkbuf_16)
                                                         clknet_0_gpio_in[38] (net)
                      0.128309    0.003698    0.990087 ^ clkbuf_1_0__f_gpio_in[38]/A (sky130_fd_sc_hd__clkbuf_16)
    25    0.077426    0.144997    0.312070    1.302158 ^ clkbuf_1_0__f_gpio_in[38]/X (sky130_fd_sc_hd__clkbuf_16)
                                                         clknet_1_0__leaf_gpio_in[38] (net)
                      0.146895    0.012961    1.315118 ^ _088_/CLK (sky130_fd_sc_hd__dfrtp_1)
     5    0.012487    0.161350    0.861457    2.176575 v _088_/Q (sky130_fd_sc_hd__dfrtp_1)
                                                         gpio_18_21_bidir[19].cfg.gpio_out_val (net)
                      0.161350    0.000153    2.176729 v _656_/A (sky130_fd_sc_hd__buf_1)
     1    0.015790    0.186208    0.311280    2.488009 v _656_/X (sky130_fd_sc_hd__buf_1)
                                                         net28 (net)
                      0.186209    0.000910    2.488919 v output28/A (sky130_fd_sc_hd__buf_2)
     1    0.034256    0.165866    0.400568    2.889487 v output28/X (sky130_fd_sc_hd__buf_2)
                                                         gpio_out[3] (net)
                      0.165866    0.000345    2.889832 v gpio_out[3] (out)
                                              2.889832   data arrival time

                                  0.000000    0.000000   clock gpio_in[38] (rise edge)
                                  0.000000    0.000000   clock network delay (propagated)
                                  0.250000    0.250000   clock uncertainty
                                  0.000000    0.250000   clock reconvergence pessimism
                                 -5.000000   -4.750000   output external delay
                                             -4.750000   data required time
---------------------------------------------------------------------------------------------
                                             -4.750000   data required time
                                             -2.889832   data arrival time
---------------------------------------------------------------------------------------------
                                              7.639832   slack (MET)


Startpoint: _095_ (rising edge-triggered flip-flop clocked by gpio_in[38])
Endpoint: gpio_out[26] (output port clocked by gpio_in[38])
Path Group: gpio_in[38]
Path Type: min

Fanout         Cap        Slew       Delay        Time   Description
---------------------------------------------------------------------------------------------
                                  0.000000    0.000000   clock gpio_in[38] (rise edge)
                                  0.000000    0.000000   clock source latency
     2    0.090833    0.654910    0.469484    0.469484 ^ gpio_in[38] (in)
                                                         gpio_in[38] (net)
                      0.657180    0.000000    0.469484 ^ clkbuf_0_gpio_in[38]/A (sky130_fd_sc_hd__clkbuf_16)
     5    0.060913    0.128177    0.516905    0.986389 ^ clkbuf_0_gpio_in[38]/X (sky130_fd_sc_hd__clkbuf_16)
                                                         clknet_0_gpio_in[38] (net)
                      0.128309    0.003698    0.990087 ^ clkbuf_1_0__f_gpio_in[38]/A (sky130_fd_sc_hd__clkbuf_16)
    25    0.077426    0.144997    0.312070    1.302158 ^ clkbuf_1_0__f_gpio_in[38]/X (sky130_fd_sc_hd__clkbuf_16)
                                                         clknet_1_0__leaf_gpio_in[38] (net)
                      0.146453    0.011339    1.313496 ^ _095_/CLK (sky130_fd_sc_hd__dfrtp_2)
     3    0.011296    0.127080    0.775144    2.088640 ^ _095_/Q (sky130_fd_sc_hd__dfrtp_2)
                                                         gpio_22_37_output[26].cfg.gpio_out_val (net)
                      0.127080    0.000106    2.088746 ^ _667_/A (sky130_fd_sc_hd__buf_6)
     3    0.096052    0.307516    0.367546    2.456291 ^ _667_/X (sky130_fd_sc_hd__buf_6)
                                                         net15 (net)
                      0.314395    0.036447    2.492738 ^ output15/A (sky130_fd_sc_hd__buf_2)
     1    0.034382    0.273644    0.451488    2.944226 ^ output15/X (sky130_fd_sc_hd__buf_2)
                                                         gpio_out[26] (net)
                      0.273644    0.000406    2.944632 ^ gpio_out[26] (out)
                                              2.944632   data arrival time

                                  0.000000    0.000000   clock gpio_in[38] (rise edge)
                                  0.000000    0.000000   clock network delay (propagated)
                                  0.250000    0.250000   clock uncertainty
                                  0.000000    0.250000   clock reconvergence pessimism
                                 -5.000000   -4.750000   output external delay
                                             -4.750000   data required time
---------------------------------------------------------------------------------------------
                                             -4.750000   data required time
                                             -2.944632   data arrival time
---------------------------------------------------------------------------------------------
                                              7.694632   slack (MET)


Startpoint: gpio_in[0] (input port clocked by gpio_in[38])
Endpoint: gpio_oeb[19] (output port clocked by gpio_in[38])
Path Group: gpio_in[38]
Path Type: min

Fanout         Cap        Slew       Delay        Time   Description
---------------------------------------------------------------------------------------------
                                  0.000000    0.000000   clock gpio_in[38] (rise edge)
                                  0.000000    0.000000   clock network delay (propagated)
                                  5.000000    5.000000 ^ input external delay
     2    0.004224    0.041851    0.023272    5.023272 ^ gpio_in[0] (in)
                                                         gpio_in[0] (net)
                      0.041851    0.000000    5.023272 ^ input1/A (sky130_fd_sc_hd__clkbuf_4)
     3    0.044899    0.225419    0.347125    5.370396 ^ input1/X (sky130_fd_sc_hd__clkbuf_4)
                                                         net1 (net)
                      0.225829    0.007801    5.378197 ^ _044_/A (sky130_fd_sc_hd__inv_2)
     9    0.044016    0.195938    0.251568    5.629765 v _044_/Y (sky130_fd_sc_hd__inv_2)
                                                         bidir_oeb (net)
                      0.196298    0.006925    5.636690 v _652_/A (sky130_fd_sc_hd__clkbuf_1)
     1    0.001930    0.042582    0.211409    5.848099 v _652_/X (sky130_fd_sc_hd__clkbuf_1)
                                                         net4 (net)
                      0.042582    0.000016    5.848115 v output4/A (sky130_fd_sc_hd__buf_2)
     1    0.034256    0.165901    0.332189    6.180304 v output4/X (sky130_fd_sc_hd__buf_2)
                                                         gpio_oeb[19] (net)
                      0.165901    0.000345    6.180648 v gpio_oeb[19] (out)
                                              6.180648   data arrival time

                                  0.000000    0.000000   clock gpio_in[38] (rise edge)
                                  0.000000    0.000000   clock network delay (propagated)
                                  0.250000    0.250000   clock uncertainty
                                  0.000000    0.250000   clock reconvergence pessimism
                                 -5.000000   -4.750000   output external delay
                                             -4.750000   data required time
---------------------------------------------------------------------------------------------
                                             -4.750000   data required time
                                             -6.180648   data arrival time
---------------------------------------------------------------------------------------------
                                             10.930649   slack (MET)


Startpoint: gpio_in[0] (input port clocked by gpio_in[38])
Endpoint: gpio_oeb[20] (output port clocked by gpio_in[38])
Path Group: gpio_in[38]
Path Type: min

Fanout         Cap        Slew       Delay        Time   Description
---------------------------------------------------------------------------------------------
                                  0.000000    0.000000   clock gpio_in[38] (rise edge)
                                  0.000000    0.000000   clock network delay (propagated)
                                  5.000000    5.000000 ^ input external delay
     2    0.004224    0.041851    0.023272    5.023272 ^ gpio_in[0] (in)
                                                         gpio_in[0] (net)
                      0.041851    0.000000    5.023272 ^ input1/A (sky130_fd_sc_hd__clkbuf_4)
     3    0.044899    0.225419    0.347125    5.370396 ^ input1/X (sky130_fd_sc_hd__clkbuf_4)
                                                         net1 (net)
                      0.225829    0.007801    5.378197 ^ _044_/A (sky130_fd_sc_hd__inv_2)
     9    0.044016    0.195938    0.251568    5.629765 v _044_/Y (sky130_fd_sc_hd__inv_2)
                                                         bidir_oeb (net)
                      0.196295    0.006895    5.636661 v _653_/A (sky130_fd_sc_hd__clkbuf_1)
     1    0.001931    0.042594    0.211419    5.848080 v _653_/X (sky130_fd_sc_hd__clkbuf_1)
                                                         net5 (net)
                      0.042594    0.000016    5.848096 v output5/A (sky130_fd_sc_hd__buf_2)
     1    0.034315    0.166140    0.332376    6.180472 v output5/X (sky130_fd_sc_hd__buf_2)
                                                         gpio_oeb[20] (net)
                      0.166140    0.000357    6.180829 v gpio_oeb[20] (out)
                                              6.180829   data arrival time

                                  0.000000    0.000000   clock gpio_in[38] (rise edge)
                                  0.000000    0.000000   clock network delay (propagated)
                                  0.250000    0.250000   clock uncertainty
                                  0.000000    0.250000   clock reconvergence pessimism
                                 -5.000000   -4.750000   output external delay
                                             -4.750000   data required time
---------------------------------------------------------------------------------------------
                                             -4.750000   data required time
                                             -6.180829   data arrival time
---------------------------------------------------------------------------------------------
                                             10.930829   slack (MET)


Startpoint: gpio_in[0] (input port clocked by gpio_in[38])
Endpoint: gpio_oeb[18] (output port clocked by gpio_in[38])
Path Group: gpio_in[38]
Path Type: min

Fanout         Cap        Slew       Delay        Time   Description
---------------------------------------------------------------------------------------------
                                  0.000000    0.000000   clock gpio_in[38] (rise edge)
                                  0.000000    0.000000   clock network delay (propagated)
                                  5.000000    5.000000 ^ input external delay
     2    0.004224    0.041851    0.023272    5.023272 ^ gpio_in[0] (in)
                                                         gpio_in[0] (net)
                      0.041851    0.000000    5.023272 ^ input1/A (sky130_fd_sc_hd__clkbuf_4)
     3    0.044899    0.225419    0.347125    5.370396 ^ input1/X (sky130_fd_sc_hd__clkbuf_4)
                                                         net1 (net)
                      0.225829    0.007801    5.378197 ^ _044_/A (sky130_fd_sc_hd__inv_2)
     9    0.044016    0.195938    0.251568    5.629765 v _044_/Y (sky130_fd_sc_hd__inv_2)
                                                         bidir_oeb (net)
                      0.196252    0.006481    5.636247 v _651_/A (sky130_fd_sc_hd__clkbuf_1)
     1    0.002298    0.046012    0.214978    5.851224 v _651_/X (sky130_fd_sc_hd__clkbuf_1)
                                                         net3 (net)
                      0.046012    0.000022    5.851247 v output3/A (sky130_fd_sc_hd__buf_2)
     1    0.034319    0.166136    0.333953    6.185200 v output3/X (sky130_fd_sc_hd__buf_2)
                                                         gpio_oeb[18] (net)
                      0.166136    0.000357    6.185556 v gpio_oeb[18] (out)
                                              6.185556   data arrival time

                                  0.000000    0.000000   clock gpio_in[38] (rise edge)
                                  0.000000    0.000000   clock network delay (propagated)
                                  0.250000    0.250000   clock uncertainty
                                  0.000000    0.250000   clock reconvergence pessimism
                                 -5.000000   -4.750000   output external delay
                                             -4.750000   data required time
---------------------------------------------------------------------------------------------
                                             -4.750000   data required time
                                             -6.185556   data arrival time
---------------------------------------------------------------------------------------------
                                             10.935556   slack (MET)


Startpoint: gpio_in[0] (input port clocked by gpio_in[38])
Endpoint: gpio_oeb[21] (output port clocked by gpio_in[38])
Path Group: gpio_in[38]
Path Type: min

Fanout         Cap        Slew       Delay        Time   Description
---------------------------------------------------------------------------------------------
                                  0.000000    0.000000   clock gpio_in[38] (rise edge)
                                  0.000000    0.000000   clock network delay (propagated)
                                  5.000000    5.000000 ^ input external delay
     2    0.004224    0.041851    0.023272    5.023272 ^ gpio_in[0] (in)
                                                         gpio_in[0] (net)
                      0.041851    0.000000    5.023272 ^ input1/A (sky130_fd_sc_hd__clkbuf_4)
     3    0.044899    0.225419    0.347125    5.370396 ^ input1/X (sky130_fd_sc_hd__clkbuf_4)
                                                         net1 (net)
                      0.225829    0.007801    5.378197 ^ _044_/A (sky130_fd_sc_hd__inv_2)
     9    0.044016    0.195938    0.251568    5.629765 v _044_/Y (sky130_fd_sc_hd__inv_2)
                                                         bidir_oeb (net)
                      0.196298    0.006926    5.636691 v _654_/A (sky130_fd_sc_hd__clkbuf_1)
     1    0.005417    0.077152    0.243532    5.880224 v _654_/X (sky130_fd_sc_hd__clkbuf_1)
                                                         net6 (net)
                      0.077152    0.000116    5.880340 v output6/A (sky130_fd_sc_hd__buf_2)
     1    0.034319    0.165984    0.348225    6.228565 v output6/X (sky130_fd_sc_hd__buf_2)
                                                         gpio_oeb[21] (net)
                      0.165984    0.000357    6.228921 v gpio_oeb[21] (out)
                                              6.228921   data arrival time

                                  0.000000    0.000000   clock gpio_in[38] (rise edge)
                                  0.000000    0.000000   clock network delay (propagated)
                                  0.250000    0.250000   clock uncertainty
                                  0.000000    0.250000   clock reconvergence pessimism
                                 -5.000000   -4.750000   output external delay
                                             -4.750000   data required time
---------------------------------------------------------------------------------------------
                                             -4.750000   data required time
                                             -6.228921   data arrival time
---------------------------------------------------------------------------------------------
                                             10.978921   slack (MET)



