
===========================================================================
report_checks -unconstrained
===========================================================================
======================= nom_ff_n40C_1v95 Corner ===================================

Startpoint: gpio_in[0] (input port clocked by __VIRTUAL_CLK__)
Endpoint: gpio_oeb[21] (output port clocked by __VIRTUAL_CLK__)
Path Group: __VIRTUAL_CLK__
Path Type: max

Fanout         Cap        Slew       Delay        Time   Description
---------------------------------------------------------------------------------------------
                      0.000000    0.000000    0.000000   clock __VIRTUAL_CLK__ (rise edge)
                                  0.000000    0.000000   clock network delay (ideal)
                                  2.000000    2.000000 v input external delay
     1    0.340760    0.516555    0.414445    2.414445 v gpio_in[0] (in)
                                                         gpio_in[0] (net)
                      0.535109    0.000000    2.414445 v mprj/gpio_in[0] (counter_gpio_config_example)
     1    0.682193    2.875967    2.153290    4.567736 ^ mprj/gpio_oeb[21] (counter_gpio_config_example)
                                                         gpio_oeb[21] (net)
                      4.489691    1.701233    6.268968 ^ gpio_oeb[21] (out)
                                              6.268968   data arrival time

                      0.000000   10.000000   10.000000   clock __VIRTUAL_CLK__ (rise edge)
                                  0.000000   10.000000   clock network delay (ideal)
                                 -0.250000    9.750000   clock uncertainty
                                  0.000000    9.750000   clock reconvergence pessimism
                                 -2.000000    7.750000   output external delay
                                              7.750000   data required time
---------------------------------------------------------------------------------------------
                                              7.750000   data required time
                                             -6.268968   data arrival time
---------------------------------------------------------------------------------------------
                                              1.481032   slack (MET)




===========================================================================
report_checks --slack_max -0.01
============================================================================
======================= nom_ff_n40C_1v95 Corner ===================================

No paths found.


===========================================================================
 report_check_types -max_slew -max_cap -max_fanout -violators
============================================================================
======================= nom_ff_n40C_1v95 Corner ===================================

max slew

Pin                                        Limit        Slew       Slack
------------------------------------------------------------------------
gpio_analog_en[16]                      0.500000    7.455857   -6.955857 (VIOLATED)
mprj/gpio_in[15]                        0.500000    6.542271   -6.042270 (VIOLATED)
mprj/gpio_in[8]                         0.500000    6.539793   -6.039793 (VIOLATED)
gpio_analog_sel[15]                     0.500000    6.339360   -5.839360 (VIOLATED)
mprj/gpio_in[9]                         0.500000    6.291207   -5.791207 (VIOLATED)
gpio_dm1[16]                            0.500000    6.206159   -5.706159 (VIOLATED)
gpio_ib_mode_sel[14]                    0.500000    5.754349   -5.254349 (VIOLATED)
gpio_oeb[14]                            0.500000    5.527459   -5.027459 (VIOLATED)
mprj/gpio_in[7]                         0.500000    5.497219   -4.997219 (VIOLATED)
gpio_dm2[14]                            0.500000    5.264343   -4.764343 (VIOLATED)
gpio_dm2[16]                            0.500000    5.191638   -4.691638 (VIOLATED)
gpio_holdover[17]                       0.500000    5.131989   -4.631989 (VIOLATED)
mprj/gpio_in[16]                        0.500000    5.023852   -4.523852 (VIOLATED)
gpio_dm1[18]                            0.500000    4.909956   -4.409956 (VIOLATED)
mprj/gpio_in[24]                        0.500000    4.894097   -4.394097 (VIOLATED)
gpio_analog_sel[16]                     0.500000    4.877967   -4.377967 (VIOLATED)
gpio_out[19]                            0.500000    4.506337   -4.006337 (VIOLATED)
gpio_analog_en[15]                      0.500000    4.499222   -3.999222 (VIOLATED)
gpio_oeb[21]                            0.500000    4.489691   -3.989691 (VIOLATED)
gpio_dm0[11]                            0.500000    4.447968   -3.947968 (VIOLATED)
gpio_analog_sel[20]                     0.500000    4.388316   -3.888316 (VIOLATED)
gpio_out[5]                             0.500000    4.273953   -3.773953 (VIOLATED)
gpio_analog_sel[22]                     0.500000    4.261770   -3.761770 (VIOLATED)
mprj/gpio_in[14]                        0.500000    4.201554   -3.701554 (VIOLATED)
gpio_oeb[18]                            0.500000    4.197183   -3.697183 (VIOLATED)
gpio_ib_mode_sel[16]                    0.500000    4.191021   -3.691021 (VIOLATED)
mprj/gpio_out[5]                        0.500000    4.164535   -3.664535 (VIOLATED)
gpio_dm0[13]                            0.500000    4.135408   -3.635408 (VIOLATED)
gpio_out[18]                            0.500000    4.022047   -3.522047 (VIOLATED)
mprj/gpio_out[18]                       0.500000    3.996739   -3.496739 (VIOLATED)
gpio_holdover[20]                       0.500000    3.805823   -3.305823 (VIOLATED)
gpio_out[20]                            0.500000    3.708964   -3.208964 (VIOLATED)
gpio_oeb[19]                            0.500000    3.704447   -3.204447 (VIOLATED)
gpio_analog_en[19]                      0.500000    3.683201   -3.183200 (VIOLATED)
gpio_dm2[11]                            0.500000    3.674512   -3.174512 (VIOLATED)
mprj/gpio_in[11]                        0.500000    3.672050   -3.172049 (VIOLATED)
mprj/gpio_in[12]                        0.500000    3.643121   -3.143121 (VIOLATED)
gpio_analog_sel[11]                     0.500000    3.589735   -3.089735 (VIOLATED)
gpio_analog_en[13]                      0.500000    3.422919   -2.922919 (VIOLATED)
gpio_holdover[24]                       0.500000    3.382353   -2.882353 (VIOLATED)
gpio_analog_sel[9]                      0.500000    3.273515   -2.773515 (VIOLATED)
gpio_dm1[15]                            0.500000    3.265362   -2.765362 (VIOLATED)
gpio_out[21]                            0.500000    3.261964   -2.761964 (VIOLATED)
mprj/gpio_out[19]                       0.500000    3.182573   -2.682573 (VIOLATED)
mprj/gpio_in[18]                        0.500000    3.182044   -2.682044 (VIOLATED)
gpio_analog_pol[11]                     0.500000    3.158253   -2.658253 (VIOLATED)
mprj/gpio_oeb[19]                       0.500000    3.105934   -2.605934 (VIOLATED)
mprj/gpio_oeb[18]                       0.500000    3.092712   -2.592712 (VIOLATED)
gpio_oeb[20]                            0.500000    3.083458   -2.583458 (VIOLATED)
gpio_holdover[21]                       0.500000    3.075226   -2.575226 (VIOLATED)
gpio_analog_en[20]                      0.500000    3.066544   -2.566544 (VIOLATED)
gpio_out[2]                             0.500000    3.044935   -2.544935 (VIOLATED)
mprj/gpio_oeb[20]                       0.500000    3.038938   -2.538938 (VIOLATED)
gpio_oeb[13]                            0.500000    3.026588   -2.526588 (VIOLATED)
gpio_holdover[10]                       0.500000    3.013923   -2.513923 (VIOLATED)
mprj/gpio_in[17]                        0.500000    2.981646   -2.481646 (VIOLATED)
gpio_dm1[12]                            0.500000    2.981312   -2.481312 (VIOLATED)
gpio_analog_sel[12]                     0.500000    2.979093   -2.479093 (VIOLATED)
mprj/gpio_out[2]                        0.500000    2.895116   -2.395116 (VIOLATED)
mprj/gpio_oeb[21]                       0.500000    2.875967   -2.375967 (VIOLATED)
gpio_dm0[12]                            0.500000    2.871755   -2.371755 (VIOLATED)
gpio_analog_en[11]                      0.500000    2.859598   -2.359598 (VIOLATED)
mprj/gpio_in[25]                        0.500000    2.808662   -2.308662 (VIOLATED)
gpio_out[4]                             0.500000    2.798387   -2.298387 (VIOLATED)
gpio_oeb[11]                            0.500000    2.776259   -2.276259 (VIOLATED)
mprj/gpio_out[4]                        0.500000    2.772467   -2.272466 (VIOLATED)
gpio_inp_dis[13]                        0.500000    2.771644   -2.271644 (VIOLATED)
gpio_analog_sel[10]                     0.500000    2.766548   -2.266548 (VIOLATED)
gpio_dm1[23]                            0.500000    2.740993   -2.240993 (VIOLATED)
gpio_dm0[9]                             0.500000    2.740495   -2.240495 (VIOLATED)
mprj/gpio_in[13]                        0.500000    2.705049   -2.205049 (VIOLATED)
gpio_dm2[9]                             0.500000    2.696767   -2.196767 (VIOLATED)
gpio_holdover[13]                       0.500000    2.690499   -2.190499 (VIOLATED)
gpio_inp_dis[12]                        0.500000    2.650618   -2.150618 (VIOLATED)
gpio_oeb[17]                            0.500000    2.621214   -2.121214 (VIOLATED)
gpio_dm0[23]                            0.500000    2.620854   -2.120854 (VIOLATED)
gpio_out[24]                            0.500000    2.618116   -2.118116 (VIOLATED)
gpio_ib_mode_sel[8]                     0.500000    2.602907   -2.102906 (VIOLATED)
mprj/gpio_in[26]                        0.500000    2.568835   -2.068835 (VIOLATED)
gpio_in[8]                              0.500000    2.562647   -2.062647 (VIOLATED)
gpio_out[28]                            0.500000    2.547636   -2.047636 (VIOLATED)
mprj/gpio_out[21]                       0.500000    2.514659   -2.014659 (VIOLATED)
gpio_inp_dis[18]                        0.500000    2.502772   -2.002772 (VIOLATED)
mprj/gpio_out[20]                       0.500000    2.483657   -1.983657 (VIOLATED)
gpio_out[27]                            0.500000    2.439032   -1.939032 (VIOLATED)
gpio_out[23]                            0.500000    2.438610   -1.938610 (VIOLATED)
mprj/gpio_out[27]                       0.500000    2.418356   -1.918356 (VIOLATED)
gpio_in[14]                             0.500000    2.406884   -1.906884 (VIOLATED)
mprj/gpio_out[28]                       0.500000    2.376453   -1.876453 (VIOLATED)
gpio_analog_en[22]                      0.500000    2.372676   -1.872676 (VIOLATED)
gpio_out[17]                            0.500000    2.346993   -1.846993 (VIOLATED)
gpio_in[9]                              0.500000    2.320945   -1.820945 (VIOLATED)
mprj/gpio_in[23]                        0.500000    2.319344   -1.819344 (VIOLATED)
gpio_in[12]                             0.500000    2.315201   -1.815200 (VIOLATED)
gpio_analog_en[21]                      0.500000    2.314723   -1.814723 (VIOLATED)
gpio_ib_mode_sel[20]                    0.500000    2.306874   -1.806874 (VIOLATED)
gpio_holdover[8]                        0.500000    2.279760   -1.779760 (VIOLATED)
gpio_inp_dis[26]                        0.500000    2.272150   -1.772150 (VIOLATED)
gpio_holdover[9]                        0.500000    2.268420   -1.768420 (VIOLATED)
gpio_out[22]                            0.500000    2.253061   -1.753061 (VIOLATED)
gpio_dm1[22]                            0.500000    2.246469   -1.746469 (VIOLATED)
gpio_analog_sel[23]                     0.500000    2.234888   -1.734888 (VIOLATED)
gpio_dm1[10]                            0.500000    2.218234   -1.718234 (VIOLATED)
gpio_out[3]                             0.500000    2.217165   -1.717165 (VIOLATED)
gpio_ib_mode_sel[9]                     0.500000    2.215980   -1.715980 (VIOLATED)
mprj/gpio_in[22]                        0.500000    2.192687   -1.692686 (VIOLATED)
gpio_holdover[25]                       0.500000    2.187402   -1.687402 (VIOLATED)
gpio_out[13]                            0.500000    2.178009   -1.678009 (VIOLATED)
gpio_analog_sel[19]                     0.500000    2.145102   -1.645102 (VIOLATED)
mprj/gpio_in[21]                        0.500000    2.128390   -1.628390 (VIOLATED)
mprj/gpio_in[27]                        0.500000    2.124357   -1.624357 (VIOLATED)
gpio_ib_mode_sel[15]                    0.500000    2.123873   -1.623873 (VIOLATED)
mprj/gpio_in[10]                        0.500000    2.115412   -1.615412 (VIOLATED)
mprj/gpio_out[3]                        0.500000    2.110899   -1.610899 (VIOLATED)
gpio_in[22]                             0.500000    2.103843   -1.603843 (VIOLATED)
gpio_analog_en[17]                      0.500000    2.098141   -1.598141 (VIOLATED)
gpio_in[7]                              0.500000    2.096124   -1.596124 (VIOLATED)
gpio_holdover[15]                       0.500000    2.086308   -1.586307 (VIOLATED)
gpio_oeb[5]                             0.500000    2.084478   -1.584478 (VIOLATED)
mprj/gpio_out[24]                       0.500000    2.080096   -1.580096 (VIOLATED)
gpio_in[11]                             0.500000    2.074666   -1.574666 (VIOLATED)
gpio_ib_mode_sel[7]                     0.500000    2.062987   -1.562987 (VIOLATED)
gpio_in[21]                             0.500000    2.046120   -1.546120 (VIOLATED)
gpio_analog_en[18]                      0.500000    2.034514   -1.534514 (VIOLATED)
mprj/gpio_in[29]                        0.500000    2.032801   -1.532801 (VIOLATED)
gpio_dm2[3]                             0.500000    2.027541   -1.527541 (VIOLATED)
gpio_in[13]                             0.500000    1.997360   -1.497360 (VIOLATED)
gpio_dm0[15]                            0.500000    1.991934   -1.491934 (VIOLATED)
gpio_out[26]                            0.500000    1.975908   -1.475908 (VIOLATED)
mprj/gpio_in[4]                         0.500000    1.965849   -1.465849 (VIOLATED)
gpio_analog_pol[17]                     0.500000    1.958398   -1.458398 (VIOLATED)
gpio_out[29]                            0.500000    1.954366   -1.454366 (VIOLATED)
gpio_analog_pol[15]                     0.500000    1.950150   -1.450150 (VIOLATED)
mprj/gpio_in[20]                        0.500000    1.946051   -1.446050 (VIOLATED)
gpio_slow_sel[17]                       0.500000    1.937904   -1.437904 (VIOLATED)
gpio_inp_dis[25]                        0.500000    1.929515   -1.429515 (VIOLATED)
gpio_in[4]                              0.500000    1.903589   -1.403589 (VIOLATED)
mprj/gpio_in[19]                        0.500000    1.899580   -1.399580 (VIOLATED)
gpio_dm0[16]                            0.500000    1.872304   -1.372304 (VIOLATED)
gpio_dm2[23]                            0.500000    1.864043   -1.364043 (VIOLATED)
gpio_in[20]                             0.500000    1.863339   -1.363339 (VIOLATED)
gpio_out[25]                            0.500000    1.860668   -1.360668 (VIOLATED)
gpio_in[19]                             0.500000    1.848052   -1.348052 (VIOLATED)
mprj/gpio_in[28]                        0.500000    1.839201   -1.339201 (VIOLATED)
gpio_in[23]                             0.500000    1.838504   -1.338504 (VIOLATED)
gpio_ib_mode_sel[23]                    0.500000    1.837241   -1.337241 (VIOLATED)
gpio_in[10]                             0.500000    1.822499   -1.322499 (VIOLATED)
mprj/gpio_out[23]                       0.500000    1.817017   -1.317017 (VIOLATED)
mprj/gpio_out[22]                       0.500000    1.812668   -1.312668 (VIOLATED)
gpio_oeb[22]                            0.500000    1.772804   -1.272804 (VIOLATED)
gpio_out[31]                            0.500000    1.769116   -1.269116 (VIOLATED)
gpio_ib_mode_sel[18]                    0.500000    1.766734   -1.266734 (VIOLATED)
gpio_dm1[7]                             0.500000    1.764418   -1.264418 (VIOLATED)
mprj/gpio_out[31]                       0.500000    1.761339   -1.261339 (VIOLATED)
gpio_dm1[8]                             0.500000    1.760747   -1.260747 (VIOLATED)
gpio_vtrip_sel[12]                      0.500000    1.760273   -1.260273 (VIOLATED)
gpio_vtrip_sel[13]                      0.500000    1.747408   -1.247408 (VIOLATED)
mprj/gpio_out[29]                       0.500000    1.728563   -1.228563 (VIOLATED)
gpio_in[24]                             0.500000    1.721957   -1.221957 (VIOLATED)
gpio_inp_dis[16]                        0.500000    1.719216   -1.219216 (VIOLATED)
gpio_out[30]                            0.500000    1.710435   -1.210435 (VIOLATED)
mprj/gpio_out[26]                       0.500000    1.706538   -1.206538 (VIOLATED)
gpio_slow_sel[16]                       0.500000    1.703973   -1.203973 (VIOLATED)
mprj/gpio_out[30]                       0.500000    1.689415   -1.189415 (VIOLATED)
gpio_vtrip_sel[11]                      0.500000    1.684486   -1.184486 (VIOLATED)
gpio_oeb[12]                            0.500000    1.674884   -1.174884 (VIOLATED)
gpio_analog_sel[8]                      0.500000    1.673818   -1.173818 (VIOLATED)
gpio_out[33]                            0.500000    1.668650   -1.168650 (VIOLATED)
gpio_inp_dis[15]                        0.500000    1.648005   -1.148005 (VIOLATED)
gpio_in[15]                             0.500000    1.646297   -1.146297 (VIOLATED)
gpio_dm0[17]                            0.500000    1.638310   -1.138310 (VIOLATED)
mprj/gpio_out[25]                       0.500000    1.626450   -1.126450 (VIOLATED)
gpio_vtrip_sel[15]                      0.500000    1.616606   -1.116606 (VIOLATED)
gpio_holdover[4]                        0.500000    1.616538   -1.116538 (VIOLATED)
gpio_in[16]                             0.500000    1.610189   -1.110189 (VIOLATED)
gpio_slow_sel[14]                       0.500000    1.604303   -1.104303 (VIOLATED)
gpio_inp_dis[17]                        0.500000    1.602438   -1.102438 (VIOLATED)
gpio_holdover[16]                       0.500000    1.599667   -1.099667 (VIOLATED)
mprj/gpio_out[33]                       0.500000    1.552616   -1.052616 (VIOLATED)
gpio_dm2[17]                            0.500000    1.552144   -1.052144 (VIOLATED)
gpio_ib_mode_sel[22]                    0.500000    1.542296   -1.042296 (VIOLATED)
mprj/gpio_in[6]                         0.500000    1.534026   -1.034026 (VIOLATED)
gpio_out[32]                            0.500000    1.521252   -1.021252 (VIOLATED)
gpio_in[6]                              0.500000    1.509702   -1.009702 (VIOLATED)
gpio_slow_sel[18]                       0.500000    1.504471   -1.004471 (VIOLATED)
gpio_oeb[15]                            0.500000    1.502077   -1.002078 (VIOLATED)
gpio_analog_sel[18]                     0.500000    1.492478   -0.992478 (VIOLATED)
gpio_dm0[4]                             0.500000    1.492077   -0.992077 (VIOLATED)
gpio_in[25]                             0.500000    1.483753   -0.983753 (VIOLATED)
gpio_vtrip_sel[24]                      0.500000    1.483082   -0.983082 (VIOLATED)
gpio_slow_sel[11]                       0.500000    1.480293   -0.980293 (VIOLATED)
gpio_in[26]                             0.500000    1.479911   -0.979911 (VIOLATED)
gpio_vtrip_sel[10]                      0.500000    1.478611   -0.978611 (VIOLATED)
mprj/gpio_in[3]                         0.500000    1.467647   -0.967647 (VIOLATED)
gpio_dm0[20]                            0.500000    1.464366   -0.964365 (VIOLATED)
mprj/gpio_in[5]                         0.500000    1.462758   -0.962758 (VIOLATED)
gpio_out[8]                             0.500000    1.457747   -0.957747 (VIOLATED)
gpio_ib_mode_sel[19]                    0.500000    1.446950   -0.946950 (VIOLATED)
gpio_inp_dis[28]                        0.500000    1.439820   -0.939820 (VIOLATED)
gpio_analog_pol[19]                     0.500000    1.439124   -0.939124 (VIOLATED)
gpio_analog_sel[17]                     0.500000    1.438756   -0.938756 (VIOLATED)
gpio_in[5]                              0.500000    1.438294   -0.938294 (VIOLATED)
gpio_inp_dis[20]                        0.500000    1.437694   -0.937694 (VIOLATED)
gpio_in[3]                              0.500000    1.431081   -0.931081 (VIOLATED)
gpio_in[18]                             0.500000    1.430416   -0.930416 (VIOLATED)
mprj/gpio_in[30]                        0.500000    1.423439   -0.923439 (VIOLATED)
mprj/gpio_out[32]                       0.500000    1.418868   -0.918868 (VIOLATED)
gpio_in[17]                             0.500000    1.406062   -0.906062 (VIOLATED)
gpio_inp_dis[21]                        0.500000    1.394353   -0.894353 (VIOLATED)
gpio_in[29]                             0.500000    1.377971   -0.877971 (VIOLATED)
gpio_inp_dis[6]                         0.500000    1.365694   -0.865694 (VIOLATED)
gpio_oeb[24]                            0.500000    1.358011   -0.858011 (VIOLATED)
gpio_vtrip_sel[14]                      0.500000    1.357134   -0.857134 (VIOLATED)
mprj/gpio_in[31]                        0.500000    1.356908   -0.856908 (VIOLATED)
gpio_analog_sel[25]                     0.500000    1.356674   -0.856674 (VIOLATED)
gpio_analog_pol[22]                     0.500000    1.348789   -0.848789 (VIOLATED)
gpio_slow_sel[10]                       0.500000    1.345054   -0.845054 (VIOLATED)
gpio_inp_dis[27]                        0.500000    1.337775   -0.837775 (VIOLATED)
gpio_in[30]                             0.500000    1.330223   -0.830223 (VIOLATED)
gpio_analog_pol[41]                     0.500000    1.320174   -0.820173 (VIOLATED)
gpio_in[27]                             0.500000    1.311626   -0.811626 (VIOLATED)
gpio_dm2[21]                            0.500000    1.301639   -0.801639 (VIOLATED)
gpio_dm2[4]                             0.500000    1.298207   -0.798207 (VIOLATED)
gpio_holdover[18]                       0.500000    1.285862   -0.785862 (VIOLATED)
gpio_analog_pol[24]                     0.500000    1.284926   -0.784926 (VIOLATED)
gpio_analog_pol[23]                     0.500000    1.277078   -0.777078 (VIOLATED)
gpio_dm1[20]                            0.500000    1.262753   -0.762753 (VIOLATED)
gpio_holdover[19]                       0.500000    1.258899   -0.758899 (VIOLATED)
gpio_analog_pol[18]                     0.500000    1.252608   -0.752608 (VIOLATED)
gpio_ib_mode_sel[17]                    0.500000    1.245568   -0.745568 (VIOLATED)
gpio_dm2[22]                            0.500000    1.242742   -0.742742 (VIOLATED)
gpio_dm1[21]                            0.500000    1.241651   -0.741651 (VIOLATED)
mprj/gpio_in[2]                         0.500000    1.240583   -0.740583 (VIOLATED)
gpio_holdover[6]                        0.500000    1.238099   -0.738099 (VIOLATED)
gpio_in[31]                             0.500000    1.237950   -0.737950 (VIOLATED)
gpio_in[28]                             0.500000    1.235614   -0.735614 (VIOLATED)
gpio_in[2]                              0.500000    1.224889   -0.724889 (VIOLATED)
gpio_analog_sel[21]                     0.500000    1.212144   -0.712144 (VIOLATED)
gpio_vtrip_sel[1]                       0.500000    1.210372   -0.710372 (VIOLATED)
gpio_inp_dis[22]                        0.500000    1.199073   -0.699073 (VIOLATED)
gpio_dm2[15]                            0.500000    1.190943   -0.690943 (VIOLATED)
gpio_dm0[28]                            0.500000    1.187178   -0.687178 (VIOLATED)
gpio_slow_sel[19]                       0.500000    1.187136   -0.687136 (VIOLATED)
gpio_oeb[23]                            0.500000    1.184850   -0.684850 (VIOLATED)
gpio_analog_pol[20]                     0.500000    1.181972   -0.681972 (VIOLATED)
gpio_dm1[17]                            0.500000    1.171091   -0.671091 (VIOLATED)
gpio_out[12]                            0.500000    1.170340   -0.670340 (VIOLATED)
gpio_dm0[21]                            0.500000    1.167781   -0.667781 (VIOLATED)
mprj/gpio_in[0]                         0.500000    1.155751   -0.655751 (VIOLATED)
gpio_analog_pol[16]                     0.500000    1.148111   -0.648111 (VIOLATED)
gpio_in[0]                              0.500000    1.147584   -0.647584 (VIOLATED)
gpio_oeb[16]                            0.500000    1.143137   -0.643137 (VIOLATED)
gpio_dm1[19]                            0.500000    1.141968   -0.641968 (VIOLATED)
gpio_out[16]                            0.500000    1.116676   -0.616676 (VIOLATED)
gpio_dm2[18]                            0.500000    1.079038   -0.579038 (VIOLATED)
gpio_dm1[24]                            0.500000    1.072194   -0.572194 (VIOLATED)
gpio_ib_mode_sel[25]                    0.500000    1.059311   -0.559311 (VIOLATED)
gpio_inp_dis[23]                        0.500000    1.057871   -0.557871 (VIOLATED)
gpio_analog_en[27]                      0.500000    1.057797   -0.557797 (VIOLATED)
gpio_analog_pol[21]                     0.500000    1.056789   -0.556789 (VIOLATED)
gpio_analog_sel[4]                      0.500000    1.055805   -0.555805 (VIOLATED)
gpio_dm2[6]                             0.500000    1.054905   -0.554905 (VIOLATED)
mprj/gpio_in[1]                         0.500000    1.051350   -0.551350 (VIOLATED)
gpio_analog_pol[6]                      0.500000    1.050122   -0.550122 (VIOLATED)
gpio_vtrip_sel[23]                      0.500000    1.049764   -0.549764 (VIOLATED)
gpio_in[1]                              0.500000    1.043876   -0.543876 (VIOLATED)
gpio_dm0[19]                            0.500000    1.039950   -0.539950 (VIOLATED)
gpio_vtrip_sel[18]                      0.500000    1.035287   -0.535287 (VIOLATED)
gpio_dm2[19]                            0.500000    1.033985   -0.533985 (VIOLATED)
gpio_dm0[22]                            0.500000    1.010963   -0.510963 (VIOLATED)
gpio_dm2[41]                            0.500000    1.009738   -0.509738 (VIOLATED)
gpio_inp_dis[4]                         0.500000    1.008185   -0.508185 (VIOLATED)
gpio_dm0[18]                            0.500000    1.000446   -0.500446 (VIOLATED)
gpio_analog_sel[6]                      0.500000    0.998258   -0.498258 (VIOLATED)
gpio_inp_dis[9]                         0.500000    0.989639   -0.489639 (VIOLATED)
gpio_analog_en[42]                      0.500000    0.983628   -0.483628 (VIOLATED)
mprj/gpio_in[32]                        0.500000    0.953289   -0.453289 (VIOLATED)
gpio_slow_sel[8]                        0.500000    0.944047   -0.444047 (VIOLATED)
gpio_slow_sel[13]                       0.500000    0.941067   -0.441067 (VIOLATED)
gpio_in[32]                             0.500000    0.929412   -0.429412 (VIOLATED)
gpio_holdover[22]                       0.500000    0.927508   -0.427508 (VIOLATED)
gpio_out[37]                            0.500000    0.926656   -0.426656 (VIOLATED)
gpio_out[11]                            0.500000    0.923434   -0.423434 (VIOLATED)
mprj/gpio_out[37]                       0.500000    0.922813   -0.422813 (VIOLATED)
mprj/gpio_in[35]                        0.500000    0.910257   -0.410257 (VIOLATED)
gpio_vtrip_sel[17]                      0.500000    0.906256   -0.406256 (VIOLATED)
gpio_vtrip_sel[19]                      0.500000    0.901975   -0.401975 (VIOLATED)
gpio_inp_dis[19]                        0.500000    0.895522   -0.395522 (VIOLATED)
gpio_oeb[27]                            0.500000    0.884838   -0.384838 (VIOLATED)
gpio_slow_sel[12]                       0.500000    0.884789   -0.384789 (VIOLATED)
gpio_dm1[26]                            0.500000    0.882667   -0.382667 (VIOLATED)
gpio_slow_sel[23]                       0.500000    0.872108   -0.372108 (VIOLATED)
gpio_dm1[41]                            0.500000    0.871702   -0.371702 (VIOLATED)
gpio_analog_en[24]                      0.500000    0.868359   -0.368359 (VIOLATED)
mprj/gpio_in[33]                        0.500000    0.867648   -0.367648 (VIOLATED)
gpio_oeb[0]                             0.500000    0.863666   -0.363666 (VIOLATED)
gpio_in[33]                             0.500000    0.863194   -0.363194 (VIOLATED)
gpio_ib_mode_sel[21]                    0.500000    0.860135   -0.360135 (VIOLATED)
gpio_dm2[20]                            0.500000    0.854717   -0.354717 (VIOLATED)
gpio_slow_sel[22]                       0.500000    0.854386   -0.354386 (VIOLATED)
gpio_slow_sel[25]                       0.500000    0.846580   -0.346580 (VIOLATED)
mprj/gpio_in[38]                        0.500000    0.837820   -0.337820 (VIOLATED)
gpio_analog_pol[26]                     0.500000    0.829438   -0.329438 (VIOLATED)
gpio_analog_sel[24]                     0.500000    0.827999   -0.327999 (VIOLATED)
gpio_in[38]                             0.500000    0.827870   -0.327870 (VIOLATED)
mprj/gpio_in[36]                        0.500000    0.824611   -0.324611 (VIOLATED)
gpio_oeb[7]                             0.500000    0.819867   -0.319867 (VIOLATED)
gpio_in[35]                             0.500000    0.819833   -0.319833 (VIOLATED)
gpio_analog_en[25]                      0.500000    0.803662   -0.303662 (VIOLATED)
gpio_analog_en[9]                       0.500000    0.798655   -0.298655 (VIOLATED)
gpio_oeb[9]                             0.500000    0.797247   -0.297247 (VIOLATED)
gpio_slow_sel[7]                        0.500000    0.796514   -0.296514 (VIOLATED)
mprj/gpio_in[34]                        0.500000    0.793842   -0.293842 (VIOLATED)
gpio_vtrip_sel[26]                      0.500000    0.791602   -0.291602 (VIOLATED)
gpio_in[34]                             0.500000    0.791336   -0.291336 (VIOLATED)
gpio_oeb[10]                            0.500000    0.789569   -0.289569 (VIOLATED)
gpio_in[36]                             0.500000    0.783809   -0.283809 (VIOLATED)
gpio_slow_sel[20]                       0.500000    0.763219   -0.263219 (VIOLATED)
gpio_analog_en[4]                       0.500000    0.753099   -0.253099 (VIOLATED)
mprj/gpio_in[43]                        0.500000    0.751377   -0.251377 (VIOLATED)
gpio_in[43]                             0.500000    0.748667   -0.248667 (VIOLATED)
gpio_out[14]                            0.500000    0.748515   -0.248515 (VIOLATED)
gpio_out[36]                            0.500000    0.746638   -0.246638 (VIOLATED)
mprj/gpio_out[36]                       0.500000    0.744967   -0.244967 (VIOLATED)
gpio_dm1[6]                             0.500000    0.734539   -0.234539 (VIOLATED)
gpio_dm0[31]                            0.500000    0.727742   -0.227742 (VIOLATED)
gpio_slow_sel[15]                       0.500000    0.720808   -0.220808 (VIOLATED)
gpio_dm0[5]                             0.500000    0.719266   -0.219266 (VIOLATED)
gpio_vtrip_sel[0]                       0.500000    0.712884   -0.212885 (VIOLATED)
gpio_vtrip_sel[27]                      0.500000    0.711988   -0.211988 (VIOLATED)
gpio_slow_sel[26]                       0.500000    0.705387   -0.205387 (VIOLATED)
mprj/gpio_in[37]                        0.500000    0.694004   -0.194004 (VIOLATED)
gpio_analog_sel[14]                     0.500000    0.689400   -0.189400 (VIOLATED)
gpio_dm2[28]                            0.500000    0.689057   -0.189057 (VIOLATED)
gpio_inp_dis[14]                        0.500000    0.681713   -0.181713 (VIOLATED)
gpio_in[37]                             0.500000    0.677751   -0.177751 (VIOLATED)
gpio_out[9]                             0.500000    0.675858   -0.175858 (VIOLATED)
mprj/gpio_in[42]                        0.500000    0.665627   -0.165627 (VIOLATED)
gpio_vtrip_sel[7]                       0.500000    0.665334   -0.165334 (VIOLATED)
gpio_analog_pol[13]                     0.500000    0.664470   -0.164470 (VIOLATED)
gpio_in[42]                             0.500000    0.658774   -0.158774 (VIOLATED)
gpio_oeb[8]                             0.500000    0.657943   -0.157943 (VIOLATED)
gpio_out[1]                             0.500000    0.657320   -0.157320 (VIOLATED)
gpio_vtrip_sel[16]                      0.500000    0.647964   -0.147964 (VIOLATED)
gpio_dm0[24]                            0.500000    0.646767   -0.146767 (VIOLATED)
gpio_dm0[14]                            0.500000    0.645278   -0.145278 (VIOLATED)
gpio_vtrip_sel[28]                      0.500000    0.644208   -0.144208 (VIOLATED)
gpio_oeb[1]                             0.500000    0.641387   -0.141387 (VIOLATED)
gpio_analog_en[40]                      0.500000    0.636590   -0.136590 (VIOLATED)
gpio_analog_pol[0]                      0.500000    0.634715   -0.134715 (VIOLATED)
gpio_slow_sel[3]                        0.500000    0.629158   -0.129158 (VIOLATED)
gpio_inp_dis[3]                         0.500000    0.622537   -0.122537 (VIOLATED)
gpio_inp_dis[0]                         0.500000    0.621072   -0.121071 (VIOLATED)
gpio_dm1[5]                             0.500000    0.620537   -0.120537 (VIOLATED)
gpio_ib_mode_sel[24]                    0.500000    0.615436   -0.115436 (VIOLATED)
gpio_dm2[10]                            0.500000    0.612474   -0.112474 (VIOLATED)
gpio_analog_pol[2]                      0.500000    0.603645   -0.103645 (VIOLATED)
gpio_ib_mode_sel[13]                    0.500000    0.599892   -0.099892 (VIOLATED)
gpio_oeb[6]                             0.500000    0.593530   -0.093530 (VIOLATED)
gpio_vtrip_sel[6]                       0.500000    0.592855   -0.092855 (VIOLATED)
gpio_slow_sel[0]                        0.500000    0.592120   -0.092120 (VIOLATED)
gpio_slow_sel[24]                       0.500000    0.587815   -0.087815 (VIOLATED)
gpio_analog_en[14]                      0.500000    0.585086   -0.085086 (VIOLATED)
gpio_vtrip_sel[2]                       0.500000    0.584162   -0.084162 (VIOLATED)
gpio_oeb[26]                            0.500000    0.584013   -0.084013 (VIOLATED)
gpio_out[0]                             0.500000    0.583039   -0.083039 (VIOLATED)
gpio_out[35]                            0.500000    0.579511   -0.079511 (VIOLATED)
mprj/gpio_out[35]                       0.500000    0.579271   -0.079271 (VIOLATED)
gpio_inp_dis[42]                        0.500000    0.578024   -0.078024 (VIOLATED)
gpio_slow_sel[27]                       0.500000    0.573300   -0.073300 (VIOLATED)
gpio_oeb[25]                            0.500000    0.567158   -0.067158 (VIOLATED)
gpio_oeb[29]                            0.500000    0.566409   -0.066409 (VIOLATED)
mprj/gpio_in[40]                        0.500000    0.557266   -0.057266 (VIOLATED)
gpio_in[40]                             0.500000    0.554150   -0.054150 (VIOLATED)
gpio_dm0[25]                            0.500000    0.547327   -0.047327 (VIOLATED)
gpio_vtrip_sel[4]                       0.500000    0.547102   -0.047102 (VIOLATED)
gpio_vtrip_sel[8]                       0.500000    0.543018   -0.043018 (VIOLATED)
gpio_analog_en[12]                      0.500000    0.539680   -0.039680 (VIOLATED)
gpio_inp_dis[11]                        0.500000    0.536942   -0.036942 (VIOLATED)
gpio_dm2[0]                             0.500000    0.535836   -0.035836 (VIOLATED)
gpio_ib_mode_sel[28]                    0.500000    0.535154   -0.035154 (VIOLATED)
gpio_dm1[43]                            0.500000    0.534368   -0.034368 (VIOLATED)
gpio_holdover[14]                       0.500000    0.533320   -0.033320 (VIOLATED)
gpio_dm1[14]                            0.500000    0.530700   -0.030700 (VIOLATED)
gpio_out[41]                            0.500000    0.527691   -0.027691 (VIOLATED)
gpio_analog_en[3]                       0.500000    0.526519   -0.026519 (VIOLATED)
gpio_analog_pol[14]                     0.500000    0.518470   -0.018470 (VIOLATED)
mprj/gpio_in[41]                        0.500000    0.517739   -0.017739 (VIOLATED)
gpio_in[41]                             0.500000    0.516157   -0.016157 (VIOLATED)
gpio_ib_mode_sel[32]                    0.500000    0.511176   -0.011176 (VIOLATED)
gpio_slow_sel[9]                        0.500000    0.509482   -0.009482 (VIOLATED)
gpio_out[7]                             0.500000    0.505482   -0.005482 (VIOLATED)
gpio_out[10]                            0.500000    0.501278   -0.001278 (VIOLATED)

max capacitance

Pin                                        Limit         Cap       Slack
------------------------------------------------------------------------
mprj/gpio_analog_en[16]                 0.200000    1.240102   -1.040102 (VIOLATED)
mprj/gpio_out[15]                       0.200000    1.234290   -1.034290 (VIOLATED)
mprj/gpio_ib_mode_sel[14]               0.200000    1.219917   -1.019917 (VIOLATED)
mprj/gpio_dm2[14]                       0.200000    1.152512   -0.952512 (VIOLATED)
mprj/gpio_holdover[17]                  0.200000    1.138280   -0.938280 (VIOLATED)
mprj/gpio_oeb[14]                       0.200000    1.110716   -0.910716 (VIOLATED)
mprj/gpio_dm0[11]                       0.200000    1.093776   -0.893776 (VIOLATED)
mprj/gpio_analog_sel[15]                0.200000    1.078143   -0.878143 (VIOLATED)
mprj/gpio_analog_sel[9]                 0.200000    1.054449   -0.854449 (VIOLATED)
mprj/gpio_dm1[16]                       0.200000    1.052106   -0.852107 (VIOLATED)
mprj/gpio_analog_en[11]                 0.200000    1.045504   -0.845504 (VIOLATED)
mprj/gpio_analog_sel[11]                0.200000    1.030656   -0.830656 (VIOLATED)
mprj/gpio_dm2[11]                       0.200000    1.021431   -0.821431 (VIOLATED)
mprj/gpio_dm1[18]                       0.200000    1.003467   -0.803467 (VIOLATED)
mprj/gpio_vtrip_sel[10]                 0.200000    0.993344   -0.793344 (VIOLATED)
mprj/gpio_analog_en[9]                  0.200000    0.986596   -0.786596 (VIOLATED)
gpio_in[8]                              0.200000    0.974873   -0.774873 (VIOLATED)
mprj/gpio_dm2[16]                       0.200000    0.970562   -0.770562 (VIOLATED)
mprj/gpio_dm0[13]                       0.200000    0.962513   -0.762513 (VIOLATED)
mprj/gpio_analog_sel[20]                0.200000    0.959590   -0.759590 (VIOLATED)
mprj/gpio_dm2[9]                        0.200000    0.959047   -0.759047 (VIOLATED)
mprj/gpio_analog_pol[0]                 0.200000    0.956957   -0.756957 (VIOLATED)
mprj/gpio_analog_en[15]                 0.200000    0.956632   -0.756632 (VIOLATED)
mprj/gpio_ib_mode_sel[16]               0.200000    0.946003   -0.746003 (VIOLATED)
gpio_in[9]                              0.200000    0.926315   -0.726315 (VIOLATED)
mprj/gpio_analog_pol[11]                0.200000    0.910493   -0.710493 (VIOLATED)
mprj/gpio_analog_pol[13]                0.200000    0.909209   -0.709209 (VIOLATED)
mprj/gpio_analog_sel[16]                0.200000    0.907725   -0.707725 (VIOLATED)
mprj/gpio_dm0[14]                       0.200000    0.901574   -0.701575 (VIOLATED)
mprj/gpio_analog_en[13]                 0.200000    0.894739   -0.694739 (VIOLATED)
mprj/gpio_dm0[9]                        0.200000    0.890999   -0.690999 (VIOLATED)
mprj/gpio_holdover[10]                  0.200000    0.885661   -0.685661 (VIOLATED)
mprj/gpio_slow_sel[16]                  0.200000    0.885200   -0.685200 (VIOLATED)
mprj/gpio_dm0[24]                       0.200000    0.884102   -0.684102 (VIOLATED)
mprj/gpio_analog_sel[10]                0.200000    0.881155   -0.681154 (VIOLATED)
mprj/gpio_oeb[10]                       0.200000    0.875036   -0.675036 (VIOLATED)
mprj/gpio_analog_sel[12]                0.200000    0.870447   -0.670447 (VIOLATED)
mprj/gpio_analog_sel[22]                0.200000    0.870170   -0.670170 (VIOLATED)
mprj/gpio_out[5]                        0.200000    0.869064   -0.669064 (VIOLATED)
gpio_in[15]                             0.200000    0.864190   -0.664190 (VIOLATED)
mprj/gpio_inp_dis[13]                   0.200000    0.856957   -0.656957 (VIOLATED)
mprj/gpio_dm2[0]                        0.200000    0.853704   -0.653704 (VIOLATED)
mprj/gpio_vtrip_sel[14]                 0.200000    0.851031   -0.651031 (VIOLATED)
mprj/gpio_dm1[12]                       0.200000    0.850172   -0.650172 (VIOLATED)
mprj/gpio_holdover[20]                  0.200000    0.849441   -0.649441 (VIOLATED)
mprj/gpio_out[14]                       0.200000    0.849348   -0.649348 (VIOLATED)
mprj/gpio_out[18]                       0.200000    0.842992   -0.642992 (VIOLATED)
gpio_in[14]                             0.200000    0.842903   -0.642903 (VIOLATED)
mprj/gpio_dm2[10]                       0.200000    0.842230   -0.642230 (VIOLATED)
mprj/gpio_analog_sel[14]                0.200000    0.838349   -0.638349 (VIOLATED)
mprj/gpio_holdover[8]                   0.200000    0.838096   -0.638096 (VIOLATED)
gpio_in[7]                              0.200000    0.838024   -0.638024 (VIOLATED)
mprj/gpio_ib_mode_sel[13]               0.200000    0.835536   -0.635536 (VIOLATED)
mprj/gpio_inp_dis[14]                   0.200000    0.829640   -0.629640 (VIOLATED)
mprj/gpio_dm0[12]                       0.200000    0.825817   -0.625817 (VIOLATED)
mprj/gpio_ib_mode_sel[8]                0.200000    0.822470   -0.622470 (VIOLATED)
mprj/gpio_dm1[15]                       0.200000    0.819072   -0.619072 (VIOLATED)
mprj/gpio_analog_pol[17]                0.200000    0.818509   -0.618509 (VIOLATED)
mprj/gpio_slow_sel[15]                  0.200000    0.818360   -0.618360 (VIOLATED)
mprj/gpio_oeb[13]                       0.200000    0.816198   -0.616198 (VIOLATED)
mprj/gpio_analog_en[24]                 0.200000    0.813047   -0.613047 (VIOLATED)
mprj/gpio_holdover[15]                  0.200000    0.812694   -0.612694 (VIOLATED)
mprj/gpio_analog_pol[15]                0.200000    0.811074   -0.611074 (VIOLATED)
mprj/gpio_holdover[9]                   0.200000    0.809125   -0.609125 (VIOLATED)
mprj/gpio_analog_en[19]                 0.200000    0.799034   -0.599034 (VIOLATED)
mprj/gpio_vtrip_sel[16]                 0.200000    0.796482   -0.596482 (VIOLATED)
mprj/gpio_oeb[11]                       0.200000    0.795807   -0.595807 (VIOLATED)
mprj/gpio_ib_mode_sel[9]                0.200000    0.789125   -0.589125 (VIOLATED)
mprj/gpio_analog_en[14]                 0.200000    0.783759   -0.583759 (VIOLATED)
mprj/gpio_dm1[10]                       0.200000    0.780101   -0.580101 (VIOLATED)
mprj/gpio_inp_dis[6]                    0.200000    0.779104   -0.579104 (VIOLATED)
mprj/gpio_inp_dis[11]                   0.200000    0.779063   -0.579063 (VIOLATED)
gpio_in[12]                             0.200000    0.778501   -0.578501 (VIOLATED)
mprj/gpio_holdover[13]                  0.200000    0.776798   -0.576798 (VIOLATED)
mprj/gpio_inp_dis[12]                   0.200000    0.775406   -0.575406 (VIOLATED)
mprj/gpio_holdover[16]                  0.200000    0.769692   -0.569692 (VIOLATED)
mprj/gpio_slow_sel[14]                  0.200000    0.768751   -0.568751 (VIOLATED)
mprj/gpio_vtrip_sel[4]                  0.200000    0.766164   -0.566163 (VIOLATED)
mprj/gpio_ib_mode_sel[7]                0.200000    0.764031   -0.564031 (VIOLATED)
mprj/gpio_dm2[7]                        0.200000    0.763621   -0.563621 (VIOLATED)
mprj/gpio_inp_dis[15]                   0.200000    0.763315   -0.563315 (VIOLATED)
mprj/gpio_dm0[16]                       0.200000    0.762882   -0.562882 (VIOLATED)
mprj/gpio_ib_mode_sel[18]               0.200000    0.759026   -0.559026 (VIOLATED)
mprj/gpio_dm1[8]                        0.200000    0.755598   -0.555598 (VIOLATED)
mprj/gpio_inp_dis[16]                   0.200000    0.753276   -0.553276 (VIOLATED)
mprj/gpio_analog_en[12]                 0.200000    0.749690   -0.549690 (VIOLATED)
mprj/gpio_slow_sel[13]                  0.200000    0.743259   -0.543259 (VIOLATED)
gpio_in[24]                             0.200000    0.742047   -0.542047 (VIOLATED)
mprj/gpio_ib_mode_sel[12]               0.200000    0.741068   -0.541068 (VIOLATED)
mprj/gpio_holdover[21]                  0.200000    0.740863   -0.540863 (VIOLATED)
mprj/gpio_analog_pol[2]                 0.200000    0.737453   -0.537453 (VIOLATED)
mprj/gpio_holdover[14]                  0.200000    0.736808   -0.536808 (VIOLATED)
gpio_in[16]                             0.200000    0.736461   -0.536461 (VIOLATED)
mprj/gpio_oeb[7]                        0.200000    0.736300   -0.536300 (VIOLATED)
mprj/gpio_holdover[24]                  0.200000    0.735283   -0.535283 (VIOLATED)
mprj/gpio_out[19]                       0.200000    0.734470   -0.534470 (VIOLATED)
mprj/gpio_out[10]                       0.200000    0.731086   -0.531086 (VIOLATED)
mprj/gpio_oeb[17]                       0.200000    0.730460   -0.530460 (VIOLATED)
mprj/gpio_analog_pol[14]                0.200000    0.730431   -0.530431 (VIOLATED)
mprj/gpio_dm1[14]                       0.200000    0.730011   -0.530011 (VIOLATED)
mprj/gpio_analog_pol[7]                 0.200000    0.723389   -0.523389 (VIOLATED)
mprj/gpio_analog_en[20]                 0.200000    0.723258   -0.523258 (VIOLATED)
gpio_in[11]                             0.200000    0.722995   -0.522995 (VIOLATED)
mprj/gpio_oeb[12]                       0.200000    0.722272   -0.522272 (VIOLATED)
mprj/gpio_oeb[6]                        0.200000    0.722125   -0.522125 (VIOLATED)
mprj/gpio_analog_pol[6]                 0.200000    0.719328   -0.519328 (VIOLATED)
mprj/gpio_dm2[12]                       0.200000    0.718236   -0.518236 (VIOLATED)
mprj/gpio_analog_sel[6]                 0.200000    0.714837   -0.514837 (VIOLATED)
mprj/gpio_vtrip_sel[6]                  0.200000    0.709346   -0.509346 (VIOLATED)
mprj/gpio_dm0[17]                       0.200000    0.707508   -0.507508 (VIOLATED)
mprj/gpio_out[17]                       0.200000    0.706620   -0.506620 (VIOLATED)
mprj/gpio_dm2[6]                        0.200000    0.705486   -0.505486 (VIOLATED)
mprj/gpio_analog_pol[24]                0.200000    0.704591   -0.504591 (VIOLATED)
mprj/gpio_dm2[24]                       0.200000    0.701879   -0.501879 (VIOLATED)
mprj/gpio_holdover[6]                   0.200000    0.699776   -0.499776 (VIOLATED)
mprj/gpio_out[13]                       0.200000    0.696754   -0.496754 (VIOLATED)
mprj/gpio_dm2[17]                       0.200000    0.694150   -0.494150 (VIOLATED)
mprj/gpio_ib_mode_sel[10]               0.200000    0.694001   -0.494001 (VIOLATED)
mprj/gpio_dm2[8]                        0.200000    0.692733   -0.492733 (VIOLATED)
mprj/gpio_dm1[24]                       0.200000    0.692454   -0.492454 (VIOLATED)
mprj/gpio_analog_en[23]                 0.200000    0.691885   -0.491885 (VIOLATED)
mprj/gpio_oeb[15]                       0.200000    0.690276   -0.490276 (VIOLATED)
mprj/gpio_out[8]                        0.200000    0.686808   -0.486808 (VIOLATED)
mprj/gpio_holdover[23]                  0.200000    0.685850   -0.485850 (VIOLATED)
mprj/gpio_analog_sel[8]                 0.200000    0.685499   -0.485499 (VIOLATED)
mprj/gpio_vtrip_sel[15]                 0.200000    0.684460   -0.484460 (VIOLATED)
mprj/gpio_dm1[7]                        0.200000    0.684247   -0.484247 (VIOLATED)
mprj/gpio_vtrip_sel[13]                 0.200000    0.683444   -0.483444 (VIOLATED)
mprj/gpio_analog_pol[12]                0.200000    0.682429   -0.482429 (VIOLATED)
mprj/gpio_oeb[21]                       0.200000    0.682193   -0.482193 (VIOLATED)
mprj/gpio_inp_dis[17]                   0.200000    0.680489   -0.480489 (VIOLATED)
mprj/gpio_vtrip_sel[9]                  0.200000    0.679442   -0.479442 (VIOLATED)
mprj/gpio_slow_sel[21]                  0.200000    0.678126   -0.478126 (VIOLATED)
mprj/gpio_out[12]                       0.200000    0.675551   -0.475551 (VIOLATED)
mprj/gpio_ib_mode_sel[24]               0.200000    0.673666   -0.473666 (VIOLATED)
mprj/gpio_oeb[19]                       0.200000    0.673281   -0.473281 (VIOLATED)
mprj/gpio_inp_dis[18]                   0.200000    0.670358   -0.470358 (VIOLATED)
mprj/gpio_analog_sel[13]                0.200000    0.670242   -0.470242 (VIOLATED)
mprj/gpio_dm0[23]                       0.200000    0.670146   -0.470146 (VIOLATED)
mprj/gpio_analog_sel[24]                0.200000    0.669456   -0.469456 (VIOLATED)
mprj/gpio_oeb[18]                       0.200000    0.667591   -0.467591 (VIOLATED)
mprj/gpio_analog_en[3]                  0.200000    0.660997   -0.460997 (VIOLATED)
mprj/gpio_analog_en[6]                  0.200000    0.660526   -0.460526 (VIOLATED)
mprj/gpio_vtrip_sel[8]                  0.200000    0.658876   -0.458876 (VIOLATED)
mprj/gpio_vtrip_sel[20]                 0.200000    0.655723   -0.455723 (VIOLATED)
mprj/gpio_analog_sel[23]                0.200000    0.653415   -0.453415 (VIOLATED)
mprj/gpio_vtrip_sel[17]                 0.200000    0.651241   -0.451241 (VIOLATED)
mprj/gpio_dm1[13]                       0.200000    0.649626   -0.449626 (VIOLATED)
mprj/gpio_slow_sel[9]                   0.200000    0.649548   -0.449548 (VIOLATED)
mprj/gpio_slow_sel[24]                  0.200000    0.649130   -0.449130 (VIOLATED)
mprj/gpio_dm1[23]                       0.200000    0.648040   -0.448040 (VIOLATED)
mprj/gpio_dm2[13]                       0.200000    0.647626   -0.447626 (VIOLATED)
mprj/gpio_inp_dis[8]                    0.200000    0.646646   -0.446646 (VIOLATED)
mprj/gpio_analog_sel[3]                 0.200000    0.645728   -0.445728 (VIOLATED)
mprj/gpio_oeb[5]                        0.200000    0.642108   -0.442108 (VIOLATED)
mprj/gpio_analog_pol[19]                0.200000    0.641743   -0.441743 (VIOLATED)
mprj/gpio_ib_mode_sel[15]               0.200000    0.641526   -0.441526 (VIOLATED)
mprj/gpio_holdover[25]                  0.200000    0.639004   -0.439004 (VIOLATED)
mprj/gpio_oeb[20]                       0.200000    0.638575   -0.438575 (VIOLATED)
mprj/gpio_dm0[8]                        0.200000    0.637803   -0.437803 (VIOLATED)
mprj/gpio_analog_en[8]                  0.200000    0.637665   -0.437665 (VIOLATED)
gpio_in[13]                             0.200000    0.634518   -0.434518 (VIOLATED)
mprj/gpio_dm2[3]                        0.200000    0.633334   -0.433334 (VIOLATED)
mprj/gpio_analog_pol[9]                 0.200000    0.632217   -0.432217 (VIOLATED)
mprj/gpio_vtrip_sel[11]                 0.200000    0.627935   -0.427935 (VIOLATED)
mprj/gpio_analog_pol[18]                0.200000    0.626463   -0.426463 (VIOLATED)
mprj/gpio_dm0[5]                        0.200000    0.625085   -0.425085 (VIOLATED)
mprj/gpio_inp_dis[26]                   0.200000    0.624220   -0.424220 (VIOLATED)
mprj/gpio_vtrip_sel[12]                 0.200000    0.623498   -0.423498 (VIOLATED)
mprj/gpio_holdover[11]                  0.200000    0.622926   -0.422926 (VIOLATED)
mprj/gpio_analog_en[7]                  0.200000    0.622696   -0.422696 (VIOLATED)
gpio_in[22]                             0.200000    0.622106   -0.422106 (VIOLATED)
mprj/gpio_holdover[4]                   0.200000    0.618658   -0.418658 (VIOLATED)
mprj/gpio_inp_dis[7]                    0.200000    0.618061   -0.418061 (VIOLATED)
mprj/gpio_analog_sel[27]                0.200000    0.617883   -0.417883 (VIOLATED)
mprj/gpio_dm2[4]                        0.200000    0.616094   -0.416094 (VIOLATED)
mprj/gpio_dm0[15]                       0.200000    0.613407   -0.413407 (VIOLATED)
mprj/gpio_dm1[29]                       0.200000    0.612968   -0.412968 (VIOLATED)
mprj/gpio_dm2[15]                       0.200000    0.611903   -0.411903 (VIOLATED)
mprj/gpio_dm2[27]                       0.200000    0.611387   -0.411387 (VIOLATED)
mprj/gpio_holdover[7]                   0.200000    0.610563   -0.410563 (VIOLATED)
mprj/gpio_holdover[12]                  0.200000    0.610397   -0.410397 (VIOLATED)
mprj/gpio_slow_sel[17]                  0.200000    0.608943   -0.408943 (VIOLATED)
mprj/gpio_dm0[10]                       0.200000    0.607945   -0.407945 (VIOLATED)
mprj/gpio_oeb[8]                        0.200000    0.607720   -0.407720 (VIOLATED)
mprj/gpio_out[2]                        0.200000    0.605259   -0.405259 (VIOLATED)
gpio_in[21]                             0.200000    0.604853   -0.404853 (VIOLATED)
mprj/gpio_ib_mode_sel[11]               0.200000    0.604762   -0.404762 (VIOLATED)
mprj/gpio_dm1[26]                       0.200000    0.603799   -0.403799 (VIOLATED)
mprj/gpio_ib_mode_sel[19]               0.200000    0.603731   -0.403731 (VIOLATED)
mprj/gpio_analog_en[22]                 0.200000    0.603544   -0.403544 (VIOLATED)
mprj/gpio_analog_en[17]                 0.200000    0.602531   -0.402531 (VIOLATED)
mprj/gpio_analog_en[18]                 0.200000    0.602493   -0.402493 (VIOLATED)
mprj/gpio_analog_en[21]                 0.200000    0.601666   -0.401666 (VIOLATED)
mprj/gpio_inp_dis[25]                   0.200000    0.599485   -0.399485 (VIOLATED)
mprj/gpio_oeb[16]                       0.200000    0.599219   -0.399219 (VIOLATED)
mprj/gpio_analog_sel[2]                 0.200000    0.598265   -0.398265 (VIOLATED)
mprj/gpio_dm2[25]                       0.200000    0.598118   -0.398118 (VIOLATED)
mprj/gpio_analog_pol[10]                0.200000    0.597890   -0.397890 (VIOLATED)
mprj/gpio_dm0[25]                       0.200000    0.596529   -0.396529 (VIOLATED)
mprj/gpio_oeb[1]                        0.200000    0.594547   -0.394547 (VIOLATED)
mprj/gpio_ib_mode_sel[20]               0.200000    0.594120   -0.394120 (VIOLATED)
mprj/gpio_ib_mode_sel[26]               0.200000    0.593739   -0.393739 (VIOLATED)
mprj/gpio_dm0[26]                       0.200000    0.589314   -0.389314 (VIOLATED)
mprj/gpio_analog_sel[19]                0.200000    0.588072   -0.388072 (VIOLATED)
mprj/gpio_oeb[0]                        0.200000    0.586957   -0.386957 (VIOLATED)
mprj/gpio_out[20]                       0.200000    0.584751   -0.384751 (VIOLATED)
mprj/gpio_dm2[26]                       0.200000    0.584265   -0.384265 (VIOLATED)
mprj/gpio_vtrip_sel[2]                  0.200000    0.582587   -0.382587 (VIOLATED)
mprj/gpio_out[4]                        0.200000    0.582181   -0.382181 (VIOLATED)
mprj/gpio_dm1[22]                       0.200000    0.582033   -0.382033 (VIOLATED)
mprj/gpio_inp_dis[24]                   0.200000    0.581659   -0.381659 (VIOLATED)
mprj/gpio_holdover[2]                   0.200000    0.579693   -0.379693 (VIOLATED)
mprj/gpio_analog_en[26]                 0.200000    0.577663   -0.377663 (VIOLATED)
mprj/gpio_out[16]                       0.200000    0.574613   -0.374613 (VIOLATED)
mprj/gpio_dm1[9]                        0.200000    0.574538   -0.374538 (VIOLATED)
mprj/gpio_vtrip_sel[22]                 0.200000    0.573466   -0.373466 (VIOLATED)
mprj/gpio_dm2[21]                       0.200000    0.572991   -0.372991 (VIOLATED)
mprj/gpio_slow_sel[11]                  0.200000    0.570669   -0.370669 (VIOLATED)
mprj/gpio_slow_sel[10]                  0.200000    0.569172   -0.369172 (VIOLATED)
mprj/gpio_inp_dis[10]                   0.200000    0.569039   -0.369039 (VIOLATED)
mprj/gpio_analog_en[10]                 0.200000    0.568924   -0.368924 (VIOLATED)
mprj/gpio_analog_en[28]                 0.200000    0.567639   -0.367638 (VIOLATED)
mprj/gpio_analog_pol[25]                0.200000    0.565936   -0.365936 (VIOLATED)
mprj/gpio_oeb[9]                        0.200000    0.565172   -0.365172 (VIOLATED)
mprj/gpio_dm0[20]                       0.200000    0.565140   -0.365140 (VIOLATED)
mprj/gpio_out[21]                       0.200000    0.564728   -0.364728 (VIOLATED)
mprj/gpio_analog_pol[16]                0.200000    0.564610   -0.364610 (VIOLATED)
mprj/gpio_vtrip_sel[5]                  0.200000    0.564574   -0.364574 (VIOLATED)
mprj/gpio_holdover[26]                  0.200000    0.563485   -0.363485 (VIOLATED)
mprj/gpio_analog_sel[26]                0.200000    0.563193   -0.363193 (VIOLATED)
gpio_in[4]                              0.200000    0.562171   -0.362171 (VIOLATED)
mprj/gpio_out[11]                       0.200000    0.561424   -0.361424 (VIOLATED)
mprj/gpio_dm1[11]                       0.200000    0.559826   -0.359826 (VIOLATED)
mprj/gpio_slow_sel[20]                  0.200000    0.559151   -0.359150 (VIOLATED)
mprj/gpio_dm2[23]                       0.200000    0.558585   -0.358585 (VIOLATED)
mprj/gpio_dm1[17]                       0.200000    0.558406   -0.358406 (VIOLATED)
gpio_in[18]                             0.200000    0.556472   -0.356472 (VIOLATED)
mprj/gpio_holdover[29]                  0.200000    0.555851   -0.355851 (VIOLATED)
mprj/gpio_ib_mode_sel[22]               0.200000    0.555573   -0.355573 (VIOLATED)
gpio_in[23]                             0.200000    0.554458   -0.354458 (VIOLATED)
mprj/gpio_slow_sel[12]                  0.200000    0.554272   -0.354272 (VIOLATED)
mprj/gpio_ib_mode_sel[17]               0.200000    0.552260   -0.352260 (VIOLATED)
gpio_in[10]                             0.200000    0.550945   -0.350945 (VIOLATED)
gpio_in[20]                             0.200000    0.550340   -0.350340 (VIOLATED)
mprj/gpio_analog_pol[28]                0.200000    0.548177   -0.348177 (VIOLATED)
mprj/gpio_dm0[7]                        0.200000    0.547203   -0.347203 (VIOLATED)
gpio_in[19]                             0.200000    0.546198   -0.346198 (VIOLATED)
mprj/gpio_out[9]                        0.200000    0.545281   -0.345281 (VIOLATED)
mprj/gpio_vtrip_sel[21]                 0.200000    0.545245   -0.345245 (VIOLATED)
mprj/gpio_analog_pol[22]                0.200000    0.544302   -0.344302 (VIOLATED)
mprj/gpio_inp_dis[21]                   0.200000    0.542381   -0.342381 (VIOLATED)
mprj/gpio_inp_dis[0]                    0.200000    0.540554   -0.340554 (VIOLATED)
mprj/gpio_analog_pol[8]                 0.200000    0.538669   -0.338669 (VIOLATED)
gpio_in[17]                             0.200000    0.535241   -0.335241 (VIOLATED)
mprj/gpio_inp_dis[3]                    0.200000    0.534817   -0.334817 (VIOLATED)
gpio_in[25]                             0.200000    0.533558   -0.333558 (VIOLATED)
mprj/gpio_ib_mode_sel[1]                0.200000    0.532713   -0.332713 (VIOLATED)
mprj/gpio_dm1[5]                        0.200000    0.532239   -0.332239 (VIOLATED)
mprj/gpio_dm1[6]                        0.200000    0.531884   -0.331884 (VIOLATED)
mprj/gpio_holdover[5]                   0.200000    0.530241   -0.330241 (VIOLATED)
mprj/gpio_inp_dis[23]                   0.200000    0.528838   -0.328838 (VIOLATED)
mprj/gpio_dm0[27]                       0.200000    0.527944   -0.327944 (VIOLATED)
mprj/gpio_inp_dis[4]                    0.200000    0.526701   -0.326701 (VIOLATED)
mprj/gpio_dm1[4]                        0.200000    0.526514   -0.326514 (VIOLATED)
mprj/gpio_vtrip_sel[7]                  0.200000    0.525780   -0.325780 (VIOLATED)
mprj/gpio_dm0[18]                       0.200000    0.525311   -0.325311 (VIOLATED)
mprj/gpio_analog_pol[41]                0.200000    0.524645   -0.324645 (VIOLATED)
mprj/gpio_analog_en[5]                  0.200000    0.524041   -0.324041 (VIOLATED)
mprj/gpio_dm0[4]                        0.200000    0.523674   -0.323674 (VIOLATED)
mprj/gpio_holdover[18]                  0.200000    0.523570   -0.323570 (VIOLATED)
mprj/gpio_out[6]                        0.200000    0.519491   -0.319491 (VIOLATED)
mprj/gpio_analog_pol[1]                 0.200000    0.518621   -0.318621 (VIOLATED)
mprj/gpio_dm1[1]                        0.200000    0.518064   -0.318064 (VIOLATED)
mprj/gpio_vtrip_sel[25]                 0.200000    0.516452   -0.316452 (VIOLATED)
mprj/gpio_inp_dis[28]                   0.200000    0.516161   -0.316161 (VIOLATED)
mprj/gpio_out[43]                       0.200000    0.515171   -0.315171 (VIOLATED)
gpio_in[26]                             0.200000    0.514386   -0.314386 (VIOLATED)
mprj/gpio_analog_sel[4]                 0.200000    0.512702   -0.312702 (VIOLATED)
mprj/gpio_dm1[43]                       0.200000    0.512540   -0.312540 (VIOLATED)
mprj/gpio_analog_sel[21]                0.200000    0.509572   -0.309572 (VIOLATED)
mprj/gpio_dm2[22]                       0.200000    0.509410   -0.309410 (VIOLATED)
mprj/gpio_analog_pol[23]                0.200000    0.508801   -0.308801 (VIOLATED)
mprj/gpio_out[27]                       0.200000    0.505969   -0.305969 (VIOLATED)
mprj/gpio_ib_mode_sel[0]                0.200000    0.505852   -0.305852 (VIOLATED)
mprj/gpio_oeb[22]                       0.200000    0.505469   -0.305469 (VIOLATED)
mprj/gpio_dm1[27]                       0.200000    0.505040   -0.305040 (VIOLATED)
mprj/gpio_dm1[25]                       0.200000    0.504593   -0.304593 (VIOLATED)
mprj/gpio_analog_en[2]                  0.200000    0.504527   -0.304527 (VIOLATED)
mprj/gpio_analog_sel[17]                0.200000    0.503587   -0.303587 (VIOLATED)
mprj/gpio_slow_sel[18]                  0.200000    0.503504   -0.303504 (VIOLATED)
mprj/gpio_analog_sel[18]                0.200000    0.503194   -0.303194 (VIOLATED)
mprj/gpio_slow_sel[8]                   0.200000    0.503073   -0.303073 (VIOLATED)
mprj/gpio_ib_mode_sel[23]               0.200000    0.500660   -0.300660 (VIOLATED)
mprj/gpio_dm1[3]                        0.200000    0.499924   -0.299924 (VIOLATED)
mprj/gpio_out[0]                        0.200000    0.499763   -0.299763 (VIOLATED)
mprj/gpio_out[28]                       0.200000    0.497719   -0.297719 (VIOLATED)
mprj/gpio_inp_dis[22]                   0.200000    0.496186   -0.296186 (VIOLATED)
mprj/gpio_oeb[3]                        0.200000    0.493335   -0.293334 (VIOLATED)
mprj/gpio_dm0[28]                       0.200000    0.491307   -0.291307 (VIOLATED)
mprj/gpio_ib_mode_sel[2]                0.200000    0.487817   -0.287817 (VIOLATED)
mprj/gpio_slow_sel[7]                   0.200000    0.487172   -0.287172 (VIOLATED)
mprj/gpio_dm2[41]                       0.200000    0.485953   -0.285953 (VIOLATED)
mprj/gpio_out[1]                        0.200000    0.485717   -0.285717 (VIOLATED)
mprj/gpio_analog_en[27]                 0.200000    0.484562   -0.284562 (VIOLATED)
mprj/gpio_analog_sel[30]                0.200000    0.482881   -0.282881 (VIOLATED)
mprj/gpio_inp_dis[9]                    0.200000    0.482428   -0.282428 (VIOLATED)
mprj/gpio_vtrip_sel[42]                 0.200000    0.482365   -0.282365 (VIOLATED)
mprj/gpio_vtrip_sel[18]                 0.200000    0.481818   -0.281818 (VIOLATED)
mprj/gpio_dm2[18]                       0.200000    0.480088   -0.280088 (VIOLATED)
mprj/gpio_slow_sel[3]                   0.200000    0.479290   -0.279290 (VIOLATED)
mprj/gpio_analog_sel[7]                 0.200000    0.477128   -0.277128 (VIOLATED)
mprj/gpio_vtrip_sel[24]                 0.200000    0.473628   -0.273628 (VIOLATED)
mprj/gpio_slow_sel[0]                   0.200000    0.471602   -0.271602 (VIOLATED)
mprj/gpio_inp_dis[27]                   0.200000    0.470507   -0.270507 (VIOLATED)
mprj/gpio_holdover[19]                  0.200000    0.469872   -0.269872 (VIOLATED)
mprj/gpio_out[7]                        0.200000    0.468105   -0.268105 (VIOLATED)
mprj/gpio_slow_sel[2]                   0.200000    0.466858   -0.266858 (VIOLATED)
mprj/gpio_analog_sel[25]                0.200000    0.466644   -0.266644 (VIOLATED)
mprj/gpio_ib_mode_sel[3]                0.200000    0.466464   -0.266464 (VIOLATED)
mprj/gpio_dm2[1]                        0.200000    0.465545   -0.265545 (VIOLATED)
mprj/gpio_inp_dis[42]                   0.200000    0.465252   -0.265252 (VIOLATED)
mprj/gpio_dm0[22]                       0.200000    0.465227   -0.265227 (VIOLATED)
mprj/gpio_dm0[30]                       0.200000    0.463932   -0.263932 (VIOLATED)
mprj/gpio_oeb[24]                       0.200000    0.462461   -0.262461 (VIOLATED)
mprj/gpio_dm1[41]                       0.200000    0.460917   -0.260917 (VIOLATED)
mprj/gpio_holdover[1]                   0.200000    0.460864   -0.260864 (VIOLATED)
mprj/gpio_dm1[42]                       0.200000    0.460493   -0.260493 (VIOLATED)
mprj/gpio_ib_mode_sel[27]               0.200000    0.459423   -0.259423 (VIOLATED)
mprj/gpio_dm1[21]                       0.200000    0.456846   -0.256846 (VIOLATED)
mprj/gpio_vtrip_sel[0]                  0.200000    0.455828   -0.255828 (VIOLATED)
mprj/gpio_out[24]                       0.200000    0.454733   -0.254733 (VIOLATED)
mprj/gpio_holdover[42]                  0.200000    0.454620   -0.254620 (VIOLATED)
mprj/gpio_dm2[5]                        0.200000    0.454481   -0.254481 (VIOLATED)
mprj/gpio_holdover[22]                  0.200000    0.452448   -0.252448 (VIOLATED)
mprj/gpio_dm0[21]                       0.200000    0.451370   -0.251370 (VIOLATED)
mprj/gpio_oeb[2]                        0.200000    0.451338   -0.251338 (VIOLATED)
mprj/gpio_dm0[3]                        0.200000    0.450091   -0.250091 (VIOLATED)
gpio_in[29]                             0.200000    0.449152   -0.249152 (VIOLATED)
mprj/gpio_ib_mode_sel[6]                0.200000    0.448705   -0.248705 (VIOLATED)
gpio_in[6]                              0.200000    0.447844   -0.247844 (VIOLATED)
mprj/gpio_vtrip_sel[19]                 0.200000    0.446100   -0.246100 (VIOLATED)
gpio_in[27]                             0.200000    0.444611   -0.244611 (VIOLATED)
mprj/gpio_dm1[19]                       0.200000    0.443869   -0.243869 (VIOLATED)
mprj/gpio_dm2[19]                       0.200000    0.442972   -0.242972 (VIOLATED)
mprj/gpio_holdover[30]                  0.200000    0.441468   -0.241468 (VIOLATED)
mprj/gpio_analog_en[29]                 0.200000    0.441438   -0.241438 (VIOLATED)
mprj/gpio_inp_dis[20]                   0.200000    0.441099   -0.241099 (VIOLATED)
mprj/gpio_analog_pol[20]                0.200000    0.440961   -0.240961 (VIOLATED)
mprj/gpio_out[3]                        0.200000    0.438861   -0.238861 (VIOLATED)
mprj/gpio_vtrip_sel[1]                  0.200000    0.438675   -0.238675 (VIOLATED)
mprj/gpio_analog_pol[30]                0.200000    0.437888   -0.237888 (VIOLATED)
mprj/gpio_ib_mode_sel[29]               0.200000    0.436670   -0.236670 (VIOLATED)
mprj/gpio_holdover[27]                  0.200000    0.435777   -0.235777 (VIOLATED)
mprj/gpio_analog_en[42]                 0.200000    0.434065   -0.234065 (VIOLATED)
mprj/gpio_analog_pol[27]                0.200000    0.433823   -0.233823 (VIOLATED)
mprj/gpio_slow_sel[19]                  0.200000    0.433404   -0.233404 (VIOLATED)
mprj/gpio_dm0[19]                       0.200000    0.432242   -0.232242 (VIOLATED)
mprj/gpio_ib_mode_sel[43]               0.200000    0.427856   -0.227856 (VIOLATED)
mprj/gpio_slow_sel[1]                   0.200000    0.427101   -0.227101 (VIOLATED)
mprj/gpio_analog_sel[28]                0.200000    0.426249   -0.226249 (VIOLATED)
gpio_in[5]                              0.200000    0.425440   -0.225440 (VIOLATED)
gpio_in[3]                              0.200000    0.424406   -0.224406 (VIOLATED)
mprj/gpio_analog_pol[29]                0.200000    0.423453   -0.223453 (VIOLATED)
mprj/gpio_analog_en[25]                 0.200000    0.421184   -0.221184 (VIOLATED)
mprj/gpio_analog_en[0]                  0.200000    0.420991   -0.220991 (VIOLATED)
mprj/gpio_inp_dis[29]                   0.200000    0.420954   -0.220954 (VIOLATED)
mprj/gpio_analog_sel[29]                0.200000    0.420912   -0.220912 (VIOLATED)
mprj/gpio_dm1[0]                        0.200000    0.419738   -0.219738 (VIOLATED)
mprj/gpio_slow_sel[40]                  0.200000    0.417566   -0.217566 (VIOLATED)
mprj/gpio_analog_sel[31]                0.200000    0.417277   -0.217277 (VIOLATED)
mprj/gpio_dm1[30]                       0.200000    0.416857   -0.216857 (VIOLATED)
mprj/gpio_dm1[28]                       0.200000    0.416602   -0.216602 (VIOLATED)
mprj/gpio_dm0[1]                        0.200000    0.415929   -0.215929 (VIOLATED)
mprj/gpio_vtrip_sel[28]                 0.200000    0.414792   -0.214792 (VIOLATED)
mprj/gpio_dm1[20]                       0.200000    0.413592   -0.213592 (VIOLATED)
mprj/gpio_ib_mode_sel[28]               0.200000    0.413561   -0.213561 (VIOLATED)
mprj/gpio_ib_mode_sel[5]                0.200000    0.412687   -0.212687 (VIOLATED)
mprj/gpio_out[23]                       0.200000    0.410054   -0.210054 (VIOLATED)
mprj/gpio_holdover[28]                  0.200000    0.409538   -0.209538 (VIOLATED)
mprj/gpio_analog_pol[21]                0.200000    0.409384   -0.209384 (VIOLATED)
mprj/gpio_ib_mode_sel[25]               0.200000    0.408320   -0.208320 (VIOLATED)
mprj/gpio_oeb[23]                       0.200000    0.407919   -0.207919 (VIOLATED)
gpio_in[28]                             0.200000    0.406532   -0.206532 (VIOLATED)
mprj/gpio_analog_en[4]                  0.200000    0.406173   -0.206173 (VIOLATED)
mprj/gpio_slow_sel[4]                   0.200000    0.405970   -0.205970 (VIOLATED)
mprj/gpio_inp_dis[19]                   0.200000    0.404094   -0.204094 (VIOLATED)
mprj/gpio_ib_mode_sel[40]               0.200000    0.402889   -0.202889 (VIOLATED)
mprj/gpio_slow_sel[6]                   0.200000    0.400238   -0.200238 (VIOLATED)
mprj/gpio_vtrip_sel[23]                 0.200000    0.397015   -0.197015 (VIOLATED)
mprj/gpio_vtrip_sel[3]                  0.200000    0.396476   -0.196476 (VIOLATED)
mprj/gpio_holdover[31]                  0.200000    0.396044   -0.196044 (VIOLATED)
mprj/gpio_analog_en[1]                  0.200000    0.394550   -0.194550 (VIOLATED)
mprj/gpio_dm0[31]                       0.200000    0.394462   -0.194462 (VIOLATED)
gpio_in[30]                             0.200000    0.392303   -0.192303 (VIOLATED)
mprj/gpio_out[22]                       0.200000    0.389781   -0.189781 (VIOLATED)
mprj/gpio_oeb[27]                       0.200000    0.389616   -0.189616 (VIOLATED)
mprj/gpio_oeb[43]                       0.200000    0.387255   -0.187255 (VIOLATED)
mprj/gpio_inp_dis[5]                    0.200000    0.386687   -0.186687 (VIOLATED)
mprj/gpio_dm2[28]                       0.200000    0.385710   -0.185710 (VIOLATED)
mprj/gpio_analog_sel[0]                 0.200000    0.385684   -0.185684 (VIOLATED)
mprj/gpio_holdover[32]                  0.200000    0.383976   -0.183976 (VIOLATED)
mprj/gpio_inp_dis[43]                   0.200000    0.383913   -0.183913 (VIOLATED)
mprj/gpio_analog_sel[1]                 0.200000    0.383651   -0.183651 (VIOLATED)
mprj/gpio_analog_en[40]                 0.200000    0.381445   -0.181445 (VIOLATED)
mprj/gpio_ib_mode_sel[21]               0.200000    0.378970   -0.178970 (VIOLATED)
mprj/gpio_inp_dis[1]                    0.200000    0.377947   -0.177947 (VIOLATED)
mprj/gpio_dm0[43]                       0.200000    0.377913   -0.177913 (VIOLATED)
mprj/gpio_dm0[6]                        0.200000    0.377473   -0.177473 (VIOLATED)
mprj/gpio_oeb[40]                       0.200000    0.376818   -0.176818 (VIOLATED)
mprj/gpio_dm2[2]                        0.200000    0.374191   -0.174191 (VIOLATED)
mprj/gpio_vtrip_sel[26]                 0.200000    0.373857   -0.173857 (VIOLATED)
mprj/gpio_slow_sel[25]                  0.200000    0.371204   -0.171204 (VIOLATED)
mprj/gpio_out[31]                       0.200000    0.369801   -0.169801 (VIOLATED)
mprj/gpio_dm2[20]                       0.200000    0.367912   -0.167912 (VIOLATED)
gpio_in[31]                             0.200000    0.367795   -0.167795 (VIOLATED)
mprj/gpio_analog_en[30]                 0.200000    0.366207   -0.166207 (VIOLATED)
mprj/gpio_out[26]                       0.200000    0.365706   -0.165706 (VIOLATED)
mprj/gpio_slow_sel[22]                  0.200000    0.364766   -0.164766 (VIOLATED)
mprj/gpio_slow_sel[23]                  0.200000    0.364130   -0.164130 (VIOLATED)
mprj/gpio_out[29]                       0.200000    0.363987   -0.163987 (VIOLATED)
mprj/gpio_slow_sel[41]                  0.200000    0.363724   -0.163724 (VIOLATED)
gpio_in[2]                              0.200000    0.363603   -0.163603 (VIOLATED)
mprj/gpio_analog_pol[26]                0.200000    0.363413   -0.163413 (VIOLATED)
mprj/gpio_dm0[32]                       0.200000    0.360174   -0.160174 (VIOLATED)
mprj/gpio_inp_dis[41]                   0.200000    0.360148   -0.160148 (VIOLATED)
mprj/gpio_oeb[4]                        0.200000    0.359808   -0.159808 (VIOLATED)
mprj/gpio_analog_sel[42]                0.200000    0.358923   -0.158923 (VIOLATED)
mprj/gpio_dm2[29]                       0.200000    0.358523   -0.158523 (VIOLATED)
mprj/gpio_holdover[0]                   0.200000    0.358486   -0.158486 (VIOLATED)
mprj/gpio_dm2[43]                       0.200000    0.357594   -0.157594 (VIOLATED)
mprj/gpio_analog_sel[41]                0.200000    0.356582   -0.156582 (VIOLATED)
mprj/gpio_analog_sel[5]                 0.200000    0.355852   -0.155852 (VIOLATED)
mprj/gpio_dm0[2]                        0.200000    0.355524   -0.155524 (VIOLATED)
mprj/gpio_ib_mode_sel[32]               0.200000    0.355519   -0.155519 (VIOLATED)
mprj/gpio_slow_sel[5]                   0.200000    0.355335   -0.155335 (VIOLATED)
mprj/gpio_vtrip_sel[27]                 0.200000    0.354461   -0.154461 (VIOLATED)
mprj/gpio_out[30]                       0.200000    0.354026   -0.154026 (VIOLATED)
mprj/gpio_slow_sel[26]                  0.200000    0.353751   -0.153751 (VIOLATED)
mprj/gpio_oeb[41]                       0.200000    0.352491   -0.152491 (VIOLATED)
mprj/gpio_vtrip_sel[31]                 0.200000    0.352093   -0.152093 (VIOLATED)
mprj/gpio_holdover[3]                   0.200000    0.350978   -0.150978 (VIOLATED)
mprj/gpio_analog_pol[5]                 0.200000    0.350898   -0.150898 (VIOLATED)
mprj/gpio_holdover[43]                  0.200000    0.348938   -0.148938 (VIOLATED)
mprj/gpio_out[25]                       0.200000    0.348474   -0.148474 (VIOLATED)
mprj/gpio_oeb[42]                       0.200000    0.348300   -0.148300 (VIOLATED)
mprj/gpio_ib_mode_sel[4]                0.200000    0.347437   -0.147437 (VIOLATED)
mprj/gpio_vtrip_sel[29]                 0.200000    0.347214   -0.147214 (VIOLATED)
mprj/gpio_analog_pol[3]                 0.200000    0.347104   -0.147104 (VIOLATED)
mprj/gpio_dm0[0]                        0.200000    0.346941   -0.146941 (VIOLATED)
mprj/gpio_slow_sel[39]                  0.200000    0.343040   -0.143040 (VIOLATED)
mprj/gpio_ib_mode_sel[30]               0.200000    0.342717   -0.142717 (VIOLATED)
mprj/gpio_analog_sel[43]                0.200000    0.342081   -0.142081 (VIOLATED)
gpio_in[0]                              0.200000    0.340760   -0.140760 (VIOLATED)
mprj/gpio_inp_dis[2]                    0.200000    0.338412   -0.138412 (VIOLATED)
mprj/gpio_vtrip_sel[41]                 0.200000    0.334567   -0.134567 (VIOLATED)
mprj/gpio_analog_en[41]                 0.200000    0.334326   -0.134326 (VIOLATED)
mprj/gpio_analog_pol[4]                 0.200000    0.334079   -0.134079 (VIOLATED)
mprj/gpio_ib_mode_sel[42]               0.200000    0.331890   -0.131890 (VIOLATED)
mprj/gpio_analog_en[43]                 0.200000    0.329177   -0.129177 (VIOLATED)
mprj/gpio_ib_mode_sel[37]               0.200000    0.328728   -0.128728 (VIOLATED)
mprj/gpio_dm0[29]                       0.200000    0.326163   -0.126163 (VIOLATED)
mprj/gpio_ib_mode_sel[31]               0.200000    0.326120   -0.126120 (VIOLATED)
mprj/gpio_dm2[35]                       0.200000    0.324871   -0.124871 (VIOLATED)
mprj/gpio_dm1[2]                        0.200000    0.324793   -0.124793 (VIOLATED)
mprj/gpio_inp_dis[31]                   0.200000    0.324424   -0.124424 (VIOLATED)
mprj/gpio_oeb[29]                       0.200000    0.323913   -0.123913 (VIOLATED)
mprj/gpio_out[33]                       0.200000    0.323306   -0.123306 (VIOLATED)
mprj/gpio_dm2[31]                       0.200000    0.319640   -0.119640 (VIOLATED)
mprj/gpio_analog_pol[31]                0.200000    0.317579   -0.117579 (VIOLATED)
mprj/gpio_vtrip_sel[43]                 0.200000    0.316776   -0.116776 (VIOLATED)
mprj/gpio_out[41]                       0.200000    0.315927   -0.115927 (VIOLATED)
mprj/gpio_oeb[25]                       0.200000    0.315156   -0.115156 (VIOLATED)
mprj/gpio_slow_sel[27]                  0.200000    0.313462   -0.113462 (VIOLATED)
mprj/gpio_dm2[33]                       0.200000    0.310941   -0.110941 (VIOLATED)
mprj/gpio_dm0[42]                       0.200000    0.310448   -0.110448 (VIOLATED)
gpio_in[1]                              0.200000    0.310113   -0.110113 (VIOLATED)
mprj/gpio_holdover[41]                  0.200000    0.307359   -0.107359 (VIOLATED)
mprj/gpio_slow_sel[43]                  0.200000    0.305646   -0.105646 (VIOLATED)
mprj/gpio_analog_sel[32]                0.200000    0.304179   -0.104179 (VIOLATED)
mprj/gpio_out[40]                       0.200000    0.302334   -0.102334 (VIOLATED)
mprj/gpio_dm2[36]                       0.200000    0.300428   -0.100428 (VIOLATED)
mprj/gpio_dm1[32]                       0.200000    0.300378   -0.100378 (VIOLATED)
mprj/gpio_dm2[30]                       0.200000    0.300124   -0.100124 (VIOLATED)
mprj/gpio_analog_pol[42]                0.200000    0.296154   -0.096154 (VIOLATED)
mprj/gpio_analog_pol[32]                0.200000    0.295316   -0.095316 (VIOLATED)
mprj/gpio_out[32]                       0.200000    0.294832   -0.094832 (VIOLATED)
mprj/gpio_oeb[26]                       0.200000    0.291454   -0.091454 (VIOLATED)
mprj/gpio_dm1[31]                       0.200000    0.290394   -0.090394 (VIOLATED)
mprj/gpio_vtrip_sel[35]                 0.200000    0.287466   -0.087466 (VIOLATED)
mprj/gpio_dm1[35]                       0.200000    0.286102   -0.086102 (VIOLATED)
mprj/gpio_analog_pol[43]                0.200000    0.283934   -0.083934 (VIOLATED)
mprj/gpio_vtrip_sel[30]                 0.200000    0.283528   -0.083528 (VIOLATED)
mprj/gpio_vtrip_sel[34]                 0.200000    0.279386   -0.079386 (VIOLATED)
mprj/gpio_inp_dis[35]                   0.200000    0.277718   -0.077718 (VIOLATED)
mprj/gpio_inp_dis[33]                   0.200000    0.276980   -0.076980 (VIOLATED)
mprj/gpio_dm2[42]                       0.200000    0.276736   -0.076736 (VIOLATED)
mprj/gpio_slow_sel[28]                  0.200000    0.274893   -0.074893 (VIOLATED)
gpio_in[32]                             0.200000    0.274329   -0.074329 (VIOLATED)
mprj/gpio_analog_en[32]                 0.200000    0.272683   -0.072683 (VIOLATED)
mprj/gpio_slow_sel[29]                  0.200000    0.272445   -0.072445 (VIOLATED)
mprj/gpio_analog_pol[34]                0.200000    0.272220   -0.072220 (VIOLATED)
mprj/gpio_vtrip_sel[33]                 0.200000    0.272019   -0.072019 (VIOLATED)
mprj/gpio_inp_dis[30]                   0.200000    0.269294   -0.069294 (VIOLATED)
mprj/gpio_inp_dis[40]                   0.200000    0.269037   -0.069037 (VIOLATED)
mprj/gpio_slow_sel[37]                  0.200000    0.268898   -0.068898 (VIOLATED)
mprj/gpio_analog_sel[35]                0.200000    0.265370   -0.065370 (VIOLATED)
mprj/gpio_analog_en[31]                 0.200000    0.265002   -0.065002 (VIOLATED)
mprj/gpio_dm2[32]                       0.200000    0.262038   -0.062038 (VIOLATED)
mprj/gpio_out[42]                       0.200000    0.261527   -0.061527 (VIOLATED)
mprj/gpio_slow_sel[42]                  0.200000    0.260295   -0.060295 (VIOLATED)
mprj/gpio_analog_en[35]                 0.200000    0.259580   -0.059580 (VIOLATED)
mprj/gpio_dm1[33]                       0.200000    0.258481   -0.058481 (VIOLATED)
mprj/gpio_dm2[40]                       0.200000    0.255920   -0.055920 (VIOLATED)
gpio_in[33]                             0.200000    0.255839   -0.055839 (VIOLATED)
mprj/gpio_ib_mode_sel[41]               0.200000    0.255802   -0.055802 (VIOLATED)
mprj/gpio_dm0[33]                       0.200000    0.252854   -0.052854 (VIOLATED)
mprj/gpio_vtrip_sel[39]                 0.200000    0.251980   -0.051980 (VIOLATED)
mprj/gpio_analog_en[33]                 0.200000    0.248315   -0.048315 (VIOLATED)
gpio_in[35]                             0.200000    0.244173   -0.044173 (VIOLATED)
gpio_in[38]                             0.200000    0.243787   -0.043787 (VIOLATED)
mprj/gpio_slow_sel[30]                  0.200000    0.243068   -0.043068 (VIOLATED)
mprj/gpio_oeb[28]                       0.200000    0.241251   -0.041251 (VIOLATED)
mprj/gpio_oeb[31]                       0.200000    0.241200   -0.041200 (VIOLATED)
mprj/gpio_vtrip_sel[40]                 0.200000    0.237655   -0.037655 (VIOLATED)
mprj/gpio_slow_sel[35]                  0.200000    0.236925   -0.036925 (VIOLATED)
mprj/gpio_ib_mode_sel[35]               0.200000    0.235297   -0.035297 (VIOLATED)
gpio_in[34]                             0.200000    0.234763   -0.034763 (VIOLATED)
mprj/gpio_oeb[36]                       0.200000    0.234670   -0.034670 (VIOLATED)
mprj/gpio_analog_sel[40]                0.200000    0.233465   -0.033465 (VIOLATED)
mprj/gpio_holdover[33]                  0.200000    0.232307   -0.032307 (VIOLATED)
mprj/gpio_analog_sel[33]                0.200000    0.232026   -0.032026 (VIOLATED)
mprj/gpio_analog_pol[33]                0.200000    0.230122   -0.030122 (VIOLATED)
gpio_in[36]                             0.200000    0.229878   -0.029878 (VIOLATED)
mprj/gpio_holdover[35]                  0.200000    0.229349   -0.029349 (VIOLATED)
mprj/gpio_inp_dis[34]                   0.200000    0.228102   -0.028102 (VIOLATED)
mprj/gpio_holdover[38]                  0.200000    0.226483   -0.026483 (VIOLATED)
mprj/gpio_inp_dis[32]                   0.200000    0.226035   -0.026035 (VIOLATED)
mprj/gpio_analog_en[39]                 0.200000    0.225475   -0.025475 (VIOLATED)
mprj/gpio_oeb[30]                       0.200000    0.225193   -0.025193 (VIOLATED)
mprj/gpio_dm0[34]                       0.200000    0.223922   -0.023922 (VIOLATED)
mprj/gpio_ib_mode_sel[33]               0.200000    0.223624   -0.023624 (VIOLATED)
mprj/gpio_dm1[38]                       0.200000    0.222682   -0.022682 (VIOLATED)
gpio_in[43]                             0.200000    0.222179   -0.022179 (VIOLATED)
mprj/gpio_analog_pol[38]                0.200000    0.220619   -0.020619 (VIOLATED)
mprj/gpio_slow_sel[31]                  0.200000    0.214888   -0.014888 (VIOLATED)
mprj/gpio_dm0[41]                       0.200000    0.211255   -0.011255 (VIOLATED)
mprj/gpio_analog_sel[34]                0.200000    0.211152   -0.011152 (VIOLATED)
mprj/gpio_dm0[39]                       0.200000    0.210885   -0.010885 (VIOLATED)
mprj/gpio_vtrip_sel[38]                 0.200000    0.210140   -0.010140 (VIOLATED)
mprj/gpio_dm2[39]                       0.200000    0.208900   -0.008900 (VIOLATED)
mprj/gpio_ib_mode_sel[34]               0.200000    0.208003   -0.008003 (VIOLATED)
mprj/gpio_analog_pol[40]                0.200000    0.207701   -0.007701 (VIOLATED)
mprj/gpio_oeb[37]                       0.200000    0.207612   -0.007612 (VIOLATED)
mprj/gpio_slow_sel[36]                  0.200000    0.206404   -0.006404 (VIOLATED)
mprj/gpio_dm2[38]                       0.200000    0.204665   -0.004665 (VIOLATED)
mprj/gpio_dm1[40]                       0.200000    0.203872   -0.003872 (VIOLATED)
mprj/gpio_analog_pol[35]                0.200000    0.200586   -0.000586 (VIOLATED)



===========================================================================
report_parasitic_annotation -report_unannotated
============================================================================
Found 256 unannotated drivers.
 analog_io[0]
 analog_io[10]
 analog_io[11]
 analog_io[12]
 analog_io[13]
 analog_io[14]
 analog_io[15]
 analog_io[16]
 analog_io[17]
 analog_io[18]
 analog_io[19]
 analog_io[1]
 analog_io[20]
 analog_io[21]
 analog_io[22]
 analog_io[23]
 analog_io[24]
 analog_io[25]
 analog_io[26]
 analog_io[27]
 analog_io[28]
 analog_io[29]
 analog_io[2]
 analog_io[30]
 analog_io[31]
 analog_io[32]
 analog_io[33]
 analog_io[34]
 analog_io[35]
 analog_io[36]
 analog_io[37]
 analog_io[38]
 analog_io[39]
 analog_io[3]
 analog_io[40]
 analog_io[41]
 analog_io[42]
 analog_io[43]
 analog_io[4]
 analog_io[5]
 analog_io[6]
 analog_io[7]
 analog_io[8]
 analog_io[9]
 analog_noesd_io[0]
 analog_noesd_io[10]
 analog_noesd_io[11]
 analog_noesd_io[12]
 analog_noesd_io[13]
 analog_noesd_io[14]
 analog_noesd_io[15]
 analog_noesd_io[16]
 analog_noesd_io[17]
 analog_noesd_io[18]
 analog_noesd_io[19]
 analog_noesd_io[1]
 analog_noesd_io[20]
 analog_noesd_io[21]
 analog_noesd_io[22]
 analog_noesd_io[23]
 analog_noesd_io[24]
 analog_noesd_io[25]
 analog_noesd_io[26]
 analog_noesd_io[27]
 analog_noesd_io[28]
 analog_noesd_io[29]
 analog_noesd_io[2]
 analog_noesd_io[30]
 analog_noesd_io[31]
 analog_noesd_io[32]
 analog_noesd_io[33]
 analog_noesd_io[34]
 analog_noesd_io[35]
 analog_noesd_io[36]
 analog_noesd_io[37]
 analog_noesd_io[38]
 analog_noesd_io[39]
 analog_noesd_io[3]
 analog_noesd_io[40]
 analog_noesd_io[41]
 analog_noesd_io[42]
 analog_noesd_io[43]
 analog_noesd_io[4]
 analog_noesd_io[5]
 analog_noesd_io[6]
 analog_noesd_io[7]
 analog_noesd_io[8]
 analog_noesd_io[9]
 gpio_in_h[0]
 gpio_in_h[10]
 gpio_in_h[11]
 gpio_in_h[12]
 gpio_in_h[13]
 gpio_in_h[14]
 gpio_in_h[15]
 gpio_in_h[16]
 gpio_in_h[17]
 gpio_in_h[18]
 gpio_in_h[19]
 gpio_in_h[1]
 gpio_in_h[20]
 gpio_in_h[21]
 gpio_in_h[22]
 gpio_in_h[23]
 gpio_in_h[24]
 gpio_in_h[25]
 gpio_in_h[26]
 gpio_in_h[27]
 gpio_in_h[28]
 gpio_in_h[29]
 gpio_in_h[2]
 gpio_in_h[30]
 gpio_in_h[31]
 gpio_in_h[32]
 gpio_in_h[33]
 gpio_in_h[34]
 gpio_in_h[35]
 gpio_in_h[36]
 gpio_in_h[37]
 gpio_in_h[38]
 gpio_in_h[39]
 gpio_in_h[3]
 gpio_in_h[40]
 gpio_in_h[41]
 gpio_in_h[42]
 gpio_in_h[43]
 gpio_in_h[4]
 gpio_in_h[5]
 gpio_in_h[6]
 gpio_in_h[7]
 gpio_in_h[8]
 gpio_in_h[9]
 gpio_loopback_one[0]
 gpio_loopback_one[10]
 gpio_loopback_one[11]
 gpio_loopback_one[12]
 gpio_loopback_one[13]
 gpio_loopback_one[14]
 gpio_loopback_one[15]
 gpio_loopback_one[16]
 gpio_loopback_one[17]
 gpio_loopback_one[18]
 gpio_loopback_one[19]
 gpio_loopback_one[1]
 gpio_loopback_one[20]
 gpio_loopback_one[21]
 gpio_loopback_one[22]
 gpio_loopback_one[23]
 gpio_loopback_one[24]
 gpio_loopback_one[25]
 gpio_loopback_one[26]
 gpio_loopback_one[27]
 gpio_loopback_one[28]
 gpio_loopback_one[29]
 gpio_loopback_one[2]
 gpio_loopback_one[30]
 gpio_loopback_one[31]
 gpio_loopback_one[32]
 gpio_loopback_one[33]
 gpio_loopback_one[34]
 gpio_loopback_one[35]
 gpio_loopback_one[36]
 gpio_loopback_one[37]
 gpio_loopback_one[38]
 gpio_loopback_one[39]
 gpio_loopback_one[3]
 gpio_loopback_one[40]
 gpio_loopback_one[41]
 gpio_loopback_one[42]
 gpio_loopback_one[43]
 gpio_loopback_one[4]
 gpio_loopback_one[5]
 gpio_loopback_one[6]
 gpio_loopback_one[7]
 gpio_loopback_one[8]
 gpio_loopback_one[9]
 gpio_loopback_zero[0]
 gpio_loopback_zero[10]
 gpio_loopback_zero[11]
 gpio_loopback_zero[12]
 gpio_loopback_zero[13]
 gpio_loopback_zero[14]
 gpio_loopback_zero[15]
 gpio_loopback_zero[16]
 gpio_loopback_zero[17]
 gpio_loopback_zero[18]
 gpio_loopback_zero[19]
 gpio_loopback_zero[1]
 gpio_loopback_zero[20]
 gpio_loopback_zero[21]
 gpio_loopback_zero[22]
 gpio_loopback_zero[23]
 gpio_loopback_zero[24]
 gpio_loopback_zero[25]
 gpio_loopback_zero[26]
 gpio_loopback_zero[27]
 gpio_loopback_zero[28]
 gpio_loopback_zero[29]
 gpio_loopback_zero[2]
 gpio_loopback_zero[30]
 gpio_loopback_zero[31]
 gpio_loopback_zero[32]
 gpio_loopback_zero[33]
 gpio_loopback_zero[34]
 gpio_loopback_zero[35]
 gpio_loopback_zero[36]
 gpio_loopback_zero[37]
 gpio_loopback_zero[38]
 gpio_loopback_zero[39]
 gpio_loopback_zero[3]
 gpio_loopback_zero[40]
 gpio_loopback_zero[41]
 gpio_loopback_zero[42]
 gpio_loopback_zero[43]
 gpio_loopback_zero[4]
 gpio_loopback_zero[5]
 gpio_loopback_zero[6]
 gpio_loopback_zero[7]
 gpio_loopback_zero[8]
 gpio_loopback_zero[9]
 mask_rev[0]
 mask_rev[10]
 mask_rev[11]
 mask_rev[12]
 mask_rev[13]
 mask_rev[14]
 mask_rev[15]
 mask_rev[16]
 mask_rev[17]
 mask_rev[18]
 mask_rev[19]
 mask_rev[1]
 mask_rev[20]
 mask_rev[21]
 mask_rev[22]
 mask_rev[23]
 mask_rev[24]
 mask_rev[25]
 mask_rev[26]
 mask_rev[27]
 mask_rev[28]
 mask_rev[29]
 mask_rev[2]
 mask_rev[30]
 mask_rev[31]
 mask_rev[3]
 mask_rev[4]
 mask_rev[5]
 mask_rev[6]
 mask_rev[7]
 mask_rev[8]
 mask_rev[9]
 por_l
 porb_h
 porb_l
 resetb_h
Found 0 partially unannotated drivers.

===========================================================================
max slew violation count 393
max fanout violation count 0
max cap violation count 558
============================================================================

===========================================================================
check_setup -verbose -unconstrained_endpoints -multiple_clock -no_clock -no_input_delay -loops -generated_clocks
===========================================================================
Warning: There is 1 unclocked register/latch pin.
  mprj/gpio_in[38]
Warning: There are 657 unconstrained endpoints.
  analog_io[0]
  analog_io[10]
  analog_io[11]
  analog_io[12]
  analog_io[13]
  analog_io[14]
  analog_io[15]
  analog_io[16]
  analog_io[17]
  analog_io[18]
  analog_io[19]
  analog_io[1]
  analog_io[20]
  analog_io[21]
  analog_io[22]
  analog_io[23]
  analog_io[24]
  analog_io[25]
  analog_io[26]
  analog_io[27]
  analog_io[28]
  analog_io[29]
  analog_io[2]
  analog_io[30]
  analog_io[31]
  analog_io[32]
  analog_io[33]
  analog_io[34]
  analog_io[35]
  analog_io[36]
  analog_io[37]
  analog_io[38]
  analog_io[39]
  analog_io[3]
  analog_io[40]
  analog_io[41]
  analog_io[42]
  analog_io[43]
  analog_io[4]
  analog_io[5]
  analog_io[6]
  analog_io[7]
  analog_io[8]
  analog_io[9]
  analog_noesd_io[0]
  analog_noesd_io[10]
  analog_noesd_io[11]
  analog_noesd_io[12]
  analog_noesd_io[13]
  analog_noesd_io[14]
  analog_noesd_io[15]
  analog_noesd_io[16]
  analog_noesd_io[17]
  analog_noesd_io[18]
  analog_noesd_io[19]
  analog_noesd_io[1]
  analog_noesd_io[20]
  analog_noesd_io[21]
  analog_noesd_io[22]
  analog_noesd_io[23]
  analog_noesd_io[24]
  analog_noesd_io[25]
  analog_noesd_io[26]
  analog_noesd_io[27]
  analog_noesd_io[28]
  analog_noesd_io[29]
  analog_noesd_io[2]
  analog_noesd_io[30]
  analog_noesd_io[31]
  analog_noesd_io[32]
  analog_noesd_io[33]
  analog_noesd_io[34]
  analog_noesd_io[35]
  analog_noesd_io[36]
  analog_noesd_io[37]
  analog_noesd_io[38]
  analog_noesd_io[39]
  analog_noesd_io[3]
  analog_noesd_io[40]
  analog_noesd_io[41]
  analog_noesd_io[42]
  analog_noesd_io[43]
  analog_noesd_io[4]
  analog_noesd_io[5]
  analog_noesd_io[6]
  analog_noesd_io[7]
  analog_noesd_io[8]
  analog_noesd_io[9]
  gpio_analog_en[0]
  gpio_analog_en[10]
  gpio_analog_en[11]
  gpio_analog_en[12]
  gpio_analog_en[13]
  gpio_analog_en[14]
  gpio_analog_en[15]
  gpio_analog_en[16]
  gpio_analog_en[17]
  gpio_analog_en[18]
  gpio_analog_en[19]
  gpio_analog_en[1]
  gpio_analog_en[20]
  gpio_analog_en[21]
  gpio_analog_en[22]
  gpio_analog_en[23]
  gpio_analog_en[24]
  gpio_analog_en[25]
  gpio_analog_en[26]
  gpio_analog_en[27]
  gpio_analog_en[28]
  gpio_analog_en[29]
  gpio_analog_en[2]
  gpio_analog_en[30]
  gpio_analog_en[31]
  gpio_analog_en[32]
  gpio_analog_en[33]
  gpio_analog_en[34]
  gpio_analog_en[35]
  gpio_analog_en[36]
  gpio_analog_en[37]
  gpio_analog_en[38]
  gpio_analog_en[39]
  gpio_analog_en[3]
  gpio_analog_en[40]
  gpio_analog_en[41]
  gpio_analog_en[42]
  gpio_analog_en[43]
  gpio_analog_en[4]
  gpio_analog_en[5]
  gpio_analog_en[6]
  gpio_analog_en[7]
  gpio_analog_en[8]
  gpio_analog_en[9]
  gpio_analog_pol[0]
  gpio_analog_pol[10]
  gpio_analog_pol[11]
  gpio_analog_pol[12]
  gpio_analog_pol[13]
  gpio_analog_pol[14]
  gpio_analog_pol[15]
  gpio_analog_pol[16]
  gpio_analog_pol[17]
  gpio_analog_pol[18]
  gpio_analog_pol[19]
  gpio_analog_pol[1]
  gpio_analog_pol[20]
  gpio_analog_pol[21]
  gpio_analog_pol[22]
  gpio_analog_pol[23]
  gpio_analog_pol[24]
  gpio_analog_pol[25]
  gpio_analog_pol[26]
  gpio_analog_pol[27]
  gpio_analog_pol[28]
  gpio_analog_pol[29]
  gpio_analog_pol[2]
  gpio_analog_pol[30]
  gpio_analog_pol[31]
  gpio_analog_pol[32]
  gpio_analog_pol[33]
  gpio_analog_pol[34]
  gpio_analog_pol[35]
  gpio_analog_pol[36]
  gpio_analog_pol[37]
  gpio_analog_pol[38]
  gpio_analog_pol[39]
  gpio_analog_pol[3]
  gpio_analog_pol[40]
  gpio_analog_pol[41]
  gpio_analog_pol[42]
  gpio_analog_pol[43]
  gpio_analog_pol[4]
  gpio_analog_pol[5]
  gpio_analog_pol[6]
  gpio_analog_pol[7]
  gpio_analog_pol[8]
  gpio_analog_pol[9]
  gpio_analog_sel[0]
  gpio_analog_sel[10]
  gpio_analog_sel[11]
  gpio_analog_sel[12]
  gpio_analog_sel[13]
  gpio_analog_sel[14]
  gpio_analog_sel[15]
  gpio_analog_sel[16]
  gpio_analog_sel[17]
  gpio_analog_sel[18]
  gpio_analog_sel[19]
  gpio_analog_sel[1]
  gpio_analog_sel[20]
  gpio_analog_sel[21]
  gpio_analog_sel[22]
  gpio_analog_sel[23]
  gpio_analog_sel[24]
  gpio_analog_sel[25]
  gpio_analog_sel[26]
  gpio_analog_sel[27]
  gpio_analog_sel[28]
  gpio_analog_sel[29]
  gpio_analog_sel[2]
  gpio_analog_sel[30]
  gpio_analog_sel[31]
  gpio_analog_sel[32]
  gpio_analog_sel[33]
  gpio_analog_sel[34]
  gpio_analog_sel[35]
  gpio_analog_sel[36]
  gpio_analog_sel[37]
  gpio_analog_sel[38]
  gpio_analog_sel[39]
  gpio_analog_sel[3]
  gpio_analog_sel[40]
  gpio_analog_sel[41]
  gpio_analog_sel[42]
  gpio_analog_sel[43]
  gpio_analog_sel[4]
  gpio_analog_sel[5]
  gpio_analog_sel[6]
  gpio_analog_sel[7]
  gpio_analog_sel[8]
  gpio_analog_sel[9]
  gpio_dm0[0]
  gpio_dm0[10]
  gpio_dm0[11]
  gpio_dm0[12]
  gpio_dm0[13]
  gpio_dm0[14]
  gpio_dm0[15]
  gpio_dm0[16]
  gpio_dm0[17]
  gpio_dm0[18]
  gpio_dm0[19]
  gpio_dm0[1]
  gpio_dm0[20]
  gpio_dm0[21]
  gpio_dm0[22]
  gpio_dm0[23]
  gpio_dm0[24]
  gpio_dm0[25]
  gpio_dm0[26]
  gpio_dm0[27]
  gpio_dm0[28]
  gpio_dm0[29]
  gpio_dm0[2]
  gpio_dm0[30]
  gpio_dm0[31]
  gpio_dm0[32]
  gpio_dm0[33]
  gpio_dm0[34]
  gpio_dm0[35]
  gpio_dm0[36]
  gpio_dm0[37]
  gpio_dm0[38]
  gpio_dm0[39]
  gpio_dm0[3]
  gpio_dm0[40]
  gpio_dm0[41]
  gpio_dm0[42]
  gpio_dm0[43]
  gpio_dm0[4]
  gpio_dm0[5]
  gpio_dm0[6]
  gpio_dm0[7]
  gpio_dm0[8]
  gpio_dm0[9]
  gpio_dm1[0]
  gpio_dm1[10]
  gpio_dm1[11]
  gpio_dm1[12]
  gpio_dm1[13]
  gpio_dm1[14]
  gpio_dm1[15]
  gpio_dm1[16]
  gpio_dm1[17]
  gpio_dm1[18]
  gpio_dm1[19]
  gpio_dm1[1]
  gpio_dm1[20]
  gpio_dm1[21]
  gpio_dm1[22]
  gpio_dm1[23]
  gpio_dm1[24]
  gpio_dm1[25]
  gpio_dm1[26]
  gpio_dm1[27]
  gpio_dm1[28]
  gpio_dm1[29]
  gpio_dm1[2]
  gpio_dm1[30]
  gpio_dm1[31]
  gpio_dm1[32]
  gpio_dm1[33]
  gpio_dm1[34]
  gpio_dm1[35]
  gpio_dm1[36]
  gpio_dm1[37]
  gpio_dm1[38]
  gpio_dm1[39]
  gpio_dm1[3]
  gpio_dm1[40]
  gpio_dm1[41]
  gpio_dm1[42]
  gpio_dm1[43]
  gpio_dm1[4]
  gpio_dm1[5]
  gpio_dm1[6]
  gpio_dm1[7]
  gpio_dm1[8]
  gpio_dm1[9]
  gpio_dm2[0]
  gpio_dm2[10]
  gpio_dm2[11]
  gpio_dm2[12]
  gpio_dm2[13]
  gpio_dm2[14]
  gpio_dm2[15]
  gpio_dm2[16]
  gpio_dm2[17]
  gpio_dm2[18]
  gpio_dm2[19]
  gpio_dm2[1]
  gpio_dm2[20]
  gpio_dm2[21]
  gpio_dm2[22]
  gpio_dm2[23]
  gpio_dm2[24]
  gpio_dm2[25]
  gpio_dm2[26]
  gpio_dm2[27]
  gpio_dm2[28]
  gpio_dm2[29]
  gpio_dm2[2]
  gpio_dm2[30]
  gpio_dm2[31]
  gpio_dm2[32]
  gpio_dm2[33]
  gpio_dm2[34]
  gpio_dm2[35]
  gpio_dm2[36]
  gpio_dm2[37]
  gpio_dm2[38]
  gpio_dm2[39]
  gpio_dm2[3]
  gpio_dm2[40]
  gpio_dm2[41]
  gpio_dm2[42]
  gpio_dm2[43]
  gpio_dm2[4]
  gpio_dm2[5]
  gpio_dm2[6]
  gpio_dm2[7]
  gpio_dm2[8]
  gpio_dm2[9]
  gpio_holdover[0]
  gpio_holdover[10]
  gpio_holdover[11]
  gpio_holdover[12]
  gpio_holdover[13]
  gpio_holdover[14]
  gpio_holdover[15]
  gpio_holdover[16]
  gpio_holdover[17]
  gpio_holdover[18]
  gpio_holdover[19]
  gpio_holdover[1]
  gpio_holdover[20]
  gpio_holdover[21]
  gpio_holdover[22]
  gpio_holdover[23]
  gpio_holdover[24]
  gpio_holdover[25]
  gpio_holdover[26]
  gpio_holdover[27]
  gpio_holdover[28]
  gpio_holdover[29]
  gpio_holdover[2]
  gpio_holdover[30]
  gpio_holdover[31]
  gpio_holdover[32]
  gpio_holdover[33]
  gpio_holdover[34]
  gpio_holdover[35]
  gpio_holdover[36]
  gpio_holdover[37]
  gpio_holdover[38]
  gpio_holdover[39]
  gpio_holdover[3]
  gpio_holdover[40]
  gpio_holdover[41]
  gpio_holdover[42]
  gpio_holdover[43]
  gpio_holdover[4]
  gpio_holdover[5]
  gpio_holdover[6]
  gpio_holdover[7]
  gpio_holdover[8]
  gpio_holdover[9]
  gpio_ib_mode_sel[0]
  gpio_ib_mode_sel[10]
  gpio_ib_mode_sel[11]
  gpio_ib_mode_sel[12]
  gpio_ib_mode_sel[13]
  gpio_ib_mode_sel[14]
  gpio_ib_mode_sel[15]
  gpio_ib_mode_sel[16]
  gpio_ib_mode_sel[17]
  gpio_ib_mode_sel[18]
  gpio_ib_mode_sel[19]
  gpio_ib_mode_sel[1]
  gpio_ib_mode_sel[20]
  gpio_ib_mode_sel[21]
  gpio_ib_mode_sel[22]
  gpio_ib_mode_sel[23]
  gpio_ib_mode_sel[24]
  gpio_ib_mode_sel[25]
  gpio_ib_mode_sel[26]
  gpio_ib_mode_sel[27]
  gpio_ib_mode_sel[28]
  gpio_ib_mode_sel[29]
  gpio_ib_mode_sel[2]
  gpio_ib_mode_sel[30]
  gpio_ib_mode_sel[31]
  gpio_ib_mode_sel[32]
  gpio_ib_mode_sel[33]
  gpio_ib_mode_sel[34]
  gpio_ib_mode_sel[35]
  gpio_ib_mode_sel[36]
  gpio_ib_mode_sel[37]
  gpio_ib_mode_sel[38]
  gpio_ib_mode_sel[39]
  gpio_ib_mode_sel[3]
  gpio_ib_mode_sel[40]
  gpio_ib_mode_sel[41]
  gpio_ib_mode_sel[42]
  gpio_ib_mode_sel[43]
  gpio_ib_mode_sel[4]
  gpio_ib_mode_sel[5]
  gpio_ib_mode_sel[6]
  gpio_ib_mode_sel[7]
  gpio_ib_mode_sel[8]
  gpio_ib_mode_sel[9]
  gpio_inp_dis[0]
  gpio_inp_dis[10]
  gpio_inp_dis[11]
  gpio_inp_dis[12]
  gpio_inp_dis[13]
  gpio_inp_dis[14]
  gpio_inp_dis[15]
  gpio_inp_dis[16]
  gpio_inp_dis[17]
  gpio_inp_dis[18]
  gpio_inp_dis[19]
  gpio_inp_dis[1]
  gpio_inp_dis[20]
  gpio_inp_dis[21]
  gpio_inp_dis[22]
  gpio_inp_dis[23]
  gpio_inp_dis[24]
  gpio_inp_dis[25]
  gpio_inp_dis[26]
  gpio_inp_dis[27]
  gpio_inp_dis[28]
  gpio_inp_dis[29]
  gpio_inp_dis[2]
  gpio_inp_dis[30]
  gpio_inp_dis[31]
  gpio_inp_dis[32]
  gpio_inp_dis[33]
  gpio_inp_dis[34]
  gpio_inp_dis[35]
  gpio_inp_dis[36]
  gpio_inp_dis[37]
  gpio_inp_dis[38]
  gpio_inp_dis[39]
  gpio_inp_dis[3]
  gpio_inp_dis[40]
  gpio_inp_dis[41]
  gpio_inp_dis[42]
  gpio_inp_dis[43]
  gpio_inp_dis[4]
  gpio_inp_dis[5]
  gpio_inp_dis[6]
  gpio_inp_dis[7]
  gpio_inp_dis[8]
  gpio_inp_dis[9]
  gpio_oeb[0]
  gpio_oeb[10]
  gpio_oeb[11]
  gpio_oeb[12]
  gpio_oeb[13]
  gpio_oeb[14]
  gpio_oeb[15]
  gpio_oeb[16]
  gpio_oeb[17]
  gpio_oeb[1]
  gpio_oeb[22]
  gpio_oeb[23]
  gpio_oeb[24]
  gpio_oeb[25]
  gpio_oeb[26]
  gpio_oeb[27]
  gpio_oeb[28]
  gpio_oeb[29]
  gpio_oeb[2]
  gpio_oeb[30]
  gpio_oeb[31]
  gpio_oeb[32]
  gpio_oeb[33]
  gpio_oeb[34]
  gpio_oeb[35]
  gpio_oeb[36]
  gpio_oeb[37]
  gpio_oeb[38]
  gpio_oeb[39]
  gpio_oeb[3]
  gpio_oeb[40]
  gpio_oeb[41]
  gpio_oeb[42]
  gpio_oeb[43]
  gpio_oeb[4]
  gpio_oeb[5]
  gpio_oeb[6]
  gpio_oeb[7]
  gpio_oeb[8]
  gpio_oeb[9]
  gpio_out[0]
  gpio_out[10]
  gpio_out[11]
  gpio_out[12]
  gpio_out[13]
  gpio_out[14]
  gpio_out[15]
  gpio_out[16]
  gpio_out[17]
  gpio_out[18]
  gpio_out[19]
  gpio_out[1]
  gpio_out[20]
  gpio_out[21]
  gpio_out[22]
  gpio_out[23]
  gpio_out[24]
  gpio_out[25]
  gpio_out[26]
  gpio_out[27]
  gpio_out[28]
  gpio_out[29]
  gpio_out[2]
  gpio_out[30]
  gpio_out[31]
  gpio_out[32]
  gpio_out[33]
  gpio_out[34]
  gpio_out[35]
  gpio_out[36]
  gpio_out[37]
  gpio_out[38]
  gpio_out[39]
  gpio_out[3]
  gpio_out[40]
  gpio_out[41]
  gpio_out[42]
  gpio_out[43]
  gpio_out[4]
  gpio_out[5]
  gpio_out[6]
  gpio_out[7]
  gpio_out[8]
  gpio_out[9]
  gpio_slow_sel[0]
  gpio_slow_sel[10]
  gpio_slow_sel[11]
  gpio_slow_sel[12]
  gpio_slow_sel[13]
  gpio_slow_sel[14]
  gpio_slow_sel[15]
  gpio_slow_sel[16]
  gpio_slow_sel[17]
  gpio_slow_sel[18]
  gpio_slow_sel[19]
  gpio_slow_sel[1]
  gpio_slow_sel[20]
  gpio_slow_sel[21]
  gpio_slow_sel[22]
  gpio_slow_sel[23]
  gpio_slow_sel[24]
  gpio_slow_sel[25]
  gpio_slow_sel[26]
  gpio_slow_sel[27]
  gpio_slow_sel[28]
  gpio_slow_sel[29]
  gpio_slow_sel[2]
  gpio_slow_sel[30]
  gpio_slow_sel[31]
  gpio_slow_sel[32]
  gpio_slow_sel[33]
  gpio_slow_sel[34]
  gpio_slow_sel[35]
  gpio_slow_sel[36]
  gpio_slow_sel[37]
  gpio_slow_sel[38]
  gpio_slow_sel[39]
  gpio_slow_sel[3]
  gpio_slow_sel[40]
  gpio_slow_sel[41]
  gpio_slow_sel[42]
  gpio_slow_sel[43]
  gpio_slow_sel[4]
  gpio_slow_sel[5]
  gpio_slow_sel[6]
  gpio_slow_sel[7]
  gpio_slow_sel[8]
  gpio_slow_sel[9]
  gpio_vtrip_sel[0]
  gpio_vtrip_sel[10]
  gpio_vtrip_sel[11]
  gpio_vtrip_sel[12]
  gpio_vtrip_sel[13]
  gpio_vtrip_sel[14]
  gpio_vtrip_sel[15]
  gpio_vtrip_sel[16]
  gpio_vtrip_sel[17]
  gpio_vtrip_sel[18]
  gpio_vtrip_sel[19]
  gpio_vtrip_sel[1]
  gpio_vtrip_sel[20]
  gpio_vtrip_sel[21]
  gpio_vtrip_sel[22]
  gpio_vtrip_sel[23]
  gpio_vtrip_sel[24]
  gpio_vtrip_sel[25]
  gpio_vtrip_sel[26]
  gpio_vtrip_sel[27]
  gpio_vtrip_sel[28]
  gpio_vtrip_sel[29]
  gpio_vtrip_sel[2]
  gpio_vtrip_sel[30]
  gpio_vtrip_sel[31]
  gpio_vtrip_sel[32]
  gpio_vtrip_sel[33]
  gpio_vtrip_sel[34]
  gpio_vtrip_sel[35]
  gpio_vtrip_sel[36]
  gpio_vtrip_sel[37]
  gpio_vtrip_sel[38]
  gpio_vtrip_sel[39]
  gpio_vtrip_sel[3]
  gpio_vtrip_sel[40]
  gpio_vtrip_sel[41]
  gpio_vtrip_sel[42]
  gpio_vtrip_sel[43]
  gpio_vtrip_sel[4]
  gpio_vtrip_sel[5]
  gpio_vtrip_sel[6]
  gpio_vtrip_sel[7]
  gpio_vtrip_sel[8]
  gpio_vtrip_sel[9]
  mprj/resetb_l
