
===========================================================================
report_checks -path_delay max (Setup)
============================================================================
======================= nom_ff_n40C_1v95 Corner ===================================

Startpoint: gpio_in[0] (input port clocked by gpio_in[38])
Endpoint: gpio_oeb[21] (output port clocked by gpio_in[38])
Path Group: gpio_in[38]
Path Type: max

Fanout         Cap        Slew       Delay        Time   Description
---------------------------------------------------------------------------------------------
                                  0.000000    0.000000   clock gpio_in[38] (rise edge)
                                  0.000000    0.000000   clock network delay (propagated)
                                  5.000000    5.000000 v input external delay
     2    0.003868    0.006292    0.003213    5.003213 v gpio_in[0] (in)
                                                         gpio_in[0] (net)
                      0.006292    0.000000    5.003213 v input1/A (sky130_fd_sc_hd__clkbuf_4)
     3    0.047077    0.074027    0.122301    5.125515 v input1/X (sky130_fd_sc_hd__clkbuf_4)
                                                         net1 (net)
                      0.076158    0.009944    5.135458 v _044_/A (sky130_fd_sc_hd__inv_2)
     9    0.047195    0.163411    0.146061    5.281519 ^ _044_/Y (sky130_fd_sc_hd__inv_2)
                                                         bidir_oeb (net)
                      0.164218    0.009330    5.290850 ^ _654_/A (sky130_fd_sc_hd__clkbuf_1)
     1    0.006086    0.060248    0.079843    5.370692 ^ _654_/X (sky130_fd_sc_hd__clkbuf_1)
                                                         net6 (net)
                      0.060248    0.000224    5.370916 ^ output6/A (sky130_fd_sc_hd__buf_2)
     1    0.034393    0.128605    0.145811    5.516727 ^ output6/X (sky130_fd_sc_hd__buf_2)
                                                         gpio_oeb[21] (net)
                      0.128611    0.000747    5.517475 ^ gpio_oeb[21] (out)
                                              5.517475   data arrival time

                                 25.000000   25.000000   clock gpio_in[38] (rise edge)
                                  0.000000   25.000000   clock network delay (propagated)
                                 -0.250000   24.750000   clock uncertainty
                                  0.000000   24.750000   clock reconvergence pessimism
                                 -5.000000   19.750000   output external delay
                                             19.750000   data required time
---------------------------------------------------------------------------------------------
                                             19.750000   data required time
                                             -5.517475   data arrival time
---------------------------------------------------------------------------------------------
                                             14.232525   slack (MET)


Startpoint: gpio_in[0] (input port clocked by gpio_in[38])
Endpoint: gpio_oeb[18] (output port clocked by gpio_in[38])
Path Group: gpio_in[38]
Path Type: max

Fanout         Cap        Slew       Delay        Time   Description
---------------------------------------------------------------------------------------------
                                  0.000000    0.000000   clock gpio_in[38] (rise edge)
                                  0.000000    0.000000   clock network delay (propagated)
                                  5.000000    5.000000 v input external delay
     2    0.003868    0.006292    0.003213    5.003213 v gpio_in[0] (in)
                                                         gpio_in[0] (net)
                      0.006292    0.000000    5.003213 v input1/A (sky130_fd_sc_hd__clkbuf_4)
     3    0.047077    0.074027    0.122301    5.125515 v input1/X (sky130_fd_sc_hd__clkbuf_4)
                                                         net1 (net)
                      0.076158    0.009944    5.135458 v _044_/A (sky130_fd_sc_hd__inv_2)
     9    0.047195    0.163411    0.146061    5.281519 ^ _044_/Y (sky130_fd_sc_hd__inv_2)
                                                         bidir_oeb (net)
                      0.164120    0.008768    5.290287 ^ _651_/A (sky130_fd_sc_hd__clkbuf_1)
     1    0.002628    0.032488    0.059357    5.349645 ^ _651_/X (sky130_fd_sc_hd__clkbuf_1)
                                                         net3 (net)
                      0.032488    0.000075    5.349719 ^ output3/A (sky130_fd_sc_hd__buf_2)
     1    0.034393    0.128655    0.137923    5.487642 ^ output3/X (sky130_fd_sc_hd__buf_2)
                                                         gpio_oeb[18] (net)
                      0.128661    0.000747    5.488390 ^ gpio_oeb[18] (out)
                                              5.488390   data arrival time

                                 25.000000   25.000000   clock gpio_in[38] (rise edge)
                                  0.000000   25.000000   clock network delay (propagated)
                                 -0.250000   24.750000   clock uncertainty
                                  0.000000   24.750000   clock reconvergence pessimism
                                 -5.000000   19.750000   output external delay
                                             19.750000   data required time
---------------------------------------------------------------------------------------------
                                             19.750000   data required time
                                             -5.488390   data arrival time
---------------------------------------------------------------------------------------------
                                             14.261609   slack (MET)


Startpoint: gpio_in[0] (input port clocked by gpio_in[38])
Endpoint: gpio_oeb[20] (output port clocked by gpio_in[38])
Path Group: gpio_in[38]
Path Type: max

Fanout         Cap        Slew       Delay        Time   Description
---------------------------------------------------------------------------------------------
                                  0.000000    0.000000   clock gpio_in[38] (rise edge)
                                  0.000000    0.000000   clock network delay (propagated)
                                  5.000000    5.000000 v input external delay
     2    0.003868    0.006292    0.003213    5.003213 v gpio_in[0] (in)
                                                         gpio_in[0] (net)
                      0.006292    0.000000    5.003213 v input1/A (sky130_fd_sc_hd__clkbuf_4)
     3    0.047077    0.074027    0.122301    5.125515 v input1/X (sky130_fd_sc_hd__clkbuf_4)
                                                         net1 (net)
                      0.076158    0.009944    5.135458 v _044_/A (sky130_fd_sc_hd__inv_2)
     9    0.047195    0.163411    0.146061    5.281519 ^ _044_/Y (sky130_fd_sc_hd__inv_2)
                                                         bidir_oeb (net)
                      0.164211    0.009293    5.290812 ^ _653_/A (sky130_fd_sc_hd__clkbuf_1)
     1    0.002218    0.029495    0.056882    5.347694 ^ _653_/X (sky130_fd_sc_hd__clkbuf_1)
                                                         net5 (net)
                      0.029495    0.000062    5.347756 ^ output5/A (sky130_fd_sc_hd__buf_2)
     1    0.034388    0.128699    0.137002    5.484758 ^ output5/X (sky130_fd_sc_hd__buf_2)
                                                         gpio_oeb[20] (net)
                      0.128706    0.000747    5.485506 ^ gpio_oeb[20] (out)
                                              5.485506   data arrival time

                                 25.000000   25.000000   clock gpio_in[38] (rise edge)
                                  0.000000   25.000000   clock network delay (propagated)
                                 -0.250000   24.750000   clock uncertainty
                                  0.000000   24.750000   clock reconvergence pessimism
                                 -5.000000   19.750000   output external delay
                                             19.750000   data required time
---------------------------------------------------------------------------------------------
                                             19.750000   data required time
                                             -5.485506   data arrival time
---------------------------------------------------------------------------------------------
                                             14.264494   slack (MET)


Startpoint: gpio_in[0] (input port clocked by gpio_in[38])
Endpoint: gpio_oeb[19] (output port clocked by gpio_in[38])
Path Group: gpio_in[38]
Path Type: max

Fanout         Cap        Slew       Delay        Time   Description
---------------------------------------------------------------------------------------------
                                  0.000000    0.000000   clock gpio_in[38] (rise edge)
                                  0.000000    0.000000   clock network delay (propagated)
                                  5.000000    5.000000 v input external delay
     2    0.003868    0.006292    0.003213    5.003213 v gpio_in[0] (in)
                                                         gpio_in[0] (net)
                      0.006292    0.000000    5.003213 v input1/A (sky130_fd_sc_hd__clkbuf_4)
     3    0.047077    0.074027    0.122301    5.125515 v input1/X (sky130_fd_sc_hd__clkbuf_4)
                                                         net1 (net)
                      0.076158    0.009944    5.135458 v _044_/A (sky130_fd_sc_hd__inv_2)
     9    0.047195    0.163411    0.146061    5.281519 ^ _044_/Y (sky130_fd_sc_hd__inv_2)
                                                         bidir_oeb (net)
                      0.164218    0.009329    5.290848 ^ _652_/A (sky130_fd_sc_hd__clkbuf_1)
     1    0.002216    0.029479    0.056869    5.347717 ^ _652_/X (sky130_fd_sc_hd__clkbuf_1)
                                                         net4 (net)
                      0.029479    0.000062    5.347779 ^ output4/A (sky130_fd_sc_hd__buf_2)
     1    0.034323    0.128464    0.136846    5.484625 ^ output4/X (sky130_fd_sc_hd__buf_2)
                                                         gpio_oeb[19] (net)
                      0.128470    0.000733    5.485358 ^ gpio_oeb[19] (out)
                                              5.485358   data arrival time

                                 25.000000   25.000000   clock gpio_in[38] (rise edge)
                                  0.000000   25.000000   clock network delay (propagated)
                                 -0.250000   24.750000   clock uncertainty
                                  0.000000   24.750000   clock reconvergence pessimism
                                 -5.000000   19.750000   output external delay
                                             19.750000   data required time
---------------------------------------------------------------------------------------------
                                             19.750000   data required time
                                             -5.485358   data arrival time
---------------------------------------------------------------------------------------------
                                             14.264642   slack (MET)


Startpoint: _095_ (rising edge-triggered flip-flop clocked by gpio_in[38])
Endpoint: gpio_out[26] (output port clocked by gpio_in[38])
Path Group: gpio_in[38]
Path Type: max

Fanout         Cap        Slew       Delay        Time   Description
---------------------------------------------------------------------------------------------
                                  0.000000    0.000000   clock gpio_in[38] (rise edge)
                                  0.000000    0.000000   clock source latency
     2    0.097719    0.332243    0.247760    0.247760 ^ gpio_in[38] (in)
                                                         gpio_in[38] (net)
                      0.340334    0.000000    0.247760 ^ clkbuf_0_gpio_in[38]/A (sky130_fd_sc_hd__clkbuf_16)
     5    0.064016    0.067901    0.157751    0.405511 ^ clkbuf_0_gpio_in[38]/X (sky130_fd_sc_hd__clkbuf_16)
                                                         clknet_0_gpio_in[38] (net)
                      0.068564    0.005164    0.410675 ^ clkbuf_1_0__f_gpio_in[38]/A (sky130_fd_sc_hd__clkbuf_16)
    25    0.081334    0.075529    0.121724    0.532399 ^ clkbuf_1_0__f_gpio_in[38]/X (sky130_fd_sc_hd__clkbuf_16)
                                                         clknet_1_0__leaf_gpio_in[38] (net)
                      0.080482    0.014660    0.547060 ^ _095_/CLK (sky130_fd_sc_hd__dfrtp_2)
     3    0.012090    0.055485    0.248447    0.795507 ^ _095_/Q (sky130_fd_sc_hd__dfrtp_2)
                                                         gpio_22_37_output[26].cfg.gpio_out_val (net)
                      0.055486    0.000301    0.795808 ^ _667_/A (sky130_fd_sc_hd__buf_6)
     3    0.103416    0.153256    0.142338    0.938146 ^ _667_/X (sky130_fd_sc_hd__buf_6)
                                                         net15 (net)
                      0.176501    0.045253    0.983399 ^ output15/A (sky130_fd_sc_hd__buf_2)
     1    0.034443    0.129036    0.165750    1.149150 ^ output15/X (sky130_fd_sc_hd__buf_2)
                                                         gpio_out[26] (net)
                      0.129039    0.000806    1.149956 ^ gpio_out[26] (out)
                                              1.149956   data arrival time

                                 25.000000   25.000000   clock gpio_in[38] (rise edge)
                                  0.000000   25.000000   clock network delay (propagated)
                                 -0.250000   24.750000   clock uncertainty
                                  0.000000   24.750000   clock reconvergence pessimism
                                 -5.000000   19.750000   output external delay
                                             19.750000   data required time
---------------------------------------------------------------------------------------------
                                             19.750000   data required time
                                             -1.149956   data arrival time
---------------------------------------------------------------------------------------------
                                             18.600044   slack (MET)


Startpoint: _105_ (rising edge-triggered flip-flop clocked by gpio_in[38])
Endpoint: gpio_out[36] (output port clocked by gpio_in[38])
Path Group: gpio_in[38]
Path Type: max

Fanout         Cap        Slew       Delay        Time   Description
---------------------------------------------------------------------------------------------
                                  0.000000    0.000000   clock gpio_in[38] (rise edge)
                                  0.000000    0.000000   clock source latency
     2    0.097719    0.332243    0.247760    0.247760 ^ gpio_in[38] (in)
                                                         gpio_in[38] (net)
                      0.340334    0.000000    0.247760 ^ clkbuf_0_gpio_in[38]/A (sky130_fd_sc_hd__clkbuf_16)
     5    0.064016    0.067901    0.157751    0.405511 ^ clkbuf_0_gpio_in[38]/X (sky130_fd_sc_hd__clkbuf_16)
                                                         clknet_0_gpio_in[38] (net)
                      0.068532    0.005024    0.410535 ^ clkbuf_1_1__f_gpio_in[38]/A (sky130_fd_sc_hd__clkbuf_16)
    19    0.069276    0.066333    0.119090    0.529625 ^ clkbuf_1_1__f_gpio_in[38]/X (sky130_fd_sc_hd__clkbuf_16)
                                                         clknet_1_1__leaf_gpio_in[38] (net)
                      0.069735    0.011461    0.541086 ^ _105_/CLK (sky130_fd_sc_hd__dfrtp_1)
     3    0.009631    0.072309    0.241342    0.782428 ^ _105_/Q (sky130_fd_sc_hd__dfrtp_1)
                                                         gpio_22_37_output[36].cfg.gpio_out_val (net)
                      0.072309    0.000260    0.782687 ^ _677_/A (sky130_fd_sc_hd__clkbuf_1)
     3    0.022667    0.200999    0.173441    0.956129 ^ _677_/X (sky130_fd_sc_hd__clkbuf_1)
                                                         net26 (net)
                      0.201030    0.002084    0.958213 ^ output26/A (sky130_fd_sc_hd__buf_2)
     1    0.034537    0.129488    0.168504    1.126716 ^ output26/X (sky130_fd_sc_hd__buf_2)
                                                         gpio_out[36] (net)
                      0.129491    0.000826    1.127542 ^ gpio_out[36] (out)
                                              1.127542   data arrival time

                                 25.000000   25.000000   clock gpio_in[38] (rise edge)
                                  0.000000   25.000000   clock network delay (propagated)
                                 -0.250000   24.750000   clock uncertainty
                                  0.000000   24.750000   clock reconvergence pessimism
                                 -5.000000   19.750000   output external delay
                                             19.750000   data required time
---------------------------------------------------------------------------------------------
                                             19.750000   data required time
                                             -1.127542   data arrival time
---------------------------------------------------------------------------------------------
                                             18.622459   slack (MET)


Startpoint: _088_ (rising edge-triggered flip-flop clocked by gpio_in[38])
Endpoint: gpio_out[3] (output port clocked by gpio_in[38])
Path Group: gpio_in[38]
Path Type: max

Fanout         Cap        Slew       Delay        Time   Description
---------------------------------------------------------------------------------------------
                                  0.000000    0.000000   clock gpio_in[38] (rise edge)
                                  0.000000    0.000000   clock source latency
     2    0.097719    0.332243    0.247760    0.247760 ^ gpio_in[38] (in)
                                                         gpio_in[38] (net)
                      0.340334    0.000000    0.247760 ^ clkbuf_0_gpio_in[38]/A (sky130_fd_sc_hd__clkbuf_16)
     5    0.064016    0.067901    0.157751    0.405511 ^ clkbuf_0_gpio_in[38]/X (sky130_fd_sc_hd__clkbuf_16)
                                                         clknet_0_gpio_in[38] (net)
                      0.068564    0.005164    0.410675 ^ clkbuf_1_0__f_gpio_in[38]/A (sky130_fd_sc_hd__clkbuf_16)
    25    0.081334    0.075529    0.121724    0.532399 ^ clkbuf_1_0__f_gpio_in[38]/X (sky130_fd_sc_hd__clkbuf_16)
                                                         clknet_1_0__leaf_gpio_in[38] (net)
                      0.082010    0.016849    0.549249 ^ _088_/CLK (sky130_fd_sc_hd__dfrtp_1)
     5    0.014180    0.100185    0.265385    0.814634 ^ _088_/Q (sky130_fd_sc_hd__dfrtp_1)
                                                         gpio_18_21_bidir[19].cfg.gpio_out_val (net)
                      0.100185    0.000391    0.815024 ^ _656_/A (sky130_fd_sc_hd__buf_1)
     1    0.017606    0.157539    0.146057    0.961081 ^ _656_/X (sky130_fd_sc_hd__buf_1)
                                                         net28 (net)
                      0.157556    0.001362    0.962443 ^ output28/A (sky130_fd_sc_hd__buf_2)
     1    0.034323    0.128513    0.163547    1.125990 ^ output28/X (sky130_fd_sc_hd__buf_2)
                                                         gpio_out[3] (net)
                      0.128515    0.000733    1.126723 ^ gpio_out[3] (out)
                                              1.126723   data arrival time

                                 25.000000   25.000000   clock gpio_in[38] (rise edge)
                                  0.000000   25.000000   clock network delay (propagated)
                                 -0.250000   24.750000   clock uncertainty
                                  0.000000   24.750000   clock reconvergence pessimism
                                 -5.000000   19.750000   output external delay
                                             19.750000   data required time
---------------------------------------------------------------------------------------------
                                             19.750000   data required time
                                             -1.126723   data arrival time
---------------------------------------------------------------------------------------------
                                             18.623276   slack (MET)


Startpoint: _096_ (rising edge-triggered flip-flop clocked by gpio_in[38])
Endpoint: gpio_out[27] (output port clocked by gpio_in[38])
Path Group: gpio_in[38]
Path Type: max

Fanout         Cap        Slew       Delay        Time   Description
---------------------------------------------------------------------------------------------
                                  0.000000    0.000000   clock gpio_in[38] (rise edge)
                                  0.000000    0.000000   clock source latency
     2    0.097719    0.332243    0.247760    0.247760 ^ gpio_in[38] (in)
                                                         gpio_in[38] (net)
                      0.340334    0.000000    0.247760 ^ clkbuf_0_gpio_in[38]/A (sky130_fd_sc_hd__clkbuf_16)
     5    0.064016    0.067901    0.157751    0.405511 ^ clkbuf_0_gpio_in[38]/X (sky130_fd_sc_hd__clkbuf_16)
                                                         clknet_0_gpio_in[38] (net)
                      0.068564    0.005164    0.410675 ^ clkbuf_1_0__f_gpio_in[38]/A (sky130_fd_sc_hd__clkbuf_16)
    25    0.081334    0.075529    0.121724    0.532399 ^ clkbuf_1_0__f_gpio_in[38]/X (sky130_fd_sc_hd__clkbuf_16)
                                                         clknet_1_0__leaf_gpio_in[38] (net)
                      0.081683    0.016401    0.548800 ^ _096_/CLK (sky130_fd_sc_hd__dfrtp_1)
     4    0.011705    0.084521    0.254196    0.802996 ^ _096_/Q (sky130_fd_sc_hd__dfrtp_1)
                                                         gpio_22_37_output[27].cfg.gpio_out_val (net)
                      0.084521    0.000271    0.803267 ^ _668_/A (sky130_fd_sc_hd__buf_1)
     1    0.014181    0.128341    0.125048    0.928314 ^ _668_/X (sky130_fd_sc_hd__buf_1)
                                                         net16 (net)
                      0.128351    0.000915    0.929229 ^ output16/A (sky130_fd_sc_hd__buf_2)
     1    0.034318    0.128353    0.160519    1.089747 ^ output16/X (sky130_fd_sc_hd__buf_2)
                                                         gpio_out[27] (net)
                      0.128355    0.000733    1.090480 ^ gpio_out[27] (out)
                                              1.090480   data arrival time

                                 25.000000   25.000000   clock gpio_in[38] (rise edge)
                                  0.000000   25.000000   clock network delay (propagated)
                                 -0.250000   24.750000   clock uncertainty
                                  0.000000   24.750000   clock reconvergence pessimism
                                 -5.000000   19.750000   output external delay
                                             19.750000   data required time
---------------------------------------------------------------------------------------------
                                             19.750000   data required time
                                             -1.090480   data arrival time
---------------------------------------------------------------------------------------------
                                             18.659519   slack (MET)


Startpoint: _104_ (rising edge-triggered flip-flop clocked by gpio_in[38])
Endpoint: gpio_out[35] (output port clocked by gpio_in[38])
Path Group: gpio_in[38]
Path Type: max

Fanout         Cap        Slew       Delay        Time   Description
---------------------------------------------------------------------------------------------
                                  0.000000    0.000000   clock gpio_in[38] (rise edge)
                                  0.000000    0.000000   clock source latency
     2    0.097719    0.332243    0.247760    0.247760 ^ gpio_in[38] (in)
                                                         gpio_in[38] (net)
                      0.340334    0.000000    0.247760 ^ clkbuf_0_gpio_in[38]/A (sky130_fd_sc_hd__clkbuf_16)
     5    0.064016    0.067901    0.157751    0.405511 ^ clkbuf_0_gpio_in[38]/X (sky130_fd_sc_hd__clkbuf_16)
                                                         clknet_0_gpio_in[38] (net)
                      0.068532    0.005024    0.410535 ^ clkbuf_1_1__f_gpio_in[38]/A (sky130_fd_sc_hd__clkbuf_16)
    19    0.069276    0.066333    0.119090    0.529625 ^ clkbuf_1_1__f_gpio_in[38]/X (sky130_fd_sc_hd__clkbuf_16)
                                                         clknet_1_1__leaf_gpio_in[38] (net)
                      0.069728    0.011448    0.541073 ^ _104_/CLK (sky130_fd_sc_hd__dfrtp_1)
     3    0.009039    0.068677    0.238519    0.779592 ^ _104_/Q (sky130_fd_sc_hd__dfrtp_1)
                                                         gpio_22_37_output[35].cfg.gpio_out_val (net)
                      0.068677    0.000207    0.779799 ^ _676_/A (sky130_fd_sc_hd__clkbuf_2)
     3    0.029925    0.127739    0.142293    0.922092 ^ _676_/X (sky130_fd_sc_hd__clkbuf_2)
                                                         net25 (net)
                      0.127869    0.003323    0.925415 ^ output25/A (sky130_fd_sc_hd__buf_2)
     1    0.034521    0.129078    0.160906    1.086321 ^ output25/X (sky130_fd_sc_hd__buf_2)
                                                         gpio_out[35] (net)
                      0.129082    0.000825    1.087146 ^ gpio_out[35] (out)
                                              1.087146   data arrival time

                                 25.000000   25.000000   clock gpio_in[38] (rise edge)
                                  0.000000   25.000000   clock network delay (propagated)
                                 -0.250000   24.750000   clock uncertainty
                                  0.000000   24.750000   clock reconvergence pessimism
                                 -5.000000   19.750000   output external delay
                                             19.750000   data required time
---------------------------------------------------------------------------------------------
                                             19.750000   data required time
                                             -1.087146   data arrival time
---------------------------------------------------------------------------------------------
                                             18.662853   slack (MET)


Startpoint: _103_ (rising edge-triggered flip-flop clocked by gpio_in[38])
Endpoint: gpio_out[34] (output port clocked by gpio_in[38])
Path Group: gpio_in[38]
Path Type: max

Fanout         Cap        Slew       Delay        Time   Description
---------------------------------------------------------------------------------------------
                                  0.000000    0.000000   clock gpio_in[38] (rise edge)
                                  0.000000    0.000000   clock source latency
     2    0.097719    0.332243    0.247760    0.247760 ^ gpio_in[38] (in)
                                                         gpio_in[38] (net)
                      0.340334    0.000000    0.247760 ^ clkbuf_0_gpio_in[38]/A (sky130_fd_sc_hd__clkbuf_16)
     5    0.064016    0.067901    0.157751    0.405511 ^ clkbuf_0_gpio_in[38]/X (sky130_fd_sc_hd__clkbuf_16)
                                                         clknet_0_gpio_in[38] (net)
                      0.068532    0.005024    0.410535 ^ clkbuf_1_1__f_gpio_in[38]/A (sky130_fd_sc_hd__clkbuf_16)
    19    0.069276    0.066333    0.119090    0.529625 ^ clkbuf_1_1__f_gpio_in[38]/X (sky130_fd_sc_hd__clkbuf_16)
                                                         clknet_1_1__leaf_gpio_in[38] (net)
                      0.069720    0.011434    0.541059 ^ _103_/CLK (sky130_fd_sc_hd__dfrtp_1)
     3    0.009451    0.071219    0.240435    0.781493 ^ _103_/Q (sky130_fd_sc_hd__dfrtp_1)
                                                         gpio_22_37_output[34].cfg.gpio_out_val (net)
                      0.071220    0.000326    0.781819 ^ _675_/A (sky130_fd_sc_hd__clkbuf_2)
     3    0.026143    0.112434    0.133201    0.915020 ^ _675_/X (sky130_fd_sc_hd__clkbuf_2)
                                                         net24 (net)
                      0.112523    0.002574    0.917594 ^ output24/A (sky130_fd_sc_hd__buf_2)
     1    0.034483    0.128922    0.157974    1.075569 ^ output24/X (sky130_fd_sc_hd__buf_2)
                                                         gpio_out[34] (net)
                      0.128968    0.000821    1.076389 ^ gpio_out[34] (out)
                                              1.076389   data arrival time

                                 25.000000   25.000000   clock gpio_in[38] (rise edge)
                                  0.000000   25.000000   clock network delay (propagated)
                                 -0.250000   24.750000   clock uncertainty
                                  0.000000   24.750000   clock reconvergence pessimism
                                 -5.000000   19.750000   output external delay
                                             19.750000   data required time
---------------------------------------------------------------------------------------------
                                             19.750000   data required time
                                             -1.076389   data arrival time
---------------------------------------------------------------------------------------------
                                             18.673611   slack (MET)


Startpoint: _097_ (rising edge-triggered flip-flop clocked by gpio_in[38])
Endpoint: gpio_out[28] (output port clocked by gpio_in[38])
Path Group: gpio_in[38]
Path Type: max

Fanout         Cap        Slew       Delay        Time   Description
---------------------------------------------------------------------------------------------
                                  0.000000    0.000000   clock gpio_in[38] (rise edge)
                                  0.000000    0.000000   clock source latency
     2    0.097719    0.332243    0.247760    0.247760 ^ gpio_in[38] (in)
                                                         gpio_in[38] (net)
                      0.340334    0.000000    0.247760 ^ clkbuf_0_gpio_in[38]/A (sky130_fd_sc_hd__clkbuf_16)
     5    0.064016    0.067901    0.157751    0.405511 ^ clkbuf_0_gpio_in[38]/X (sky130_fd_sc_hd__clkbuf_16)
                                                         clknet_0_gpio_in[38] (net)
                      0.068564    0.005164    0.410675 ^ clkbuf_1_0__f_gpio_in[38]/A (sky130_fd_sc_hd__clkbuf_16)
    25    0.081334    0.075529    0.121724    0.532399 ^ clkbuf_1_0__f_gpio_in[38]/X (sky130_fd_sc_hd__clkbuf_16)
                                                         clknet_1_0__leaf_gpio_in[38] (net)
                      0.081666    0.016377    0.548776 ^ _097_/CLK (sky130_fd_sc_hd__dfrtp_1)
     2    0.006680    0.054336    0.230321    0.779097 ^ _097_/Q (sky130_fd_sc_hd__dfrtp_1)
                                                         gpio_22_37_output[28].cfg.gpio_out_val (net)
                      0.054336    0.000212    0.779309 ^ _669_/A (sky130_fd_sc_hd__buf_1)
     1    0.014602    0.131963    0.125387    0.904695 ^ _669_/X (sky130_fd_sc_hd__buf_1)
                                                         net17 (net)
                      0.131973    0.000937    0.905632 ^ output17/A (sky130_fd_sc_hd__buf_2)
     1    0.034318    0.128371    0.160893    1.066525 ^ output17/X (sky130_fd_sc_hd__buf_2)
                                                         gpio_out[28] (net)
                      0.128373    0.000733    1.067258 ^ gpio_out[28] (out)
                                              1.067258   data arrival time

                                 25.000000   25.000000   clock gpio_in[38] (rise edge)
                                  0.000000   25.000000   clock network delay (propagated)
                                 -0.250000   24.750000   clock uncertainty
                                  0.000000   24.750000   clock reconvergence pessimism
                                 -5.000000   19.750000   output external delay
                                             19.750000   data required time
---------------------------------------------------------------------------------------------
                                             19.750000   data required time
                                             -1.067258   data arrival time
---------------------------------------------------------------------------------------------
                                             18.682741   slack (MET)


Startpoint: _101_ (rising edge-triggered flip-flop clocked by gpio_in[38])
Endpoint: gpio_out[32] (output port clocked by gpio_in[38])
Path Group: gpio_in[38]
Path Type: max

Fanout         Cap        Slew       Delay        Time   Description
---------------------------------------------------------------------------------------------
                                  0.000000    0.000000   clock gpio_in[38] (rise edge)
                                  0.000000    0.000000   clock source latency
     2    0.097719    0.332243    0.247760    0.247760 ^ gpio_in[38] (in)
                                                         gpio_in[38] (net)
                      0.340334    0.000000    0.247760 ^ clkbuf_0_gpio_in[38]/A (sky130_fd_sc_hd__clkbuf_16)
     5    0.064016    0.067901    0.157751    0.405511 ^ clkbuf_0_gpio_in[38]/X (sky130_fd_sc_hd__clkbuf_16)
                                                         clknet_0_gpio_in[38] (net)
                      0.068564    0.005164    0.410675 ^ clkbuf_1_0__f_gpio_in[38]/A (sky130_fd_sc_hd__clkbuf_16)
    25    0.081334    0.075529    0.121724    0.532399 ^ clkbuf_1_0__f_gpio_in[38]/X (sky130_fd_sc_hd__clkbuf_16)
                                                         clknet_1_0__leaf_gpio_in[38] (net)
                      0.082729    0.017805    0.550204 ^ _101_/CLK (sky130_fd_sc_hd__dfrtp_1)
     4    0.015180    0.106503    0.270125    0.820329 ^ _101_/Q (sky130_fd_sc_hd__dfrtp_1)
                                                         gpio_22_37_output[32].cfg.gpio_out_val (net)
                      0.106503    0.000333    0.820662 ^ _673_/A (sky130_fd_sc_hd__clkbuf_1)
     1    0.007829    0.074495    0.089422    0.910084 ^ _673_/X (sky130_fd_sc_hd__clkbuf_1)
                                                         net22 (net)
                      0.074497    0.000313    0.910397 ^ output22/A (sky130_fd_sc_hd__buf_2)
     1    0.034388    0.128541    0.149069    1.059466 ^ output22/X (sky130_fd_sc_hd__buf_2)
                                                         gpio_out[32] (net)
                      0.128585    0.000747    1.060213 ^ gpio_out[32] (out)
                                              1.060213   data arrival time

                                 25.000000   25.000000   clock gpio_in[38] (rise edge)
                                  0.000000   25.000000   clock network delay (propagated)
                                 -0.250000   24.750000   clock uncertainty
                                  0.000000   24.750000   clock reconvergence pessimism
                                 -5.000000   19.750000   output external delay
                                             19.750000   data required time
---------------------------------------------------------------------------------------------
                                             19.750000   data required time
                                             -1.060213   data arrival time
---------------------------------------------------------------------------------------------
                                             18.689787   slack (MET)


Startpoint: _093_ (rising edge-triggered flip-flop clocked by gpio_in[38])
Endpoint: gpio_out[24] (output port clocked by gpio_in[38])
Path Group: gpio_in[38]
Path Type: max

Fanout         Cap        Slew       Delay        Time   Description
---------------------------------------------------------------------------------------------
                                  0.000000    0.000000   clock gpio_in[38] (rise edge)
                                  0.000000    0.000000   clock source latency
     2    0.097719    0.332243    0.247760    0.247760 ^ gpio_in[38] (in)
                                                         gpio_in[38] (net)
                      0.340334    0.000000    0.247760 ^ clkbuf_0_gpio_in[38]/A (sky130_fd_sc_hd__clkbuf_16)
     5    0.064016    0.067901    0.157751    0.405511 ^ clkbuf_0_gpio_in[38]/X (sky130_fd_sc_hd__clkbuf_16)
                                                         clknet_0_gpio_in[38] (net)
                      0.068532    0.005024    0.410535 ^ clkbuf_1_1__f_gpio_in[38]/A (sky130_fd_sc_hd__clkbuf_16)
    19    0.069276    0.066333    0.119090    0.529625 ^ clkbuf_1_1__f_gpio_in[38]/X (sky130_fd_sc_hd__clkbuf_16)
                                                         clknet_1_1__leaf_gpio_in[38] (net)
                      0.070116    0.012138    0.541763 ^ _093_/CLK (sky130_fd_sc_hd__dfrtp_1)
     3    0.010557    0.077469    0.245884    0.787647 ^ _093_/Q (sky130_fd_sc_hd__dfrtp_1)
                                                         gpio_22_37_output[24].cfg.gpio_out_val (net)
                      0.077469    0.000327    0.787974 ^ _665_/A (sky130_fd_sc_hd__buf_1)
     1    0.008590    0.080780    0.091834    0.879809 ^ _665_/X (sky130_fd_sc_hd__buf_1)
                                                         net13 (net)
                      0.080784    0.000467    0.880276 ^ output13/A (sky130_fd_sc_hd__buf_2)
     1    0.034443    0.128738    0.150606    1.030882 ^ output13/X (sky130_fd_sc_hd__buf_2)
                                                         gpio_out[24] (net)
                      0.128783    0.000806    1.031688 ^ gpio_out[24] (out)
                                              1.031688   data arrival time

                                 25.000000   25.000000   clock gpio_in[38] (rise edge)
                                  0.000000   25.000000   clock network delay (propagated)
                                 -0.250000   24.750000   clock uncertainty
                                  0.000000   24.750000   clock reconvergence pessimism
                                 -5.000000   19.750000   output external delay
                                             19.750000   data required time
---------------------------------------------------------------------------------------------
                                             19.750000   data required time
                                             -1.031688   data arrival time
---------------------------------------------------------------------------------------------
                                             18.718311   slack (MET)


Startpoint: _090_ (rising edge-triggered flip-flop clocked by gpio_in[38])
Endpoint: gpio_out[5] (output port clocked by gpio_in[38])
Path Group: gpio_in[38]
Path Type: max

Fanout         Cap        Slew       Delay        Time   Description
---------------------------------------------------------------------------------------------
                                  0.000000    0.000000   clock gpio_in[38] (rise edge)
                                  0.000000    0.000000   clock source latency
     2    0.097719    0.332243    0.247760    0.247760 ^ gpio_in[38] (in)
                                                         gpio_in[38] (net)
                      0.340334    0.000000    0.247760 ^ clkbuf_0_gpio_in[38]/A (sky130_fd_sc_hd__clkbuf_16)
     5    0.064016    0.067901    0.157751    0.405511 ^ clkbuf_0_gpio_in[38]/X (sky130_fd_sc_hd__clkbuf_16)
                                                         clknet_0_gpio_in[38] (net)
                      0.068564    0.005164    0.410675 ^ clkbuf_1_0__f_gpio_in[38]/A (sky130_fd_sc_hd__clkbuf_16)
    25    0.081334    0.075529    0.121724    0.532399 ^ clkbuf_1_0__f_gpio_in[38]/X (sky130_fd_sc_hd__clkbuf_16)
                                                         clknet_1_0__leaf_gpio_in[38] (net)
                      0.082234    0.017151    0.549550 ^ _090_/CLK (sky130_fd_sc_hd__dfrtp_1)
     3    0.008201    0.063558    0.237771    0.787321 ^ _090_/Q (sky130_fd_sc_hd__dfrtp_1)
                                                         gpio_18_21_bidir[21].cfg.gpio_out_val (net)
                      0.063558    0.000204    0.787525 ^ _658_/A (sky130_fd_sc_hd__clkbuf_1)
     1    0.006763    0.065344    0.080199    0.867723 ^ _658_/X (sky130_fd_sc_hd__clkbuf_1)
                                                         net30 (net)
                      0.065345    0.000236    0.867959 ^ output30/A (sky130_fd_sc_hd__buf_2)
     1    0.034388    0.128548    0.146969    1.014928 ^ output30/X (sky130_fd_sc_hd__buf_2)
                                                         gpio_out[5] (net)
                      0.128593    0.000747    1.015675 ^ gpio_out[5] (out)
                                              1.015675   data arrival time

                                 25.000000   25.000000   clock gpio_in[38] (rise edge)
                                  0.000000   25.000000   clock network delay (propagated)
                                 -0.250000   24.750000   clock uncertainty
                                  0.000000   24.750000   clock reconvergence pessimism
                                 -5.000000   19.750000   output external delay
                                             19.750000   data required time
---------------------------------------------------------------------------------------------
                                             19.750000   data required time
                                             -1.015675   data arrival time
---------------------------------------------------------------------------------------------
                                             18.734325   slack (MET)


Startpoint: _100_ (rising edge-triggered flip-flop clocked by gpio_in[38])
Endpoint: gpio_out[31] (output port clocked by gpio_in[38])
Path Group: gpio_in[38]
Path Type: max

Fanout         Cap        Slew       Delay        Time   Description
---------------------------------------------------------------------------------------------
                                  0.000000    0.000000   clock gpio_in[38] (rise edge)
                                  0.000000    0.000000   clock source latency
     2    0.097719    0.332243    0.247760    0.247760 ^ gpio_in[38] (in)
                                                         gpio_in[38] (net)
                      0.340334    0.000000    0.247760 ^ clkbuf_0_gpio_in[38]/A (sky130_fd_sc_hd__clkbuf_16)
     5    0.064016    0.067901    0.157751    0.405511 ^ clkbuf_0_gpio_in[38]/X (sky130_fd_sc_hd__clkbuf_16)
                                                         clknet_0_gpio_in[38] (net)
                      0.068564    0.005164    0.410675 ^ clkbuf_1_0__f_gpio_in[38]/A (sky130_fd_sc_hd__clkbuf_16)
    25    0.081334    0.075529    0.121724    0.532399 ^ clkbuf_1_0__f_gpio_in[38]/X (sky130_fd_sc_hd__clkbuf_16)
                                                         clknet_1_0__leaf_gpio_in[38] (net)
                      0.082762    0.017847    0.550247 ^ _100_/CLK (sky130_fd_sc_hd__dfrtp_1)
     4    0.014152    0.099996    0.265515    0.815762 ^ _100_/Q (sky130_fd_sc_hd__dfrtp_1)
                                                         gpio_22_37_output[31].cfg.gpio_out_val (net)
                      0.099996    0.000224    0.815986 ^ _672_/A (sky130_fd_sc_hd__clkbuf_1)
     1    0.002848    0.033294    0.059538    0.875524 ^ _672_/X (sky130_fd_sc_hd__clkbuf_1)
                                                         net21 (net)
                      0.033294    0.000087    0.875610 ^ output21/A (sky130_fd_sc_hd__buf_2)
     1    0.034680    0.129683    0.138826    1.014436 ^ output21/X (sky130_fd_sc_hd__buf_2)
                                                         gpio_out[31] (net)
                      0.129691    0.000822    1.015258 ^ gpio_out[31] (out)
                                              1.015258   data arrival time

                                 25.000000   25.000000   clock gpio_in[38] (rise edge)
                                  0.000000   25.000000   clock network delay (propagated)
                                 -0.250000   24.750000   clock uncertainty
                                  0.000000   24.750000   clock reconvergence pessimism
                                 -5.000000   19.750000   output external delay
                                             19.750000   data required time
---------------------------------------------------------------------------------------------
                                             19.750000   data required time
                                             -1.015258   data arrival time
---------------------------------------------------------------------------------------------
                                             18.734743   slack (MET)


Startpoint: _099_ (rising edge-triggered flip-flop clocked by gpio_in[38])
Endpoint: gpio_out[30] (output port clocked by gpio_in[38])
Path Group: gpio_in[38]
Path Type: max

Fanout         Cap        Slew       Delay        Time   Description
---------------------------------------------------------------------------------------------
                                  0.000000    0.000000   clock gpio_in[38] (rise edge)
                                  0.000000    0.000000   clock source latency
     2    0.097719    0.332243    0.247760    0.247760 ^ gpio_in[38] (in)
                                                         gpio_in[38] (net)
                      0.340334    0.000000    0.247760 ^ clkbuf_0_gpio_in[38]/A (sky130_fd_sc_hd__clkbuf_16)
     5    0.064016    0.067901    0.157751    0.405511 ^ clkbuf_0_gpio_in[38]/X (sky130_fd_sc_hd__clkbuf_16)
                                                         clknet_0_gpio_in[38] (net)
                      0.068564    0.005164    0.410675 ^ clkbuf_1_0__f_gpio_in[38]/A (sky130_fd_sc_hd__clkbuf_16)
    25    0.081334    0.075529    0.121724    0.532399 ^ clkbuf_1_0__f_gpio_in[38]/X (sky130_fd_sc_hd__clkbuf_16)
                                                         clknet_1_0__leaf_gpio_in[38] (net)
                      0.082632    0.017678    0.550077 ^ _099_/CLK (sky130_fd_sc_hd__dfrtp_1)
     5    0.012242    0.087909    0.256871    0.806949 ^ _099_/Q (sky130_fd_sc_hd__dfrtp_1)
                                                         gpio_22_37_output[30].cfg.gpio_out_val (net)
                      0.087909    0.000240    0.807189 ^ _671_/A (sky130_fd_sc_hd__clkbuf_1)
     1    0.003856    0.041229    0.064743    0.871932 ^ _671_/X (sky130_fd_sc_hd__clkbuf_1)
                                                         net20 (net)
                      0.041229    0.000123    0.872055 ^ output20/A (sky130_fd_sc_hd__buf_2)
     1    0.034787    0.130043    0.141493    1.013548 ^ output20/X (sky130_fd_sc_hd__buf_2)
                                                         gpio_out[30] (net)
                      0.130050    0.000823    1.014372 ^ gpio_out[30] (out)
                                              1.014372   data arrival time

                                 25.000000   25.000000   clock gpio_in[38] (rise edge)
                                  0.000000   25.000000   clock network delay (propagated)
                                 -0.250000   24.750000   clock uncertainty
                                  0.000000   24.750000   clock reconvergence pessimism
                                 -5.000000   19.750000   output external delay
                                             19.750000   data required time
---------------------------------------------------------------------------------------------
                                             19.750000   data required time
                                             -1.014372   data arrival time
---------------------------------------------------------------------------------------------
                                             18.735628   slack (MET)


Startpoint: _088_ (rising edge-triggered flip-flop clocked by gpio_in[38])
Endpoint: gpio_out[19] (output port clocked by gpio_in[38])
Path Group: gpio_in[38]
Path Type: max

Fanout         Cap        Slew       Delay        Time   Description
---------------------------------------------------------------------------------------------
                                  0.000000    0.000000   clock gpio_in[38] (rise edge)
                                  0.000000    0.000000   clock source latency
     2    0.097719    0.332243    0.247760    0.247760 ^ gpio_in[38] (in)
                                                         gpio_in[38] (net)
                      0.340334    0.000000    0.247760 ^ clkbuf_0_gpio_in[38]/A (sky130_fd_sc_hd__clkbuf_16)
     5    0.064016    0.067901    0.157751    0.405511 ^ clkbuf_0_gpio_in[38]/X (sky130_fd_sc_hd__clkbuf_16)
                                                         clknet_0_gpio_in[38] (net)
                      0.068564    0.005164    0.410675 ^ clkbuf_1_0__f_gpio_in[38]/A (sky130_fd_sc_hd__clkbuf_16)
    25    0.081334    0.075529    0.121724    0.532399 ^ clkbuf_1_0__f_gpio_in[38]/X (sky130_fd_sc_hd__clkbuf_16)
                                                         clknet_1_0__leaf_gpio_in[38] (net)
                      0.082010    0.016849    0.549249 ^ _088_/CLK (sky130_fd_sc_hd__dfrtp_1)
     5    0.014180    0.100185    0.265385    0.814634 ^ _088_/Q (sky130_fd_sc_hd__dfrtp_1)
                                                         gpio_18_21_bidir[19].cfg.gpio_out_val (net)
                      0.100185    0.000379    0.815013 ^ _660_/A (sky130_fd_sc_hd__clkbuf_1)
     1    0.002650    0.031763    0.058368    0.873381 ^ _660_/X (sky130_fd_sc_hd__clkbuf_1)
                                                         net8 (net)
                      0.031763    0.000078    0.873458 ^ output8/A (sky130_fd_sc_hd__buf_2)
     1    0.034393    0.128710    0.137701    1.011159 ^ output8/X (sky130_fd_sc_hd__buf_2)
                                                         gpio_out[19] (net)
                      0.128716    0.000748    1.011907 ^ gpio_out[19] (out)
                                              1.011907   data arrival time

                                 25.000000   25.000000   clock gpio_in[38] (rise edge)
                                  0.000000   25.000000   clock network delay (propagated)
                                 -0.250000   24.750000   clock uncertainty
                                  0.000000   24.750000   clock reconvergence pessimism
                                 -5.000000   19.750000   output external delay
                                             19.750000   data required time
---------------------------------------------------------------------------------------------
                                             19.750000   data required time
                                             -1.011907   data arrival time
---------------------------------------------------------------------------------------------
                                             18.738092   slack (MET)


Startpoint: _102_ (rising edge-triggered flip-flop clocked by gpio_in[38])
Endpoint: gpio_out[33] (output port clocked by gpio_in[38])
Path Group: gpio_in[38]
Path Type: max

Fanout         Cap        Slew       Delay        Time   Description
---------------------------------------------------------------------------------------------
                                  0.000000    0.000000   clock gpio_in[38] (rise edge)
                                  0.000000    0.000000   clock source latency
     2    0.097719    0.332243    0.247760    0.247760 ^ gpio_in[38] (in)
                                                         gpio_in[38] (net)
                      0.340334    0.000000    0.247760 ^ clkbuf_0_gpio_in[38]/A (sky130_fd_sc_hd__clkbuf_16)
     5    0.064016    0.067901    0.157751    0.405511 ^ clkbuf_0_gpio_in[38]/X (sky130_fd_sc_hd__clkbuf_16)
                                                         clknet_0_gpio_in[38] (net)
                      0.068564    0.005164    0.410675 ^ clkbuf_1_0__f_gpio_in[38]/A (sky130_fd_sc_hd__clkbuf_16)
    25    0.081334    0.075529    0.121724    0.532399 ^ clkbuf_1_0__f_gpio_in[38]/X (sky130_fd_sc_hd__clkbuf_16)
                                                         clknet_1_0__leaf_gpio_in[38] (net)
                      0.082666    0.017721    0.550121 ^ _102_/CLK (sky130_fd_sc_hd__dfrtp_1)
     3    0.009259    0.070003    0.242982    0.793102 ^ _102_/Q (sky130_fd_sc_hd__dfrtp_1)
                                                         gpio_22_37_output[33].cfg.gpio_out_val (net)
                      0.070003    0.000222    0.793324 ^ _674_/A (sky130_fd_sc_hd__clkbuf_1)
     1    0.003647    0.039324    0.062305    0.855630 ^ _674_/X (sky130_fd_sc_hd__clkbuf_1)
                                                         net23 (net)
                      0.039324    0.000120    0.855749 ^ output23/A (sky130_fd_sc_hd__buf_2)
     1    0.034323    0.128387    0.139831    0.995581 ^ output23/X (sky130_fd_sc_hd__buf_2)
                                                         gpio_out[33] (net)
                      0.128393    0.000733    0.996314 ^ gpio_out[33] (out)
                                              0.996314   data arrival time

                                 25.000000   25.000000   clock gpio_in[38] (rise edge)
                                  0.000000   25.000000   clock network delay (propagated)
                                 -0.250000   24.750000   clock uncertainty
                                  0.000000   24.750000   clock reconvergence pessimism
                                 -5.000000   19.750000   output external delay
                                             19.750000   data required time
---------------------------------------------------------------------------------------------
                                             19.750000   data required time
                                             -0.996314   data arrival time
---------------------------------------------------------------------------------------------
                                             18.753685   slack (MET)


Startpoint: _098_ (rising edge-triggered flip-flop clocked by gpio_in[38])
Endpoint: gpio_out[29] (output port clocked by gpio_in[38])
Path Group: gpio_in[38]
Path Type: max

Fanout         Cap        Slew       Delay        Time   Description
---------------------------------------------------------------------------------------------
                                  0.000000    0.000000   clock gpio_in[38] (rise edge)
                                  0.000000    0.000000   clock source latency
     2    0.097719    0.332243    0.247760    0.247760 ^ gpio_in[38] (in)
                                                         gpio_in[38] (net)
                      0.340334    0.000000    0.247760 ^ clkbuf_0_gpio_in[38]/A (sky130_fd_sc_hd__clkbuf_16)
     5    0.064016    0.067901    0.157751    0.405511 ^ clkbuf_0_gpio_in[38]/X (sky130_fd_sc_hd__clkbuf_16)
                                                         clknet_0_gpio_in[38] (net)
                      0.068564    0.005164    0.410675 ^ clkbuf_1_0__f_gpio_in[38]/A (sky130_fd_sc_hd__clkbuf_16)
    25    0.081334    0.075529    0.121724    0.532399 ^ clkbuf_1_0__f_gpio_in[38]/X (sky130_fd_sc_hd__clkbuf_16)
                                                         clknet_1_0__leaf_gpio_in[38] (net)
                      0.081430    0.016047    0.548446 ^ _098_/CLK (sky130_fd_sc_hd__dfrtp_1)
     2    0.006360    0.052406    0.228743    0.777189 ^ _098_/Q (sky130_fd_sc_hd__dfrtp_1)
                                                         gpio_22_37_output[29].cfg.gpio_out_val (net)
                      0.052406    0.000155    0.777344 ^ _670_/A (sky130_fd_sc_hd__clkbuf_1)
     1    0.004696    0.047903    0.067173    0.844517 ^ _670_/X (sky130_fd_sc_hd__clkbuf_1)
                                                         net18 (net)
                      0.047903    0.000176    0.844693 ^ output18/A (sky130_fd_sc_hd__buf_2)
     1    0.034323    0.128367    0.142431    0.987124 ^ output18/X (sky130_fd_sc_hd__buf_2)
                                                         gpio_out[29] (net)
                      0.128373    0.000733    0.987857 ^ gpio_out[29] (out)
                                              0.987857   data arrival time

                                 25.000000   25.000000   clock gpio_in[38] (rise edge)
                                  0.000000   25.000000   clock network delay (propagated)
                                 -0.250000   24.750000   clock uncertainty
                                  0.000000   24.750000   clock reconvergence pessimism
                                 -5.000000   19.750000   output external delay
                                             19.750000   data required time
---------------------------------------------------------------------------------------------
                                             19.750000   data required time
                                             -0.987857   data arrival time
---------------------------------------------------------------------------------------------
                                             18.762142   slack (MET)


Startpoint: _087_ (rising edge-triggered flip-flop clocked by gpio_in[38])
Endpoint: gpio_out[2] (output port clocked by gpio_in[38])
Path Group: gpio_in[38]
Path Type: max

Fanout         Cap        Slew       Delay        Time   Description
---------------------------------------------------------------------------------------------
                                  0.000000    0.000000   clock gpio_in[38] (rise edge)
                                  0.000000    0.000000   clock source latency
     2    0.097719    0.332243    0.247760    0.247760 ^ gpio_in[38] (in)
                                                         gpio_in[38] (net)
                      0.340334    0.000000    0.247760 ^ clkbuf_0_gpio_in[38]/A (sky130_fd_sc_hd__clkbuf_16)
     5    0.064016    0.067901    0.157751    0.405511 ^ clkbuf_0_gpio_in[38]/X (sky130_fd_sc_hd__clkbuf_16)
                                                         clknet_0_gpio_in[38] (net)
                      0.068564    0.005164    0.410675 ^ clkbuf_1_0__f_gpio_in[38]/A (sky130_fd_sc_hd__clkbuf_16)
    25    0.081334    0.075529    0.121724    0.532399 ^ clkbuf_1_0__f_gpio_in[38]/X (sky130_fd_sc_hd__clkbuf_16)
                                                         clknet_1_0__leaf_gpio_in[38] (net)
                      0.081828    0.016601    0.549000 ^ _087_/CLK (sky130_fd_sc_hd__dfrtp_2)
     3    0.009226    0.039626    0.267042    0.816042 v _087_/Q (sky130_fd_sc_hd__dfrtp_2)
                                                         gpio_18_21_bidir[18].cfg.gpio_out_val (net)
                      0.039626    0.000263    0.816306 v _655_/A (sky130_fd_sc_hd__clkbuf_1)
     1    0.002239    0.016558    0.057889    0.874195 v _655_/X (sky130_fd_sc_hd__clkbuf_1)
                                                         net19 (net)
                      0.016558    0.000064    0.874259 v output19/A (sky130_fd_sc_hd__buf_2)
     1    0.034388    0.062945    0.112217    0.986476 v output19/X (sky130_fd_sc_hd__buf_2)
                                                         gpio_out[2] (net)
                      0.062954    0.000747    0.987222 v gpio_out[2] (out)
                                              0.987222   data arrival time

                                 25.000000   25.000000   clock gpio_in[38] (rise edge)
                                  0.000000   25.000000   clock network delay (propagated)
                                 -0.250000   24.750000   clock uncertainty
                                  0.000000   24.750000   clock reconvergence pessimism
                                 -5.000000   19.750000   output external delay
                                             19.750000   data required time
---------------------------------------------------------------------------------------------
                                             19.750000   data required time
                                             -0.987222   data arrival time
---------------------------------------------------------------------------------------------
                                             18.762777   slack (MET)


Startpoint: _087_ (rising edge-triggered flip-flop clocked by gpio_in[38])
Endpoint: gpio_out[18] (output port clocked by gpio_in[38])
Path Group: gpio_in[38]
Path Type: max

Fanout         Cap        Slew       Delay        Time   Description
---------------------------------------------------------------------------------------------
                                  0.000000    0.000000   clock gpio_in[38] (rise edge)
                                  0.000000    0.000000   clock source latency
     2    0.097719    0.332243    0.247760    0.247760 ^ gpio_in[38] (in)
                                                         gpio_in[38] (net)
                      0.340334    0.000000    0.247760 ^ clkbuf_0_gpio_in[38]/A (sky130_fd_sc_hd__clkbuf_16)
     5    0.064016    0.067901    0.157751    0.405511 ^ clkbuf_0_gpio_in[38]/X (sky130_fd_sc_hd__clkbuf_16)
                                                         clknet_0_gpio_in[38] (net)
                      0.068564    0.005164    0.410675 ^ clkbuf_1_0__f_gpio_in[38]/A (sky130_fd_sc_hd__clkbuf_16)
    25    0.081334    0.075529    0.121724    0.532399 ^ clkbuf_1_0__f_gpio_in[38]/X (sky130_fd_sc_hd__clkbuf_16)
                                                         clknet_1_0__leaf_gpio_in[38] (net)
                      0.081828    0.016601    0.549000 ^ _087_/CLK (sky130_fd_sc_hd__dfrtp_2)
     3    0.009226    0.039626    0.267042    0.816042 v _087_/Q (sky130_fd_sc_hd__dfrtp_2)
                                                         gpio_18_21_bidir[18].cfg.gpio_out_val (net)
                      0.039626    0.000249    0.816291 v _659_/A (sky130_fd_sc_hd__clkbuf_1)
     1    0.002132    0.016189    0.057491    0.873782 v _659_/X (sky130_fd_sc_hd__clkbuf_1)
                                                         net7 (net)
                      0.016189    0.000060    0.873842 v output7/A (sky130_fd_sc_hd__buf_2)
     1    0.034393    0.062950    0.112092    0.985934 v output7/X (sky130_fd_sc_hd__buf_2)
                                                         gpio_out[18] (net)
                      0.062959    0.000747    0.986681 v gpio_out[18] (out)
                                              0.986681   data arrival time

                                 25.000000   25.000000   clock gpio_in[38] (rise edge)
                                  0.000000   25.000000   clock network delay (propagated)
                                 -0.250000   24.750000   clock uncertainty
                                  0.000000   24.750000   clock reconvergence pessimism
                                 -5.000000   19.750000   output external delay
                                             19.750000   data required time
---------------------------------------------------------------------------------------------
                                             19.750000   data required time
                                             -0.986681   data arrival time
---------------------------------------------------------------------------------------------
                                             18.763319   slack (MET)


Startpoint: _092_ (rising edge-triggered flip-flop clocked by gpio_in[38])
Endpoint: gpio_out[23] (output port clocked by gpio_in[38])
Path Group: gpio_in[38]
Path Type: max

Fanout         Cap        Slew       Delay        Time   Description
---------------------------------------------------------------------------------------------
                                  0.000000    0.000000   clock gpio_in[38] (rise edge)
                                  0.000000    0.000000   clock source latency
     2    0.097719    0.332243    0.247760    0.247760 ^ gpio_in[38] (in)
                                                         gpio_in[38] (net)
                      0.340334    0.000000    0.247760 ^ clkbuf_0_gpio_in[38]/A (sky130_fd_sc_hd__clkbuf_16)
     5    0.064016    0.067901    0.157751    0.405511 ^ clkbuf_0_gpio_in[38]/X (sky130_fd_sc_hd__clkbuf_16)
                                                         clknet_0_gpio_in[38] (net)
                      0.068532    0.005024    0.410535 ^ clkbuf_1_1__f_gpio_in[38]/A (sky130_fd_sc_hd__clkbuf_16)
    19    0.069276    0.066333    0.119090    0.529625 ^ clkbuf_1_1__f_gpio_in[38]/X (sky130_fd_sc_hd__clkbuf_16)
                                                         clknet_1_1__leaf_gpio_in[38] (net)
                      0.070108    0.012126    0.541751 ^ _092_/CLK (sky130_fd_sc_hd__dfrtp_1)
     3    0.010735    0.078443    0.246732    0.788483 ^ _092_/Q (sky130_fd_sc_hd__dfrtp_1)
                                                         gpio_22_37_output[23].cfg.gpio_out_val (net)
                      0.078444    0.000354    0.788837 ^ _664_/A (sky130_fd_sc_hd__clkbuf_1)
     1    0.002400    0.029534    0.055418    0.844255 ^ _664_/X (sky130_fd_sc_hd__clkbuf_1)
                                                         net12 (net)
                      0.029534    0.000070    0.844326 ^ output12/A (sky130_fd_sc_hd__buf_2)
     1    0.034483    0.129047    0.137199    0.981524 ^ output12/X (sky130_fd_sc_hd__buf_2)
                                                         gpio_out[23] (net)
                      0.129055    0.000821    0.982345 ^ gpio_out[23] (out)
                                              0.982345   data arrival time

                                 25.000000   25.000000   clock gpio_in[38] (rise edge)
                                  0.000000   25.000000   clock network delay (propagated)
                                 -0.250000   24.750000   clock uncertainty
                                  0.000000   24.750000   clock reconvergence pessimism
                                 -5.000000   19.750000   output external delay
                                             19.750000   data required time
---------------------------------------------------------------------------------------------
                                             19.750000   data required time
                                             -0.982345   data arrival time
---------------------------------------------------------------------------------------------
                                             18.767654   slack (MET)


Startpoint: _089_ (rising edge-triggered flip-flop clocked by gpio_in[38])
Endpoint: gpio_out[20] (output port clocked by gpio_in[38])
Path Group: gpio_in[38]
Path Type: max

Fanout         Cap        Slew       Delay        Time   Description
---------------------------------------------------------------------------------------------
                                  0.000000    0.000000   clock gpio_in[38] (rise edge)
                                  0.000000    0.000000   clock source latency
     2    0.097719    0.332243    0.247760    0.247760 ^ gpio_in[38] (in)
                                                         gpio_in[38] (net)
                      0.340334    0.000000    0.247760 ^ clkbuf_0_gpio_in[38]/A (sky130_fd_sc_hd__clkbuf_16)
     5    0.064016    0.067901    0.157751    0.405511 ^ clkbuf_0_gpio_in[38]/X (sky130_fd_sc_hd__clkbuf_16)
                                                         clknet_0_gpio_in[38] (net)
                      0.068564    0.005164    0.410675 ^ clkbuf_1_0__f_gpio_in[38]/A (sky130_fd_sc_hd__clkbuf_16)
    25    0.081334    0.075529    0.121724    0.532399 ^ clkbuf_1_0__f_gpio_in[38]/X (sky130_fd_sc_hd__clkbuf_16)
                                                         clknet_1_0__leaf_gpio_in[38] (net)
                      0.082469    0.017463    0.549863 ^ _089_/CLK (sky130_fd_sc_hd__dfrtp_1)
     3    0.008806    0.067236    0.240747    0.790610 ^ _089_/Q (sky130_fd_sc_hd__dfrtp_1)
                                                         gpio_18_21_bidir[20].cfg.gpio_out_val (net)
                      0.067236    0.000220    0.790830 ^ _661_/A (sky130_fd_sc_hd__clkbuf_1)
     1    0.002296    0.028569    0.054047    0.844877 ^ _661_/X (sky130_fd_sc_hd__clkbuf_1)
                                                         net9 (net)
                      0.028569    0.000065    0.844942 ^ output9/A (sky130_fd_sc_hd__buf_2)
     1    0.034323    0.128467    0.136570    0.981512 ^ output9/X (sky130_fd_sc_hd__buf_2)
                                                         gpio_out[20] (net)
                      0.128472    0.000733    0.982245 ^ gpio_out[20] (out)
                                              0.982245   data arrival time

                                 25.000000   25.000000   clock gpio_in[38] (rise edge)
                                  0.000000   25.000000   clock network delay (propagated)
                                 -0.250000   24.750000   clock uncertainty
                                  0.000000   24.750000   clock reconvergence pessimism
                                 -5.000000   19.750000   output external delay
                                             19.750000   data required time
---------------------------------------------------------------------------------------------
                                             19.750000   data required time
                                             -0.982245   data arrival time
---------------------------------------------------------------------------------------------
                                             18.767754   slack (MET)


Startpoint: _089_ (rising edge-triggered flip-flop clocked by gpio_in[38])
Endpoint: gpio_out[4] (output port clocked by gpio_in[38])
Path Group: gpio_in[38]
Path Type: max

Fanout         Cap        Slew       Delay        Time   Description
---------------------------------------------------------------------------------------------
                                  0.000000    0.000000   clock gpio_in[38] (rise edge)
                                  0.000000    0.000000   clock source latency
     2    0.097719    0.332243    0.247760    0.247760 ^ gpio_in[38] (in)
                                                         gpio_in[38] (net)
                      0.340334    0.000000    0.247760 ^ clkbuf_0_gpio_in[38]/A (sky130_fd_sc_hd__clkbuf_16)
     5    0.064016    0.067901    0.157751    0.405511 ^ clkbuf_0_gpio_in[38]/X (sky130_fd_sc_hd__clkbuf_16)
                                                         clknet_0_gpio_in[38] (net)
                      0.068564    0.005164    0.410675 ^ clkbuf_1_0__f_gpio_in[38]/A (sky130_fd_sc_hd__clkbuf_16)
    25    0.081334    0.075529    0.121724    0.532399 ^ clkbuf_1_0__f_gpio_in[38]/X (sky130_fd_sc_hd__clkbuf_16)
                                                         clknet_1_0__leaf_gpio_in[38] (net)
                      0.082469    0.017463    0.549863 ^ _089_/CLK (sky130_fd_sc_hd__dfrtp_1)
     3    0.008806    0.067236    0.240747    0.790610 ^ _089_/Q (sky130_fd_sc_hd__dfrtp_1)
                                                         gpio_18_21_bidir[20].cfg.gpio_out_val (net)
                      0.067236    0.000215    0.790825 ^ _657_/A (sky130_fd_sc_hd__clkbuf_1)
     1    0.002291    0.028529    0.054017    0.844842 ^ _657_/X (sky130_fd_sc_hd__clkbuf_1)
                                                         net29 (net)
                      0.028529    0.000064    0.844906 ^ output29/A (sky130_fd_sc_hd__buf_2)
     1    0.034323    0.128467    0.136558    0.981464 ^ output29/X (sky130_fd_sc_hd__buf_2)
                                                         gpio_out[4] (net)
                      0.128472    0.000733    0.982197 ^ gpio_out[4] (out)
                                              0.982197   data arrival time

                                 25.000000   25.000000   clock gpio_in[38] (rise edge)
                                  0.000000   25.000000   clock network delay (propagated)
                                 -0.250000   24.750000   clock uncertainty
                                  0.000000   24.750000   clock reconvergence pessimism
                                 -5.000000   19.750000   output external delay
                                             19.750000   data required time
---------------------------------------------------------------------------------------------
                                             19.750000   data required time
                                             -0.982197   data arrival time
---------------------------------------------------------------------------------------------
                                             18.767801   slack (MET)


Startpoint: _090_ (rising edge-triggered flip-flop clocked by gpio_in[38])
Endpoint: gpio_out[21] (output port clocked by gpio_in[38])
Path Group: gpio_in[38]
Path Type: max

Fanout         Cap        Slew       Delay        Time   Description
---------------------------------------------------------------------------------------------
                                  0.000000    0.000000   clock gpio_in[38] (rise edge)
                                  0.000000    0.000000   clock source latency
     2    0.097719    0.332243    0.247760    0.247760 ^ gpio_in[38] (in)
                                                         gpio_in[38] (net)
                      0.340334    0.000000    0.247760 ^ clkbuf_0_gpio_in[38]/A (sky130_fd_sc_hd__clkbuf_16)
     5    0.064016    0.067901    0.157751    0.405511 ^ clkbuf_0_gpio_in[38]/X (sky130_fd_sc_hd__clkbuf_16)
                                                         clknet_0_gpio_in[38] (net)
                      0.068564    0.005164    0.410675 ^ clkbuf_1_0__f_gpio_in[38]/A (sky130_fd_sc_hd__clkbuf_16)
    25    0.081334    0.075529    0.121724    0.532399 ^ clkbuf_1_0__f_gpio_in[38]/X (sky130_fd_sc_hd__clkbuf_16)
                                                         clknet_1_0__leaf_gpio_in[38] (net)
                      0.082234    0.017151    0.549550 ^ _090_/CLK (sky130_fd_sc_hd__dfrtp_1)
     3    0.008201    0.063558    0.237771    0.787321 ^ _090_/Q (sky130_fd_sc_hd__dfrtp_1)
                                                         gpio_18_21_bidir[21].cfg.gpio_out_val (net)
                      0.063558    0.000246    0.787567 ^ _662_/A (sky130_fd_sc_hd__clkbuf_1)
     1    0.002018    0.026375    0.052142    0.839710 ^ _662_/X (sky130_fd_sc_hd__clkbuf_1)
                                                         net10 (net)
                      0.026375    0.000039    0.839748 ^ output10/A (sky130_fd_sc_hd__buf_2)
     1    0.034323    0.128472    0.135906    0.975654 ^ output10/X (sky130_fd_sc_hd__buf_2)
                                                         gpio_out[21] (net)
                      0.128478    0.000733    0.976387 ^ gpio_out[21] (out)
                                              0.976387   data arrival time

                                 25.000000   25.000000   clock gpio_in[38] (rise edge)
                                  0.000000   25.000000   clock network delay (propagated)
                                 -0.250000   24.750000   clock uncertainty
                                  0.000000   24.750000   clock reconvergence pessimism
                                 -5.000000   19.750000   output external delay
                                             19.750000   data required time
---------------------------------------------------------------------------------------------
                                             19.750000   data required time
                                             -0.976387   data arrival time
---------------------------------------------------------------------------------------------
                                             18.773613   slack (MET)


Startpoint: _091_ (rising edge-triggered flip-flop clocked by gpio_in[38])
Endpoint: gpio_out[22] (output port clocked by gpio_in[38])
Path Group: gpio_in[38]
Path Type: max

Fanout         Cap        Slew       Delay        Time   Description
---------------------------------------------------------------------------------------------
                                  0.000000    0.000000   clock gpio_in[38] (rise edge)
                                  0.000000    0.000000   clock source latency
     2    0.097719    0.332243    0.247760    0.247760 ^ gpio_in[38] (in)
                                                         gpio_in[38] (net)
                      0.340334    0.000000    0.247760 ^ clkbuf_0_gpio_in[38]/A (sky130_fd_sc_hd__clkbuf_16)
     5    0.064016    0.067901    0.157751    0.405511 ^ clkbuf_0_gpio_in[38]/X (sky130_fd_sc_hd__clkbuf_16)
                                                         clknet_0_gpio_in[38] (net)
                      0.068532    0.005024    0.410535 ^ clkbuf_1_1__f_gpio_in[38]/A (sky130_fd_sc_hd__clkbuf_16)
    19    0.069276    0.066333    0.119090    0.529625 ^ clkbuf_1_1__f_gpio_in[38]/X (sky130_fd_sc_hd__clkbuf_16)
                                                         clknet_1_1__leaf_gpio_in[38] (net)
                      0.070106    0.012122    0.541747 ^ _091_/CLK (sky130_fd_sc_hd__dfrtp_1)
     3    0.008912    0.067896    0.238034    0.779781 ^ _091_/Q (sky130_fd_sc_hd__dfrtp_1)
                                                         gpio_22_37_output[22].cfg.gpio_out_val (net)
                      0.067896    0.000185    0.779966 ^ _663_/A (sky130_fd_sc_hd__clkbuf_1)
     1    0.002341    0.028925    0.054359    0.834325 ^ _663_/X (sky130_fd_sc_hd__clkbuf_1)
                                                         net11 (net)
                      0.028925    0.000067    0.834392 ^ output11/A (sky130_fd_sc_hd__buf_2)
     1    0.034443    0.128904    0.136925    0.971317 ^ output11/X (sky130_fd_sc_hd__buf_2)
                                                         gpio_out[22] (net)
                      0.128911    0.000806    0.972123 ^ gpio_out[22] (out)
                                              0.972123   data arrival time

                                 25.000000   25.000000   clock gpio_in[38] (rise edge)
                                  0.000000   25.000000   clock network delay (propagated)
                                 -0.250000   24.750000   clock uncertainty
                                  0.000000   24.750000   clock reconvergence pessimism
                                 -5.000000   19.750000   output external delay
                                             19.750000   data required time
---------------------------------------------------------------------------------------------
                                             19.750000   data required time
                                             -0.972123   data arrival time
---------------------------------------------------------------------------------------------
                                             18.777876   slack (MET)


Startpoint: _094_ (rising edge-triggered flip-flop clocked by gpio_in[38])
Endpoint: gpio_out[25] (output port clocked by gpio_in[38])
Path Group: gpio_in[38]
Path Type: max

Fanout         Cap        Slew       Delay        Time   Description
---------------------------------------------------------------------------------------------
                                  0.000000    0.000000   clock gpio_in[38] (rise edge)
                                  0.000000    0.000000   clock source latency
     2    0.097719    0.332243    0.247760    0.247760 ^ gpio_in[38] (in)
                                                         gpio_in[38] (net)
                      0.340334    0.000000    0.247760 ^ clkbuf_0_gpio_in[38]/A (sky130_fd_sc_hd__clkbuf_16)
     5    0.064016    0.067901    0.157751    0.405511 ^ clkbuf_0_gpio_in[38]/X (sky130_fd_sc_hd__clkbuf_16)
                                                         clknet_0_gpio_in[38] (net)
                      0.068532    0.005024    0.410535 ^ clkbuf_1_1__f_gpio_in[38]/A (sky130_fd_sc_hd__clkbuf_16)
    19    0.069276    0.066333    0.119090    0.529625 ^ clkbuf_1_1__f_gpio_in[38]/X (sky130_fd_sc_hd__clkbuf_16)
                                                         clknet_1_1__leaf_gpio_in[38] (net)
                      0.070060    0.012042    0.541667 ^ _094_/CLK (sky130_fd_sc_hd__dfrtp_1)
     3    0.007929    0.061903    0.233290    0.774957 ^ _094_/Q (sky130_fd_sc_hd__dfrtp_1)
                                                         gpio_22_37_output[25].cfg.gpio_out_val (net)
                      0.061903    0.000166    0.775123 ^ _666_/A (sky130_fd_sc_hd__clkbuf_1)
     1    0.002462    0.029791    0.054688    0.829811 ^ _666_/X (sky130_fd_sc_hd__clkbuf_1)
                                                         net14 (net)
                      0.029791    0.000071    0.829882 ^ output14/A (sky130_fd_sc_hd__buf_2)
     1    0.034517    0.129170    0.137356    0.967239 ^ output14/X (sky130_fd_sc_hd__buf_2)
                                                         gpio_out[25] (net)
                      0.129177    0.000825    0.968063 ^ gpio_out[25] (out)
                                              0.968063   data arrival time

                                 25.000000   25.000000   clock gpio_in[38] (rise edge)
                                  0.000000   25.000000   clock network delay (propagated)
                                 -0.250000   24.750000   clock uncertainty
                                  0.000000   24.750000   clock reconvergence pessimism
                                 -5.000000   19.750000   output external delay
                                             19.750000   data required time
---------------------------------------------------------------------------------------------
                                             19.750000   data required time
                                             -0.968063   data arrival time
---------------------------------------------------------------------------------------------
                                             18.781937   slack (MET)


Startpoint: _106_ (rising edge-triggered flip-flop clocked by gpio_in[38])
Endpoint: gpio_out[37] (output port clocked by gpio_in[38])
Path Group: gpio_in[38]
Path Type: max

Fanout         Cap        Slew       Delay        Time   Description
---------------------------------------------------------------------------------------------
                                  0.000000    0.000000   clock gpio_in[38] (rise edge)
                                  0.000000    0.000000   clock source latency
     2    0.097719    0.332243    0.247760    0.247760 ^ gpio_in[38] (in)
                                                         gpio_in[38] (net)
                      0.340334    0.000000    0.247760 ^ clkbuf_0_gpio_in[38]/A (sky130_fd_sc_hd__clkbuf_16)
     5    0.064016    0.067901    0.157751    0.405511 ^ clkbuf_0_gpio_in[38]/X (sky130_fd_sc_hd__clkbuf_16)
                                                         clknet_0_gpio_in[38] (net)
                      0.068532    0.005024    0.410535 ^ clkbuf_1_1__f_gpio_in[38]/A (sky130_fd_sc_hd__clkbuf_16)
    19    0.069276    0.066333    0.119090    0.529625 ^ clkbuf_1_1__f_gpio_in[38]/X (sky130_fd_sc_hd__clkbuf_16)
                                                         clknet_1_1__leaf_gpio_in[38] (net)
                      0.069717    0.011428    0.541053 ^ _106_/CLK (sky130_fd_sc_hd__dfrtp_1)
     2    0.006191    0.051408    0.224848    0.765901 ^ _106_/Q (sky130_fd_sc_hd__dfrtp_1)
                                                         gpio_22_37_output[37].cfg.gpio_out_val (net)
                      0.051408    0.000178    0.766079 ^ _678_/A (sky130_fd_sc_hd__clkbuf_1)
     1    0.002065    0.026543    0.051374    0.817453 ^ _678_/X (sky130_fd_sc_hd__clkbuf_1)
                                                         net27 (net)
                      0.026543    0.000058    0.817510 ^ output27/A (sky130_fd_sc_hd__buf_2)
     1    0.034483    0.129054    0.136293    0.953803 ^ output27/X (sky130_fd_sc_hd__buf_2)
                                                         gpio_out[37] (net)
                      0.129062    0.000821    0.954623 ^ gpio_out[37] (out)
                                              0.954623   data arrival time

                                 25.000000   25.000000   clock gpio_in[38] (rise edge)
                                  0.000000   25.000000   clock network delay (propagated)
                                 -0.250000   24.750000   clock uncertainty
                                  0.000000   24.750000   clock reconvergence pessimism
                                 -5.000000   19.750000   output external delay
                                             19.750000   data required time
---------------------------------------------------------------------------------------------
                                             19.750000   data required time
                                             -0.954623   data arrival time
---------------------------------------------------------------------------------------------
                                             18.795376   slack (MET)


Startpoint: resetb_l (input port clocked by gpio_in[38])
Endpoint: _094_ (recovery check against rising-edge clock gpio_in[38])
Path Group: asynchronous
Path Type: max

Fanout         Cap        Slew       Delay        Time   Description
---------------------------------------------------------------------------------------------
                                  0.000000    0.000000   clock gpio_in[38] (rise edge)
                                  0.000000    0.000000   clock network delay (propagated)
                                  5.000000    5.000000 ^ input external delay
     2    0.009037    0.035266    0.022776    5.022776 ^ resetb_l (in)
                                                         resetb_l (net)
                      0.035267    0.000000    5.022776 ^ input2/A (sky130_fd_sc_hd__buf_8)
    11    0.131119    0.152161    0.134474    5.157249 ^ input2/X (sky130_fd_sc_hd__buf_8)
                                                         net2 (net)
                      0.152180    0.001465    5.158715 ^ fanout31/A (sky130_fd_sc_hd__clkbuf_16)
    33    0.187223    0.145453    0.184287    5.343002 ^ fanout31/X (sky130_fd_sc_hd__clkbuf_16)
                                                         net31 (net)
                      0.194111    0.065302    5.408303 ^ _094_/RESET_B (sky130_fd_sc_hd__dfrtp_1)
                                              5.408303   data arrival time

                                 25.000000   25.000000   clock gpio_in[38] (rise edge)
                                  0.000000   25.000000   clock source latency
     2    0.097719    0.332243    0.247759   25.247759 ^ gpio_in[38] (in)
                                                         gpio_in[38] (net)
                      0.340334    0.000000   25.247759 ^ clkbuf_0_gpio_in[38]/A (sky130_fd_sc_hd__clkbuf_16)
     5    0.064016    0.067901    0.157751   25.405510 ^ clkbuf_0_gpio_in[38]/X (sky130_fd_sc_hd__clkbuf_16)
                                                         clknet_0_gpio_in[38] (net)
                      0.068532    0.005025   25.410534 ^ clkbuf_1_1__f_gpio_in[38]/A (sky130_fd_sc_hd__clkbuf_16)
    19    0.069276    0.066333    0.119089   25.529623 ^ clkbuf_1_1__f_gpio_in[38]/X (sky130_fd_sc_hd__clkbuf_16)
                                                         clknet_1_1__leaf_gpio_in[38] (net)
                      0.070060    0.012042   25.541666 ^ _094_/CLK (sky130_fd_sc_hd__dfrtp_1)
                                 -0.250000   25.291666   clock uncertainty
                                  0.000000   25.291666   clock reconvergence pessimism
                                  0.119266   25.410933   library recovery time
                                             25.410933   data required time
---------------------------------------------------------------------------------------------
                                             25.410933   data required time
                                             -5.408303   data arrival time
---------------------------------------------------------------------------------------------
                                             20.002630   slack (MET)


Startpoint: resetb_l (input port clocked by gpio_in[38])
Endpoint: _092_ (recovery check against rising-edge clock gpio_in[38])
Path Group: asynchronous
Path Type: max

Fanout         Cap        Slew       Delay        Time   Description
---------------------------------------------------------------------------------------------
                                  0.000000    0.000000   clock gpio_in[38] (rise edge)
                                  0.000000    0.000000   clock network delay (propagated)
                                  5.000000    5.000000 ^ input external delay
     2    0.009037    0.035266    0.022776    5.022776 ^ resetb_l (in)
                                                         resetb_l (net)
                      0.035267    0.000000    5.022776 ^ input2/A (sky130_fd_sc_hd__buf_8)
    11    0.131119    0.152161    0.134474    5.157249 ^ input2/X (sky130_fd_sc_hd__buf_8)
                                                         net2 (net)
                      0.152180    0.001465    5.158715 ^ fanout31/A (sky130_fd_sc_hd__clkbuf_16)
    33    0.187223    0.145453    0.184287    5.343002 ^ fanout31/X (sky130_fd_sc_hd__clkbuf_16)
                                                         net31 (net)
                      0.194137    0.065323    5.408325 ^ _092_/RESET_B (sky130_fd_sc_hd__dfrtp_1)
                                              5.408325   data arrival time

                                 25.000000   25.000000   clock gpio_in[38] (rise edge)
                                  0.000000   25.000000   clock source latency
     2    0.097719    0.332243    0.247759   25.247759 ^ gpio_in[38] (in)
                                                         gpio_in[38] (net)
                      0.340334    0.000000   25.247759 ^ clkbuf_0_gpio_in[38]/A (sky130_fd_sc_hd__clkbuf_16)
     5    0.064016    0.067901    0.157751   25.405510 ^ clkbuf_0_gpio_in[38]/X (sky130_fd_sc_hd__clkbuf_16)
                                                         clknet_0_gpio_in[38] (net)
                      0.068532    0.005025   25.410534 ^ clkbuf_1_1__f_gpio_in[38]/A (sky130_fd_sc_hd__clkbuf_16)
    19    0.069276    0.066333    0.119089   25.529623 ^ clkbuf_1_1__f_gpio_in[38]/X (sky130_fd_sc_hd__clkbuf_16)
                                                         clknet_1_1__leaf_gpio_in[38] (net)
                      0.070108    0.012127   25.541750 ^ _092_/CLK (sky130_fd_sc_hd__dfrtp_1)
                                 -0.250000   25.291752   clock uncertainty
                                  0.000000   25.291752   clock reconvergence pessimism
                                  0.119269   25.411020   library recovery time
                                             25.411020   data required time
---------------------------------------------------------------------------------------------
                                             25.411020   data required time
                                             -5.408325   data arrival time
---------------------------------------------------------------------------------------------
                                             20.002695   slack (MET)


Startpoint: resetb_l (input port clocked by gpio_in[38])
Endpoint: _091_ (recovery check against rising-edge clock gpio_in[38])
Path Group: asynchronous
Path Type: max

Fanout         Cap        Slew       Delay        Time   Description
---------------------------------------------------------------------------------------------
                                  0.000000    0.000000   clock gpio_in[38] (rise edge)
                                  0.000000    0.000000   clock network delay (propagated)
                                  5.000000    5.000000 ^ input external delay
     2    0.009037    0.035266    0.022776    5.022776 ^ resetb_l (in)
                                                         resetb_l (net)
                      0.035267    0.000000    5.022776 ^ input2/A (sky130_fd_sc_hd__buf_8)
    11    0.131119    0.152161    0.134474    5.157249 ^ input2/X (sky130_fd_sc_hd__buf_8)
                                                         net2 (net)
                      0.152180    0.001465    5.158715 ^ fanout31/A (sky130_fd_sc_hd__clkbuf_16)
    33    0.187223    0.145453    0.184287    5.343002 ^ fanout31/X (sky130_fd_sc_hd__clkbuf_16)
                                                         net31 (net)
                      0.194084    0.065279    5.408281 ^ _091_/RESET_B (sky130_fd_sc_hd__dfrtp_1)
                                              5.408281   data arrival time

                                 25.000000   25.000000   clock gpio_in[38] (rise edge)
                                  0.000000   25.000000   clock source latency
     2    0.097719    0.332243    0.247759   25.247759 ^ gpio_in[38] (in)
                                                         gpio_in[38] (net)
                      0.340334    0.000000   25.247759 ^ clkbuf_0_gpio_in[38]/A (sky130_fd_sc_hd__clkbuf_16)
     5    0.064016    0.067901    0.157751   25.405510 ^ clkbuf_0_gpio_in[38]/X (sky130_fd_sc_hd__clkbuf_16)
                                                         clknet_0_gpio_in[38] (net)
                      0.068532    0.005025   25.410534 ^ clkbuf_1_1__f_gpio_in[38]/A (sky130_fd_sc_hd__clkbuf_16)
    19    0.069276    0.066333    0.119089   25.529623 ^ clkbuf_1_1__f_gpio_in[38]/X (sky130_fd_sc_hd__clkbuf_16)
                                                         clknet_1_1__leaf_gpio_in[38] (net)
                      0.070106    0.012122   25.541746 ^ _091_/CLK (sky130_fd_sc_hd__dfrtp_1)
                                 -0.250000   25.291746   clock uncertainty
                                  0.000000   25.291746   clock reconvergence pessimism
                                  0.119278   25.411026   library recovery time
                                             25.411026   data required time
---------------------------------------------------------------------------------------------
                                             25.411026   data required time
                                             -5.408281   data arrival time
---------------------------------------------------------------------------------------------
                                             20.002745   slack (MET)


Startpoint: resetb_l (input port clocked by gpio_in[38])
Endpoint: _093_ (recovery check against rising-edge clock gpio_in[38])
Path Group: asynchronous
Path Type: max

Fanout         Cap        Slew       Delay        Time   Description
---------------------------------------------------------------------------------------------
                                  0.000000    0.000000   clock gpio_in[38] (rise edge)
                                  0.000000    0.000000   clock network delay (propagated)
                                  5.000000    5.000000 ^ input external delay
     2    0.009037    0.035266    0.022776    5.022776 ^ resetb_l (in)
                                                         resetb_l (net)
                      0.035267    0.000000    5.022776 ^ input2/A (sky130_fd_sc_hd__buf_8)
    11    0.131119    0.152161    0.134474    5.157249 ^ input2/X (sky130_fd_sc_hd__buf_8)
                                                         net2 (net)
                      0.152180    0.001465    5.158715 ^ fanout31/A (sky130_fd_sc_hd__clkbuf_16)
    33    0.187223    0.145453    0.184287    5.343002 ^ fanout31/X (sky130_fd_sc_hd__clkbuf_16)
                                                         net31 (net)
                      0.193963    0.065179    5.408180 ^ _093_/RESET_B (sky130_fd_sc_hd__dfrtp_1)
                                              5.408180   data arrival time

                                 25.000000   25.000000   clock gpio_in[38] (rise edge)
                                  0.000000   25.000000   clock source latency
     2    0.097719    0.332243    0.247759   25.247759 ^ gpio_in[38] (in)
                                                         gpio_in[38] (net)
                      0.340334    0.000000   25.247759 ^ clkbuf_0_gpio_in[38]/A (sky130_fd_sc_hd__clkbuf_16)
     5    0.064016    0.067901    0.157751   25.405510 ^ clkbuf_0_gpio_in[38]/X (sky130_fd_sc_hd__clkbuf_16)
                                                         clknet_0_gpio_in[38] (net)
                      0.068532    0.005025   25.410534 ^ clkbuf_1_1__f_gpio_in[38]/A (sky130_fd_sc_hd__clkbuf_16)
    19    0.069276    0.066333    0.119089   25.529623 ^ clkbuf_1_1__f_gpio_in[38]/X (sky130_fd_sc_hd__clkbuf_16)
                                                         clknet_1_1__leaf_gpio_in[38] (net)
                      0.070116    0.012140   25.541763 ^ _093_/CLK (sky130_fd_sc_hd__dfrtp_1)
                                 -0.250000   25.291763   clock uncertainty
                                  0.000000   25.291763   clock reconvergence pessimism
                                  0.119302   25.411066   library recovery time
                                             25.411066   data required time
---------------------------------------------------------------------------------------------
                                             25.411066   data required time
                                             -5.408180   data arrival time
---------------------------------------------------------------------------------------------
                                             20.002886   slack (MET)


Startpoint: resetb_l (input port clocked by gpio_in[38])
Endpoint: _095_ (recovery check against rising-edge clock gpio_in[38])
Path Group: asynchronous
Path Type: max

Fanout         Cap        Slew       Delay        Time   Description
---------------------------------------------------------------------------------------------
                                  0.000000    0.000000   clock gpio_in[38] (rise edge)
                                  0.000000    0.000000   clock network delay (propagated)
                                  5.000000    5.000000 ^ input external delay
     2    0.009037    0.035266    0.022776    5.022776 ^ resetb_l (in)
                                                         resetb_l (net)
                      0.035267    0.000000    5.022776 ^ input2/A (sky130_fd_sc_hd__buf_8)
    11    0.131119    0.152161    0.134474    5.157249 ^ input2/X (sky130_fd_sc_hd__buf_8)
                                                         net2 (net)
                      0.152180    0.001465    5.158715 ^ fanout31/A (sky130_fd_sc_hd__clkbuf_16)
    33    0.187223    0.145453    0.184287    5.343002 ^ fanout31/X (sky130_fd_sc_hd__clkbuf_16)
                                                         net31 (net)
                      0.150229    0.018404    5.361405 ^ _095_/RESET_B (sky130_fd_sc_hd__dfrtp_2)
                                              5.361405   data arrival time

                                 25.000000   25.000000   clock gpio_in[38] (rise edge)
                                  0.000000   25.000000   clock source latency
     2    0.097719    0.332243    0.247759   25.247759 ^ gpio_in[38] (in)
                                                         gpio_in[38] (net)
                      0.340334    0.000000   25.247759 ^ clkbuf_0_gpio_in[38]/A (sky130_fd_sc_hd__clkbuf_16)
     5    0.064016    0.067901    0.157751   25.405510 ^ clkbuf_0_gpio_in[38]/X (sky130_fd_sc_hd__clkbuf_16)
                                                         clknet_0_gpio_in[38] (net)
                      0.068564    0.005166   25.410675 ^ clkbuf_1_0__f_gpio_in[38]/A (sky130_fd_sc_hd__clkbuf_16)
    25    0.081334    0.075529    0.121723   25.532398 ^ clkbuf_1_0__f_gpio_in[38]/X (sky130_fd_sc_hd__clkbuf_16)
                                                         clknet_1_0__leaf_gpio_in[38] (net)
                      0.080482    0.014660   25.547058 ^ _095_/CLK (sky130_fd_sc_hd__dfrtp_2)
                                 -0.250000   25.297060   clock uncertainty
                                  0.000000   25.297060   clock reconvergence pessimism
                                  0.110909   25.407969   library recovery time
                                             25.407969   data required time
---------------------------------------------------------------------------------------------
                                             25.407969   data required time
                                             -5.361405   data arrival time
---------------------------------------------------------------------------------------------
                                             20.046562   slack (MET)


Startpoint: resetb_l (input port clocked by gpio_in[38])
Endpoint: _087_ (recovery check against rising-edge clock gpio_in[38])
Path Group: asynchronous
Path Type: max

Fanout         Cap        Slew       Delay        Time   Description
---------------------------------------------------------------------------------------------
                                  0.000000    0.000000   clock gpio_in[38] (rise edge)
                                  0.000000    0.000000   clock network delay (propagated)
                                  5.000000    5.000000 ^ input external delay
     2    0.009037    0.035266    0.022776    5.022776 ^ resetb_l (in)
                                                         resetb_l (net)
                      0.035267    0.000000    5.022776 ^ input2/A (sky130_fd_sc_hd__buf_8)
    11    0.131119    0.152161    0.134474    5.157249 ^ input2/X (sky130_fd_sc_hd__buf_8)
                                                         net2 (net)
                      0.152180    0.001465    5.158715 ^ fanout31/A (sky130_fd_sc_hd__clkbuf_16)
    33    0.187223    0.145453    0.184287    5.343002 ^ fanout31/X (sky130_fd_sc_hd__clkbuf_16)
                                                         net31 (net)
                      0.147893    0.013310    5.356312 ^ _087_/RESET_B (sky130_fd_sc_hd__dfrtp_2)
                                              5.356312   data arrival time

                                 25.000000   25.000000   clock gpio_in[38] (rise edge)
                                  0.000000   25.000000   clock source latency
     2    0.097719    0.332243    0.247759   25.247759 ^ gpio_in[38] (in)
                                                         gpio_in[38] (net)
                      0.340334    0.000000   25.247759 ^ clkbuf_0_gpio_in[38]/A (sky130_fd_sc_hd__clkbuf_16)
     5    0.064016    0.067901    0.157751   25.405510 ^ clkbuf_0_gpio_in[38]/X (sky130_fd_sc_hd__clkbuf_16)
                                                         clknet_0_gpio_in[38] (net)
                      0.068564    0.005166   25.410675 ^ clkbuf_1_0__f_gpio_in[38]/A (sky130_fd_sc_hd__clkbuf_16)
    25    0.081334    0.075529    0.121723   25.532398 ^ clkbuf_1_0__f_gpio_in[38]/X (sky130_fd_sc_hd__clkbuf_16)
                                                         clknet_1_0__leaf_gpio_in[38] (net)
                      0.081828    0.016602   25.549000 ^ _087_/CLK (sky130_fd_sc_hd__dfrtp_2)
                                 -0.250000   25.299002   clock uncertainty
                                  0.000000   25.299002   clock reconvergence pessimism
                                  0.111715   25.410715   library recovery time
                                             25.410715   data required time
---------------------------------------------------------------------------------------------
                                             25.410715   data required time
                                             -5.356312   data arrival time
---------------------------------------------------------------------------------------------
                                             20.054405   slack (MET)


Startpoint: resetb_l (input port clocked by gpio_in[38])
Endpoint: _098_ (recovery check against rising-edge clock gpio_in[38])
Path Group: asynchronous
Path Type: max

Fanout         Cap        Slew       Delay        Time   Description
---------------------------------------------------------------------------------------------
                                  0.000000    0.000000   clock gpio_in[38] (rise edge)
                                  0.000000    0.000000   clock network delay (propagated)
                                  5.000000    5.000000 ^ input external delay
     2    0.009037    0.035266    0.022776    5.022776 ^ resetb_l (in)
                                                         resetb_l (net)
                      0.035267    0.000000    5.022776 ^ input2/A (sky130_fd_sc_hd__buf_8)
    11    0.131119    0.152161    0.134474    5.157249 ^ input2/X (sky130_fd_sc_hd__buf_8)
                                                         net2 (net)
                      0.152180    0.001465    5.158715 ^ fanout31/A (sky130_fd_sc_hd__clkbuf_16)
    33    0.187223    0.145453    0.184287    5.343002 ^ fanout31/X (sky130_fd_sc_hd__clkbuf_16)
                                                         net31 (net)
                      0.148754    0.015366    5.358367 ^ _098_/RESET_B (sky130_fd_sc_hd__dfrtp_1)
                                              5.358367   data arrival time

                                 25.000000   25.000000   clock gpio_in[38] (rise edge)
                                  0.000000   25.000000   clock source latency
     2    0.097719    0.332243    0.247759   25.247759 ^ gpio_in[38] (in)
                                                         gpio_in[38] (net)
                      0.340334    0.000000   25.247759 ^ clkbuf_0_gpio_in[38]/A (sky130_fd_sc_hd__clkbuf_16)
     5    0.064016    0.067901    0.157751   25.405510 ^ clkbuf_0_gpio_in[38]/X (sky130_fd_sc_hd__clkbuf_16)
                                                         clknet_0_gpio_in[38] (net)
                      0.068564    0.005166   25.410675 ^ clkbuf_1_0__f_gpio_in[38]/A (sky130_fd_sc_hd__clkbuf_16)
    25    0.081334    0.075529    0.121723   25.532398 ^ clkbuf_1_0__f_gpio_in[38]/X (sky130_fd_sc_hd__clkbuf_16)
                                                         clknet_1_0__leaf_gpio_in[38] (net)
                      0.081430    0.016048   25.548447 ^ _098_/CLK (sky130_fd_sc_hd__dfrtp_1)
                                 -0.250000   25.298447   clock uncertainty
                                  0.000000   25.298447   clock reconvergence pessimism
                                  0.129429   25.427876   library recovery time
                                             25.427876   data required time
---------------------------------------------------------------------------------------------
                                             25.427876   data required time
                                             -5.358367   data arrival time
---------------------------------------------------------------------------------------------
                                             20.069508   slack (MET)


Startpoint: resetb_l (input port clocked by gpio_in[38])
Endpoint: _097_ (recovery check against rising-edge clock gpio_in[38])
Path Group: asynchronous
Path Type: max

Fanout         Cap        Slew       Delay        Time   Description
---------------------------------------------------------------------------------------------
                                  0.000000    0.000000   clock gpio_in[38] (rise edge)
                                  0.000000    0.000000   clock network delay (propagated)
                                  5.000000    5.000000 ^ input external delay
     2    0.009037    0.035266    0.022776    5.022776 ^ resetb_l (in)
                                                         resetb_l (net)
                      0.035267    0.000000    5.022776 ^ input2/A (sky130_fd_sc_hd__buf_8)
    11    0.131119    0.152161    0.134474    5.157249 ^ input2/X (sky130_fd_sc_hd__buf_8)
                                                         net2 (net)
                      0.152180    0.001465    5.158715 ^ fanout31/A (sky130_fd_sc_hd__clkbuf_16)
    33    0.187223    0.145453    0.184287    5.343002 ^ fanout31/X (sky130_fd_sc_hd__clkbuf_16)
                                                         net31 (net)
                      0.148799    0.015466    5.358468 ^ _097_/RESET_B (sky130_fd_sc_hd__dfrtp_1)
                                              5.358468   data arrival time

                                 25.000000   25.000000   clock gpio_in[38] (rise edge)
                                  0.000000   25.000000   clock source latency
     2    0.097719    0.332243    0.247759   25.247759 ^ gpio_in[38] (in)
                                                         gpio_in[38] (net)
                      0.340334    0.000000   25.247759 ^ clkbuf_0_gpio_in[38]/A (sky130_fd_sc_hd__clkbuf_16)
     5    0.064016    0.067901    0.157751   25.405510 ^ clkbuf_0_gpio_in[38]/X (sky130_fd_sc_hd__clkbuf_16)
                                                         clknet_0_gpio_in[38] (net)
                      0.068564    0.005166   25.410675 ^ clkbuf_1_0__f_gpio_in[38]/A (sky130_fd_sc_hd__clkbuf_16)
    25    0.081334    0.075529    0.121723   25.532398 ^ clkbuf_1_0__f_gpio_in[38]/X (sky130_fd_sc_hd__clkbuf_16)
                                                         clknet_1_0__leaf_gpio_in[38] (net)
                      0.081666    0.016376   25.548775 ^ _097_/CLK (sky130_fd_sc_hd__dfrtp_1)
                                 -0.250000   25.298775   clock uncertainty
                                  0.000000   25.298775   clock reconvergence pessimism
                                  0.129457   25.428232   library recovery time
                                             25.428232   data required time
---------------------------------------------------------------------------------------------
                                             25.428232   data required time
                                             -5.358468   data arrival time
---------------------------------------------------------------------------------------------
                                             20.069765   slack (MET)


Startpoint: resetb_l (input port clocked by gpio_in[38])
Endpoint: _096_ (recovery check against rising-edge clock gpio_in[38])
Path Group: asynchronous
Path Type: max

Fanout         Cap        Slew       Delay        Time   Description
---------------------------------------------------------------------------------------------
                                  0.000000    0.000000   clock gpio_in[38] (rise edge)
                                  0.000000    0.000000   clock network delay (propagated)
                                  5.000000    5.000000 ^ input external delay
     2    0.009037    0.035266    0.022776    5.022776 ^ resetb_l (in)
                                                         resetb_l (net)
                      0.035267    0.000000    5.022776 ^ input2/A (sky130_fd_sc_hd__buf_8)
    11    0.131119    0.152161    0.134474    5.157249 ^ input2/X (sky130_fd_sc_hd__buf_8)
                                                         net2 (net)
                      0.152180    0.001465    5.158715 ^ fanout31/A (sky130_fd_sc_hd__clkbuf_16)
    33    0.187223    0.145453    0.184287    5.343002 ^ fanout31/X (sky130_fd_sc_hd__clkbuf_16)
                                                         net31 (net)
                      0.148775    0.015414    5.358416 ^ _096_/RESET_B (sky130_fd_sc_hd__dfrtp_1)
                                              5.358416   data arrival time

                                 25.000000   25.000000   clock gpio_in[38] (rise edge)
                                  0.000000   25.000000   clock source latency
     2    0.097719    0.332243    0.247759   25.247759 ^ gpio_in[38] (in)
                                                         gpio_in[38] (net)
                      0.340334    0.000000   25.247759 ^ clkbuf_0_gpio_in[38]/A (sky130_fd_sc_hd__clkbuf_16)
     5    0.064016    0.067901    0.157751   25.405510 ^ clkbuf_0_gpio_in[38]/X (sky130_fd_sc_hd__clkbuf_16)
                                                         clknet_0_gpio_in[38] (net)
                      0.068564    0.005166   25.410675 ^ clkbuf_1_0__f_gpio_in[38]/A (sky130_fd_sc_hd__clkbuf_16)
    25    0.081334    0.075529    0.121723   25.532398 ^ clkbuf_1_0__f_gpio_in[38]/X (sky130_fd_sc_hd__clkbuf_16)
                                                         clknet_1_0__leaf_gpio_in[38] (net)
                      0.081683    0.016401   25.548800 ^ _096_/CLK (sky130_fd_sc_hd__dfrtp_1)
                                 -0.250000   25.298800   clock uncertainty
                                  0.000000   25.298800   clock reconvergence pessimism
                                  0.129464   25.428265   library recovery time
                                             25.428265   data required time
---------------------------------------------------------------------------------------------
                                             25.428265   data required time
                                             -5.358416   data arrival time
---------------------------------------------------------------------------------------------
                                             20.069849   slack (MET)


Startpoint: resetb_l (input port clocked by gpio_in[38])
Endpoint: _088_ (recovery check against rising-edge clock gpio_in[38])
Path Group: asynchronous
Path Type: max

Fanout         Cap        Slew       Delay        Time   Description
---------------------------------------------------------------------------------------------
                                  0.000000    0.000000   clock gpio_in[38] (rise edge)
                                  0.000000    0.000000   clock network delay (propagated)
                                  5.000000    5.000000 ^ input external delay
     2    0.009037    0.035266    0.022776    5.022776 ^ resetb_l (in)
                                                         resetb_l (net)
                      0.035267    0.000000    5.022776 ^ input2/A (sky130_fd_sc_hd__buf_8)
    11    0.131119    0.152161    0.134474    5.157249 ^ input2/X (sky130_fd_sc_hd__buf_8)
                                                         net2 (net)
                      0.152180    0.001465    5.158715 ^ fanout31/A (sky130_fd_sc_hd__clkbuf_16)
    33    0.187223    0.145453    0.184287    5.343002 ^ fanout31/X (sky130_fd_sc_hd__clkbuf_16)
                                                         net31 (net)
                      0.147431    0.012069    5.355071 ^ _088_/RESET_B (sky130_fd_sc_hd__dfrtp_1)
                                              5.355071   data arrival time

                                 25.000000   25.000000   clock gpio_in[38] (rise edge)
                                  0.000000   25.000000   clock source latency
     2    0.097719    0.332243    0.247759   25.247759 ^ gpio_in[38] (in)
                                                         gpio_in[38] (net)
                      0.340334    0.000000   25.247759 ^ clkbuf_0_gpio_in[38]/A (sky130_fd_sc_hd__clkbuf_16)
     5    0.064016    0.067901    0.157751   25.405510 ^ clkbuf_0_gpio_in[38]/X (sky130_fd_sc_hd__clkbuf_16)
                                                         clknet_0_gpio_in[38] (net)
                      0.068564    0.005166   25.410675 ^ clkbuf_1_0__f_gpio_in[38]/A (sky130_fd_sc_hd__clkbuf_16)
    25    0.081334    0.075529    0.121723   25.532398 ^ clkbuf_1_0__f_gpio_in[38]/X (sky130_fd_sc_hd__clkbuf_16)
                                                         clknet_1_0__leaf_gpio_in[38] (net)
                      0.082010    0.016849   25.549248 ^ _088_/CLK (sky130_fd_sc_hd__dfrtp_1)
                                 -0.250000   25.299248   clock uncertainty
                                  0.000000   25.299248   clock reconvergence pessimism
                                  0.129763   25.429010   library recovery time
                                             25.429010   data required time
---------------------------------------------------------------------------------------------
                                             25.429010   data required time
                                             -5.355071   data arrival time
---------------------------------------------------------------------------------------------
                                             20.073940   slack (MET)


Startpoint: resetb_l (input port clocked by gpio_in[38])
Endpoint: _090_ (recovery check against rising-edge clock gpio_in[38])
Path Group: asynchronous
Path Type: max

Fanout         Cap        Slew       Delay        Time   Description
---------------------------------------------------------------------------------------------
                                  0.000000    0.000000   clock gpio_in[38] (rise edge)
                                  0.000000    0.000000   clock network delay (propagated)
                                  5.000000    5.000000 ^ input external delay
     2    0.009037    0.035266    0.022776    5.022776 ^ resetb_l (in)
                                                         resetb_l (net)
                      0.035267    0.000000    5.022776 ^ input2/A (sky130_fd_sc_hd__buf_8)
    11    0.131119    0.152161    0.134474    5.157249 ^ input2/X (sky130_fd_sc_hd__buf_8)
                                                         net2 (net)
                      0.152180    0.001465    5.158715 ^ fanout31/A (sky130_fd_sc_hd__clkbuf_16)
    33    0.187223    0.145453    0.184287    5.343002 ^ fanout31/X (sky130_fd_sc_hd__clkbuf_16)
                                                         net31 (net)
                      0.146770    0.010024    5.353025 ^ _090_/RESET_B (sky130_fd_sc_hd__dfrtp_1)
                                              5.353025   data arrival time

                                 25.000000   25.000000   clock gpio_in[38] (rise edge)
                                  0.000000   25.000000   clock source latency
     2    0.097719    0.332243    0.247759   25.247759 ^ gpio_in[38] (in)
                                                         gpio_in[38] (net)
                      0.340334    0.000000   25.247759 ^ clkbuf_0_gpio_in[38]/A (sky130_fd_sc_hd__clkbuf_16)
     5    0.064016    0.067901    0.157751   25.405510 ^ clkbuf_0_gpio_in[38]/X (sky130_fd_sc_hd__clkbuf_16)
                                                         clknet_0_gpio_in[38] (net)
                      0.068564    0.005166   25.410675 ^ clkbuf_1_0__f_gpio_in[38]/A (sky130_fd_sc_hd__clkbuf_16)
    25    0.081334    0.075529    0.121723   25.532398 ^ clkbuf_1_0__f_gpio_in[38]/X (sky130_fd_sc_hd__clkbuf_16)
                                                         clknet_1_0__leaf_gpio_in[38] (net)
                      0.082234    0.017151   25.549549 ^ _090_/CLK (sky130_fd_sc_hd__dfrtp_1)
                                 -0.250000   25.299549   clock uncertainty
                                  0.000000   25.299549   clock reconvergence pessimism
                                  0.129920   25.429468   library recovery time
                                             25.429468   data required time
---------------------------------------------------------------------------------------------
                                             25.429468   data required time
                                             -5.353025   data arrival time
---------------------------------------------------------------------------------------------
                                             20.076445   slack (MET)


Startpoint: resetb_l (input port clocked by gpio_in[38])
Endpoint: _089_ (recovery check against rising-edge clock gpio_in[38])
Path Group: asynchronous
Path Type: max

Fanout         Cap        Slew       Delay        Time   Description
---------------------------------------------------------------------------------------------
                                  0.000000    0.000000   clock gpio_in[38] (rise edge)
                                  0.000000    0.000000   clock network delay (propagated)
                                  5.000000    5.000000 ^ input external delay
     2    0.009037    0.035266    0.022776    5.022776 ^ resetb_l (in)
                                                         resetb_l (net)
                      0.035267    0.000000    5.022776 ^ input2/A (sky130_fd_sc_hd__buf_8)
    11    0.131119    0.152161    0.134474    5.157249 ^ input2/X (sky130_fd_sc_hd__buf_8)
                                                         net2 (net)
                      0.152180    0.001465    5.158715 ^ fanout31/A (sky130_fd_sc_hd__clkbuf_16)
    33    0.187223    0.145453    0.184287    5.343002 ^ fanout31/X (sky130_fd_sc_hd__clkbuf_16)
                                                         net31 (net)
                      0.146317    0.008298    5.351300 ^ _089_/RESET_B (sky130_fd_sc_hd__dfrtp_1)
                                              5.351300   data arrival time

                                 25.000000   25.000000   clock gpio_in[38] (rise edge)
                                  0.000000   25.000000   clock source latency
     2    0.097719    0.332243    0.247759   25.247759 ^ gpio_in[38] (in)
                                                         gpio_in[38] (net)
                      0.340334    0.000000   25.247759 ^ clkbuf_0_gpio_in[38]/A (sky130_fd_sc_hd__clkbuf_16)
     5    0.064016    0.067901    0.157751   25.405510 ^ clkbuf_0_gpio_in[38]/X (sky130_fd_sc_hd__clkbuf_16)
                                                         clknet_0_gpio_in[38] (net)
                      0.068564    0.005166   25.410675 ^ clkbuf_1_0__f_gpio_in[38]/A (sky130_fd_sc_hd__clkbuf_16)
    25    0.081334    0.075529    0.121723   25.532398 ^ clkbuf_1_0__f_gpio_in[38]/X (sky130_fd_sc_hd__clkbuf_16)
                                                         clknet_1_0__leaf_gpio_in[38] (net)
                      0.082469    0.017463   25.549862 ^ _089_/CLK (sky130_fd_sc_hd__dfrtp_1)
                                 -0.250000   25.299862   clock uncertainty
                                  0.000000   25.299862   clock reconvergence pessimism
                                  0.130040   25.429903   library recovery time
                                             25.429903   data required time
---------------------------------------------------------------------------------------------
                                             25.429903   data required time
                                             -5.351300   data arrival time
---------------------------------------------------------------------------------------------
                                             20.078602   slack (MET)


Startpoint: resetb_l (input port clocked by gpio_in[38])
Endpoint: _099_ (recovery check against rising-edge clock gpio_in[38])
Path Group: asynchronous
Path Type: max

Fanout         Cap        Slew       Delay        Time   Description
---------------------------------------------------------------------------------------------
                                  0.000000    0.000000   clock gpio_in[38] (rise edge)
                                  0.000000    0.000000   clock network delay (propagated)
                                  5.000000    5.000000 ^ input external delay
     2    0.009037    0.035266    0.022776    5.022776 ^ resetb_l (in)
                                                         resetb_l (net)
                      0.035267    0.000000    5.022776 ^ input2/A (sky130_fd_sc_hd__buf_8)
    11    0.131119    0.152161    0.134474    5.157249 ^ input2/X (sky130_fd_sc_hd__buf_8)
                                                         net2 (net)
                      0.152180    0.001465    5.158715 ^ fanout31/A (sky130_fd_sc_hd__clkbuf_16)
    33    0.187223    0.145453    0.184287    5.343002 ^ fanout31/X (sky130_fd_sc_hd__clkbuf_16)
                                                         net31 (net)
                      0.145797    0.005509    5.348511 ^ _099_/RESET_B (sky130_fd_sc_hd__dfrtp_1)
                                              5.348511   data arrival time

                                 25.000000   25.000000   clock gpio_in[38] (rise edge)
                                  0.000000   25.000000   clock source latency
     2    0.097719    0.332243    0.247759   25.247759 ^ gpio_in[38] (in)
                                                         gpio_in[38] (net)
                      0.340334    0.000000   25.247759 ^ clkbuf_0_gpio_in[38]/A (sky130_fd_sc_hd__clkbuf_16)
     5    0.064016    0.067901    0.157751   25.405510 ^ clkbuf_0_gpio_in[38]/X (sky130_fd_sc_hd__clkbuf_16)
                                                         clknet_0_gpio_in[38] (net)
                      0.068564    0.005166   25.410675 ^ clkbuf_1_0__f_gpio_in[38]/A (sky130_fd_sc_hd__clkbuf_16)
    25    0.081334    0.075529    0.121723   25.532398 ^ clkbuf_1_0__f_gpio_in[38]/X (sky130_fd_sc_hd__clkbuf_16)
                                                         clknet_1_0__leaf_gpio_in[38] (net)
                      0.082632    0.017678   25.550077 ^ _099_/CLK (sky130_fd_sc_hd__dfrtp_1)
                                 -0.250000   25.300077   clock uncertainty
                                  0.000000   25.300077   clock reconvergence pessimism
                                  0.130161   25.430239   library recovery time
                                             25.430239   data required time
---------------------------------------------------------------------------------------------
                                             25.430239   data required time
                                             -5.348511   data arrival time
---------------------------------------------------------------------------------------------
                                             20.081728   slack (MET)


Startpoint: resetb_l (input port clocked by gpio_in[38])
Endpoint: _100_ (recovery check against rising-edge clock gpio_in[38])
Path Group: asynchronous
Path Type: max

Fanout         Cap        Slew       Delay        Time   Description
---------------------------------------------------------------------------------------------
                                  0.000000    0.000000   clock gpio_in[38] (rise edge)
                                  0.000000    0.000000   clock network delay (propagated)
                                  5.000000    5.000000 ^ input external delay
     2    0.009037    0.035266    0.022776    5.022776 ^ resetb_l (in)
                                                         resetb_l (net)
                      0.035267    0.000000    5.022776 ^ input2/A (sky130_fd_sc_hd__buf_8)
    11    0.131119    0.152161    0.134474    5.157249 ^ input2/X (sky130_fd_sc_hd__buf_8)
                                                         net2 (net)
                      0.152180    0.001465    5.158715 ^ fanout31/A (sky130_fd_sc_hd__clkbuf_16)
    33    0.187223    0.145453    0.184287    5.343002 ^ fanout31/X (sky130_fd_sc_hd__clkbuf_16)
                                                         net31 (net)
                      0.145670    0.004481    5.347483 ^ _100_/RESET_B (sky130_fd_sc_hd__dfrtp_1)
                                              5.347483   data arrival time

                                 25.000000   25.000000   clock gpio_in[38] (rise edge)
                                  0.000000   25.000000   clock source latency
     2    0.097719    0.332243    0.247759   25.247759 ^ gpio_in[38] (in)
                                                         gpio_in[38] (net)
                      0.340334    0.000000   25.247759 ^ clkbuf_0_gpio_in[38]/A (sky130_fd_sc_hd__clkbuf_16)
     5    0.064016    0.067901    0.157751   25.405510 ^ clkbuf_0_gpio_in[38]/X (sky130_fd_sc_hd__clkbuf_16)
                                                         clknet_0_gpio_in[38] (net)
                      0.068564    0.005166   25.410675 ^ clkbuf_1_0__f_gpio_in[38]/A (sky130_fd_sc_hd__clkbuf_16)
    25    0.081334    0.075529    0.121723   25.532398 ^ clkbuf_1_0__f_gpio_in[38]/X (sky130_fd_sc_hd__clkbuf_16)
                                                         clknet_1_0__leaf_gpio_in[38] (net)
                      0.082762    0.017847   25.550245 ^ _100_/CLK (sky130_fd_sc_hd__dfrtp_1)
                                 -0.250000   25.300245   clock uncertainty
                                  0.000000   25.300245   clock reconvergence pessimism
                                  0.130205   25.430450   library recovery time
                                             25.430450   data required time
---------------------------------------------------------------------------------------------
                                             25.430450   data required time
                                             -5.347483   data arrival time
---------------------------------------------------------------------------------------------
                                             20.082970   slack (MET)


Startpoint: resetb_l (input port clocked by gpio_in[38])
Endpoint: _102_ (recovery check against rising-edge clock gpio_in[38])
Path Group: asynchronous
Path Type: max

Fanout         Cap        Slew       Delay        Time   Description
---------------------------------------------------------------------------------------------
                                  0.000000    0.000000   clock gpio_in[38] (rise edge)
                                  0.000000    0.000000   clock network delay (propagated)
                                  5.000000    5.000000 ^ input external delay
     2    0.009037    0.035266    0.022776    5.022776 ^ resetb_l (in)
                                                         resetb_l (net)
                      0.035267    0.000000    5.022776 ^ input2/A (sky130_fd_sc_hd__buf_8)
    11    0.131119    0.152161    0.134474    5.157249 ^ input2/X (sky130_fd_sc_hd__buf_8)
                                                         net2 (net)
                      0.152180    0.001465    5.158715 ^ fanout31/A (sky130_fd_sc_hd__clkbuf_16)
    33    0.187223    0.145453    0.184287    5.343002 ^ fanout31/X (sky130_fd_sc_hd__clkbuf_16)
                                                         net31 (net)
                      0.145579    0.003495    5.346497 ^ _102_/RESET_B (sky130_fd_sc_hd__dfrtp_1)
                                              5.346497   data arrival time

                                 25.000000   25.000000   clock gpio_in[38] (rise edge)
                                  0.000000   25.000000   clock source latency
     2    0.097719    0.332243    0.247759   25.247759 ^ gpio_in[38] (in)
                                                         gpio_in[38] (net)
                      0.340334    0.000000   25.247759 ^ clkbuf_0_gpio_in[38]/A (sky130_fd_sc_hd__clkbuf_16)
     5    0.064016    0.067901    0.157751   25.405510 ^ clkbuf_0_gpio_in[38]/X (sky130_fd_sc_hd__clkbuf_16)
                                                         clknet_0_gpio_in[38] (net)
                      0.068564    0.005166   25.410675 ^ clkbuf_1_0__f_gpio_in[38]/A (sky130_fd_sc_hd__clkbuf_16)
    25    0.081334    0.075529    0.121723   25.532398 ^ clkbuf_1_0__f_gpio_in[38]/X (sky130_fd_sc_hd__clkbuf_16)
                                                         clknet_1_0__leaf_gpio_in[38] (net)
                      0.082666    0.017721   25.550119 ^ _102_/CLK (sky130_fd_sc_hd__dfrtp_1)
                                 -0.250000   25.300119   clock uncertainty
                                  0.000000   25.300119   clock reconvergence pessimism
                                  0.130207   25.430326   library recovery time
                                             25.430326   data required time
---------------------------------------------------------------------------------------------
                                             25.430326   data required time
                                             -5.346497   data arrival time
---------------------------------------------------------------------------------------------
                                             20.083830   slack (MET)


Startpoint: resetb_l (input port clocked by gpio_in[38])
Endpoint: _101_ (recovery check against rising-edge clock gpio_in[38])
Path Group: asynchronous
Path Type: max

Fanout         Cap        Slew       Delay        Time   Description
---------------------------------------------------------------------------------------------
                                  0.000000    0.000000   clock gpio_in[38] (rise edge)
                                  0.000000    0.000000   clock network delay (propagated)
                                  5.000000    5.000000 ^ input external delay
     2    0.009037    0.035266    0.022776    5.022776 ^ resetb_l (in)
                                                         resetb_l (net)
                      0.035267    0.000000    5.022776 ^ input2/A (sky130_fd_sc_hd__buf_8)
    11    0.131119    0.152161    0.134474    5.157249 ^ input2/X (sky130_fd_sc_hd__buf_8)
                                                         net2 (net)
                      0.152180    0.001465    5.158715 ^ fanout31/A (sky130_fd_sc_hd__clkbuf_16)
    33    0.187223    0.145453    0.184287    5.343002 ^ fanout31/X (sky130_fd_sc_hd__clkbuf_16)
                                                         net31 (net)
                      0.145550    0.003104    5.346106 ^ _101_/RESET_B (sky130_fd_sc_hd__dfrtp_1)
                                              5.346106   data arrival time

                                 25.000000   25.000000   clock gpio_in[38] (rise edge)
                                  0.000000   25.000000   clock source latency
     2    0.097719    0.332243    0.247759   25.247759 ^ gpio_in[38] (in)
                                                         gpio_in[38] (net)
                      0.340334    0.000000   25.247759 ^ clkbuf_0_gpio_in[38]/A (sky130_fd_sc_hd__clkbuf_16)
     5    0.064016    0.067901    0.157751   25.405510 ^ clkbuf_0_gpio_in[38]/X (sky130_fd_sc_hd__clkbuf_16)
                                                         clknet_0_gpio_in[38] (net)
                      0.068564    0.005166   25.410675 ^ clkbuf_1_0__f_gpio_in[38]/A (sky130_fd_sc_hd__clkbuf_16)
    25    0.081334    0.075529    0.121723   25.532398 ^ clkbuf_1_0__f_gpio_in[38]/X (sky130_fd_sc_hd__clkbuf_16)
                                                         clknet_1_0__leaf_gpio_in[38] (net)
                      0.082729    0.017804   25.550203 ^ _101_/CLK (sky130_fd_sc_hd__dfrtp_1)
                                 -0.250000   25.300203   clock uncertainty
                                  0.000000   25.300203   clock reconvergence pessimism
                                  0.130222   25.430426   library recovery time
                                             25.430426   data required time
---------------------------------------------------------------------------------------------
                                             25.430426   data required time
                                             -5.346106   data arrival time
---------------------------------------------------------------------------------------------
                                             20.084318   slack (MET)


Startpoint: resetb_l (input port clocked by gpio_in[38])
Endpoint: _106_ (recovery check against rising-edge clock gpio_in[38])
Path Group: asynchronous
Path Type: max

Fanout         Cap        Slew       Delay        Time   Description
---------------------------------------------------------------------------------------------
                                  0.000000    0.000000   clock gpio_in[38] (rise edge)
                                  0.000000    0.000000   clock network delay (propagated)
                                  5.000000    5.000000 ^ input external delay
     2    0.009037    0.035266    0.022776    5.022776 ^ resetb_l (in)
                                                         resetb_l (net)
                      0.035267    0.000000    5.022776 ^ input2/A (sky130_fd_sc_hd__buf_8)
    11    0.131119    0.152161    0.134474    5.157249 ^ input2/X (sky130_fd_sc_hd__buf_8)
                                                         net2 (net)
                      0.193078    0.059522    5.216771 ^ _106_/RESET_B (sky130_fd_sc_hd__dfrtp_1)
                                              5.216771   data arrival time

                                 25.000000   25.000000   clock gpio_in[38] (rise edge)
                                  0.000000   25.000000   clock source latency
     2    0.097719    0.332243    0.247759   25.247759 ^ gpio_in[38] (in)
                                                         gpio_in[38] (net)
                      0.340334    0.000000   25.247759 ^ clkbuf_0_gpio_in[38]/A (sky130_fd_sc_hd__clkbuf_16)
     5    0.064016    0.067901    0.157751   25.405510 ^ clkbuf_0_gpio_in[38]/X (sky130_fd_sc_hd__clkbuf_16)
                                                         clknet_0_gpio_in[38] (net)
                      0.068532    0.005025   25.410534 ^ clkbuf_1_1__f_gpio_in[38]/A (sky130_fd_sc_hd__clkbuf_16)
    19    0.069276    0.066333    0.119089   25.529623 ^ clkbuf_1_1__f_gpio_in[38]/X (sky130_fd_sc_hd__clkbuf_16)
                                                         clknet_1_1__leaf_gpio_in[38] (net)
                      0.069717    0.011429   25.541052 ^ _106_/CLK (sky130_fd_sc_hd__dfrtp_1)
                                 -0.250000   25.291054   clock uncertainty
                                  0.000000   25.291054   clock reconvergence pessimism
                                  0.119404   25.410458   library recovery time
                                             25.410458   data required time
---------------------------------------------------------------------------------------------
                                             25.410458   data required time
                                             -5.216771   data arrival time
---------------------------------------------------------------------------------------------
                                             20.193686   slack (MET)


Startpoint: resetb_l (input port clocked by gpio_in[38])
Endpoint: _103_ (recovery check against rising-edge clock gpio_in[38])
Path Group: asynchronous
Path Type: max

Fanout         Cap        Slew       Delay        Time   Description
---------------------------------------------------------------------------------------------
                                  0.000000    0.000000   clock gpio_in[38] (rise edge)
                                  0.000000    0.000000   clock network delay (propagated)
                                  5.000000    5.000000 ^ input external delay
     2    0.009037    0.035266    0.022776    5.022776 ^ resetb_l (in)
                                                         resetb_l (net)
                      0.035267    0.000000    5.022776 ^ input2/A (sky130_fd_sc_hd__buf_8)
    11    0.131119    0.152161    0.134474    5.157249 ^ input2/X (sky130_fd_sc_hd__buf_8)
                                                         net2 (net)
                      0.193032    0.059481    5.216730 ^ _103_/RESET_B (sky130_fd_sc_hd__dfrtp_1)
                                              5.216730   data arrival time

                                 25.000000   25.000000   clock gpio_in[38] (rise edge)
                                  0.000000   25.000000   clock source latency
     2    0.097719    0.332243    0.247759   25.247759 ^ gpio_in[38] (in)
                                                         gpio_in[38] (net)
                      0.340334    0.000000   25.247759 ^ clkbuf_0_gpio_in[38]/A (sky130_fd_sc_hd__clkbuf_16)
     5    0.064016    0.067901    0.157751   25.405510 ^ clkbuf_0_gpio_in[38]/X (sky130_fd_sc_hd__clkbuf_16)
                                                         clknet_0_gpio_in[38] (net)
                      0.068532    0.005025   25.410534 ^ clkbuf_1_1__f_gpio_in[38]/A (sky130_fd_sc_hd__clkbuf_16)
    19    0.069276    0.066333    0.119089   25.529623 ^ clkbuf_1_1__f_gpio_in[38]/X (sky130_fd_sc_hd__clkbuf_16)
                                                         clknet_1_1__leaf_gpio_in[38] (net)
                      0.069720    0.011434   25.541058 ^ _103_/CLK (sky130_fd_sc_hd__dfrtp_1)
                                 -0.250000   25.291059   clock uncertainty
                                  0.000000   25.291059   clock reconvergence pessimism
                                  0.119413   25.410471   library recovery time
                                             25.410471   data required time
---------------------------------------------------------------------------------------------
                                             25.410471   data required time
                                             -5.216730   data arrival time
---------------------------------------------------------------------------------------------
                                             20.193741   slack (MET)


Startpoint: resetb_l (input port clocked by gpio_in[38])
Endpoint: _104_ (recovery check against rising-edge clock gpio_in[38])
Path Group: asynchronous
Path Type: max

Fanout         Cap        Slew       Delay        Time   Description
---------------------------------------------------------------------------------------------
                                  0.000000    0.000000   clock gpio_in[38] (rise edge)
                                  0.000000    0.000000   clock network delay (propagated)
                                  5.000000    5.000000 ^ input external delay
     2    0.009037    0.035266    0.022776    5.022776 ^ resetb_l (in)
                                                         resetb_l (net)
                      0.035267    0.000000    5.022776 ^ input2/A (sky130_fd_sc_hd__buf_8)
    11    0.131119    0.152161    0.134474    5.157249 ^ input2/X (sky130_fd_sc_hd__buf_8)
                                                         net2 (net)
                      0.193051    0.059497    5.216747 ^ _104_/RESET_B (sky130_fd_sc_hd__dfrtp_1)
                                              5.216747   data arrival time

                                 25.000000   25.000000   clock gpio_in[38] (rise edge)
                                  0.000000   25.000000   clock source latency
     2    0.097719    0.332243    0.247759   25.247759 ^ gpio_in[38] (in)
                                                         gpio_in[38] (net)
                      0.340334    0.000000   25.247759 ^ clkbuf_0_gpio_in[38]/A (sky130_fd_sc_hd__clkbuf_16)
     5    0.064016    0.067901    0.157751   25.405510 ^ clkbuf_0_gpio_in[38]/X (sky130_fd_sc_hd__clkbuf_16)
                                                         clknet_0_gpio_in[38] (net)
                      0.068532    0.005025   25.410534 ^ clkbuf_1_1__f_gpio_in[38]/A (sky130_fd_sc_hd__clkbuf_16)
    19    0.069276    0.066333    0.119089   25.529623 ^ clkbuf_1_1__f_gpio_in[38]/X (sky130_fd_sc_hd__clkbuf_16)
                                                         clknet_1_1__leaf_gpio_in[38] (net)
                      0.069728    0.011449   25.541073 ^ _104_/CLK (sky130_fd_sc_hd__dfrtp_1)
                                 -0.250000   25.291073   clock uncertainty
                                  0.000000   25.291073   clock reconvergence pessimism
                                  0.119410   25.410482   library recovery time
                                             25.410482   data required time
---------------------------------------------------------------------------------------------
                                             25.410482   data required time
                                             -5.216747   data arrival time
---------------------------------------------------------------------------------------------
                                             20.193737   slack (MET)


Startpoint: resetb_l (input port clocked by gpio_in[38])
Endpoint: _105_ (recovery check against rising-edge clock gpio_in[38])
Path Group: asynchronous
Path Type: max

Fanout         Cap        Slew       Delay        Time   Description
---------------------------------------------------------------------------------------------
                                  0.000000    0.000000   clock gpio_in[38] (rise edge)
                                  0.000000    0.000000   clock network delay (propagated)
                                  5.000000    5.000000 ^ input external delay
     2    0.009037    0.035266    0.022776    5.022776 ^ resetb_l (in)
                                                         resetb_l (net)
                      0.035267    0.000000    5.022776 ^ input2/A (sky130_fd_sc_hd__buf_8)
    11    0.131119    0.152161    0.134474    5.157249 ^ input2/X (sky130_fd_sc_hd__buf_8)
                                                         net2 (net)
                      0.192867    0.059337    5.216586 ^ _105_/RESET_B (sky130_fd_sc_hd__dfrtp_1)
                                              5.216586   data arrival time

                                 25.000000   25.000000   clock gpio_in[38] (rise edge)
                                  0.000000   25.000000   clock source latency
     2    0.097719    0.332243    0.247759   25.247759 ^ gpio_in[38] (in)
                                                         gpio_in[38] (net)
                      0.340334    0.000000   25.247759 ^ clkbuf_0_gpio_in[38]/A (sky130_fd_sc_hd__clkbuf_16)
     5    0.064016    0.067901    0.157751   25.405510 ^ clkbuf_0_gpio_in[38]/X (sky130_fd_sc_hd__clkbuf_16)
                                                         clknet_0_gpio_in[38] (net)
                      0.068532    0.005025   25.410534 ^ clkbuf_1_1__f_gpio_in[38]/A (sky130_fd_sc_hd__clkbuf_16)
    19    0.069276    0.066333    0.119089   25.529623 ^ clkbuf_1_1__f_gpio_in[38]/X (sky130_fd_sc_hd__clkbuf_16)
                                                         clknet_1_1__leaf_gpio_in[38] (net)
                      0.069735    0.011461   25.541084 ^ _105_/CLK (sky130_fd_sc_hd__dfrtp_1)
                                 -0.250000   25.291086   clock uncertainty
                                  0.000000   25.291086   clock reconvergence pessimism
                                  0.119446   25.410532   library recovery time
                                             25.410532   data required time
---------------------------------------------------------------------------------------------
                                             25.410532   data required time
                                             -5.216586   data arrival time
---------------------------------------------------------------------------------------------
                                             20.193945   slack (MET)


Startpoint: _087_ (rising edge-triggered flip-flop clocked by gpio_in[38])
Endpoint: _105_ (rising edge-triggered flip-flop clocked by gpio_in[38])
Path Group: gpio_in[38]
Path Type: max

Fanout         Cap        Slew       Delay        Time   Description
---------------------------------------------------------------------------------------------
                                  0.000000    0.000000   clock gpio_in[38] (rise edge)
                                  0.000000    0.000000   clock source latency
     2    0.097719    0.332243    0.247760    0.247760 ^ gpio_in[38] (in)
                                                         gpio_in[38] (net)
                      0.340334    0.000000    0.247760 ^ clkbuf_0_gpio_in[38]/A (sky130_fd_sc_hd__clkbuf_16)
     5    0.064016    0.067901    0.157751    0.405511 ^ clkbuf_0_gpio_in[38]/X (sky130_fd_sc_hd__clkbuf_16)
                                                         clknet_0_gpio_in[38] (net)
                      0.068564    0.005164    0.410675 ^ clkbuf_1_0__f_gpio_in[38]/A (sky130_fd_sc_hd__clkbuf_16)
    25    0.081334    0.075529    0.121724    0.532399 ^ clkbuf_1_0__f_gpio_in[38]/X (sky130_fd_sc_hd__clkbuf_16)
                                                         clknet_1_0__leaf_gpio_in[38] (net)
                      0.081828    0.016601    0.549000 ^ _087_/CLK (sky130_fd_sc_hd__dfrtp_2)
     3    0.009768    0.047877    0.242096    0.791097 ^ _087_/Q (sky130_fd_sc_hd__dfrtp_2)
                                                         gpio_18_21_bidir[18].cfg.gpio_out_val (net)
                      0.047877    0.000188    0.791284 ^ hold3/A (sky130_fd_sc_hd__dlygate4sd3_1)
     5    0.020366    0.160641    0.467229    1.258513 ^ hold3/X (sky130_fd_sc_hd__dlygate4sd3_1)
                                                         net578 (net)
                      0.160641    0.000467    1.258980 ^ _049_/A (sky130_fd_sc_hd__and4_4)
    17    0.130864    0.286137    0.308672    1.567652 ^ _049_/X (sky130_fd_sc_hd__and4_4)
                                                         _022_ (net)
                      0.286238    0.004750    1.572402 ^ _078_/A (sky130_fd_sc_hd__and4_4)
    11    0.118661    0.260729    0.313044    1.885446 ^ _078_/X (sky130_fd_sc_hd__and4_4)
                                                         _039_ (net)
                      0.281593    0.056344    1.941790 ^ _082_/C (sky130_fd_sc_hd__and3_1)
     2    0.010520    0.087758    0.156868    2.098658 ^ _082_/X (sky130_fd_sc_hd__and3_1)
                                                         _041_ (net)
                      0.087758    0.000309    2.098967 ^ _085_/B (sky130_fd_sc_hd__xor2_1)
     1    0.002389    0.074929    0.088223    2.187190 ^ _085_/X (sky130_fd_sc_hd__xor2_1)
                                                         _009_ (net)
                      0.074929    0.000050    2.187240 ^ hold5/A (sky130_fd_sc_hd__dlygate4sd3_1)
     1    0.003051    0.038913    0.380556    2.567795 ^ hold5/X (sky130_fd_sc_hd__dlygate4sd3_1)
                                                         net580 (net)
                      0.038913    0.000096    2.567892 ^ _105_/D (sky130_fd_sc_hd__dfrtp_1)
                                              2.567892   data arrival time

                                 25.000000   25.000000   clock gpio_in[38] (rise edge)
                                  0.000000   25.000000   clock source latency
     2    0.097719    0.332243    0.247759   25.247759 ^ gpio_in[38] (in)
                                                         gpio_in[38] (net)
                      0.340334    0.000000   25.247759 ^ clkbuf_0_gpio_in[38]/A (sky130_fd_sc_hd__clkbuf_16)
     5    0.064016    0.067901    0.157751   25.405510 ^ clkbuf_0_gpio_in[38]/X (sky130_fd_sc_hd__clkbuf_16)
                                                         clknet_0_gpio_in[38] (net)
                      0.068532    0.005025   25.410534 ^ clkbuf_1_1__f_gpio_in[38]/A (sky130_fd_sc_hd__clkbuf_16)
    19    0.069276    0.066333    0.119089   25.529623 ^ clkbuf_1_1__f_gpio_in[38]/X (sky130_fd_sc_hd__clkbuf_16)
                                                         clknet_1_1__leaf_gpio_in[38] (net)
                      0.069735    0.011461   25.541084 ^ _105_/CLK (sky130_fd_sc_hd__dfrtp_1)
                                 -0.250000   25.291086   clock uncertainty
                                  0.000000   25.291086   clock reconvergence pessimism
                                 -0.033203   25.257881   library setup time
                                             25.257881   data required time
---------------------------------------------------------------------------------------------
                                             25.257881   data required time
                                             -2.567892   data arrival time
---------------------------------------------------------------------------------------------
                                             22.689989   slack (MET)


Startpoint: _087_ (rising edge-triggered flip-flop clocked by gpio_in[38])
Endpoint: _106_ (rising edge-triggered flip-flop clocked by gpio_in[38])
Path Group: gpio_in[38]
Path Type: max

Fanout         Cap        Slew       Delay        Time   Description
---------------------------------------------------------------------------------------------
                                  0.000000    0.000000   clock gpio_in[38] (rise edge)
                                  0.000000    0.000000   clock source latency
     2    0.097719    0.332243    0.247760    0.247760 ^ gpio_in[38] (in)
                                                         gpio_in[38] (net)
                      0.340334    0.000000    0.247760 ^ clkbuf_0_gpio_in[38]/A (sky130_fd_sc_hd__clkbuf_16)
     5    0.064016    0.067901    0.157751    0.405511 ^ clkbuf_0_gpio_in[38]/X (sky130_fd_sc_hd__clkbuf_16)
                                                         clknet_0_gpio_in[38] (net)
                      0.068564    0.005164    0.410675 ^ clkbuf_1_0__f_gpio_in[38]/A (sky130_fd_sc_hd__clkbuf_16)
    25    0.081334    0.075529    0.121724    0.532399 ^ clkbuf_1_0__f_gpio_in[38]/X (sky130_fd_sc_hd__clkbuf_16)
                                                         clknet_1_0__leaf_gpio_in[38] (net)
                      0.081828    0.016601    0.549000 ^ _087_/CLK (sky130_fd_sc_hd__dfrtp_2)
     3    0.009768    0.047877    0.242096    0.791097 ^ _087_/Q (sky130_fd_sc_hd__dfrtp_2)
                                                         gpio_18_21_bidir[18].cfg.gpio_out_val (net)
                      0.047877    0.000188    0.791284 ^ hold3/A (sky130_fd_sc_hd__dlygate4sd3_1)
     5    0.020366    0.160641    0.467229    1.258513 ^ hold3/X (sky130_fd_sc_hd__dlygate4sd3_1)
                                                         net578 (net)
                      0.160641    0.000467    1.258980 ^ _049_/A (sky130_fd_sc_hd__and4_4)
    17    0.130864    0.286137    0.308672    1.567652 ^ _049_/X (sky130_fd_sc_hd__and4_4)
                                                         _022_ (net)
                      0.286238    0.004750    1.572402 ^ _078_/A (sky130_fd_sc_hd__and4_4)
    11    0.118661    0.260729    0.313044    1.885446 ^ _078_/X (sky130_fd_sc_hd__and4_4)
                                                         _039_ (net)
                      0.281623    0.056386    1.941832 ^ _084_/D (sky130_fd_sc_hd__and4_1)
     1    0.006588    0.062725    0.151817    2.093649 ^ _084_/X (sky130_fd_sc_hd__and4_1)
                                                         _042_ (net)
                      0.062725    0.000233    2.093882 ^ _086_/B (sky130_fd_sc_hd__xor2_1)
     1    0.002630    0.077961    0.089766    2.183648 ^ _086_/X (sky130_fd_sc_hd__xor2_1)
                                                         _010_ (net)
                      0.077961    0.000057    2.183704 ^ hold2/A (sky130_fd_sc_hd__dlygate4sd3_1)
     1    0.003232    0.040083    0.382201    2.565905 ^ hold2/X (sky130_fd_sc_hd__dlygate4sd3_1)
                                                         net577 (net)
                      0.040083    0.000094    2.566000 ^ _106_/D (sky130_fd_sc_hd__dfrtp_1)
                                              2.566000   data arrival time

                                 25.000000   25.000000   clock gpio_in[38] (rise edge)
                                  0.000000   25.000000   clock source latency
     2    0.097719    0.332243    0.247759   25.247759 ^ gpio_in[38] (in)
                                                         gpio_in[38] (net)
                      0.340334    0.000000   25.247759 ^ clkbuf_0_gpio_in[38]/A (sky130_fd_sc_hd__clkbuf_16)
     5    0.064016    0.067901    0.157751   25.405510 ^ clkbuf_0_gpio_in[38]/X (sky130_fd_sc_hd__clkbuf_16)
                                                         clknet_0_gpio_in[38] (net)
                      0.068532    0.005025   25.410534 ^ clkbuf_1_1__f_gpio_in[38]/A (sky130_fd_sc_hd__clkbuf_16)
    19    0.069276    0.066333    0.119089   25.529623 ^ clkbuf_1_1__f_gpio_in[38]/X (sky130_fd_sc_hd__clkbuf_16)
                                                         clknet_1_1__leaf_gpio_in[38] (net)
                      0.069717    0.011429   25.541052 ^ _106_/CLK (sky130_fd_sc_hd__dfrtp_1)
                                 -0.250000   25.291054   clock uncertainty
                                  0.000000   25.291054   clock reconvergence pessimism
                                 -0.033313   25.257742   library setup time
                                             25.257742   data required time
---------------------------------------------------------------------------------------------
                                             25.257742   data required time
                                             -2.566000   data arrival time
---------------------------------------------------------------------------------------------
                                             22.691742   slack (MET)


Startpoint: _087_ (rising edge-triggered flip-flop clocked by gpio_in[38])
Endpoint: _097_ (rising edge-triggered flip-flop clocked by gpio_in[38])
Path Group: gpio_in[38]
Path Type: max

Fanout         Cap        Slew       Delay        Time   Description
---------------------------------------------------------------------------------------------
                                  0.000000    0.000000   clock gpio_in[38] (rise edge)
                                  0.000000    0.000000   clock source latency
     2    0.097719    0.332243    0.247760    0.247760 ^ gpio_in[38] (in)
                                                         gpio_in[38] (net)
                      0.340334    0.000000    0.247760 ^ clkbuf_0_gpio_in[38]/A (sky130_fd_sc_hd__clkbuf_16)
     5    0.064016    0.067901    0.157751    0.405511 ^ clkbuf_0_gpio_in[38]/X (sky130_fd_sc_hd__clkbuf_16)
                                                         clknet_0_gpio_in[38] (net)
                      0.068564    0.005164    0.410675 ^ clkbuf_1_0__f_gpio_in[38]/A (sky130_fd_sc_hd__clkbuf_16)
    25    0.081334    0.075529    0.121724    0.532399 ^ clkbuf_1_0__f_gpio_in[38]/X (sky130_fd_sc_hd__clkbuf_16)
                                                         clknet_1_0__leaf_gpio_in[38] (net)
                      0.081828    0.016601    0.549000 ^ _087_/CLK (sky130_fd_sc_hd__dfrtp_2)
     3    0.009768    0.047877    0.242096    0.791097 ^ _087_/Q (sky130_fd_sc_hd__dfrtp_2)
                                                         gpio_18_21_bidir[18].cfg.gpio_out_val (net)
                      0.047877    0.000188    0.791284 ^ hold3/A (sky130_fd_sc_hd__dlygate4sd3_1)
     5    0.020366    0.160641    0.467229    1.258513 ^ hold3/X (sky130_fd_sc_hd__dlygate4sd3_1)
                                                         net578 (net)
                      0.160641    0.000467    1.258980 ^ _049_/A (sky130_fd_sc_hd__and4_4)
    17    0.130864    0.286137    0.308672    1.567652 ^ _049_/X (sky130_fd_sc_hd__and4_4)
                                                         _022_ (net)
                      0.307654    0.060266    1.627918 ^ _059_/A (sky130_fd_sc_hd__and2_4)
     9    0.114158    0.244165    0.259162    1.887079 ^ _059_/X (sky130_fd_sc_hd__and2_4)
                                                         _028_ (net)
                      0.261940    0.050442    1.937522 ^ _062_/C (sky130_fd_sc_hd__and3_1)
     2    0.007373    0.067113    0.138428    2.075949 ^ _062_/X (sky130_fd_sc_hd__and3_1)
                                                         _029_ (net)
                      0.067113    0.000184    2.076133 ^ _066_/B (sky130_fd_sc_hd__xor2_1)
     1    0.002024    0.070994    0.083950    2.160083 ^ _066_/X (sky130_fd_sc_hd__xor2_1)
                                                         _001_ (net)
                      0.070994    0.000056    2.160140 ^ hold7/A (sky130_fd_sc_hd__dlygate4sd3_1)
     1    0.002634    0.036289    0.377265    2.537404 ^ hold7/X (sky130_fd_sc_hd__dlygate4sd3_1)
                                                         net582 (net)
                      0.036289    0.000075    2.537480 ^ _097_/D (sky130_fd_sc_hd__dfrtp_1)
                                              2.537480   data arrival time

                                 25.000000   25.000000   clock gpio_in[38] (rise edge)
                                  0.000000   25.000000   clock source latency
     2    0.097719    0.332243    0.247759   25.247759 ^ gpio_in[38] (in)
                                                         gpio_in[38] (net)
                      0.340334    0.000000   25.247759 ^ clkbuf_0_gpio_in[38]/A (sky130_fd_sc_hd__clkbuf_16)
     5    0.064016    0.067901    0.157751   25.405510 ^ clkbuf_0_gpio_in[38]/X (sky130_fd_sc_hd__clkbuf_16)
                                                         clknet_0_gpio_in[38] (net)
                      0.068564    0.005166   25.410675 ^ clkbuf_1_0__f_gpio_in[38]/A (sky130_fd_sc_hd__clkbuf_16)
    25    0.081334    0.075529    0.121723   25.532398 ^ clkbuf_1_0__f_gpio_in[38]/X (sky130_fd_sc_hd__clkbuf_16)
                                                         clknet_1_0__leaf_gpio_in[38] (net)
                      0.081666    0.016376   25.548775 ^ _097_/CLK (sky130_fd_sc_hd__dfrtp_1)
                                 -0.250000   25.298775   clock uncertainty
                                  0.000000   25.298775   clock reconvergence pessimism
                                 -0.032543   25.266232   library setup time
                                             25.266232   data required time
---------------------------------------------------------------------------------------------
                                             25.266232   data required time
                                             -2.537480   data arrival time
---------------------------------------------------------------------------------------------
                                             22.728752   slack (MET)


Startpoint: _087_ (rising edge-triggered flip-flop clocked by gpio_in[38])
Endpoint: _098_ (rising edge-triggered flip-flop clocked by gpio_in[38])
Path Group: gpio_in[38]
Path Type: max

Fanout         Cap        Slew       Delay        Time   Description
---------------------------------------------------------------------------------------------
                                  0.000000    0.000000   clock gpio_in[38] (rise edge)
                                  0.000000    0.000000   clock source latency
     2    0.097719    0.332243    0.247760    0.247760 ^ gpio_in[38] (in)
                                                         gpio_in[38] (net)
                      0.340334    0.000000    0.247760 ^ clkbuf_0_gpio_in[38]/A (sky130_fd_sc_hd__clkbuf_16)
     5    0.064016    0.067901    0.157751    0.405511 ^ clkbuf_0_gpio_in[38]/X (sky130_fd_sc_hd__clkbuf_16)
                                                         clknet_0_gpio_in[38] (net)
                      0.068564    0.005164    0.410675 ^ clkbuf_1_0__f_gpio_in[38]/A (sky130_fd_sc_hd__clkbuf_16)
    25    0.081334    0.075529    0.121724    0.532399 ^ clkbuf_1_0__f_gpio_in[38]/X (sky130_fd_sc_hd__clkbuf_16)
                                                         clknet_1_0__leaf_gpio_in[38] (net)
                      0.081828    0.016601    0.549000 ^ _087_/CLK (sky130_fd_sc_hd__dfrtp_2)
     3    0.009768    0.047877    0.242096    0.791097 ^ _087_/Q (sky130_fd_sc_hd__dfrtp_2)
                                                         gpio_18_21_bidir[18].cfg.gpio_out_val (net)
                      0.047877    0.000188    0.791284 ^ hold3/A (sky130_fd_sc_hd__dlygate4sd3_1)
     5    0.020366    0.160641    0.467229    1.258513 ^ hold3/X (sky130_fd_sc_hd__dlygate4sd3_1)
                                                         net578 (net)
                      0.160641    0.000467    1.258980 ^ _049_/A (sky130_fd_sc_hd__and4_4)
    17    0.130864    0.286137    0.308672    1.567652 ^ _049_/X (sky130_fd_sc_hd__and4_4)
                                                         _022_ (net)
                      0.307654    0.060266    1.627918 ^ _059_/A (sky130_fd_sc_hd__and2_4)
     9    0.114158    0.244165    0.259162    1.887079 ^ _059_/X (sky130_fd_sc_hd__and2_4)
                                                         _028_ (net)
                      0.261890    0.050369    1.937449 ^ _065_/D (sky130_fd_sc_hd__and4_1)
     1    0.003199    0.041496    0.130882    2.068331 ^ _065_/X (sky130_fd_sc_hd__and4_1)
                                                         _031_ (net)
                      0.041496    0.000093    2.068424 ^ _069_/A2 (sky130_fd_sc_hd__o21ba_1)
     1    0.001964    0.026171    0.064861    2.133285 ^ _069_/X (sky130_fd_sc_hd__o21ba_1)
                                                         _002_ (net)
                      0.026171    0.000038    2.133322 ^ hold15/A (sky130_fd_sc_hd__dlygate4sd3_1)
     1    0.002921    0.038091    0.370508    2.503830 ^ hold15/X (sky130_fd_sc_hd__dlygate4sd3_1)
                                                         net590 (net)
                      0.038091    0.000085    2.503915 ^ _098_/D (sky130_fd_sc_hd__dfrtp_1)
                                              2.503915   data arrival time

                                 25.000000   25.000000   clock gpio_in[38] (rise edge)
                                  0.000000   25.000000   clock source latency
     2    0.097719    0.332243    0.247759   25.247759 ^ gpio_in[38] (in)
                                                         gpio_in[38] (net)
                      0.340334    0.000000   25.247759 ^ clkbuf_0_gpio_in[38]/A (sky130_fd_sc_hd__clkbuf_16)
     5    0.064016    0.067901    0.157751   25.405510 ^ clkbuf_0_gpio_in[38]/X (sky130_fd_sc_hd__clkbuf_16)
                                                         clknet_0_gpio_in[38] (net)
                      0.068564    0.005166   25.410675 ^ clkbuf_1_0__f_gpio_in[38]/A (sky130_fd_sc_hd__clkbuf_16)
    25    0.081334    0.075529    0.121723   25.532398 ^ clkbuf_1_0__f_gpio_in[38]/X (sky130_fd_sc_hd__clkbuf_16)
                                                         clknet_1_0__leaf_gpio_in[38] (net)
                      0.081430    0.016048   25.548447 ^ _098_/CLK (sky130_fd_sc_hd__dfrtp_1)
                                 -0.250000   25.298447   clock uncertainty
                                  0.000000   25.298447   clock reconvergence pessimism
                                 -0.032718   25.265728   library setup time
                                             25.265728   data required time
---------------------------------------------------------------------------------------------
                                             25.265728   data required time
                                             -2.503915   data arrival time
---------------------------------------------------------------------------------------------
                                             22.761812   slack (MET)


Startpoint: _087_ (rising edge-triggered flip-flop clocked by gpio_in[38])
Endpoint: _094_ (rising edge-triggered flip-flop clocked by gpio_in[38])
Path Group: gpio_in[38]
Path Type: max

Fanout         Cap        Slew       Delay        Time   Description
---------------------------------------------------------------------------------------------
                                  0.000000    0.000000   clock gpio_in[38] (rise edge)
                                  0.000000    0.000000   clock source latency
     2    0.097719    0.332243    0.247760    0.247760 ^ gpio_in[38] (in)
                                                         gpio_in[38] (net)
                      0.340334    0.000000    0.247760 ^ clkbuf_0_gpio_in[38]/A (sky130_fd_sc_hd__clkbuf_16)
     5    0.064016    0.067901    0.157751    0.405511 ^ clkbuf_0_gpio_in[38]/X (sky130_fd_sc_hd__clkbuf_16)
                                                         clknet_0_gpio_in[38] (net)
                      0.068564    0.005164    0.410675 ^ clkbuf_1_0__f_gpio_in[38]/A (sky130_fd_sc_hd__clkbuf_16)
    25    0.081334    0.075529    0.121724    0.532399 ^ clkbuf_1_0__f_gpio_in[38]/X (sky130_fd_sc_hd__clkbuf_16)
                                                         clknet_1_0__leaf_gpio_in[38] (net)
                      0.081828    0.016601    0.549000 ^ _087_/CLK (sky130_fd_sc_hd__dfrtp_2)
     3    0.009768    0.047877    0.242096    0.791097 ^ _087_/Q (sky130_fd_sc_hd__dfrtp_2)
                                                         gpio_18_21_bidir[18].cfg.gpio_out_val (net)
                      0.047877    0.000188    0.791284 ^ hold3/A (sky130_fd_sc_hd__dlygate4sd3_1)
     5    0.020366    0.160641    0.467229    1.258513 ^ hold3/X (sky130_fd_sc_hd__dlygate4sd3_1)
                                                         net578 (net)
                      0.160641    0.000467    1.258980 ^ _049_/A (sky130_fd_sc_hd__and4_4)
    17    0.130864    0.286137    0.308672    1.567652 ^ _049_/X (sky130_fd_sc_hd__and4_4)
                                                         _022_ (net)
                      0.307654    0.060266    1.627918 ^ _059_/A (sky130_fd_sc_hd__and2_4)
     9    0.114158    0.244165    0.259162    1.887079 ^ _059_/X (sky130_fd_sc_hd__and2_4)
                                                         _028_ (net)
                      0.244173    0.001251    1.888331 ^ _060_/B1_N (sky130_fd_sc_hd__o21ba_1)
     1    0.004638    0.031286    0.110035    1.998365 v _060_/X (sky130_fd_sc_hd__o21ba_1)
                                                         _017_ (net)
                      0.031287    0.000165    1.998531 v hold17/A (sky130_fd_sc_hd__dlygate4sd3_1)
     1    0.002845    0.038275    0.360272    2.358803 v hold17/X (sky130_fd_sc_hd__dlygate4sd3_1)
                                                         net592 (net)
                      0.038275    0.000086    2.358889 v _094_/D (sky130_fd_sc_hd__dfrtp_1)
                                              2.358889   data arrival time

                                 25.000000   25.000000   clock gpio_in[38] (rise edge)
                                  0.000000   25.000000   clock source latency
     2    0.097719    0.332243    0.247759   25.247759 ^ gpio_in[38] (in)
                                                         gpio_in[38] (net)
                      0.340334    0.000000   25.247759 ^ clkbuf_0_gpio_in[38]/A (sky130_fd_sc_hd__clkbuf_16)
     5    0.064016    0.067901    0.157751   25.405510 ^ clkbuf_0_gpio_in[38]/X (sky130_fd_sc_hd__clkbuf_16)
                                                         clknet_0_gpio_in[38] (net)
                      0.068532    0.005025   25.410534 ^ clkbuf_1_1__f_gpio_in[38]/A (sky130_fd_sc_hd__clkbuf_16)
    19    0.069276    0.066333    0.119089   25.529623 ^ clkbuf_1_1__f_gpio_in[38]/X (sky130_fd_sc_hd__clkbuf_16)
                                                         clknet_1_1__leaf_gpio_in[38] (net)
                      0.070060    0.012042   25.541666 ^ _094_/CLK (sky130_fd_sc_hd__dfrtp_1)
                                 -0.250000   25.291666   clock uncertainty
                                  0.000000   25.291666   clock reconvergence pessimism
                                 -0.071019   25.220648   library setup time
                                             25.220648   data required time
---------------------------------------------------------------------------------------------
                                             25.220648   data required time
                                             -2.358889   data arrival time
---------------------------------------------------------------------------------------------
                                             22.861759   slack (MET)


Startpoint: _087_ (rising edge-triggered flip-flop clocked by gpio_in[38])
Endpoint: _102_ (rising edge-triggered flip-flop clocked by gpio_in[38])
Path Group: gpio_in[38]
Path Type: max

Fanout         Cap        Slew       Delay        Time   Description
---------------------------------------------------------------------------------------------
                                  0.000000    0.000000   clock gpio_in[38] (rise edge)
                                  0.000000    0.000000   clock source latency
     2    0.097719    0.332243    0.247760    0.247760 ^ gpio_in[38] (in)
                                                         gpio_in[38] (net)
                      0.340334    0.000000    0.247760 ^ clkbuf_0_gpio_in[38]/A (sky130_fd_sc_hd__clkbuf_16)
     5    0.064016    0.067901    0.157751    0.405511 ^ clkbuf_0_gpio_in[38]/X (sky130_fd_sc_hd__clkbuf_16)
                                                         clknet_0_gpio_in[38] (net)
                      0.068564    0.005164    0.410675 ^ clkbuf_1_0__f_gpio_in[38]/A (sky130_fd_sc_hd__clkbuf_16)
    25    0.081334    0.075529    0.121724    0.532399 ^ clkbuf_1_0__f_gpio_in[38]/X (sky130_fd_sc_hd__clkbuf_16)
                                                         clknet_1_0__leaf_gpio_in[38] (net)
                      0.081828    0.016601    0.549000 ^ _087_/CLK (sky130_fd_sc_hd__dfrtp_2)
     3    0.009768    0.047877    0.242096    0.791097 ^ _087_/Q (sky130_fd_sc_hd__dfrtp_2)
                                                         gpio_18_21_bidir[18].cfg.gpio_out_val (net)
                      0.047877    0.000188    0.791284 ^ hold3/A (sky130_fd_sc_hd__dlygate4sd3_1)
     5    0.020366    0.160641    0.467229    1.258513 ^ hold3/X (sky130_fd_sc_hd__dlygate4sd3_1)
                                                         net578 (net)
                      0.160641    0.000467    1.258980 ^ _049_/A (sky130_fd_sc_hd__and4_4)
    17    0.130864    0.286137    0.308672    1.567652 ^ _049_/X (sky130_fd_sc_hd__and4_4)
                                                         _022_ (net)
                      0.286238    0.004750    1.572402 ^ _078_/A (sky130_fd_sc_hd__and4_4)
    11    0.118661    0.260729    0.313044    1.885446 ^ _078_/X (sky130_fd_sc_hd__and4_4)
                                                         _039_ (net)
                      0.260759    0.002481    1.887927 ^ _079_/B1_N (sky130_fd_sc_hd__o21ba_1)
     1    0.002368    0.024184    0.103440    1.991367 v _079_/X (sky130_fd_sc_hd__o21ba_1)
                                                         _006_ (net)
                      0.024194    0.000050    1.991417 v hold9/A (sky130_fd_sc_hd__dlygate4sd3_1)
     1    0.003006    0.039052    0.358545    2.349962 v hold9/X (sky130_fd_sc_hd__dlygate4sd3_1)
                                                         net584 (net)
                      0.039052    0.000089    2.350051 v _102_/D (sky130_fd_sc_hd__dfrtp_1)
                                              2.350051   data arrival time

                                 25.000000   25.000000   clock gpio_in[38] (rise edge)
                                  0.000000   25.000000   clock source latency
     2    0.097719    0.332243    0.247759   25.247759 ^ gpio_in[38] (in)
                                                         gpio_in[38] (net)
                      0.340334    0.000000   25.247759 ^ clkbuf_0_gpio_in[38]/A (sky130_fd_sc_hd__clkbuf_16)
     5    0.064016    0.067901    0.157751   25.405510 ^ clkbuf_0_gpio_in[38]/X (sky130_fd_sc_hd__clkbuf_16)
                                                         clknet_0_gpio_in[38] (net)
                      0.068564    0.005166   25.410675 ^ clkbuf_1_0__f_gpio_in[38]/A (sky130_fd_sc_hd__clkbuf_16)
    25    0.081334    0.075529    0.121723   25.532398 ^ clkbuf_1_0__f_gpio_in[38]/X (sky130_fd_sc_hd__clkbuf_16)
                                                         clknet_1_0__leaf_gpio_in[38] (net)
                      0.082666    0.017721   25.550119 ^ _102_/CLK (sky130_fd_sc_hd__dfrtp_1)
                                 -0.250000   25.300119   clock uncertainty
                                  0.000000   25.300119   clock reconvergence pessimism
                                 -0.070082   25.230038   library setup time
                                             25.230038   data required time
---------------------------------------------------------------------------------------------
                                             25.230038   data required time
                                             -2.350051   data arrival time
---------------------------------------------------------------------------------------------
                                             22.879986   slack (MET)


Startpoint: _087_ (rising edge-triggered flip-flop clocked by gpio_in[38])
Endpoint: _100_ (rising edge-triggered flip-flop clocked by gpio_in[38])
Path Group: gpio_in[38]
Path Type: max

Fanout         Cap        Slew       Delay        Time   Description
---------------------------------------------------------------------------------------------
                                  0.000000    0.000000   clock gpio_in[38] (rise edge)
                                  0.000000    0.000000   clock source latency
     2    0.097719    0.332243    0.247760    0.247760 ^ gpio_in[38] (in)
                                                         gpio_in[38] (net)
                      0.340334    0.000000    0.247760 ^ clkbuf_0_gpio_in[38]/A (sky130_fd_sc_hd__clkbuf_16)
     5    0.064016    0.067901    0.157751    0.405511 ^ clkbuf_0_gpio_in[38]/X (sky130_fd_sc_hd__clkbuf_16)
                                                         clknet_0_gpio_in[38] (net)
                      0.068564    0.005164    0.410675 ^ clkbuf_1_0__f_gpio_in[38]/A (sky130_fd_sc_hd__clkbuf_16)
    25    0.081334    0.075529    0.121724    0.532399 ^ clkbuf_1_0__f_gpio_in[38]/X (sky130_fd_sc_hd__clkbuf_16)
                                                         clknet_1_0__leaf_gpio_in[38] (net)
                      0.081828    0.016601    0.549000 ^ _087_/CLK (sky130_fd_sc_hd__dfrtp_2)
     3    0.009768    0.047877    0.242096    0.791097 ^ _087_/Q (sky130_fd_sc_hd__dfrtp_2)
                                                         gpio_18_21_bidir[18].cfg.gpio_out_val (net)
                      0.047877    0.000188    0.791284 ^ hold3/A (sky130_fd_sc_hd__dlygate4sd3_1)
     5    0.020366    0.160641    0.467229    1.258513 ^ hold3/X (sky130_fd_sc_hd__dlygate4sd3_1)
                                                         net578 (net)
                      0.160641    0.000467    1.258980 ^ _049_/A (sky130_fd_sc_hd__and4_4)
    17    0.130864    0.286137    0.308672    1.567652 ^ _049_/X (sky130_fd_sc_hd__and4_4)
                                                         _022_ (net)
                      0.286168    0.002647    1.570299 ^ _068_/A (sky130_fd_sc_hd__and3_1)
     5    0.016836    0.132210    0.189748    1.760046 ^ _068_/X (sky130_fd_sc_hd__and3_1)
                                                         _033_ (net)
                      0.132210    0.000406    1.760452 ^ _073_/C (sky130_fd_sc_hd__and3_1)
     2    0.007650    0.067149    0.129502    1.889954 ^ _073_/X (sky130_fd_sc_hd__and3_1)
                                                         _036_ (net)
                      0.067149    0.000152    1.890106 ^ _074_/B1_N (sky130_fd_sc_hd__o21ba_1)
     1    0.003751    0.028859    0.093480    1.983586 v _074_/X (sky130_fd_sc_hd__o21ba_1)
                                                         _004_ (net)
                      0.028859    0.000103    1.983690 v hold27/A (sky130_fd_sc_hd__dlygate4sd3_1)
     1    0.002516    0.037087    0.357372    2.341062 v hold27/X (sky130_fd_sc_hd__dlygate4sd3_1)
                                                         net602 (net)
                      0.037087    0.000071    2.341134 v _100_/D (sky130_fd_sc_hd__dfrtp_1)
                                              2.341134   data arrival time

                                 25.000000   25.000000   clock gpio_in[38] (rise edge)
                                  0.000000   25.000000   clock source latency
     2    0.097719    0.332243    0.247759   25.247759 ^ gpio_in[38] (in)
                                                         gpio_in[38] (net)
                      0.340334    0.000000   25.247759 ^ clkbuf_0_gpio_in[38]/A (sky130_fd_sc_hd__clkbuf_16)
     5    0.064016    0.067901    0.157751   25.405510 ^ clkbuf_0_gpio_in[38]/X (sky130_fd_sc_hd__clkbuf_16)
                                                         clknet_0_gpio_in[38] (net)
                      0.068564    0.005166   25.410675 ^ clkbuf_1_0__f_gpio_in[38]/A (sky130_fd_sc_hd__clkbuf_16)
    25    0.081334    0.075529    0.121723   25.532398 ^ clkbuf_1_0__f_gpio_in[38]/X (sky130_fd_sc_hd__clkbuf_16)
                                                         clknet_1_0__leaf_gpio_in[38] (net)
                      0.082762    0.017847   25.550245 ^ _100_/CLK (sky130_fd_sc_hd__dfrtp_1)
                                 -0.250000   25.300245   clock uncertainty
                                  0.000000   25.300245   clock reconvergence pessimism
                                 -0.069372   25.230875   library setup time
                                             25.230875   data required time
---------------------------------------------------------------------------------------------
                                             25.230875   data required time
                                             -2.341134   data arrival time
---------------------------------------------------------------------------------------------
                                             22.889740   slack (MET)


Startpoint: _087_ (rising edge-triggered flip-flop clocked by gpio_in[38])
Endpoint: _101_ (rising edge-triggered flip-flop clocked by gpio_in[38])
Path Group: gpio_in[38]
Path Type: max

Fanout         Cap        Slew       Delay        Time   Description
---------------------------------------------------------------------------------------------
                                  0.000000    0.000000   clock gpio_in[38] (rise edge)
                                  0.000000    0.000000   clock source latency
     2    0.097719    0.332243    0.247760    0.247760 ^ gpio_in[38] (in)
                                                         gpio_in[38] (net)
                      0.340334    0.000000    0.247760 ^ clkbuf_0_gpio_in[38]/A (sky130_fd_sc_hd__clkbuf_16)
     5    0.064016    0.067901    0.157751    0.405511 ^ clkbuf_0_gpio_in[38]/X (sky130_fd_sc_hd__clkbuf_16)
                                                         clknet_0_gpio_in[38] (net)
                      0.068564    0.005164    0.410675 ^ clkbuf_1_0__f_gpio_in[38]/A (sky130_fd_sc_hd__clkbuf_16)
    25    0.081334    0.075529    0.121724    0.532399 ^ clkbuf_1_0__f_gpio_in[38]/X (sky130_fd_sc_hd__clkbuf_16)
                                                         clknet_1_0__leaf_gpio_in[38] (net)
                      0.081828    0.016601    0.549000 ^ _087_/CLK (sky130_fd_sc_hd__dfrtp_2)
     3    0.009768    0.047877    0.242096    0.791097 ^ _087_/Q (sky130_fd_sc_hd__dfrtp_2)
                                                         gpio_18_21_bidir[18].cfg.gpio_out_val (net)
                      0.047877    0.000188    0.791284 ^ hold3/A (sky130_fd_sc_hd__dlygate4sd3_1)
     5    0.020366    0.160641    0.467229    1.258513 ^ hold3/X (sky130_fd_sc_hd__dlygate4sd3_1)
                                                         net578 (net)
                      0.160641    0.000467    1.258980 ^ _049_/A (sky130_fd_sc_hd__and4_4)
    17    0.130864    0.286137    0.308672    1.567652 ^ _049_/X (sky130_fd_sc_hd__and4_4)
                                                         _022_ (net)
                      0.286168    0.002647    1.570299 ^ _068_/A (sky130_fd_sc_hd__and3_1)
     5    0.016836    0.132210    0.189748    1.760046 ^ _068_/X (sky130_fd_sc_hd__and3_1)
                                                         _033_ (net)
                      0.132210    0.000406    1.760452 ^ _073_/C (sky130_fd_sc_hd__and3_1)
     2    0.007650    0.067149    0.129502    1.889954 ^ _073_/X (sky130_fd_sc_hd__and3_1)
                                                         _036_ (net)
                      0.067149    0.000204    1.890158 ^ _076_/B (sky130_fd_sc_hd__xor2_1)
     1    0.004243    0.098326    0.105685    1.995843 ^ _076_/X (sky130_fd_sc_hd__xor2_1)
                                                         _005_ (net)
                      0.098326    0.000152    1.995995 ^ hold11/A (sky130_fd_sc_hd__dlygate4sd3_1)
     1    0.002409    0.034985    0.380113    2.376108 ^ hold11/X (sky130_fd_sc_hd__dlygate4sd3_1)
                                                         net586 (net)
                      0.034985    0.000068    2.376176 ^ _101_/D (sky130_fd_sc_hd__dfrtp_1)
                                              2.376176   data arrival time

                                 25.000000   25.000000   clock gpio_in[38] (rise edge)
                                  0.000000   25.000000   clock source latency
     2    0.097719    0.332243    0.247759   25.247759 ^ gpio_in[38] (in)
                                                         gpio_in[38] (net)
                      0.340334    0.000000   25.247759 ^ clkbuf_0_gpio_in[38]/A (sky130_fd_sc_hd__clkbuf_16)
     5    0.064016    0.067901    0.157751   25.405510 ^ clkbuf_0_gpio_in[38]/X (sky130_fd_sc_hd__clkbuf_16)
                                                         clknet_0_gpio_in[38] (net)
                      0.068564    0.005166   25.410675 ^ clkbuf_1_0__f_gpio_in[38]/A (sky130_fd_sc_hd__clkbuf_16)
    25    0.081334    0.075529    0.121723   25.532398 ^ clkbuf_1_0__f_gpio_in[38]/X (sky130_fd_sc_hd__clkbuf_16)
                                                         clknet_1_0__leaf_gpio_in[38] (net)
                      0.082729    0.017804   25.550203 ^ _101_/CLK (sky130_fd_sc_hd__dfrtp_1)
                                 -0.250000   25.300203   clock uncertainty
                                  0.000000   25.300203   clock reconvergence pessimism
                                 -0.032386   25.267818   library setup time
                                             25.267818   data required time
---------------------------------------------------------------------------------------------
                                             25.267818   data required time
                                             -2.376176   data arrival time
---------------------------------------------------------------------------------------------
                                             22.891644   slack (MET)


Startpoint: _087_ (rising edge-triggered flip-flop clocked by gpio_in[38])
Endpoint: _093_ (rising edge-triggered flip-flop clocked by gpio_in[38])
Path Group: gpio_in[38]
Path Type: max

Fanout         Cap        Slew       Delay        Time   Description
---------------------------------------------------------------------------------------------
                                  0.000000    0.000000   clock gpio_in[38] (rise edge)
                                  0.000000    0.000000   clock source latency
     2    0.097719    0.332243    0.247760    0.247760 ^ gpio_in[38] (in)
                                                         gpio_in[38] (net)
                      0.340334    0.000000    0.247760 ^ clkbuf_0_gpio_in[38]/A (sky130_fd_sc_hd__clkbuf_16)
     5    0.064016    0.067901    0.157751    0.405511 ^ clkbuf_0_gpio_in[38]/X (sky130_fd_sc_hd__clkbuf_16)
                                                         clknet_0_gpio_in[38] (net)
                      0.068564    0.005164    0.410675 ^ clkbuf_1_0__f_gpio_in[38]/A (sky130_fd_sc_hd__clkbuf_16)
    25    0.081334    0.075529    0.121724    0.532399 ^ clkbuf_1_0__f_gpio_in[38]/X (sky130_fd_sc_hd__clkbuf_16)
                                                         clknet_1_0__leaf_gpio_in[38] (net)
                      0.081828    0.016601    0.549000 ^ _087_/CLK (sky130_fd_sc_hd__dfrtp_2)
     3    0.009768    0.047877    0.242096    0.791097 ^ _087_/Q (sky130_fd_sc_hd__dfrtp_2)
                                                         gpio_18_21_bidir[18].cfg.gpio_out_val (net)
                      0.047877    0.000188    0.791284 ^ hold3/A (sky130_fd_sc_hd__dlygate4sd3_1)
     5    0.020366    0.160641    0.467229    1.258513 ^ hold3/X (sky130_fd_sc_hd__dlygate4sd3_1)
                                                         net578 (net)
                      0.160641    0.000467    1.258980 ^ _049_/A (sky130_fd_sc_hd__and4_4)
    17    0.130864    0.286137    0.308672    1.567652 ^ _049_/X (sky130_fd_sc_hd__and4_4)
                                                         _022_ (net)
                      0.307798    0.060472    1.628124 ^ _053_/C (sky130_fd_sc_hd__and3_1)
     3    0.011238    0.093025    0.160606    1.788730 ^ _053_/X (sky130_fd_sc_hd__and3_1)
                                                         _024_ (net)
                      0.093025    0.000299    1.789028 ^ _057_/B (sky130_fd_sc_hd__xor2_1)
     1    0.001934    0.069273    0.083999    1.873028 ^ _057_/X (sky130_fd_sc_hd__xor2_1)
                                                         _016_ (net)
                      0.069273    0.000037    1.873064 ^ hold13/A (sky130_fd_sc_hd__dlygate4sd3_1)
     1    0.003585    0.042403    0.383079    2.256144 ^ hold13/X (sky130_fd_sc_hd__dlygate4sd3_1)
                                                         net588 (net)
                      0.042883    0.000117    2.256261 ^ _093_/D (sky130_fd_sc_hd__dfrtp_1)
                                              2.256261   data arrival time

                                 25.000000   25.000000   clock gpio_in[38] (rise edge)
                                  0.000000   25.000000   clock source latency
     2    0.097719    0.332243    0.247759   25.247759 ^ gpio_in[38] (in)
                                                         gpio_in[38] (net)
                      0.340334    0.000000   25.247759 ^ clkbuf_0_gpio_in[38]/A (sky130_fd_sc_hd__clkbuf_16)
     5    0.064016    0.067901    0.157751   25.405510 ^ clkbuf_0_gpio_in[38]/X (sky130_fd_sc_hd__clkbuf_16)
                                                         clknet_0_gpio_in[38] (net)
                      0.068532    0.005025   25.410534 ^ clkbuf_1_1__f_gpio_in[38]/A (sky130_fd_sc_hd__clkbuf_16)
    19    0.069276    0.066333    0.119089   25.529623 ^ clkbuf_1_1__f_gpio_in[38]/X (sky130_fd_sc_hd__clkbuf_16)
                                                         clknet_1_1__leaf_gpio_in[38] (net)
                      0.070116    0.012140   25.541763 ^ _093_/CLK (sky130_fd_sc_hd__dfrtp_1)
                                 -0.250000   25.291763   clock uncertainty
                                  0.000000   25.291763   clock reconvergence pessimism
                                 -0.033560   25.258205   library setup time
                                             25.258205   data required time
---------------------------------------------------------------------------------------------
                                             25.258205   data required time
                                             -2.256261   data arrival time
---------------------------------------------------------------------------------------------
                                             23.001944   slack (MET)


Startpoint: _087_ (rising edge-triggered flip-flop clocked by gpio_in[38])
Endpoint: _090_ (rising edge-triggered flip-flop clocked by gpio_in[38])
Path Group: gpio_in[38]
Path Type: max

Fanout         Cap        Slew       Delay        Time   Description
---------------------------------------------------------------------------------------------
                                  0.000000    0.000000   clock gpio_in[38] (rise edge)
                                  0.000000    0.000000   clock source latency
     2    0.097719    0.332243    0.247760    0.247760 ^ gpio_in[38] (in)
                                                         gpio_in[38] (net)
                      0.340334    0.000000    0.247760 ^ clkbuf_0_gpio_in[38]/A (sky130_fd_sc_hd__clkbuf_16)
     5    0.064016    0.067901    0.157751    0.405511 ^ clkbuf_0_gpio_in[38]/X (sky130_fd_sc_hd__clkbuf_16)
                                                         clknet_0_gpio_in[38] (net)
                      0.068564    0.005164    0.410675 ^ clkbuf_1_0__f_gpio_in[38]/A (sky130_fd_sc_hd__clkbuf_16)
    25    0.081334    0.075529    0.121724    0.532399 ^ clkbuf_1_0__f_gpio_in[38]/X (sky130_fd_sc_hd__clkbuf_16)
                                                         clknet_1_0__leaf_gpio_in[38] (net)
                      0.081828    0.016601    0.549000 ^ _087_/CLK (sky130_fd_sc_hd__dfrtp_2)
     3    0.009226    0.039626    0.267042    0.816042 v _087_/Q (sky130_fd_sc_hd__dfrtp_2)
                                                         gpio_18_21_bidir[18].cfg.gpio_out_val (net)
                      0.039626    0.000177    0.816219 v hold3/A (sky130_fd_sc_hd__dlygate4sd3_1)
     5    0.019435    0.090639    0.425139    1.241357 v hold3/X (sky130_fd_sc_hd__dlygate4sd3_1)
                                                         net578 (net)
                      0.090641    0.000533    1.241891 v _050_/A1 (sky130_fd_sc_hd__a31o_1)
     1    0.001801    0.024380    0.124692    1.366583 v _050_/X (sky130_fd_sc_hd__a31o_1)
                                                         _023_ (net)
                      0.024380    0.000034    1.366617 v hold32/A (sky130_fd_sc_hd__dlygate4sd3_1)
     1    0.003942    0.043083    0.363830    1.730448 v hold32/X (sky130_fd_sc_hd__dlygate4sd3_1)
                                                         net607 (net)
                      0.043083    0.000141    1.730589 v _051_/B (sky130_fd_sc_hd__and2b_1)
     1    0.002842    0.024842    0.098882    1.829470 v _051_/X (sky130_fd_sc_hd__and2b_1)
                                                         _013_ (net)
                      0.024842    0.000088    1.829558 v hold33/A (sky130_fd_sc_hd__dlygate4sd3_1)
     1    0.003079    0.039388    0.359231    2.188789 v hold33/X (sky130_fd_sc_hd__dlygate4sd3_1)
                                                         net608 (net)
                      0.039388    0.000093    2.188882 v _090_/D (sky130_fd_sc_hd__dfrtp_1)
                                              2.188882   data arrival time

                                 25.000000   25.000000   clock gpio_in[38] (rise edge)
                                  0.000000   25.000000   clock source latency
     2    0.097719    0.332243    0.247759   25.247759 ^ gpio_in[38] (in)
                                                         gpio_in[38] (net)
                      0.340334    0.000000   25.247759 ^ clkbuf_0_gpio_in[38]/A (sky130_fd_sc_hd__clkbuf_16)
     5    0.064016    0.067901    0.157751   25.405510 ^ clkbuf_0_gpio_in[38]/X (sky130_fd_sc_hd__clkbuf_16)
                                                         clknet_0_gpio_in[38] (net)
                      0.068564    0.005166   25.410675 ^ clkbuf_1_0__f_gpio_in[38]/A (sky130_fd_sc_hd__clkbuf_16)
    25    0.081334    0.075529    0.121723   25.532398 ^ clkbuf_1_0__f_gpio_in[38]/X (sky130_fd_sc_hd__clkbuf_16)
                                                         clknet_1_0__leaf_gpio_in[38] (net)
                      0.082234    0.017151   25.549549 ^ _090_/CLK (sky130_fd_sc_hd__dfrtp_1)
                                 -0.250000   25.299549   clock uncertainty
                                  0.000000   25.299549   clock reconvergence pessimism
                                 -0.070244   25.229305   library setup time
                                             25.229305   data required time
---------------------------------------------------------------------------------------------
                                             25.229305   data required time
                                             -2.188882   data arrival time
---------------------------------------------------------------------------------------------
                                             23.040424   slack (MET)


Startpoint: _087_ (rising edge-triggered flip-flop clocked by gpio_in[38])
Endpoint: _096_ (rising edge-triggered flip-flop clocked by gpio_in[38])
Path Group: gpio_in[38]
Path Type: max

Fanout         Cap        Slew       Delay        Time   Description
---------------------------------------------------------------------------------------------
                                  0.000000    0.000000   clock gpio_in[38] (rise edge)
                                  0.000000    0.000000   clock source latency
     2    0.097719    0.332243    0.247760    0.247760 ^ gpio_in[38] (in)
                                                         gpio_in[38] (net)
                      0.340334    0.000000    0.247760 ^ clkbuf_0_gpio_in[38]/A (sky130_fd_sc_hd__clkbuf_16)
     5    0.064016    0.067901    0.157751    0.405511 ^ clkbuf_0_gpio_in[38]/X (sky130_fd_sc_hd__clkbuf_16)
                                                         clknet_0_gpio_in[38] (net)
                      0.068564    0.005164    0.410675 ^ clkbuf_1_0__f_gpio_in[38]/A (sky130_fd_sc_hd__clkbuf_16)
    25    0.081334    0.075529    0.121724    0.532399 ^ clkbuf_1_0__f_gpio_in[38]/X (sky130_fd_sc_hd__clkbuf_16)
                                                         clknet_1_0__leaf_gpio_in[38] (net)
                      0.081828    0.016601    0.549000 ^ _087_/CLK (sky130_fd_sc_hd__dfrtp_2)
     3    0.009768    0.047877    0.242096    0.791097 ^ _087_/Q (sky130_fd_sc_hd__dfrtp_2)
                                                         gpio_18_21_bidir[18].cfg.gpio_out_val (net)
                      0.047877    0.000188    0.791284 ^ hold3/A (sky130_fd_sc_hd__dlygate4sd3_1)
     5    0.020366    0.160641    0.467229    1.258513 ^ hold3/X (sky130_fd_sc_hd__dlygate4sd3_1)
                                                         net578 (net)
                      0.160641    0.000467    1.258980 ^ _049_/A (sky130_fd_sc_hd__and4_4)
    17    0.130864    0.286137    0.308672    1.567652 ^ _049_/X (sky130_fd_sc_hd__and4_4)
                                                         _022_ (net)
                      0.307654    0.060266    1.627918 ^ _059_/A (sky130_fd_sc_hd__and2_4)
     9    0.114158    0.244165    0.259162    1.887079 ^ _059_/X (sky130_fd_sc_hd__and2_4)
                                                         _028_ (net)
                      0.261940    0.050442    1.937522 ^ _062_/C (sky130_fd_sc_hd__and3_1)
     2    0.007373    0.067113    0.138428    2.075949 ^ _062_/X (sky130_fd_sc_hd__and3_1)
                                                         _029_ (net)
                      0.067113    0.000162    2.076111 ^ _064_/A_N (sky130_fd_sc_hd__and2b_1)
     1    0.002325    0.023355    0.108094    2.184206 v _064_/X (sky130_fd_sc_hd__and2b_1)
                                                         _019_ (net)
                      0.023355    0.000065    2.184271 v _096_/D (sky130_fd_sc_hd__dfrtp_1)
                                              2.184271   data arrival time

                                 25.000000   25.000000   clock gpio_in[38] (rise edge)
                                  0.000000   25.000000   clock source latency
     2    0.097719    0.332243    0.247759   25.247759 ^ gpio_in[38] (in)
                                                         gpio_in[38] (net)
                      0.340334    0.000000   25.247759 ^ clkbuf_0_gpio_in[38]/A (sky130_fd_sc_hd__clkbuf_16)
     5    0.064016    0.067901    0.157751   25.405510 ^ clkbuf_0_gpio_in[38]/X (sky130_fd_sc_hd__clkbuf_16)
                                                         clknet_0_gpio_in[38] (net)
                      0.068564    0.005166   25.410675 ^ clkbuf_1_0__f_gpio_in[38]/A (sky130_fd_sc_hd__clkbuf_16)
    25    0.081334    0.075529    0.121723   25.532398 ^ clkbuf_1_0__f_gpio_in[38]/X (sky130_fd_sc_hd__clkbuf_16)
                                                         clknet_1_0__leaf_gpio_in[38] (net)
                      0.081683    0.016401   25.548800 ^ _096_/CLK (sky130_fd_sc_hd__dfrtp_1)
                                 -0.250000   25.298800   clock uncertainty
                                  0.000000   25.298800   clock reconvergence pessimism
                                 -0.064583   25.234217   library setup time
                                             25.234217   data required time
---------------------------------------------------------------------------------------------
                                             25.234217   data required time
                                             -2.184271   data arrival time
---------------------------------------------------------------------------------------------
                                             23.049946   slack (MET)


Startpoint: _087_ (rising edge-triggered flip-flop clocked by gpio_in[38])
Endpoint: _099_ (rising edge-triggered flip-flop clocked by gpio_in[38])
Path Group: gpio_in[38]
Path Type: max

Fanout         Cap        Slew       Delay        Time   Description
---------------------------------------------------------------------------------------------
                                  0.000000    0.000000   clock gpio_in[38] (rise edge)
                                  0.000000    0.000000   clock source latency
     2    0.097719    0.332243    0.247760    0.247760 ^ gpio_in[38] (in)
                                                         gpio_in[38] (net)
                      0.340334    0.000000    0.247760 ^ clkbuf_0_gpio_in[38]/A (sky130_fd_sc_hd__clkbuf_16)
     5    0.064016    0.067901    0.157751    0.405511 ^ clkbuf_0_gpio_in[38]/X (sky130_fd_sc_hd__clkbuf_16)
                                                         clknet_0_gpio_in[38] (net)
                      0.068564    0.005164    0.410675 ^ clkbuf_1_0__f_gpio_in[38]/A (sky130_fd_sc_hd__clkbuf_16)
    25    0.081334    0.075529    0.121724    0.532399 ^ clkbuf_1_0__f_gpio_in[38]/X (sky130_fd_sc_hd__clkbuf_16)
                                                         clknet_1_0__leaf_gpio_in[38] (net)
                      0.081828    0.016601    0.549000 ^ _087_/CLK (sky130_fd_sc_hd__dfrtp_2)
     3    0.009768    0.047877    0.242096    0.791097 ^ _087_/Q (sky130_fd_sc_hd__dfrtp_2)
                                                         gpio_18_21_bidir[18].cfg.gpio_out_val (net)
                      0.047877    0.000188    0.791284 ^ hold3/A (sky130_fd_sc_hd__dlygate4sd3_1)
     5    0.020366    0.160641    0.467229    1.258513 ^ hold3/X (sky130_fd_sc_hd__dlygate4sd3_1)
                                                         net578 (net)
                      0.160641    0.000467    1.258980 ^ _049_/A (sky130_fd_sc_hd__and4_4)
    17    0.130864    0.286137    0.308672    1.567652 ^ _049_/X (sky130_fd_sc_hd__and4_4)
                                                         _022_ (net)
                      0.286168    0.002647    1.570299 ^ _068_/A (sky130_fd_sc_hd__and3_1)
     5    0.016836    0.132210    0.189748    1.760046 ^ _068_/X (sky130_fd_sc_hd__and3_1)
                                                         _033_ (net)
                      0.132210    0.000443    1.760489 ^ _071_/B (sky130_fd_sc_hd__nor2_1)
     1    0.002410    0.032347    0.023689    1.784178 v _071_/Y (sky130_fd_sc_hd__nor2_1)
                                                         _035_ (net)
                      0.032347    0.000068    1.784245 v hold29/A (sky130_fd_sc_hd__dlygate4sd3_1)
     1    0.003335    0.040543    0.363618    2.147863 v hold29/X (sky130_fd_sc_hd__dlygate4sd3_1)
                                                         net604 (net)
                      0.040543    0.000105    2.147968 v _072_/B (sky130_fd_sc_hd__nor2_1)
     1    0.002759    0.052993    0.057954    2.205922 ^ _072_/Y (sky130_fd_sc_hd__nor2_1)
                                                         _003_ (net)
                      0.052993    0.000081    2.206004 ^ _099_/D (sky130_fd_sc_hd__dfrtp_1)
                                              2.206004   data arrival time

                                 25.000000   25.000000   clock gpio_in[38] (rise edge)
                                  0.000000   25.000000   clock source latency
     2    0.097719    0.332243    0.247759   25.247759 ^ gpio_in[38] (in)
                                                         gpio_in[38] (net)
                      0.340334    0.000000   25.247759 ^ clkbuf_0_gpio_in[38]/A (sky130_fd_sc_hd__clkbuf_16)
     5    0.064016    0.067901    0.157751   25.405510 ^ clkbuf_0_gpio_in[38]/X (sky130_fd_sc_hd__clkbuf_16)
                                                         clknet_0_gpio_in[38] (net)
                      0.068564    0.005166   25.410675 ^ clkbuf_1_0__f_gpio_in[38]/A (sky130_fd_sc_hd__clkbuf_16)
    25    0.081334    0.075529    0.121723   25.532398 ^ clkbuf_1_0__f_gpio_in[38]/X (sky130_fd_sc_hd__clkbuf_16)
                                                         clknet_1_0__leaf_gpio_in[38] (net)
                      0.082632    0.017678   25.550077 ^ _099_/CLK (sky130_fd_sc_hd__dfrtp_1)
                                 -0.250000   25.300077   clock uncertainty
                                  0.000000   25.300077   clock reconvergence pessimism
                                 -0.034056   25.266022   library setup time
                                             25.266022   data required time
---------------------------------------------------------------------------------------------
                                             25.266022   data required time
                                             -2.206004   data arrival time
---------------------------------------------------------------------------------------------
                                             23.060017   slack (MET)


Startpoint: _087_ (rising edge-triggered flip-flop clocked by gpio_in[38])
Endpoint: _104_ (rising edge-triggered flip-flop clocked by gpio_in[38])
Path Group: gpio_in[38]
Path Type: max

Fanout         Cap        Slew       Delay        Time   Description
---------------------------------------------------------------------------------------------
                                  0.000000    0.000000   clock gpio_in[38] (rise edge)
                                  0.000000    0.000000   clock source latency
     2    0.097719    0.332243    0.247760    0.247760 ^ gpio_in[38] (in)
                                                         gpio_in[38] (net)
                      0.340334    0.000000    0.247760 ^ clkbuf_0_gpio_in[38]/A (sky130_fd_sc_hd__clkbuf_16)
     5    0.064016    0.067901    0.157751    0.405511 ^ clkbuf_0_gpio_in[38]/X (sky130_fd_sc_hd__clkbuf_16)
                                                         clknet_0_gpio_in[38] (net)
                      0.068564    0.005164    0.410675 ^ clkbuf_1_0__f_gpio_in[38]/A (sky130_fd_sc_hd__clkbuf_16)
    25    0.081334    0.075529    0.121724    0.532399 ^ clkbuf_1_0__f_gpio_in[38]/X (sky130_fd_sc_hd__clkbuf_16)
                                                         clknet_1_0__leaf_gpio_in[38] (net)
                      0.081828    0.016601    0.549000 ^ _087_/CLK (sky130_fd_sc_hd__dfrtp_2)
     3    0.009768    0.047877    0.242096    0.791097 ^ _087_/Q (sky130_fd_sc_hd__dfrtp_2)
                                                         gpio_18_21_bidir[18].cfg.gpio_out_val (net)
                      0.047877    0.000188    0.791284 ^ hold3/A (sky130_fd_sc_hd__dlygate4sd3_1)
     5    0.020366    0.160641    0.467229    1.258513 ^ hold3/X (sky130_fd_sc_hd__dlygate4sd3_1)
                                                         net578 (net)
                      0.160641    0.000467    1.258980 ^ _049_/A (sky130_fd_sc_hd__and4_4)
    17    0.130864    0.286137    0.308672    1.567652 ^ _049_/X (sky130_fd_sc_hd__and4_4)
                                                         _022_ (net)
                      0.286238    0.004750    1.572402 ^ _078_/A (sky130_fd_sc_hd__and4_4)
    11    0.118661    0.260729    0.313044    1.885446 ^ _078_/X (sky130_fd_sc_hd__and4_4)
                                                         _039_ (net)
                      0.281593    0.056344    1.941790 ^ _082_/C (sky130_fd_sc_hd__and3_1)
     2    0.010520    0.087758    0.156868    2.098658 ^ _082_/X (sky130_fd_sc_hd__and3_1)
                                                         _041_ (net)
                      0.087758    0.000194    2.098852 ^ _083_/B (sky130_fd_sc_hd__nor2_1)
     1    0.003778    0.039037    0.029526    2.128378 v _083_/Y (sky130_fd_sc_hd__nor2_1)
                                                         _008_ (net)
                      0.039037    0.000127    2.128506 v _104_/D (sky130_fd_sc_hd__dfrtp_1)
                                              2.128506   data arrival time

                                 25.000000   25.000000   clock gpio_in[38] (rise edge)
                                  0.000000   25.000000   clock source latency
     2    0.097719    0.332243    0.247759   25.247759 ^ gpio_in[38] (in)
                                                         gpio_in[38] (net)
                      0.340334    0.000000   25.247759 ^ clkbuf_0_gpio_in[38]/A (sky130_fd_sc_hd__clkbuf_16)
     5    0.064016    0.067901    0.157751   25.405510 ^ clkbuf_0_gpio_in[38]/X (sky130_fd_sc_hd__clkbuf_16)
                                                         clknet_0_gpio_in[38] (net)
                      0.068532    0.005025   25.410534 ^ clkbuf_1_1__f_gpio_in[38]/A (sky130_fd_sc_hd__clkbuf_16)
    19    0.069276    0.066333    0.119089   25.529623 ^ clkbuf_1_1__f_gpio_in[38]/X (sky130_fd_sc_hd__clkbuf_16)
                                                         clknet_1_1__leaf_gpio_in[38] (net)
                      0.069728    0.011449   25.541073 ^ _104_/CLK (sky130_fd_sc_hd__dfrtp_1)
                                 -0.250000   25.291073   clock uncertainty
                                  0.000000   25.291073   clock reconvergence pessimism
                                 -0.071323   25.219751   library setup time
                                             25.219751   data required time
---------------------------------------------------------------------------------------------
                                             25.219751   data required time
                                             -2.128506   data arrival time
---------------------------------------------------------------------------------------------
                                             23.091246   slack (MET)


Startpoint: _087_ (rising edge-triggered flip-flop clocked by gpio_in[38])
Endpoint: _091_ (rising edge-triggered flip-flop clocked by gpio_in[38])
Path Group: gpio_in[38]
Path Type: max

Fanout         Cap        Slew       Delay        Time   Description
---------------------------------------------------------------------------------------------
                                  0.000000    0.000000   clock gpio_in[38] (rise edge)
                                  0.000000    0.000000   clock source latency
     2    0.097719    0.332243    0.247760    0.247760 ^ gpio_in[38] (in)
                                                         gpio_in[38] (net)
                      0.340334    0.000000    0.247760 ^ clkbuf_0_gpio_in[38]/A (sky130_fd_sc_hd__clkbuf_16)
     5    0.064016    0.067901    0.157751    0.405511 ^ clkbuf_0_gpio_in[38]/X (sky130_fd_sc_hd__clkbuf_16)
                                                         clknet_0_gpio_in[38] (net)
                      0.068564    0.005164    0.410675 ^ clkbuf_1_0__f_gpio_in[38]/A (sky130_fd_sc_hd__clkbuf_16)
    25    0.081334    0.075529    0.121724    0.532399 ^ clkbuf_1_0__f_gpio_in[38]/X (sky130_fd_sc_hd__clkbuf_16)
                                                         clknet_1_0__leaf_gpio_in[38] (net)
                      0.081828    0.016601    0.549000 ^ _087_/CLK (sky130_fd_sc_hd__dfrtp_2)
     3    0.009768    0.047877    0.242096    0.791097 ^ _087_/Q (sky130_fd_sc_hd__dfrtp_2)
                                                         gpio_18_21_bidir[18].cfg.gpio_out_val (net)
                      0.047877    0.000188    0.791284 ^ hold3/A (sky130_fd_sc_hd__dlygate4sd3_1)
     5    0.020366    0.160641    0.467229    1.258513 ^ hold3/X (sky130_fd_sc_hd__dlygate4sd3_1)
                                                         net578 (net)
                      0.160641    0.000467    1.258980 ^ _049_/A (sky130_fd_sc_hd__and4_4)
    17    0.130864    0.286137    0.308672    1.567652 ^ _049_/X (sky130_fd_sc_hd__and4_4)
                                                         _022_ (net)
                      0.307839    0.060530    1.628182 ^ _052_/B (sky130_fd_sc_hd__xor2_1)
     1    0.002355    0.074860    0.082518    1.710700 ^ _052_/X (sky130_fd_sc_hd__xor2_1)
                                                         _014_ (net)
                      0.074860    0.000069    1.710768 ^ hold21/A (sky130_fd_sc_hd__dlygate4sd3_1)
     1    0.002348    0.034668    0.376052    2.086820 ^ hold21/X (sky130_fd_sc_hd__dlygate4sd3_1)
                                                         net596 (net)
                      0.034668    0.000046    2.086867 ^ _091_/D (sky130_fd_sc_hd__dfrtp_1)
                                              2.086867   data arrival time

                                 25.000000   25.000000   clock gpio_in[38] (rise edge)
                                  0.000000   25.000000   clock source latency
     2    0.097719    0.332243    0.247759   25.247759 ^ gpio_in[38] (in)
                                                         gpio_in[38] (net)
                      0.340334    0.000000   25.247759 ^ clkbuf_0_gpio_in[38]/A (sky130_fd_sc_hd__clkbuf_16)
     5    0.064016    0.067901    0.157751   25.405510 ^ clkbuf_0_gpio_in[38]/X (sky130_fd_sc_hd__clkbuf_16)
                                                         clknet_0_gpio_in[38] (net)
                      0.068532    0.005025   25.410534 ^ clkbuf_1_1__f_gpio_in[38]/A (sky130_fd_sc_hd__clkbuf_16)
    19    0.069276    0.066333    0.119089   25.529623 ^ clkbuf_1_1__f_gpio_in[38]/X (sky130_fd_sc_hd__clkbuf_16)
                                                         clknet_1_1__leaf_gpio_in[38] (net)
                      0.070106    0.012122   25.541746 ^ _091_/CLK (sky130_fd_sc_hd__dfrtp_1)
                                 -0.250000   25.291746   clock uncertainty
                                  0.000000   25.291746   clock reconvergence pessimism
                                 -0.032795   25.258951   library setup time
                                             25.258951   data required time
---------------------------------------------------------------------------------------------
                                             25.258951   data required time
                                             -2.086867   data arrival time
---------------------------------------------------------------------------------------------
                                             23.172085   slack (MET)


Startpoint: _087_ (rising edge-triggered flip-flop clocked by gpio_in[38])
Endpoint: _103_ (rising edge-triggered flip-flop clocked by gpio_in[38])
Path Group: gpio_in[38]
Path Type: max

Fanout         Cap        Slew       Delay        Time   Description
---------------------------------------------------------------------------------------------
                                  0.000000    0.000000   clock gpio_in[38] (rise edge)
                                  0.000000    0.000000   clock source latency
     2    0.097719    0.332243    0.247760    0.247760 ^ gpio_in[38] (in)
                                                         gpio_in[38] (net)
                      0.340334    0.000000    0.247760 ^ clkbuf_0_gpio_in[38]/A (sky130_fd_sc_hd__clkbuf_16)
     5    0.064016    0.067901    0.157751    0.405511 ^ clkbuf_0_gpio_in[38]/X (sky130_fd_sc_hd__clkbuf_16)
                                                         clknet_0_gpio_in[38] (net)
                      0.068564    0.005164    0.410675 ^ clkbuf_1_0__f_gpio_in[38]/A (sky130_fd_sc_hd__clkbuf_16)
    25    0.081334    0.075529    0.121724    0.532399 ^ clkbuf_1_0__f_gpio_in[38]/X (sky130_fd_sc_hd__clkbuf_16)
                                                         clknet_1_0__leaf_gpio_in[38] (net)
                      0.081828    0.016601    0.549000 ^ _087_/CLK (sky130_fd_sc_hd__dfrtp_2)
     3    0.009768    0.047877    0.242096    0.791097 ^ _087_/Q (sky130_fd_sc_hd__dfrtp_2)
                                                         gpio_18_21_bidir[18].cfg.gpio_out_val (net)
                      0.047877    0.000188    0.791284 ^ hold3/A (sky130_fd_sc_hd__dlygate4sd3_1)
     5    0.020366    0.160641    0.467229    1.258513 ^ hold3/X (sky130_fd_sc_hd__dlygate4sd3_1)
                                                         net578 (net)
                      0.160641    0.000467    1.258980 ^ _049_/A (sky130_fd_sc_hd__and4_4)
    17    0.130864    0.286137    0.308672    1.567652 ^ _049_/X (sky130_fd_sc_hd__and4_4)
                                                         _022_ (net)
                      0.286238    0.004750    1.572402 ^ _078_/A (sky130_fd_sc_hd__and4_4)
    11    0.118661    0.260729    0.313044    1.885446 ^ _078_/X (sky130_fd_sc_hd__and4_4)
                                                         _039_ (net)
                      0.281352    0.056006    1.941452 ^ _080_/B (sky130_fd_sc_hd__xor2_1)
     1    0.002434    0.075995    0.085198    2.026649 ^ _080_/X (sky130_fd_sc_hd__xor2_1)
                                                         _007_ (net)
                      0.075995    0.000049    2.026698 ^ _103_/D (sky130_fd_sc_hd__dfrtp_1)
                                              2.026698   data arrival time

                                 25.000000   25.000000   clock gpio_in[38] (rise edge)
                                  0.000000   25.000000   clock source latency
     2    0.097719    0.332243    0.247759   25.247759 ^ gpio_in[38] (in)
                                                         gpio_in[38] (net)
                      0.340334    0.000000   25.247759 ^ clkbuf_0_gpio_in[38]/A (sky130_fd_sc_hd__clkbuf_16)
     5    0.064016    0.067901    0.157751   25.405510 ^ clkbuf_0_gpio_in[38]/X (sky130_fd_sc_hd__clkbuf_16)
                                                         clknet_0_gpio_in[38] (net)
                      0.068532    0.005025   25.410534 ^ clkbuf_1_1__f_gpio_in[38]/A (sky130_fd_sc_hd__clkbuf_16)
    19    0.069276    0.066333    0.119089   25.529623 ^ clkbuf_1_1__f_gpio_in[38]/X (sky130_fd_sc_hd__clkbuf_16)
                                                         clknet_1_1__leaf_gpio_in[38] (net)
                      0.069720    0.011434   25.541058 ^ _103_/CLK (sky130_fd_sc_hd__dfrtp_1)
                                 -0.250000   25.291059   clock uncertainty
                                  0.000000   25.291059   clock reconvergence pessimism
                                 -0.036658   25.254400   library setup time
                                             25.254400   data required time
---------------------------------------------------------------------------------------------
                                             25.254400   data required time
                                             -2.026698   data arrival time
---------------------------------------------------------------------------------------------
                                             23.227701   slack (MET)


Startpoint: _087_ (rising edge-triggered flip-flop clocked by gpio_in[38])
Endpoint: _095_ (rising edge-triggered flip-flop clocked by gpio_in[38])
Path Group: gpio_in[38]
Path Type: max

Fanout         Cap        Slew       Delay        Time   Description
---------------------------------------------------------------------------------------------
                                  0.000000    0.000000   clock gpio_in[38] (rise edge)
                                  0.000000    0.000000   clock source latency
     2    0.097719    0.332243    0.247760    0.247760 ^ gpio_in[38] (in)
                                                         gpio_in[38] (net)
                      0.340334    0.000000    0.247760 ^ clkbuf_0_gpio_in[38]/A (sky130_fd_sc_hd__clkbuf_16)
     5    0.064016    0.067901    0.157751    0.405511 ^ clkbuf_0_gpio_in[38]/X (sky130_fd_sc_hd__clkbuf_16)
                                                         clknet_0_gpio_in[38] (net)
                      0.068564    0.005164    0.410675 ^ clkbuf_1_0__f_gpio_in[38]/A (sky130_fd_sc_hd__clkbuf_16)
    25    0.081334    0.075529    0.121724    0.532399 ^ clkbuf_1_0__f_gpio_in[38]/X (sky130_fd_sc_hd__clkbuf_16)
                                                         clknet_1_0__leaf_gpio_in[38] (net)
                      0.081828    0.016601    0.549000 ^ _087_/CLK (sky130_fd_sc_hd__dfrtp_2)
     3    0.009768    0.047877    0.242096    0.791097 ^ _087_/Q (sky130_fd_sc_hd__dfrtp_2)
                                                         gpio_18_21_bidir[18].cfg.gpio_out_val (net)
                      0.047877    0.000188    0.791284 ^ hold3/A (sky130_fd_sc_hd__dlygate4sd3_1)
     5    0.020366    0.160641    0.467229    1.258513 ^ hold3/X (sky130_fd_sc_hd__dlygate4sd3_1)
                                                         net578 (net)
                      0.160641    0.000467    1.258980 ^ _049_/A (sky130_fd_sc_hd__and4_4)
    17    0.130864    0.286137    0.308672    1.567652 ^ _049_/X (sky130_fd_sc_hd__and4_4)
                                                         _022_ (net)
                      0.307654    0.060266    1.627918 ^ _059_/A (sky130_fd_sc_hd__and2_4)
     9    0.114158    0.244165    0.259162    1.887079 ^ _059_/X (sky130_fd_sc_hd__and2_4)
                                                         _028_ (net)
                      0.261740    0.050149    1.937229 ^ _061_/B (sky130_fd_sc_hd__xor2_1)
     1    0.002513    0.077325    0.086538    2.023767 ^ _061_/X (sky130_fd_sc_hd__xor2_1)
                                                         _018_ (net)
                      0.077325    0.000072    2.023839 ^ _095_/D (sky130_fd_sc_hd__dfrtp_2)
                                              2.023839   data arrival time

                                 25.000000   25.000000   clock gpio_in[38] (rise edge)
                                  0.000000   25.000000   clock source latency
     2    0.097719    0.332243    0.247759   25.247759 ^ gpio_in[38] (in)
                                                         gpio_in[38] (net)
                      0.340334    0.000000   25.247759 ^ clkbuf_0_gpio_in[38]/A (sky130_fd_sc_hd__clkbuf_16)
     5    0.064016    0.067901    0.157751   25.405510 ^ clkbuf_0_gpio_in[38]/X (sky130_fd_sc_hd__clkbuf_16)
                                                         clknet_0_gpio_in[38] (net)
                      0.068564    0.005166   25.410675 ^ clkbuf_1_0__f_gpio_in[38]/A (sky130_fd_sc_hd__clkbuf_16)
    25    0.081334    0.075529    0.121723   25.532398 ^ clkbuf_1_0__f_gpio_in[38]/X (sky130_fd_sc_hd__clkbuf_16)
                                                         clknet_1_0__leaf_gpio_in[38] (net)
                      0.080482    0.014660   25.547058 ^ _095_/CLK (sky130_fd_sc_hd__dfrtp_2)
                                 -0.250000   25.297060   clock uncertainty
                                  0.000000   25.297060   clock reconvergence pessimism
                                 -0.039108   25.257952   library setup time
                                             25.257952   data required time
---------------------------------------------------------------------------------------------
                                             25.257952   data required time
                                             -2.023839   data arrival time
---------------------------------------------------------------------------------------------
                                             23.234112   slack (MET)


Startpoint: _087_ (rising edge-triggered flip-flop clocked by gpio_in[38])
Endpoint: _092_ (rising edge-triggered flip-flop clocked by gpio_in[38])
Path Group: gpio_in[38]
Path Type: max

Fanout         Cap        Slew       Delay        Time   Description
---------------------------------------------------------------------------------------------
                                  0.000000    0.000000   clock gpio_in[38] (rise edge)
                                  0.000000    0.000000   clock source latency
     2    0.097719    0.332243    0.247760    0.247760 ^ gpio_in[38] (in)
                                                         gpio_in[38] (net)
                      0.340334    0.000000    0.247760 ^ clkbuf_0_gpio_in[38]/A (sky130_fd_sc_hd__clkbuf_16)
     5    0.064016    0.067901    0.157751    0.405511 ^ clkbuf_0_gpio_in[38]/X (sky130_fd_sc_hd__clkbuf_16)
                                                         clknet_0_gpio_in[38] (net)
                      0.068564    0.005164    0.410675 ^ clkbuf_1_0__f_gpio_in[38]/A (sky130_fd_sc_hd__clkbuf_16)
    25    0.081334    0.075529    0.121724    0.532399 ^ clkbuf_1_0__f_gpio_in[38]/X (sky130_fd_sc_hd__clkbuf_16)
                                                         clknet_1_0__leaf_gpio_in[38] (net)
                      0.081828    0.016601    0.549000 ^ _087_/CLK (sky130_fd_sc_hd__dfrtp_2)
     3    0.009768    0.047877    0.242096    0.791097 ^ _087_/Q (sky130_fd_sc_hd__dfrtp_2)
                                                         gpio_18_21_bidir[18].cfg.gpio_out_val (net)
                      0.047877    0.000188    0.791284 ^ hold3/A (sky130_fd_sc_hd__dlygate4sd3_1)
     5    0.020366    0.160641    0.467229    1.258513 ^ hold3/X (sky130_fd_sc_hd__dlygate4sd3_1)
                                                         net578 (net)
                      0.160641    0.000467    1.258980 ^ _049_/A (sky130_fd_sc_hd__and4_4)
    17    0.130864    0.286137    0.308672    1.567652 ^ _049_/X (sky130_fd_sc_hd__and4_4)
                                                         _022_ (net)
                      0.307798    0.060472    1.628124 ^ _053_/C (sky130_fd_sc_hd__and3_1)
     3    0.011238    0.093025    0.160606    1.788730 ^ _053_/X (sky130_fd_sc_hd__and3_1)
                                                         _024_ (net)
                      0.093025    0.000231    1.788960 ^ _055_/A (sky130_fd_sc_hd__nor2_1)
     1    0.003915    0.034665    0.035962    1.824923 v _055_/Y (sky130_fd_sc_hd__nor2_1)
                                                         _015_ (net)
                      0.034665    0.000128    1.825051 v _092_/D (sky130_fd_sc_hd__dfrtp_1)
                                              1.825051   data arrival time

                                 25.000000   25.000000   clock gpio_in[38] (rise edge)
                                  0.000000   25.000000   clock source latency
     2    0.097719    0.332243    0.247759   25.247759 ^ gpio_in[38] (in)
                                                         gpio_in[38] (net)
                      0.340334    0.000000   25.247759 ^ clkbuf_0_gpio_in[38]/A (sky130_fd_sc_hd__clkbuf_16)
     5    0.064016    0.067901    0.157751   25.405510 ^ clkbuf_0_gpio_in[38]/X (sky130_fd_sc_hd__clkbuf_16)
                                                         clknet_0_gpio_in[38] (net)
                      0.068532    0.005025   25.410534 ^ clkbuf_1_1__f_gpio_in[38]/A (sky130_fd_sc_hd__clkbuf_16)
    19    0.069276    0.066333    0.119089   25.529623 ^ clkbuf_1_1__f_gpio_in[38]/X (sky130_fd_sc_hd__clkbuf_16)
                                                         clknet_1_1__leaf_gpio_in[38] (net)
                      0.070108    0.012127   25.541750 ^ _092_/CLK (sky130_fd_sc_hd__dfrtp_1)
                                 -0.250000   25.291752   clock uncertainty
                                  0.000000   25.291752   clock reconvergence pessimism
                                 -0.069728   25.222025   library setup time
                                             25.222025   data required time
---------------------------------------------------------------------------------------------
                                             25.222025   data required time
                                             -1.825051   data arrival time
---------------------------------------------------------------------------------------------
                                             23.396975   slack (MET)


Startpoint: _087_ (rising edge-triggered flip-flop clocked by gpio_in[38])
Endpoint: _089_ (rising edge-triggered flip-flop clocked by gpio_in[38])
Path Group: gpio_in[38]
Path Type: max

Fanout         Cap        Slew       Delay        Time   Description
---------------------------------------------------------------------------------------------
                                  0.000000    0.000000   clock gpio_in[38] (rise edge)
                                  0.000000    0.000000   clock source latency
     2    0.097719    0.332243    0.247760    0.247760 ^ gpio_in[38] (in)
                                                         gpio_in[38] (net)
                      0.340334    0.000000    0.247760 ^ clkbuf_0_gpio_in[38]/A (sky130_fd_sc_hd__clkbuf_16)
     5    0.064016    0.067901    0.157751    0.405511 ^ clkbuf_0_gpio_in[38]/X (sky130_fd_sc_hd__clkbuf_16)
                                                         clknet_0_gpio_in[38] (net)
                      0.068564    0.005164    0.410675 ^ clkbuf_1_0__f_gpio_in[38]/A (sky130_fd_sc_hd__clkbuf_16)
    25    0.081334    0.075529    0.121724    0.532399 ^ clkbuf_1_0__f_gpio_in[38]/X (sky130_fd_sc_hd__clkbuf_16)
                                                         clknet_1_0__leaf_gpio_in[38] (net)
                      0.081828    0.016601    0.549000 ^ _087_/CLK (sky130_fd_sc_hd__dfrtp_2)
     3    0.009768    0.047877    0.242096    0.791097 ^ _087_/Q (sky130_fd_sc_hd__dfrtp_2)
                                                         gpio_18_21_bidir[18].cfg.gpio_out_val (net)
                      0.047877    0.000188    0.791284 ^ hold3/A (sky130_fd_sc_hd__dlygate4sd3_1)
     5    0.020366    0.160641    0.467229    1.258513 ^ hold3/X (sky130_fd_sc_hd__dlygate4sd3_1)
                                                         net578 (net)
                      0.160641    0.000404    1.258917 ^ _045_/A (sky130_fd_sc_hd__nand2_1)
     2    0.008482    0.065760    0.062832    1.321749 v _045_/Y (sky130_fd_sc_hd__nand2_1)
                                                         _020_ (net)
                      0.065760    0.000138    1.321887 v _048_/B (sky130_fd_sc_hd__xnor2_1)
     1    0.002542    0.035738    0.087730    1.409617 v _048_/Y (sky130_fd_sc_hd__xnor2_1)
                                                         _012_ (net)
                      0.035738    0.000055    1.409671 v hold24/A (sky130_fd_sc_hd__dlygate4sd3_1)
     1    0.002865    0.038344    0.362091    1.771762 v hold24/X (sky130_fd_sc_hd__dlygate4sd3_1)
                                                         net599 (net)
                      0.038344    0.000086    1.771848 v _089_/D (sky130_fd_sc_hd__dfrtp_1)
                                              1.771848   data arrival time

                                 25.000000   25.000000   clock gpio_in[38] (rise edge)
                                  0.000000   25.000000   clock source latency
     2    0.097719    0.332243    0.247759   25.247759 ^ gpio_in[38] (in)
                                                         gpio_in[38] (net)
                      0.340334    0.000000   25.247759 ^ clkbuf_0_gpio_in[38]/A (sky130_fd_sc_hd__clkbuf_16)
     5    0.064016    0.067901    0.157751   25.405510 ^ clkbuf_0_gpio_in[38]/X (sky130_fd_sc_hd__clkbuf_16)
                                                         clknet_0_gpio_in[38] (net)
                      0.068564    0.005166   25.410675 ^ clkbuf_1_0__f_gpio_in[38]/A (sky130_fd_sc_hd__clkbuf_16)
    25    0.081334    0.075529    0.121723   25.532398 ^ clkbuf_1_0__f_gpio_in[38]/X (sky130_fd_sc_hd__clkbuf_16)
                                                         clknet_1_0__leaf_gpio_in[38] (net)
                      0.082469    0.017463   25.549862 ^ _089_/CLK (sky130_fd_sc_hd__dfrtp_1)
                                 -0.250000   25.299862   clock uncertainty
                                  0.000000   25.299862   clock reconvergence pessimism
                                 -0.069849   25.230015   library setup time
                                             25.230015   data required time
---------------------------------------------------------------------------------------------
                                             25.230015   data required time
                                             -1.771848   data arrival time
---------------------------------------------------------------------------------------------
                                             23.458166   slack (MET)


Startpoint: _087_ (rising edge-triggered flip-flop clocked by gpio_in[38])
Endpoint: _088_ (rising edge-triggered flip-flop clocked by gpio_in[38])
Path Group: gpio_in[38]
Path Type: max

Fanout         Cap        Slew       Delay        Time   Description
---------------------------------------------------------------------------------------------
                                  0.000000    0.000000   clock gpio_in[38] (rise edge)
                                  0.000000    0.000000   clock source latency
     2    0.097719    0.332243    0.247760    0.247760 ^ gpio_in[38] (in)
                                                         gpio_in[38] (net)
                      0.340334    0.000000    0.247760 ^ clkbuf_0_gpio_in[38]/A (sky130_fd_sc_hd__clkbuf_16)
     5    0.064016    0.067901    0.157751    0.405511 ^ clkbuf_0_gpio_in[38]/X (sky130_fd_sc_hd__clkbuf_16)
                                                         clknet_0_gpio_in[38] (net)
                      0.068564    0.005164    0.410675 ^ clkbuf_1_0__f_gpio_in[38]/A (sky130_fd_sc_hd__clkbuf_16)
    25    0.081334    0.075529    0.121724    0.532399 ^ clkbuf_1_0__f_gpio_in[38]/X (sky130_fd_sc_hd__clkbuf_16)
                                                         clknet_1_0__leaf_gpio_in[38] (net)
                      0.081828    0.016601    0.549000 ^ _087_/CLK (sky130_fd_sc_hd__dfrtp_2)
     3    0.009226    0.039626    0.267042    0.816042 v _087_/Q (sky130_fd_sc_hd__dfrtp_2)
                                                         gpio_18_21_bidir[18].cfg.gpio_out_val (net)
                      0.039626    0.000177    0.816219 v hold3/A (sky130_fd_sc_hd__dlygate4sd3_1)
     5    0.019435    0.090639    0.425139    1.241357 v hold3/X (sky130_fd_sc_hd__dlygate4sd3_1)
                                                         net578 (net)
                      0.090640    0.000493    1.241851 v _046_/A (sky130_fd_sc_hd__or2_1)
     1    0.004489    0.038240    0.157413    1.399263 v _046_/X (sky130_fd_sc_hd__or2_1)
                                                         _021_ (net)
                      0.038240    0.000156    1.399419 v _047_/B (sky130_fd_sc_hd__and2_1)
     1    0.002808    0.025287    0.097595    1.497014 v _047_/X (sky130_fd_sc_hd__and2_1)
                                                         _011_ (net)
                      0.025296    0.000081    1.497095 v _088_/D (sky130_fd_sc_hd__dfrtp_1)
                                              1.497095   data arrival time

                                 25.000000   25.000000   clock gpio_in[38] (rise edge)
                                  0.000000   25.000000   clock source latency
     2    0.097719    0.332243    0.247759   25.247759 ^ gpio_in[38] (in)
                                                         gpio_in[38] (net)
                      0.340334    0.000000   25.247759 ^ clkbuf_0_gpio_in[38]/A (sky130_fd_sc_hd__clkbuf_16)
     5    0.064016    0.067901    0.157751   25.405510 ^ clkbuf_0_gpio_in[38]/X (sky130_fd_sc_hd__clkbuf_16)
                                                         clknet_0_gpio_in[38] (net)
                      0.068564    0.005166   25.410675 ^ clkbuf_1_0__f_gpio_in[38]/A (sky130_fd_sc_hd__clkbuf_16)
    25    0.081334    0.075529    0.121723   25.532398 ^ clkbuf_1_0__f_gpio_in[38]/X (sky130_fd_sc_hd__clkbuf_16)
                                                         clknet_1_0__leaf_gpio_in[38] (net)
                      0.082010    0.016849   25.549248 ^ _088_/CLK (sky130_fd_sc_hd__dfrtp_1)
                                 -0.250000   25.299248   clock uncertainty
                                  0.000000   25.299248   clock reconvergence pessimism
                                 -0.065243   25.234005   library setup time
                                             25.234005   data required time
---------------------------------------------------------------------------------------------
                                             25.234005   data required time
                                             -1.497095   data arrival time
---------------------------------------------------------------------------------------------
                                             23.736910   slack (MET)


Startpoint: _087_ (rising edge-triggered flip-flop clocked by gpio_in[38])
Endpoint: _087_ (rising edge-triggered flip-flop clocked by gpio_in[38])
Path Group: gpio_in[38]
Path Type: max

Fanout         Cap        Slew       Delay        Time   Description
---------------------------------------------------------------------------------------------
                                  0.000000    0.000000   clock gpio_in[38] (rise edge)
                                  0.000000    0.000000   clock source latency
     2    0.097719    0.332243    0.247760    0.247760 ^ gpio_in[38] (in)
                                                         gpio_in[38] (net)
                      0.340334    0.000000    0.247760 ^ clkbuf_0_gpio_in[38]/A (sky130_fd_sc_hd__clkbuf_16)
     5    0.064016    0.067901    0.157751    0.405511 ^ clkbuf_0_gpio_in[38]/X (sky130_fd_sc_hd__clkbuf_16)
                                                         clknet_0_gpio_in[38] (net)
                      0.068564    0.005164    0.410675 ^ clkbuf_1_0__f_gpio_in[38]/A (sky130_fd_sc_hd__clkbuf_16)
    25    0.081334    0.075529    0.121724    0.532399 ^ clkbuf_1_0__f_gpio_in[38]/X (sky130_fd_sc_hd__clkbuf_16)
                                                         clknet_1_0__leaf_gpio_in[38] (net)
                      0.081828    0.016601    0.549000 ^ _087_/CLK (sky130_fd_sc_hd__dfrtp_2)
     3    0.009768    0.047877    0.242096    0.791097 ^ _087_/Q (sky130_fd_sc_hd__dfrtp_2)
                                                         gpio_18_21_bidir[18].cfg.gpio_out_val (net)
                      0.047877    0.000188    0.791284 ^ hold3/A (sky130_fd_sc_hd__dlygate4sd3_1)
     5    0.020366    0.160641    0.467229    1.258513 ^ hold3/X (sky130_fd_sc_hd__dlygate4sd3_1)
                                                         net578 (net)
                      0.160641    0.000618    1.259132 ^ _043_/A (sky130_fd_sc_hd__inv_2)
     1    0.002551    0.027597    0.009156    1.268288 v _043_/Y (sky130_fd_sc_hd__inv_2)
                                                         _000_ (net)
                      0.027597    0.000073    1.268360 v _087_/D (sky130_fd_sc_hd__dfrtp_2)
                                              1.268360   data arrival time

                                 25.000000   25.000000   clock gpio_in[38] (rise edge)
                                  0.000000   25.000000   clock source latency
     2    0.097719    0.332243    0.247759   25.247759 ^ gpio_in[38] (in)
                                                         gpio_in[38] (net)
                      0.340334    0.000000   25.247759 ^ clkbuf_0_gpio_in[38]/A (sky130_fd_sc_hd__clkbuf_16)
     5    0.064016    0.067901    0.157751   25.405510 ^ clkbuf_0_gpio_in[38]/X (sky130_fd_sc_hd__clkbuf_16)
                                                         clknet_0_gpio_in[38] (net)
                      0.068564    0.005166   25.410675 ^ clkbuf_1_0__f_gpio_in[38]/A (sky130_fd_sc_hd__clkbuf_16)
    25    0.081334    0.075529    0.121723   25.532398 ^ clkbuf_1_0__f_gpio_in[38]/X (sky130_fd_sc_hd__clkbuf_16)
                                                         clknet_1_0__leaf_gpio_in[38] (net)
                      0.081828    0.016602   25.549000 ^ _087_/CLK (sky130_fd_sc_hd__dfrtp_2)
                                 -0.250000   25.299002   clock uncertainty
                                  0.000000   25.299002   clock reconvergence pessimism
                                 -0.067301   25.231701   library setup time
                                             25.231701   data required time
---------------------------------------------------------------------------------------------
                                             25.231701   data required time
                                             -1.268360   data arrival time
---------------------------------------------------------------------------------------------
                                             23.963341   slack (MET)



