
===========================================================================
report_checks -path_delay min (Hold)
============================================================================
======================= nom_ff_n40C_1v95 Corner ===================================

Startpoint: _091_ (rising edge-triggered flip-flop clocked by gpio_in[38])
Endpoint: _096_ (rising edge-triggered flip-flop clocked by gpio_in[38])
Path Group: gpio_in[38]
Path Type: min

Fanout         Cap        Slew       Delay        Time   Description
---------------------------------------------------------------------------------------------
                                  0.000000    0.000000   clock gpio_in[38] (rise edge)
                                  0.000000    0.000000   clock source latency
     2    0.097719    0.332243    0.247760    0.247760 ^ gpio_in[38] (in)
                                                         gpio_in[38] (net)
                      0.340334    0.000000    0.247760 ^ clkbuf_0_gpio_in[38]/A (sky130_fd_sc_hd__clkbuf_16)
     5    0.064016    0.067901    0.157751    0.405511 ^ clkbuf_0_gpio_in[38]/X (sky130_fd_sc_hd__clkbuf_16)
                                                         clknet_0_gpio_in[38] (net)
                      0.068532    0.005024    0.410535 ^ clkbuf_1_1__f_gpio_in[38]/A (sky130_fd_sc_hd__clkbuf_16)
    19    0.069276    0.066333    0.119090    0.529625 ^ clkbuf_1_1__f_gpio_in[38]/X (sky130_fd_sc_hd__clkbuf_16)
                                                         clknet_1_1__leaf_gpio_in[38] (net)
                      0.070106    0.012122    0.541747 ^ _091_/CLK (sky130_fd_sc_hd__dfrtp_1)
     3    0.008912    0.067896    0.238034    0.779781 ^ _091_/Q (sky130_fd_sc_hd__dfrtp_1)
                                                         gpio_22_37_output[22].cfg.gpio_out_val (net)
                      0.067896    0.000117    0.779898 ^ _058_/A (sky130_fd_sc_hd__and4_4)
     9    0.111440    0.244668    0.265009    1.044907 ^ _058_/X (sky130_fd_sc_hd__and4_4)
                                                         _027_ (net)
                      0.262636    0.050744    1.095652 ^ _063_/A3 (sky130_fd_sc_hd__a31o_1)
     1    0.002149    0.023437    0.095930    1.191582 ^ _063_/X (sky130_fd_sc_hd__a31o_1)
                                                         _030_ (net)
                      0.023437    0.000059    1.191641 ^ _064_/B (sky130_fd_sc_hd__and2b_1)
     1    0.002352    0.026542    0.066068    1.257709 ^ _064_/X (sky130_fd_sc_hd__and2b_1)
                                                         _019_ (net)
                      0.026542    0.000066    1.257775 ^ _096_/D (sky130_fd_sc_hd__dfrtp_1)
                                              1.257775   data arrival time

                                  0.000000    0.000000   clock gpio_in[38] (rise edge)
                                  0.000000    0.000000   clock source latency
     2    0.097719    0.332243    0.247760    0.247760 ^ gpio_in[38] (in)
                                                         gpio_in[38] (net)
                      0.340334    0.000000    0.247760 ^ clkbuf_0_gpio_in[38]/A (sky130_fd_sc_hd__clkbuf_16)
     5    0.064016    0.067901    0.157751    0.405511 ^ clkbuf_0_gpio_in[38]/X (sky130_fd_sc_hd__clkbuf_16)
                                                         clknet_0_gpio_in[38] (net)
                      0.068564    0.005164    0.410675 ^ clkbuf_1_0__f_gpio_in[38]/A (sky130_fd_sc_hd__clkbuf_16)
    25    0.081334    0.075529    0.121724    0.532399 ^ clkbuf_1_0__f_gpio_in[38]/X (sky130_fd_sc_hd__clkbuf_16)
                                                         clknet_1_0__leaf_gpio_in[38] (net)
                      0.081683    0.016401    0.548800 ^ _096_/CLK (sky130_fd_sc_hd__dfrtp_1)
                                  0.250000    0.798800   clock uncertainty
                                  0.000000    0.798800   clock reconvergence pessimism
                                 -0.018117    0.780683   library hold time
                                              0.780683   data required time
---------------------------------------------------------------------------------------------
                                              0.780683   data required time
                                             -1.257775   data arrival time
---------------------------------------------------------------------------------------------
                                              0.477091   slack (MET)


Startpoint: _087_ (rising edge-triggered flip-flop clocked by gpio_in[38])
Endpoint: _087_ (rising edge-triggered flip-flop clocked by gpio_in[38])
Path Group: gpio_in[38]
Path Type: min

Fanout         Cap        Slew       Delay        Time   Description
---------------------------------------------------------------------------------------------
                                  0.000000    0.000000   clock gpio_in[38] (rise edge)
                                  0.000000    0.000000   clock source latency
     2    0.097719    0.332243    0.247760    0.247760 ^ gpio_in[38] (in)
                                                         gpio_in[38] (net)
                      0.340334    0.000000    0.247760 ^ clkbuf_0_gpio_in[38]/A (sky130_fd_sc_hd__clkbuf_16)
     5    0.064016    0.067901    0.157751    0.405511 ^ clkbuf_0_gpio_in[38]/X (sky130_fd_sc_hd__clkbuf_16)
                                                         clknet_0_gpio_in[38] (net)
                      0.068564    0.005164    0.410675 ^ clkbuf_1_0__f_gpio_in[38]/A (sky130_fd_sc_hd__clkbuf_16)
    25    0.081334    0.075529    0.121724    0.532399 ^ clkbuf_1_0__f_gpio_in[38]/X (sky130_fd_sc_hd__clkbuf_16)
                                                         clknet_1_0__leaf_gpio_in[38] (net)
                      0.081828    0.016601    0.549000 ^ _087_/CLK (sky130_fd_sc_hd__dfrtp_2)
     3    0.009768    0.047877    0.242096    0.791097 ^ _087_/Q (sky130_fd_sc_hd__dfrtp_2)
                                                         gpio_18_21_bidir[18].cfg.gpio_out_val (net)
                      0.047877    0.000188    0.791284 ^ hold3/A (sky130_fd_sc_hd__dlygate4sd3_1)
     5    0.020366    0.160641    0.467229    1.258513 ^ hold3/X (sky130_fd_sc_hd__dlygate4sd3_1)
                                                         net578 (net)
                      0.160641    0.000618    1.259132 ^ _043_/A (sky130_fd_sc_hd__inv_2)
     1    0.002551    0.027597    0.009156    1.268288 v _043_/Y (sky130_fd_sc_hd__inv_2)
                                                         _000_ (net)
                      0.027597    0.000073    1.268360 v _087_/D (sky130_fd_sc_hd__dfrtp_2)
                                              1.268360   data arrival time

                                  0.000000    0.000000   clock gpio_in[38] (rise edge)
                                  0.000000    0.000000   clock source latency
     2    0.097719    0.332243    0.247760    0.247760 ^ gpio_in[38] (in)
                                                         gpio_in[38] (net)
                      0.340334    0.000000    0.247760 ^ clkbuf_0_gpio_in[38]/A (sky130_fd_sc_hd__clkbuf_16)
     5    0.064016    0.067901    0.157751    0.405511 ^ clkbuf_0_gpio_in[38]/X (sky130_fd_sc_hd__clkbuf_16)
                                                         clknet_0_gpio_in[38] (net)
                      0.068564    0.005164    0.410675 ^ clkbuf_1_0__f_gpio_in[38]/A (sky130_fd_sc_hd__clkbuf_16)
    25    0.081334    0.075529    0.121724    0.532399 ^ clkbuf_1_0__f_gpio_in[38]/X (sky130_fd_sc_hd__clkbuf_16)
                                                         clknet_1_0__leaf_gpio_in[38] (net)
                      0.081828    0.016601    0.549000 ^ _087_/CLK (sky130_fd_sc_hd__dfrtp_2)
                                  0.250000    0.799000   clock uncertainty
                                  0.000000    0.799000   clock reconvergence pessimism
                                 -0.023249    0.775751   library hold time
                                              0.775751   data required time
---------------------------------------------------------------------------------------------
                                              0.775751   data required time
                                             -1.268360   data arrival time
---------------------------------------------------------------------------------------------
                                              0.492609   slack (MET)


Startpoint: _103_ (rising edge-triggered flip-flop clocked by gpio_in[38])
Endpoint: _103_ (rising edge-triggered flip-flop clocked by gpio_in[38])
Path Group: gpio_in[38]
Path Type: min

Fanout         Cap        Slew       Delay        Time   Description
---------------------------------------------------------------------------------------------
                                  0.000000    0.000000   clock gpio_in[38] (rise edge)
                                  0.000000    0.000000   clock source latency
     2    0.097719    0.332243    0.247760    0.247760 ^ gpio_in[38] (in)
                                                         gpio_in[38] (net)
                      0.340334    0.000000    0.247760 ^ clkbuf_0_gpio_in[38]/A (sky130_fd_sc_hd__clkbuf_16)
     5    0.064016    0.067901    0.157751    0.405511 ^ clkbuf_0_gpio_in[38]/X (sky130_fd_sc_hd__clkbuf_16)
                                                         clknet_0_gpio_in[38] (net)
                      0.068532    0.005024    0.410535 ^ clkbuf_1_1__f_gpio_in[38]/A (sky130_fd_sc_hd__clkbuf_16)
    19    0.069276    0.066333    0.119090    0.529625 ^ clkbuf_1_1__f_gpio_in[38]/X (sky130_fd_sc_hd__clkbuf_16)
                                                         clknet_1_1__leaf_gpio_in[38] (net)
                      0.069720    0.011434    0.541059 ^ _103_/CLK (sky130_fd_sc_hd__dfrtp_1)
     3    0.009451    0.071219    0.240435    0.781493 ^ _103_/Q (sky130_fd_sc_hd__dfrtp_1)
                                                         gpio_22_37_output[34].cfg.gpio_out_val (net)
                      0.071219    0.000249    0.781742 ^ hold19/A (sky130_fd_sc_hd__dlygate4sd3_1)
     3    0.012594    0.104555    0.431613    1.213355 ^ hold19/X (sky130_fd_sc_hd__dlygate4sd3_1)
                                                         net594 (net)
                      0.104555    0.000364    1.213719 ^ _080_/A (sky130_fd_sc_hd__xor2_1)
     1    0.002407    0.024027    0.044304    1.258023 v _080_/X (sky130_fd_sc_hd__xor2_1)
                                                         _007_ (net)
                      0.024027    0.000048    1.258072 v _103_/D (sky130_fd_sc_hd__dfrtp_1)
                                              1.258072   data arrival time

                                  0.000000    0.000000   clock gpio_in[38] (rise edge)
                                  0.000000    0.000000   clock source latency
     2    0.097719    0.332243    0.247760    0.247760 ^ gpio_in[38] (in)
                                                         gpio_in[38] (net)
                      0.340334    0.000000    0.247760 ^ clkbuf_0_gpio_in[38]/A (sky130_fd_sc_hd__clkbuf_16)
     5    0.064016    0.067901    0.157751    0.405511 ^ clkbuf_0_gpio_in[38]/X (sky130_fd_sc_hd__clkbuf_16)
                                                         clknet_0_gpio_in[38] (net)
                      0.068532    0.005024    0.410535 ^ clkbuf_1_1__f_gpio_in[38]/A (sky130_fd_sc_hd__clkbuf_16)
    19    0.069276    0.066333    0.119090    0.529625 ^ clkbuf_1_1__f_gpio_in[38]/X (sky130_fd_sc_hd__clkbuf_16)
                                                         clknet_1_1__leaf_gpio_in[38] (net)
                      0.069720    0.011434    0.541059 ^ _103_/CLK (sky130_fd_sc_hd__dfrtp_1)
                                  0.250000    0.791059   clock uncertainty
                                  0.000000    0.791059   clock reconvergence pessimism
                                 -0.025981    0.765077   library hold time
                                              0.765077   data required time
---------------------------------------------------------------------------------------------
                                              0.765077   data required time
                                             -1.258072   data arrival time
---------------------------------------------------------------------------------------------
                                              0.492994   slack (MET)


Startpoint: _095_ (rising edge-triggered flip-flop clocked by gpio_in[38])
Endpoint: _095_ (rising edge-triggered flip-flop clocked by gpio_in[38])
Path Group: gpio_in[38]
Path Type: min

Fanout         Cap        Slew       Delay        Time   Description
---------------------------------------------------------------------------------------------
                                  0.000000    0.000000   clock gpio_in[38] (rise edge)
                                  0.000000    0.000000   clock source latency
     2    0.097719    0.332243    0.247760    0.247760 ^ gpio_in[38] (in)
                                                         gpio_in[38] (net)
                      0.340334    0.000000    0.247760 ^ clkbuf_0_gpio_in[38]/A (sky130_fd_sc_hd__clkbuf_16)
     5    0.064016    0.067901    0.157751    0.405511 ^ clkbuf_0_gpio_in[38]/X (sky130_fd_sc_hd__clkbuf_16)
                                                         clknet_0_gpio_in[38] (net)
                      0.068564    0.005164    0.410675 ^ clkbuf_1_0__f_gpio_in[38]/A (sky130_fd_sc_hd__clkbuf_16)
    25    0.081334    0.075529    0.121724    0.532399 ^ clkbuf_1_0__f_gpio_in[38]/X (sky130_fd_sc_hd__clkbuf_16)
                                                         clknet_1_0__leaf_gpio_in[38] (net)
                      0.080482    0.014660    0.547060 ^ _095_/CLK (sky130_fd_sc_hd__dfrtp_2)
     3    0.012090    0.055485    0.248447    0.795507 ^ _095_/Q (sky130_fd_sc_hd__dfrtp_2)
                                                         gpio_22_37_output[26].cfg.gpio_out_val (net)
                      0.055485    0.000205    0.795712 ^ hold18/A (sky130_fd_sc_hd__dlygate4sd3_1)
     4    0.016103    0.129832    0.447044    1.242756 ^ hold18/X (sky130_fd_sc_hd__dlygate4sd3_1)
                                                         net593 (net)
                      0.129832    0.000228    1.242984 ^ _061_/A (sky130_fd_sc_hd__xor2_1)
     1    0.002485    0.024354    0.046643    1.289627 v _061_/X (sky130_fd_sc_hd__xor2_1)
                                                         _018_ (net)
                      0.024354    0.000071    1.289698 v _095_/D (sky130_fd_sc_hd__dfrtp_2)
                                              1.289698   data arrival time

                                  0.000000    0.000000   clock gpio_in[38] (rise edge)
                                  0.000000    0.000000   clock source latency
     2    0.097719    0.332243    0.247760    0.247760 ^ gpio_in[38] (in)
                                                         gpio_in[38] (net)
                      0.340334    0.000000    0.247760 ^ clkbuf_0_gpio_in[38]/A (sky130_fd_sc_hd__clkbuf_16)
     5    0.064016    0.067901    0.157751    0.405511 ^ clkbuf_0_gpio_in[38]/X (sky130_fd_sc_hd__clkbuf_16)
                                                         clknet_0_gpio_in[38] (net)
                      0.068564    0.005164    0.410675 ^ clkbuf_1_0__f_gpio_in[38]/A (sky130_fd_sc_hd__clkbuf_16)
    25    0.081334    0.075529    0.121724    0.532399 ^ clkbuf_1_0__f_gpio_in[38]/X (sky130_fd_sc_hd__clkbuf_16)
                                                         clknet_1_0__leaf_gpio_in[38] (net)
                      0.080482    0.014660    0.547060 ^ _095_/CLK (sky130_fd_sc_hd__dfrtp_2)
                                  0.250000    0.797060   clock uncertainty
                                  0.000000    0.797060   clock reconvergence pessimism
                                 -0.022345    0.774714   library hold time
                                              0.774714   data required time
---------------------------------------------------------------------------------------------
                                              0.774714   data required time
                                             -1.289698   data arrival time
---------------------------------------------------------------------------------------------
                                              0.514984   slack (MET)


Startpoint: _104_ (rising edge-triggered flip-flop clocked by gpio_in[38])
Endpoint: _104_ (rising edge-triggered flip-flop clocked by gpio_in[38])
Path Group: gpio_in[38]
Path Type: min

Fanout         Cap        Slew       Delay        Time   Description
---------------------------------------------------------------------------------------------
                                  0.000000    0.000000   clock gpio_in[38] (rise edge)
                                  0.000000    0.000000   clock source latency
     2    0.097719    0.332243    0.247760    0.247760 ^ gpio_in[38] (in)
                                                         gpio_in[38] (net)
                      0.340334    0.000000    0.247760 ^ clkbuf_0_gpio_in[38]/A (sky130_fd_sc_hd__clkbuf_16)
     5    0.064016    0.067901    0.157751    0.405511 ^ clkbuf_0_gpio_in[38]/X (sky130_fd_sc_hd__clkbuf_16)
                                                         clknet_0_gpio_in[38] (net)
                      0.068532    0.005024    0.410535 ^ clkbuf_1_1__f_gpio_in[38]/A (sky130_fd_sc_hd__clkbuf_16)
    19    0.069276    0.066333    0.119090    0.529625 ^ clkbuf_1_1__f_gpio_in[38]/X (sky130_fd_sc_hd__clkbuf_16)
                                                         clknet_1_1__leaf_gpio_in[38] (net)
                      0.069728    0.011448    0.541073 ^ _104_/CLK (sky130_fd_sc_hd__dfrtp_1)
     3    0.009039    0.068677    0.238519    0.779592 ^ _104_/Q (sky130_fd_sc_hd__dfrtp_1)
                                                         gpio_22_37_output[35].cfg.gpio_out_val (net)
                      0.068677    0.000180    0.779773 ^ hold25/A (sky130_fd_sc_hd__dlygate4sd3_1)
     2    0.006889    0.064920    0.401068    1.180841 ^ hold25/X (sky130_fd_sc_hd__dlygate4sd3_1)
                                                         net600 (net)
                      0.064920    0.000158    1.180999 ^ _081_/B1 (sky130_fd_sc_hd__a21oi_1)
     1    0.006138    0.031625    0.036482    1.217481 v _081_/Y (sky130_fd_sc_hd__a21oi_1)
                                                         _040_ (net)
                      0.031628    0.000241    1.217723 v _083_/A (sky130_fd_sc_hd__nor2_1)
     1    0.003805    0.064635    0.073864    1.291586 ^ _083_/Y (sky130_fd_sc_hd__nor2_1)
                                                         _008_ (net)
                      0.064635    0.000128    1.291715 ^ _104_/D (sky130_fd_sc_hd__dfrtp_1)
                                              1.291715   data arrival time

                                  0.000000    0.000000   clock gpio_in[38] (rise edge)
                                  0.000000    0.000000   clock source latency
     2    0.097719    0.332243    0.247760    0.247760 ^ gpio_in[38] (in)
                                                         gpio_in[38] (net)
                      0.340334    0.000000    0.247760 ^ clkbuf_0_gpio_in[38]/A (sky130_fd_sc_hd__clkbuf_16)
     5    0.064016    0.067901    0.157751    0.405511 ^ clkbuf_0_gpio_in[38]/X (sky130_fd_sc_hd__clkbuf_16)
                                                         clknet_0_gpio_in[38] (net)
                      0.068532    0.005024    0.410535 ^ clkbuf_1_1__f_gpio_in[38]/A (sky130_fd_sc_hd__clkbuf_16)
    19    0.069276    0.066333    0.119090    0.529625 ^ clkbuf_1_1__f_gpio_in[38]/X (sky130_fd_sc_hd__clkbuf_16)
                                                         clknet_1_1__leaf_gpio_in[38] (net)
                      0.069728    0.011448    0.541073 ^ _104_/CLK (sky130_fd_sc_hd__dfrtp_1)
                                  0.250000    0.791073   clock uncertainty
                                  0.000000    0.791073   clock reconvergence pessimism
                                 -0.021291    0.769782   library hold time
                                              0.769782   data required time
---------------------------------------------------------------------------------------------
                                              0.769782   data required time
                                             -1.291715   data arrival time
---------------------------------------------------------------------------------------------
                                              0.521933   slack (MET)


Startpoint: _092_ (rising edge-triggered flip-flop clocked by gpio_in[38])
Endpoint: _092_ (rising edge-triggered flip-flop clocked by gpio_in[38])
Path Group: gpio_in[38]
Path Type: min

Fanout         Cap        Slew       Delay        Time   Description
---------------------------------------------------------------------------------------------
                                  0.000000    0.000000   clock gpio_in[38] (rise edge)
                                  0.000000    0.000000   clock source latency
     2    0.097719    0.332243    0.247760    0.247760 ^ gpio_in[38] (in)
                                                         gpio_in[38] (net)
                      0.340334    0.000000    0.247760 ^ clkbuf_0_gpio_in[38]/A (sky130_fd_sc_hd__clkbuf_16)
     5    0.064016    0.067901    0.157751    0.405511 ^ clkbuf_0_gpio_in[38]/X (sky130_fd_sc_hd__clkbuf_16)
                                                         clknet_0_gpio_in[38] (net)
                      0.068532    0.005024    0.410535 ^ clkbuf_1_1__f_gpio_in[38]/A (sky130_fd_sc_hd__clkbuf_16)
    19    0.069276    0.066333    0.119090    0.529625 ^ clkbuf_1_1__f_gpio_in[38]/X (sky130_fd_sc_hd__clkbuf_16)
                                                         clknet_1_1__leaf_gpio_in[38] (net)
                      0.070108    0.012126    0.541751 ^ _092_/CLK (sky130_fd_sc_hd__dfrtp_1)
     3    0.010735    0.078443    0.246732    0.788483 ^ _092_/Q (sky130_fd_sc_hd__dfrtp_1)
                                                         gpio_22_37_output[23].cfg.gpio_out_val (net)
                      0.078443    0.000274    0.788757 ^ hold22/A (sky130_fd_sc_hd__dlygate4sd3_1)
     2    0.007532    0.069324    0.406111    1.194868 ^ hold22/X (sky130_fd_sc_hd__dlygate4sd3_1)
                                                         net597 (net)
                      0.069395    0.000118    1.194986 ^ _054_/B1 (sky130_fd_sc_hd__a21oi_1)
     1    0.005066    0.029575    0.033296    1.228282 v _054_/Y (sky130_fd_sc_hd__a21oi_1)
                                                         _025_ (net)
                      0.029577    0.000209    1.228491 v _055_/B (sky130_fd_sc_hd__nor2_1)
     1    0.003942    0.066070    0.064330    1.292821 ^ _055_/Y (sky130_fd_sc_hd__nor2_1)
                                                         _015_ (net)
                      0.066070    0.000129    1.292950 ^ _092_/D (sky130_fd_sc_hd__dfrtp_1)
                                              1.292950   data arrival time

                                  0.000000    0.000000   clock gpio_in[38] (rise edge)
                                  0.000000    0.000000   clock source latency
     2    0.097719    0.332243    0.247760    0.247760 ^ gpio_in[38] (in)
                                                         gpio_in[38] (net)
                      0.340334    0.000000    0.247760 ^ clkbuf_0_gpio_in[38]/A (sky130_fd_sc_hd__clkbuf_16)
     5    0.064016    0.067901    0.157751    0.405511 ^ clkbuf_0_gpio_in[38]/X (sky130_fd_sc_hd__clkbuf_16)
                                                         clknet_0_gpio_in[38] (net)
                      0.068532    0.005024    0.410535 ^ clkbuf_1_1__f_gpio_in[38]/A (sky130_fd_sc_hd__clkbuf_16)
    19    0.069276    0.066333    0.119090    0.529625 ^ clkbuf_1_1__f_gpio_in[38]/X (sky130_fd_sc_hd__clkbuf_16)
                                                         clknet_1_1__leaf_gpio_in[38] (net)
                      0.070108    0.012126    0.541751 ^ _092_/CLK (sky130_fd_sc_hd__dfrtp_1)
                                  0.250000    0.791751   clock uncertainty
                                  0.000000    0.791751   clock reconvergence pessimism
                                 -0.021389    0.770362   library hold time
                                              0.770362   data required time
---------------------------------------------------------------------------------------------
                                              0.770362   data required time
                                             -1.292950   data arrival time
---------------------------------------------------------------------------------------------
                                              0.522588   slack (MET)


Startpoint: _103_ (rising edge-triggered flip-flop clocked by gpio_in[38])
Endpoint: _106_ (rising edge-triggered flip-flop clocked by gpio_in[38])
Path Group: gpio_in[38]
Path Type: min

Fanout         Cap        Slew       Delay        Time   Description
---------------------------------------------------------------------------------------------
                                  0.000000    0.000000   clock gpio_in[38] (rise edge)
                                  0.000000    0.000000   clock source latency
     2    0.097719    0.332243    0.247760    0.247760 ^ gpio_in[38] (in)
                                                         gpio_in[38] (net)
                      0.340334    0.000000    0.247760 ^ clkbuf_0_gpio_in[38]/A (sky130_fd_sc_hd__clkbuf_16)
     5    0.064016    0.067901    0.157751    0.405511 ^ clkbuf_0_gpio_in[38]/X (sky130_fd_sc_hd__clkbuf_16)
                                                         clknet_0_gpio_in[38] (net)
                      0.068532    0.005024    0.410535 ^ clkbuf_1_1__f_gpio_in[38]/A (sky130_fd_sc_hd__clkbuf_16)
    19    0.069276    0.066333    0.119090    0.529625 ^ clkbuf_1_1__f_gpio_in[38]/X (sky130_fd_sc_hd__clkbuf_16)
                                                         clknet_1_1__leaf_gpio_in[38] (net)
                      0.069720    0.011434    0.541059 ^ _103_/CLK (sky130_fd_sc_hd__dfrtp_1)
     3    0.009451    0.071219    0.240435    0.781493 ^ _103_/Q (sky130_fd_sc_hd__dfrtp_1)
                                                         gpio_22_37_output[34].cfg.gpio_out_val (net)
                      0.071220    0.000358    0.781851 ^ _084_/A (sky130_fd_sc_hd__and4_1)
     1    0.006588    0.060237    0.122892    0.904743 ^ _084_/X (sky130_fd_sc_hd__and4_1)
                                                         _042_ (net)
                      0.060237    0.000233    0.904976 ^ _086_/B (sky130_fd_sc_hd__xor2_1)
     1    0.002460    0.024060    0.036275    0.941251 v _086_/X (sky130_fd_sc_hd__xor2_1)
                                                         _010_ (net)
                      0.024060    0.000053    0.941304 v hold2/A (sky130_fd_sc_hd__dlygate4sd3_1)
     1    0.003205    0.040000    0.359692    1.300996 v hold2/X (sky130_fd_sc_hd__dlygate4sd3_1)
                                                         net577 (net)
                      0.040000    0.000093    1.301090 v _106_/D (sky130_fd_sc_hd__dfrtp_1)
                                              1.301090   data arrival time

                                  0.000000    0.000000   clock gpio_in[38] (rise edge)
                                  0.000000    0.000000   clock source latency
     2    0.097719    0.332243    0.247760    0.247760 ^ gpio_in[38] (in)
                                                         gpio_in[38] (net)
                      0.340334    0.000000    0.247760 ^ clkbuf_0_gpio_in[38]/A (sky130_fd_sc_hd__clkbuf_16)
     5    0.064016    0.067901    0.157751    0.405511 ^ clkbuf_0_gpio_in[38]/X (sky130_fd_sc_hd__clkbuf_16)
                                                         clknet_0_gpio_in[38] (net)
                      0.068532    0.005024    0.410535 ^ clkbuf_1_1__f_gpio_in[38]/A (sky130_fd_sc_hd__clkbuf_16)
    19    0.069276    0.066333    0.119090    0.529625 ^ clkbuf_1_1__f_gpio_in[38]/X (sky130_fd_sc_hd__clkbuf_16)
                                                         clknet_1_1__leaf_gpio_in[38] (net)
                      0.069717    0.011428    0.541053 ^ _106_/CLK (sky130_fd_sc_hd__dfrtp_1)
                                  0.250000    0.791053   clock uncertainty
                                  0.000000    0.791053   clock reconvergence pessimism
                                 -0.031174    0.759879   library hold time
                                              0.759879   data required time
---------------------------------------------------------------------------------------------
                                              0.759879   data required time
                                             -1.301090   data arrival time
---------------------------------------------------------------------------------------------
                                              0.541211   slack (MET)


Startpoint: _095_ (rising edge-triggered flip-flop clocked by gpio_in[38])
Endpoint: _098_ (rising edge-triggered flip-flop clocked by gpio_in[38])
Path Group: gpio_in[38]
Path Type: min

Fanout         Cap        Slew       Delay        Time   Description
---------------------------------------------------------------------------------------------
                                  0.000000    0.000000   clock gpio_in[38] (rise edge)
                                  0.000000    0.000000   clock source latency
     2    0.097719    0.332243    0.247760    0.247760 ^ gpio_in[38] (in)
                                                         gpio_in[38] (net)
                      0.340334    0.000000    0.247760 ^ clkbuf_0_gpio_in[38]/A (sky130_fd_sc_hd__clkbuf_16)
     5    0.064016    0.067901    0.157751    0.405511 ^ clkbuf_0_gpio_in[38]/X (sky130_fd_sc_hd__clkbuf_16)
                                                         clknet_0_gpio_in[38] (net)
                      0.068564    0.005164    0.410675 ^ clkbuf_1_0__f_gpio_in[38]/A (sky130_fd_sc_hd__clkbuf_16)
    25    0.081334    0.075529    0.121724    0.532399 ^ clkbuf_1_0__f_gpio_in[38]/X (sky130_fd_sc_hd__clkbuf_16)
                                                         clknet_1_0__leaf_gpio_in[38] (net)
                      0.080482    0.014660    0.547060 ^ _095_/CLK (sky130_fd_sc_hd__dfrtp_2)
     3    0.012090    0.055485    0.248447    0.795507 ^ _095_/Q (sky130_fd_sc_hd__dfrtp_2)
                                                         gpio_22_37_output[26].cfg.gpio_out_val (net)
                      0.055485    0.000271    0.795778 ^ _065_/A (sky130_fd_sc_hd__and4_1)
     1    0.003199    0.038753    0.100331    0.896109 ^ _065_/X (sky130_fd_sc_hd__and4_1)
                                                         _031_ (net)
                      0.038753    0.000093    0.896202 ^ _069_/A2 (sky130_fd_sc_hd__o21ba_1)
     1    0.001964    0.025234    0.064358    0.960560 ^ _069_/X (sky130_fd_sc_hd__o21ba_1)
                                                         _002_ (net)
                      0.025234    0.000037    0.960597 ^ hold15/A (sky130_fd_sc_hd__dlygate4sd3_1)
     1    0.002921    0.038091    0.370307    1.330904 ^ hold15/X (sky130_fd_sc_hd__dlygate4sd3_1)
                                                         net590 (net)
                      0.038091    0.000085    1.330989 ^ _098_/D (sky130_fd_sc_hd__dfrtp_1)
                                              1.330989   data arrival time

                                  0.000000    0.000000   clock gpio_in[38] (rise edge)
                                  0.000000    0.000000   clock source latency
     2    0.097719    0.332243    0.247760    0.247760 ^ gpio_in[38] (in)
                                                         gpio_in[38] (net)
                      0.340334    0.000000    0.247760 ^ clkbuf_0_gpio_in[38]/A (sky130_fd_sc_hd__clkbuf_16)
     5    0.064016    0.067901    0.157751    0.405511 ^ clkbuf_0_gpio_in[38]/X (sky130_fd_sc_hd__clkbuf_16)
                                                         clknet_0_gpio_in[38] (net)
                      0.068564    0.005164    0.410675 ^ clkbuf_1_0__f_gpio_in[38]/A (sky130_fd_sc_hd__clkbuf_16)
    25    0.081334    0.075529    0.121724    0.532399 ^ clkbuf_1_0__f_gpio_in[38]/X (sky130_fd_sc_hd__clkbuf_16)
                                                         clknet_1_0__leaf_gpio_in[38] (net)
                      0.081430    0.016047    0.548446 ^ _098_/CLK (sky130_fd_sc_hd__dfrtp_1)
                                  0.250000    0.798446   clock uncertainty
                                  0.000000    0.798446   clock reconvergence pessimism
                                 -0.018988    0.779458   library hold time
                                              0.779458   data required time
---------------------------------------------------------------------------------------------
                                              0.779458   data required time
                                             -1.330989   data arrival time
---------------------------------------------------------------------------------------------
                                              0.551530   slack (MET)


Startpoint: _099_ (rising edge-triggered flip-flop clocked by gpio_in[38])
Endpoint: _099_ (rising edge-triggered flip-flop clocked by gpio_in[38])
Path Group: gpio_in[38]
Path Type: min

Fanout         Cap        Slew       Delay        Time   Description
---------------------------------------------------------------------------------------------
                                  0.000000    0.000000   clock gpio_in[38] (rise edge)
                                  0.000000    0.000000   clock source latency
     2    0.097719    0.332243    0.247760    0.247760 ^ gpio_in[38] (in)
                                                         gpio_in[38] (net)
                      0.340334    0.000000    0.247760 ^ clkbuf_0_gpio_in[38]/A (sky130_fd_sc_hd__clkbuf_16)
     5    0.064016    0.067901    0.157751    0.405511 ^ clkbuf_0_gpio_in[38]/X (sky130_fd_sc_hd__clkbuf_16)
                                                         clknet_0_gpio_in[38] (net)
                      0.068564    0.005164    0.410675 ^ clkbuf_1_0__f_gpio_in[38]/A (sky130_fd_sc_hd__clkbuf_16)
    25    0.081334    0.075529    0.121724    0.532399 ^ clkbuf_1_0__f_gpio_in[38]/X (sky130_fd_sc_hd__clkbuf_16)
                                                         clknet_1_0__leaf_gpio_in[38] (net)
                      0.082632    0.017678    0.550077 ^ _099_/CLK (sky130_fd_sc_hd__dfrtp_1)
     5    0.012242    0.087909    0.256871    0.806949 ^ _099_/Q (sky130_fd_sc_hd__dfrtp_1)
                                                         gpio_22_37_output[30].cfg.gpio_out_val (net)
                      0.087909    0.000265    0.807213 ^ hold28/A (sky130_fd_sc_hd__dlygate4sd3_1)
     2    0.006111    0.059613    0.399893    1.207106 ^ hold28/X (sky130_fd_sc_hd__dlygate4sd3_1)
                                                         net603 (net)
                      0.059613    0.000148    1.207254 ^ _070_/A (sky130_fd_sc_hd__and2_1)
     2    0.006220    0.055015    0.092808    1.300063 ^ _070_/X (sky130_fd_sc_hd__and2_1)
                                                         _034_ (net)
                      0.055015    0.000130    1.300193 ^ _072_/A (sky130_fd_sc_hd__nor2_1)
     1    0.002732    0.018150    0.028861    1.329054 v _072_/Y (sky130_fd_sc_hd__nor2_1)
                                                         _003_ (net)
                      0.018150    0.000081    1.329134 v _099_/D (sky130_fd_sc_hd__dfrtp_1)
                                              1.329134   data arrival time

                                  0.000000    0.000000   clock gpio_in[38] (rise edge)
                                  0.000000    0.000000   clock source latency
     2    0.097719    0.332243    0.247760    0.247760 ^ gpio_in[38] (in)
                                                         gpio_in[38] (net)
                      0.340334    0.000000    0.247760 ^ clkbuf_0_gpio_in[38]/A (sky130_fd_sc_hd__clkbuf_16)
     5    0.064016    0.067901    0.157751    0.405511 ^ clkbuf_0_gpio_in[38]/X (sky130_fd_sc_hd__clkbuf_16)
                                                         clknet_0_gpio_in[38] (net)
                      0.068564    0.005164    0.410675 ^ clkbuf_1_0__f_gpio_in[38]/A (sky130_fd_sc_hd__clkbuf_16)
    25    0.081334    0.075529    0.121724    0.532399 ^ clkbuf_1_0__f_gpio_in[38]/X (sky130_fd_sc_hd__clkbuf_16)
                                                         clknet_1_0__leaf_gpio_in[38] (net)
                      0.082632    0.017678    0.550077 ^ _099_/CLK (sky130_fd_sc_hd__dfrtp_1)
                                  0.250000    0.800077   clock uncertainty
                                  0.000000    0.800077   clock reconvergence pessimism
                                 -0.022800    0.777277   library hold time
                                              0.777277   data required time
---------------------------------------------------------------------------------------------
                                              0.777277   data required time
                                             -1.329134   data arrival time
---------------------------------------------------------------------------------------------
                                              0.551858   slack (MET)


Startpoint: _099_ (rising edge-triggered flip-flop clocked by gpio_in[38])
Endpoint: _101_ (rising edge-triggered flip-flop clocked by gpio_in[38])
Path Group: gpio_in[38]
Path Type: min

Fanout         Cap        Slew       Delay        Time   Description
---------------------------------------------------------------------------------------------
                                  0.000000    0.000000   clock gpio_in[38] (rise edge)
                                  0.000000    0.000000   clock source latency
     2    0.097719    0.332243    0.247760    0.247760 ^ gpio_in[38] (in)
                                                         gpio_in[38] (net)
                      0.340334    0.000000    0.247760 ^ clkbuf_0_gpio_in[38]/A (sky130_fd_sc_hd__clkbuf_16)
     5    0.064016    0.067901    0.157751    0.405511 ^ clkbuf_0_gpio_in[38]/X (sky130_fd_sc_hd__clkbuf_16)
                                                         clknet_0_gpio_in[38] (net)
                      0.068564    0.005164    0.410675 ^ clkbuf_1_0__f_gpio_in[38]/A (sky130_fd_sc_hd__clkbuf_16)
    25    0.081334    0.075529    0.121724    0.532399 ^ clkbuf_1_0__f_gpio_in[38]/X (sky130_fd_sc_hd__clkbuf_16)
                                                         clknet_1_0__leaf_gpio_in[38] (net)
                      0.082632    0.017678    0.550077 ^ _099_/CLK (sky130_fd_sc_hd__dfrtp_1)
     5    0.012242    0.087909    0.256871    0.806949 ^ _099_/Q (sky130_fd_sc_hd__dfrtp_1)
                                                         gpio_22_37_output[30].cfg.gpio_out_val (net)
                      0.087909    0.000237    0.807186 ^ _073_/A (sky130_fd_sc_hd__and3_1)
     2    0.007650    0.066556    0.119443    0.926629 ^ _073_/X (sky130_fd_sc_hd__and3_1)
                                                         _036_ (net)
                      0.066556    0.000204    0.926832 ^ _076_/B (sky130_fd_sc_hd__xor2_1)
     1    0.004073    0.028514    0.042835    0.969668 v _076_/X (sky130_fd_sc_hd__xor2_1)
                                                         _005_ (net)
                      0.028514    0.000145    0.969813 v hold11/A (sky130_fd_sc_hd__dlygate4sd3_1)
     1    0.002382    0.036702    0.356437    1.326250 v hold11/X (sky130_fd_sc_hd__dlygate4sd3_1)
                                                         net586 (net)
                      0.036702    0.000067    1.326317 v _101_/D (sky130_fd_sc_hd__dfrtp_1)
                                              1.326317   data arrival time

                                  0.000000    0.000000   clock gpio_in[38] (rise edge)
                                  0.000000    0.000000   clock source latency
     2    0.097719    0.332243    0.247760    0.247760 ^ gpio_in[38] (in)
                                                         gpio_in[38] (net)
                      0.340334    0.000000    0.247760 ^ clkbuf_0_gpio_in[38]/A (sky130_fd_sc_hd__clkbuf_16)
     5    0.064016    0.067901    0.157751    0.405511 ^ clkbuf_0_gpio_in[38]/X (sky130_fd_sc_hd__clkbuf_16)
                                                         clknet_0_gpio_in[38] (net)
                      0.068564    0.005164    0.410675 ^ clkbuf_1_0__f_gpio_in[38]/A (sky130_fd_sc_hd__clkbuf_16)
    25    0.081334    0.075529    0.121724    0.532399 ^ clkbuf_1_0__f_gpio_in[38]/X (sky130_fd_sc_hd__clkbuf_16)
                                                         clknet_1_0__leaf_gpio_in[38] (net)
                      0.082729    0.017805    0.550204 ^ _101_/CLK (sky130_fd_sc_hd__dfrtp_1)
                                  0.250000    0.800204   clock uncertainty
                                  0.000000    0.800204   clock reconvergence pessimism
                                 -0.028822    0.771382   library hold time
                                              0.771382   data required time
---------------------------------------------------------------------------------------------
                                              0.771382   data required time
                                             -1.326317   data arrival time
---------------------------------------------------------------------------------------------
                                              0.554935   slack (MET)


Startpoint: _088_ (rising edge-triggered flip-flop clocked by gpio_in[38])
Endpoint: _088_ (rising edge-triggered flip-flop clocked by gpio_in[38])
Path Group: gpio_in[38]
Path Type: min

Fanout         Cap        Slew       Delay        Time   Description
---------------------------------------------------------------------------------------------
                                  0.000000    0.000000   clock gpio_in[38] (rise edge)
                                  0.000000    0.000000   clock source latency
     2    0.097719    0.332243    0.247760    0.247760 ^ gpio_in[38] (in)
                                                         gpio_in[38] (net)
                      0.340334    0.000000    0.247760 ^ clkbuf_0_gpio_in[38]/A (sky130_fd_sc_hd__clkbuf_16)
     5    0.064016    0.067901    0.157751    0.405511 ^ clkbuf_0_gpio_in[38]/X (sky130_fd_sc_hd__clkbuf_16)
                                                         clknet_0_gpio_in[38] (net)
                      0.068564    0.005164    0.410675 ^ clkbuf_1_0__f_gpio_in[38]/A (sky130_fd_sc_hd__clkbuf_16)
    25    0.081334    0.075529    0.121724    0.532399 ^ clkbuf_1_0__f_gpio_in[38]/X (sky130_fd_sc_hd__clkbuf_16)
                                                         clknet_1_0__leaf_gpio_in[38] (net)
                      0.082010    0.016849    0.549249 ^ _088_/CLK (sky130_fd_sc_hd__dfrtp_1)
     5    0.013274    0.059554    0.271390    0.820638 v _088_/Q (sky130_fd_sc_hd__dfrtp_1)
                                                         gpio_18_21_bidir[19].cfg.gpio_out_val (net)
                      0.059556    0.000422    0.821060 v hold34/A (sky130_fd_sc_hd__dlygate4sd3_1)
     2    0.004313    0.043549    0.379034    1.200094 v hold34/X (sky130_fd_sc_hd__dlygate4sd3_1)
                                                         net609 (net)
                      0.043549    0.000092    1.200187 v _045_/B (sky130_fd_sc_hd__nand2_1)
     2    0.008754    0.070151    0.075543    1.275730 ^ _045_/Y (sky130_fd_sc_hd__nand2_1)
                                                         _020_ (net)
                      0.070152    0.000205    1.275935 ^ _047_/A (sky130_fd_sc_hd__and2_1)
     1    0.002835    0.032742    0.077465    1.353400 ^ _047_/X (sky130_fd_sc_hd__and2_1)
                                                         _011_ (net)
                      0.032742    0.000082    1.353482 ^ _088_/D (sky130_fd_sc_hd__dfrtp_1)
                                              1.353482   data arrival time

                                  0.000000    0.000000   clock gpio_in[38] (rise edge)
                                  0.000000    0.000000   clock source latency
     2    0.097719    0.332243    0.247760    0.247760 ^ gpio_in[38] (in)
                                                         gpio_in[38] (net)
                      0.340334    0.000000    0.247760 ^ clkbuf_0_gpio_in[38]/A (sky130_fd_sc_hd__clkbuf_16)
     5    0.064016    0.067901    0.157751    0.405511 ^ clkbuf_0_gpio_in[38]/X (sky130_fd_sc_hd__clkbuf_16)
                                                         clknet_0_gpio_in[38] (net)
                      0.068564    0.005164    0.410675 ^ clkbuf_1_0__f_gpio_in[38]/A (sky130_fd_sc_hd__clkbuf_16)
    25    0.081334    0.075529    0.121724    0.532399 ^ clkbuf_1_0__f_gpio_in[38]/X (sky130_fd_sc_hd__clkbuf_16)
                                                         clknet_1_0__leaf_gpio_in[38] (net)
                      0.082010    0.016849    0.549249 ^ _088_/CLK (sky130_fd_sc_hd__dfrtp_1)
                                  0.250000    0.799248   clock uncertainty
                                  0.000000    0.799248   clock reconvergence pessimism
                                 -0.018572    0.780676   library hold time
                                              0.780676   data required time
---------------------------------------------------------------------------------------------
                                              0.780676   data required time
                                             -1.353482   data arrival time
---------------------------------------------------------------------------------------------
                                              0.572805   slack (MET)


Startpoint: _099_ (rising edge-triggered flip-flop clocked by gpio_in[38])
Endpoint: _102_ (rising edge-triggered flip-flop clocked by gpio_in[38])
Path Group: gpio_in[38]
Path Type: min

Fanout         Cap        Slew       Delay        Time   Description
---------------------------------------------------------------------------------------------
                                  0.000000    0.000000   clock gpio_in[38] (rise edge)
                                  0.000000    0.000000   clock source latency
     2    0.097719    0.332243    0.247760    0.247760 ^ gpio_in[38] (in)
                                                         gpio_in[38] (net)
                      0.340334    0.000000    0.247760 ^ clkbuf_0_gpio_in[38]/A (sky130_fd_sc_hd__clkbuf_16)
     5    0.064016    0.067901    0.157751    0.405511 ^ clkbuf_0_gpio_in[38]/X (sky130_fd_sc_hd__clkbuf_16)
                                                         clknet_0_gpio_in[38] (net)
                      0.068564    0.005164    0.410675 ^ clkbuf_1_0__f_gpio_in[38]/A (sky130_fd_sc_hd__clkbuf_16)
    25    0.081334    0.075529    0.121724    0.532399 ^ clkbuf_1_0__f_gpio_in[38]/X (sky130_fd_sc_hd__clkbuf_16)
                                                         clknet_1_0__leaf_gpio_in[38] (net)
                      0.082632    0.017678    0.550077 ^ _099_/CLK (sky130_fd_sc_hd__dfrtp_1)
     5    0.012242    0.087909    0.256871    0.806949 ^ _099_/Q (sky130_fd_sc_hd__dfrtp_1)
                                                         gpio_22_37_output[30].cfg.gpio_out_val (net)
                      0.087909    0.000254    0.807202 ^ _075_/A (sky130_fd_sc_hd__and4_1)
     1    0.004039    0.044456    0.113170    0.920373 ^ _075_/X (sky130_fd_sc_hd__and4_1)
                                                         _037_ (net)
                      0.044456    0.000103    0.920475 ^ _079_/A2 (sky130_fd_sc_hd__o21ba_1)
     1    0.002538    0.028958    0.068636    0.989111 ^ _079_/X (sky130_fd_sc_hd__o21ba_1)
                                                         _006_ (net)
                      0.028958    0.000054    0.989165 ^ hold9/A (sky130_fd_sc_hd__dlygate4sd3_1)
     1    0.003033    0.038817    0.371826    1.360991 ^ hold9/X (sky130_fd_sc_hd__dlygate4sd3_1)
                                                         net584 (net)
                      0.038817    0.000089    1.361081 ^ _102_/D (sky130_fd_sc_hd__dfrtp_1)
                                              1.361081   data arrival time

                                  0.000000    0.000000   clock gpio_in[38] (rise edge)
                                  0.000000    0.000000   clock source latency
     2    0.097719    0.332243    0.247760    0.247760 ^ gpio_in[38] (in)
                                                         gpio_in[38] (net)
                      0.340334    0.000000    0.247760 ^ clkbuf_0_gpio_in[38]/A (sky130_fd_sc_hd__clkbuf_16)
     5    0.064016    0.067901    0.157751    0.405511 ^ clkbuf_0_gpio_in[38]/X (sky130_fd_sc_hd__clkbuf_16)
                                                         clknet_0_gpio_in[38] (net)
                      0.068564    0.005164    0.410675 ^ clkbuf_1_0__f_gpio_in[38]/A (sky130_fd_sc_hd__clkbuf_16)
    25    0.081334    0.075529    0.121724    0.532399 ^ clkbuf_1_0__f_gpio_in[38]/X (sky130_fd_sc_hd__clkbuf_16)
                                                         clknet_1_0__leaf_gpio_in[38] (net)
                      0.082666    0.017721    0.550121 ^ _102_/CLK (sky130_fd_sc_hd__dfrtp_1)
                                  0.250000    0.800121   clock uncertainty
                                  0.000000    0.800121   clock reconvergence pessimism
                                 -0.019010    0.781111   library hold time
                                              0.781111   data required time
---------------------------------------------------------------------------------------------
                                              0.781111   data required time
                                             -1.361081   data arrival time
---------------------------------------------------------------------------------------------
                                              0.579970   slack (MET)


Startpoint: _099_ (rising edge-triggered flip-flop clocked by gpio_in[38])
Endpoint: _100_ (rising edge-triggered flip-flop clocked by gpio_in[38])
Path Group: gpio_in[38]
Path Type: min

Fanout         Cap        Slew       Delay        Time   Description
---------------------------------------------------------------------------------------------
                                  0.000000    0.000000   clock gpio_in[38] (rise edge)
                                  0.000000    0.000000   clock source latency
     2    0.097719    0.332243    0.247760    0.247760 ^ gpio_in[38] (in)
                                                         gpio_in[38] (net)
                      0.340334    0.000000    0.247760 ^ clkbuf_0_gpio_in[38]/A (sky130_fd_sc_hd__clkbuf_16)
     5    0.064016    0.067901    0.157751    0.405511 ^ clkbuf_0_gpio_in[38]/X (sky130_fd_sc_hd__clkbuf_16)
                                                         clknet_0_gpio_in[38] (net)
                      0.068564    0.005164    0.410675 ^ clkbuf_1_0__f_gpio_in[38]/A (sky130_fd_sc_hd__clkbuf_16)
    25    0.081334    0.075529    0.121724    0.532399 ^ clkbuf_1_0__f_gpio_in[38]/X (sky130_fd_sc_hd__clkbuf_16)
                                                         clknet_1_0__leaf_gpio_in[38] (net)
                      0.082632    0.017678    0.550077 ^ _099_/CLK (sky130_fd_sc_hd__dfrtp_1)
     5    0.012242    0.087909    0.256871    0.806949 ^ _099_/Q (sky130_fd_sc_hd__dfrtp_1)
                                                         gpio_22_37_output[30].cfg.gpio_out_val (net)
                      0.087909    0.000237    0.807186 ^ _073_/A (sky130_fd_sc_hd__and3_1)
     2    0.007650    0.066556    0.119443    0.926629 ^ _073_/X (sky130_fd_sc_hd__and3_1)
                                                         _036_ (net)
                      0.066556    0.000152    0.926781 ^ _074_/B1_N (sky130_fd_sc_hd__o21ba_1)
     1    0.003751    0.021073    0.093393    1.020174 v _074_/X (sky130_fd_sc_hd__o21ba_1)
                                                         _004_ (net)
                      0.021074    0.000104    1.020278 v hold27/A (sky130_fd_sc_hd__dlygate4sd3_1)
     1    0.002516    0.037089    0.354592    1.374870 v hold27/X (sky130_fd_sc_hd__dlygate4sd3_1)
                                                         net602 (net)
                      0.037089    0.000071    1.374941 v _100_/D (sky130_fd_sc_hd__dfrtp_1)
                                              1.374941   data arrival time

                                  0.000000    0.000000   clock gpio_in[38] (rise edge)
                                  0.000000    0.000000   clock source latency
     2    0.097719    0.332243    0.247760    0.247760 ^ gpio_in[38] (in)
                                                         gpio_in[38] (net)
                      0.340334    0.000000    0.247760 ^ clkbuf_0_gpio_in[38]/A (sky130_fd_sc_hd__clkbuf_16)
     5    0.064016    0.067901    0.157751    0.405511 ^ clkbuf_0_gpio_in[38]/X (sky130_fd_sc_hd__clkbuf_16)
                                                         clknet_0_gpio_in[38] (net)
                      0.068564    0.005164    0.410675 ^ clkbuf_1_0__f_gpio_in[38]/A (sky130_fd_sc_hd__clkbuf_16)
    25    0.081334    0.075529    0.121724    0.532399 ^ clkbuf_1_0__f_gpio_in[38]/X (sky130_fd_sc_hd__clkbuf_16)
                                                         clknet_1_0__leaf_gpio_in[38] (net)
                      0.082762    0.017847    0.550247 ^ _100_/CLK (sky130_fd_sc_hd__dfrtp_1)
                                  0.250000    0.800247   clock uncertainty
                                  0.000000    0.800247   clock reconvergence pessimism
                                 -0.028944    0.771302   library hold time
                                              0.771302   data required time
---------------------------------------------------------------------------------------------
                                              0.771302   data required time
                                             -1.374941   data arrival time
---------------------------------------------------------------------------------------------
                                              0.603639   slack (MET)


Startpoint: _105_ (rising edge-triggered flip-flop clocked by gpio_in[38])
Endpoint: _105_ (rising edge-triggered flip-flop clocked by gpio_in[38])
Path Group: gpio_in[38]
Path Type: min

Fanout         Cap        Slew       Delay        Time   Description
---------------------------------------------------------------------------------------------
                                  0.000000    0.000000   clock gpio_in[38] (rise edge)
                                  0.000000    0.000000   clock source latency
     2    0.097719    0.332243    0.247760    0.247760 ^ gpio_in[38] (in)
                                                         gpio_in[38] (net)
                      0.340334    0.000000    0.247760 ^ clkbuf_0_gpio_in[38]/A (sky130_fd_sc_hd__clkbuf_16)
     5    0.064016    0.067901    0.157751    0.405511 ^ clkbuf_0_gpio_in[38]/X (sky130_fd_sc_hd__clkbuf_16)
                                                         clknet_0_gpio_in[38] (net)
                      0.068532    0.005024    0.410535 ^ clkbuf_1_1__f_gpio_in[38]/A (sky130_fd_sc_hd__clkbuf_16)
    19    0.069276    0.066333    0.119090    0.529625 ^ clkbuf_1_1__f_gpio_in[38]/X (sky130_fd_sc_hd__clkbuf_16)
                                                         clknet_1_1__leaf_gpio_in[38] (net)
                      0.069735    0.011461    0.541086 ^ _105_/CLK (sky130_fd_sc_hd__dfrtp_1)
     3    0.009631    0.072309    0.241342    0.782428 ^ _105_/Q (sky130_fd_sc_hd__dfrtp_1)
                                                         gpio_22_37_output[36].cfg.gpio_out_val (net)
                      0.072309    0.000295    0.782723 ^ hold4/A (sky130_fd_sc_hd__dlygate4sd3_1)
     1    0.007383    0.068320    0.404275    1.186998 ^ hold4/X (sky130_fd_sc_hd__dlygate4sd3_1)
                                                         net579 (net)
                      0.068388    0.000301    1.187299 ^ _085_/A (sky130_fd_sc_hd__xor2_1)
     1    0.002219    0.023341    0.039627    1.226926 v _085_/X (sky130_fd_sc_hd__xor2_1)
                                                         _009_ (net)
                      0.023341    0.000046    1.226972 v hold5/A (sky130_fd_sc_hd__dlygate4sd3_1)
     1    0.003024    0.039139    0.358325    1.585297 v hold5/X (sky130_fd_sc_hd__dlygate4sd3_1)
                                                         net580 (net)
                      0.039139    0.000096    1.585392 v _105_/D (sky130_fd_sc_hd__dfrtp_1)
                                              1.585392   data arrival time

                                  0.000000    0.000000   clock gpio_in[38] (rise edge)
                                  0.000000    0.000000   clock source latency
     2    0.097719    0.332243    0.247760    0.247760 ^ gpio_in[38] (in)
                                                         gpio_in[38] (net)
                      0.340334    0.000000    0.247760 ^ clkbuf_0_gpio_in[38]/A (sky130_fd_sc_hd__clkbuf_16)
     5    0.064016    0.067901    0.157751    0.405511 ^ clkbuf_0_gpio_in[38]/X (sky130_fd_sc_hd__clkbuf_16)
                                                         clknet_0_gpio_in[38] (net)
                      0.068532    0.005024    0.410535 ^ clkbuf_1_1__f_gpio_in[38]/A (sky130_fd_sc_hd__clkbuf_16)
    19    0.069276    0.066333    0.119090    0.529625 ^ clkbuf_1_1__f_gpio_in[38]/X (sky130_fd_sc_hd__clkbuf_16)
                                                         clknet_1_1__leaf_gpio_in[38] (net)
                      0.069735    0.011461    0.541086 ^ _105_/CLK (sky130_fd_sc_hd__dfrtp_1)
                                  0.250000    0.791086   clock uncertainty
                                  0.000000    0.791086   clock reconvergence pessimism
                                 -0.030893    0.760193   library hold time
                                              0.760193   data required time
---------------------------------------------------------------------------------------------
                                              0.760193   data required time
                                             -1.585392   data arrival time
---------------------------------------------------------------------------------------------
                                              0.825199   slack (MET)


Startpoint: _093_ (rising edge-triggered flip-flop clocked by gpio_in[38])
Endpoint: _093_ (rising edge-triggered flip-flop clocked by gpio_in[38])
Path Group: gpio_in[38]
Path Type: min

Fanout         Cap        Slew       Delay        Time   Description
---------------------------------------------------------------------------------------------
                                  0.000000    0.000000   clock gpio_in[38] (rise edge)
                                  0.000000    0.000000   clock source latency
     2    0.097719    0.332243    0.247760    0.247760 ^ gpio_in[38] (in)
                                                         gpio_in[38] (net)
                      0.340334    0.000000    0.247760 ^ clkbuf_0_gpio_in[38]/A (sky130_fd_sc_hd__clkbuf_16)
     5    0.064016    0.067901    0.157751    0.405511 ^ clkbuf_0_gpio_in[38]/X (sky130_fd_sc_hd__clkbuf_16)
                                                         clknet_0_gpio_in[38] (net)
                      0.068532    0.005024    0.410535 ^ clkbuf_1_1__f_gpio_in[38]/A (sky130_fd_sc_hd__clkbuf_16)
    19    0.069276    0.066333    0.119090    0.529625 ^ clkbuf_1_1__f_gpio_in[38]/X (sky130_fd_sc_hd__clkbuf_16)
                                                         clknet_1_1__leaf_gpio_in[38] (net)
                      0.070116    0.012138    0.541763 ^ _093_/CLK (sky130_fd_sc_hd__dfrtp_1)
     3    0.010557    0.077469    0.245884    0.787647 ^ _093_/Q (sky130_fd_sc_hd__dfrtp_1)
                                                         gpio_22_37_output[24].cfg.gpio_out_val (net)
                      0.077469    0.000275    0.787922 ^ hold12/A (sky130_fd_sc_hd__dlygate4sd3_1)
     2    0.008228    0.074206    0.409711    1.197633 ^ hold12/X (sky130_fd_sc_hd__dlygate4sd3_1)
                                                         net587 (net)
                      0.074206    0.000260    1.197893 ^ _057_/A (sky130_fd_sc_hd__xor2_1)
     1    0.001764    0.022058    0.038297    1.236189 v _057_/X (sky130_fd_sc_hd__xor2_1)
                                                         _016_ (net)
                      0.022058    0.000033    1.236223 v hold13/A (sky130_fd_sc_hd__dlygate4sd3_1)
     1    0.003558    0.041808    0.361135    1.597358 v hold13/X (sky130_fd_sc_hd__dlygate4sd3_1)
                                                         net588 (net)
                      0.041808    0.000117    1.597475 v _093_/D (sky130_fd_sc_hd__dfrtp_1)
                                              1.597475   data arrival time

                                  0.000000    0.000000   clock gpio_in[38] (rise edge)
                                  0.000000    0.000000   clock source latency
     2    0.097719    0.332243    0.247760    0.247760 ^ gpio_in[38] (in)
                                                         gpio_in[38] (net)
                      0.340334    0.000000    0.247760 ^ clkbuf_0_gpio_in[38]/A (sky130_fd_sc_hd__clkbuf_16)
     5    0.064016    0.067901    0.157751    0.405511 ^ clkbuf_0_gpio_in[38]/X (sky130_fd_sc_hd__clkbuf_16)
                                                         clknet_0_gpio_in[38] (net)
                      0.068532    0.005024    0.410535 ^ clkbuf_1_1__f_gpio_in[38]/A (sky130_fd_sc_hd__clkbuf_16)
    19    0.069276    0.066333    0.119090    0.529625 ^ clkbuf_1_1__f_gpio_in[38]/X (sky130_fd_sc_hd__clkbuf_16)
                                                         clknet_1_1__leaf_gpio_in[38] (net)
                      0.070116    0.012138    0.541763 ^ _093_/CLK (sky130_fd_sc_hd__dfrtp_1)
                                  0.250000    0.791763   clock uncertainty
                                  0.000000    0.791763   clock reconvergence pessimism
                                 -0.031723    0.760041   library hold time
                                              0.760041   data required time
---------------------------------------------------------------------------------------------
                                              0.760041   data required time
                                             -1.597475   data arrival time
---------------------------------------------------------------------------------------------
                                              0.837434   slack (MET)


Startpoint: _091_ (rising edge-triggered flip-flop clocked by gpio_in[38])
Endpoint: _091_ (rising edge-triggered flip-flop clocked by gpio_in[38])
Path Group: gpio_in[38]
Path Type: min

Fanout         Cap        Slew       Delay        Time   Description
---------------------------------------------------------------------------------------------
                                  0.000000    0.000000   clock gpio_in[38] (rise edge)
                                  0.000000    0.000000   clock source latency
     2    0.097719    0.332243    0.247760    0.247760 ^ gpio_in[38] (in)
                                                         gpio_in[38] (net)
                      0.340334    0.000000    0.247760 ^ clkbuf_0_gpio_in[38]/A (sky130_fd_sc_hd__clkbuf_16)
     5    0.064016    0.067901    0.157751    0.405511 ^ clkbuf_0_gpio_in[38]/X (sky130_fd_sc_hd__clkbuf_16)
                                                         clknet_0_gpio_in[38] (net)
                      0.068532    0.005024    0.410535 ^ clkbuf_1_1__f_gpio_in[38]/A (sky130_fd_sc_hd__clkbuf_16)
    19    0.069276    0.066333    0.119090    0.529625 ^ clkbuf_1_1__f_gpio_in[38]/X (sky130_fd_sc_hd__clkbuf_16)
                                                         clknet_1_1__leaf_gpio_in[38] (net)
                      0.070106    0.012122    0.541747 ^ _091_/CLK (sky130_fd_sc_hd__dfrtp_1)
     3    0.008912    0.067896    0.238034    0.779781 ^ _091_/Q (sky130_fd_sc_hd__dfrtp_1)
                                                         gpio_22_37_output[22].cfg.gpio_out_val (net)
                      0.067896    0.000184    0.779965 ^ hold20/A (sky130_fd_sc_hd__dlygate4sd3_1)
     3    0.011133    0.094049    0.423703    1.203668 ^ hold20/X (sky130_fd_sc_hd__dlygate4sd3_1)
                                                         net595 (net)
                      0.094049    0.000157    1.203825 ^ _052_/A (sky130_fd_sc_hd__xor2_1)
     1    0.002185    0.023323    0.042128    1.245953 v _052_/X (sky130_fd_sc_hd__xor2_1)
                                                         _014_ (net)
                      0.023323    0.000063    1.246017 v hold21/A (sky130_fd_sc_hd__dlygate4sd3_1)
     1    0.002321    0.036498    0.354105    1.600121 v hold21/X (sky130_fd_sc_hd__dlygate4sd3_1)
                                                         net596 (net)
                      0.036498    0.000046    1.600167 v _091_/D (sky130_fd_sc_hd__dfrtp_1)
                                              1.600167   data arrival time

                                  0.000000    0.000000   clock gpio_in[38] (rise edge)
                                  0.000000    0.000000   clock source latency
     2    0.097719    0.332243    0.247760    0.247760 ^ gpio_in[38] (in)
                                                         gpio_in[38] (net)
                      0.340334    0.000000    0.247760 ^ clkbuf_0_gpio_in[38]/A (sky130_fd_sc_hd__clkbuf_16)
     5    0.064016    0.067901    0.157751    0.405511 ^ clkbuf_0_gpio_in[38]/X (sky130_fd_sc_hd__clkbuf_16)
                                                         clknet_0_gpio_in[38] (net)
                      0.068532    0.005024    0.410535 ^ clkbuf_1_1__f_gpio_in[38]/A (sky130_fd_sc_hd__clkbuf_16)
    19    0.069276    0.066333    0.119090    0.529625 ^ clkbuf_1_1__f_gpio_in[38]/X (sky130_fd_sc_hd__clkbuf_16)
                                                         clknet_1_1__leaf_gpio_in[38] (net)
                      0.070106    0.012122    0.541747 ^ _091_/CLK (sky130_fd_sc_hd__dfrtp_1)
                                  0.250000    0.791747   clock uncertainty
                                  0.000000    0.791747   clock reconvergence pessimism
                                 -0.029997    0.761750   library hold time
                                              0.761750   data required time
---------------------------------------------------------------------------------------------
                                              0.761750   data required time
                                             -1.600167   data arrival time
---------------------------------------------------------------------------------------------
                                              0.838418   slack (MET)


Startpoint: _097_ (rising edge-triggered flip-flop clocked by gpio_in[38])
Endpoint: _097_ (rising edge-triggered flip-flop clocked by gpio_in[38])
Path Group: gpio_in[38]
Path Type: min

Fanout         Cap        Slew       Delay        Time   Description
---------------------------------------------------------------------------------------------
                                  0.000000    0.000000   clock gpio_in[38] (rise edge)
                                  0.000000    0.000000   clock source latency
     2    0.097719    0.332243    0.247760    0.247760 ^ gpio_in[38] (in)
                                                         gpio_in[38] (net)
                      0.340334    0.000000    0.247760 ^ clkbuf_0_gpio_in[38]/A (sky130_fd_sc_hd__clkbuf_16)
     5    0.064016    0.067901    0.157751    0.405511 ^ clkbuf_0_gpio_in[38]/X (sky130_fd_sc_hd__clkbuf_16)
                                                         clknet_0_gpio_in[38] (net)
                      0.068564    0.005164    0.410675 ^ clkbuf_1_0__f_gpio_in[38]/A (sky130_fd_sc_hd__clkbuf_16)
    25    0.081334    0.075529    0.121724    0.532399 ^ clkbuf_1_0__f_gpio_in[38]/X (sky130_fd_sc_hd__clkbuf_16)
                                                         clknet_1_0__leaf_gpio_in[38] (net)
                      0.081666    0.016377    0.548776 ^ _097_/CLK (sky130_fd_sc_hd__dfrtp_1)
     2    0.006680    0.054336    0.230321    0.779097 ^ _097_/Q (sky130_fd_sc_hd__dfrtp_1)
                                                         gpio_22_37_output[28].cfg.gpio_out_val (net)
                      0.054336    0.000159    0.779257 ^ hold6/A (sky130_fd_sc_hd__dlygate4sd3_1)
     3    0.013606    0.111838    0.434128    1.213384 ^ hold6/X (sky130_fd_sc_hd__dlygate4sd3_1)
                                                         net581 (net)
                      0.111838    0.000289    1.213673 ^ _066_/A (sky130_fd_sc_hd__xor2_1)
     1    0.001854    0.022378    0.042293    1.255966 v _066_/X (sky130_fd_sc_hd__xor2_1)
                                                         _001_ (net)
                      0.022378    0.000052    1.256018 v hold7/A (sky130_fd_sc_hd__dlygate4sd3_1)
     1    0.002607    0.037370    0.355515    1.611533 v hold7/X (sky130_fd_sc_hd__dlygate4sd3_1)
                                                         net582 (net)
                      0.037370    0.000074    1.611607 v _097_/D (sky130_fd_sc_hd__dfrtp_1)
                                              1.611607   data arrival time

                                  0.000000    0.000000   clock gpio_in[38] (rise edge)
                                  0.000000    0.000000   clock source latency
     2    0.097719    0.332243    0.247760    0.247760 ^ gpio_in[38] (in)
                                                         gpio_in[38] (net)
                      0.340334    0.000000    0.247760 ^ clkbuf_0_gpio_in[38]/A (sky130_fd_sc_hd__clkbuf_16)
     5    0.064016    0.067901    0.157751    0.405511 ^ clkbuf_0_gpio_in[38]/X (sky130_fd_sc_hd__clkbuf_16)
                                                         clknet_0_gpio_in[38] (net)
                      0.068564    0.005164    0.410675 ^ clkbuf_1_0__f_gpio_in[38]/A (sky130_fd_sc_hd__clkbuf_16)
    25    0.081334    0.075529    0.121724    0.532399 ^ clkbuf_1_0__f_gpio_in[38]/X (sky130_fd_sc_hd__clkbuf_16)
                                                         clknet_1_0__leaf_gpio_in[38] (net)
                      0.081666    0.016377    0.548776 ^ _097_/CLK (sky130_fd_sc_hd__dfrtp_1)
                                  0.250000    0.798776   clock uncertainty
                                  0.000000    0.798776   clock reconvergence pessimism
                                 -0.029144    0.769632   library hold time
                                              0.769632   data required time
---------------------------------------------------------------------------------------------
                                              0.769632   data required time
                                             -1.611607   data arrival time
---------------------------------------------------------------------------------------------
                                              0.841975   slack (MET)


Startpoint: _089_ (rising edge-triggered flip-flop clocked by gpio_in[38])
Endpoint: _089_ (rising edge-triggered flip-flop clocked by gpio_in[38])
Path Group: gpio_in[38]
Path Type: min

Fanout         Cap        Slew       Delay        Time   Description
---------------------------------------------------------------------------------------------
                                  0.000000    0.000000   clock gpio_in[38] (rise edge)
                                  0.000000    0.000000   clock source latency
     2    0.097719    0.332243    0.247760    0.247760 ^ gpio_in[38] (in)
                                                         gpio_in[38] (net)
                      0.340334    0.000000    0.247760 ^ clkbuf_0_gpio_in[38]/A (sky130_fd_sc_hd__clkbuf_16)
     5    0.064016    0.067901    0.157751    0.405511 ^ clkbuf_0_gpio_in[38]/X (sky130_fd_sc_hd__clkbuf_16)
                                                         clknet_0_gpio_in[38] (net)
                      0.068564    0.005164    0.410675 ^ clkbuf_1_0__f_gpio_in[38]/A (sky130_fd_sc_hd__clkbuf_16)
    25    0.081334    0.075529    0.121724    0.532399 ^ clkbuf_1_0__f_gpio_in[38]/X (sky130_fd_sc_hd__clkbuf_16)
                                                         clknet_1_0__leaf_gpio_in[38] (net)
                      0.082469    0.017463    0.549863 ^ _089_/CLK (sky130_fd_sc_hd__dfrtp_1)
     3    0.008806    0.067236    0.240747    0.790610 ^ _089_/Q (sky130_fd_sc_hd__dfrtp_1)
                                                         gpio_18_21_bidir[20].cfg.gpio_out_val (net)
                      0.067236    0.000179    0.790789 ^ hold23/A (sky130_fd_sc_hd__dlygate4sd3_1)
     3    0.013891    0.113880    0.437652    1.228441 ^ hold23/X (sky130_fd_sc_hd__dlygate4sd3_1)
                                                         net598 (net)
                      0.113880    0.000244    1.228686 ^ _048_/A (sky130_fd_sc_hd__xnor2_1)
     1    0.002542    0.022967    0.047720    1.276405 v _048_/Y (sky130_fd_sc_hd__xnor2_1)
                                                         _012_ (net)
                      0.022967    0.000055    1.276460 v hold24/A (sky130_fd_sc_hd__dlygate4sd3_1)
     1    0.002865    0.038412    0.357238    1.633698 v hold24/X (sky130_fd_sc_hd__dlygate4sd3_1)
                                                         net599 (net)
                      0.038412    0.000086    1.633784 v _089_/D (sky130_fd_sc_hd__dfrtp_1)
                                              1.633784   data arrival time

                                  0.000000    0.000000   clock gpio_in[38] (rise edge)
                                  0.000000    0.000000   clock source latency
     2    0.097719    0.332243    0.247760    0.247760 ^ gpio_in[38] (in)
                                                         gpio_in[38] (net)
                      0.340334    0.000000    0.247760 ^ clkbuf_0_gpio_in[38]/A (sky130_fd_sc_hd__clkbuf_16)
     5    0.064016    0.067901    0.157751    0.405511 ^ clkbuf_0_gpio_in[38]/X (sky130_fd_sc_hd__clkbuf_16)
                                                         clknet_0_gpio_in[38] (net)
                      0.068564    0.005164    0.410675 ^ clkbuf_1_0__f_gpio_in[38]/A (sky130_fd_sc_hd__clkbuf_16)
    25    0.081334    0.075529    0.121724    0.532399 ^ clkbuf_1_0__f_gpio_in[38]/X (sky130_fd_sc_hd__clkbuf_16)
                                                         clknet_1_0__leaf_gpio_in[38] (net)
                      0.082469    0.017463    0.549863 ^ _089_/CLK (sky130_fd_sc_hd__dfrtp_1)
                                  0.250000    0.799863   clock uncertainty
                                  0.000000    0.799863   clock reconvergence pessimism
                                 -0.029403    0.770459   library hold time
                                              0.770459   data required time
---------------------------------------------------------------------------------------------
                                              0.770459   data required time
                                             -1.633784   data arrival time
---------------------------------------------------------------------------------------------
                                              0.863325   slack (MET)


Startpoint: _094_ (rising edge-triggered flip-flop clocked by gpio_in[38])
Endpoint: _094_ (rising edge-triggered flip-flop clocked by gpio_in[38])
Path Group: gpio_in[38]
Path Type: min

Fanout         Cap        Slew       Delay        Time   Description
---------------------------------------------------------------------------------------------
                                  0.000000    0.000000   clock gpio_in[38] (rise edge)
                                  0.000000    0.000000   clock source latency
     2    0.097719    0.332243    0.247760    0.247760 ^ gpio_in[38] (in)
                                                         gpio_in[38] (net)
                      0.340334    0.000000    0.247760 ^ clkbuf_0_gpio_in[38]/A (sky130_fd_sc_hd__clkbuf_16)
     5    0.064016    0.067901    0.157751    0.405511 ^ clkbuf_0_gpio_in[38]/X (sky130_fd_sc_hd__clkbuf_16)
                                                         clknet_0_gpio_in[38] (net)
                      0.068532    0.005024    0.410535 ^ clkbuf_1_1__f_gpio_in[38]/A (sky130_fd_sc_hd__clkbuf_16)
    19    0.069276    0.066333    0.119090    0.529625 ^ clkbuf_1_1__f_gpio_in[38]/X (sky130_fd_sc_hd__clkbuf_16)
                                                         clknet_1_1__leaf_gpio_in[38] (net)
                      0.070060    0.012042    0.541667 ^ _094_/CLK (sky130_fd_sc_hd__dfrtp_1)
     3    0.007929    0.061903    0.233290    0.774957 ^ _094_/Q (sky130_fd_sc_hd__dfrtp_1)
                                                         gpio_22_37_output[25].cfg.gpio_out_val (net)
                      0.061903    0.000154    0.775111 ^ hold16/A (sky130_fd_sc_hd__dlygate4sd3_1)
     1    0.006210    0.060305    0.396288    1.171399 ^ hold16/X (sky130_fd_sc_hd__dlygate4sd3_1)
                                                         net591 (net)
                      0.060305    0.000224    1.171623 ^ _060_/A1 (sky130_fd_sc_hd__o21ba_1)
     1    0.004808    0.044433    0.092001    1.263623 ^ _060_/X (sky130_fd_sc_hd__o21ba_1)
                                                         _017_ (net)
                      0.044433    0.000173    1.263797 ^ hold17/A (sky130_fd_sc_hd__dlygate4sd3_1)
     1    0.002872    0.037780    0.374109    1.637905 ^ hold17/X (sky130_fd_sc_hd__dlygate4sd3_1)
                                                         net592 (net)
                      0.037780    0.000087    1.637992 ^ _094_/D (sky130_fd_sc_hd__dfrtp_1)
                                              1.637992   data arrival time

                                  0.000000    0.000000   clock gpio_in[38] (rise edge)
                                  0.000000    0.000000   clock source latency
     2    0.097719    0.332243    0.247760    0.247760 ^ gpio_in[38] (in)
                                                         gpio_in[38] (net)
                      0.340334    0.000000    0.247760 ^ clkbuf_0_gpio_in[38]/A (sky130_fd_sc_hd__clkbuf_16)
     5    0.064016    0.067901    0.157751    0.405511 ^ clkbuf_0_gpio_in[38]/X (sky130_fd_sc_hd__clkbuf_16)
                                                         clknet_0_gpio_in[38] (net)
                      0.068532    0.005024    0.410535 ^ clkbuf_1_1__f_gpio_in[38]/A (sky130_fd_sc_hd__clkbuf_16)
    19    0.069276    0.066333    0.119090    0.529625 ^ clkbuf_1_1__f_gpio_in[38]/X (sky130_fd_sc_hd__clkbuf_16)
                                                         clknet_1_1__leaf_gpio_in[38] (net)
                      0.070060    0.012042    0.541667 ^ _094_/CLK (sky130_fd_sc_hd__dfrtp_1)
                                  0.250000    0.791667   clock uncertainty
                                  0.000000    0.791667   clock reconvergence pessimism
                                 -0.019267    0.772400   library hold time
                                              0.772400   data required time
---------------------------------------------------------------------------------------------
                                              0.772400   data required time
                                             -1.637992   data arrival time
---------------------------------------------------------------------------------------------
                                              0.865592   slack (MET)


Startpoint: _088_ (rising edge-triggered flip-flop clocked by gpio_in[38])
Endpoint: _090_ (rising edge-triggered flip-flop clocked by gpio_in[38])
Path Group: gpio_in[38]
Path Type: min

Fanout         Cap        Slew       Delay        Time   Description
---------------------------------------------------------------------------------------------
                                  0.000000    0.000000   clock gpio_in[38] (rise edge)
                                  0.000000    0.000000   clock source latency
     2    0.097719    0.332243    0.247760    0.247760 ^ gpio_in[38] (in)
                                                         gpio_in[38] (net)
                      0.340334    0.000000    0.247760 ^ clkbuf_0_gpio_in[38]/A (sky130_fd_sc_hd__clkbuf_16)
     5    0.064016    0.067901    0.157751    0.405511 ^ clkbuf_0_gpio_in[38]/X (sky130_fd_sc_hd__clkbuf_16)
                                                         clknet_0_gpio_in[38] (net)
                      0.068564    0.005164    0.410675 ^ clkbuf_1_0__f_gpio_in[38]/A (sky130_fd_sc_hd__clkbuf_16)
    25    0.081334    0.075529    0.121724    0.532399 ^ clkbuf_1_0__f_gpio_in[38]/X (sky130_fd_sc_hd__clkbuf_16)
                                                         clknet_1_0__leaf_gpio_in[38] (net)
                      0.082010    0.016849    0.549249 ^ _088_/CLK (sky130_fd_sc_hd__dfrtp_1)
     5    0.014180    0.100185    0.265385    0.814634 ^ _088_/Q (sky130_fd_sc_hd__dfrtp_1)
                                                         gpio_18_21_bidir[19].cfg.gpio_out_val (net)
                      0.100185    0.000323    0.814957 ^ _050_/A2 (sky130_fd_sc_hd__a31o_1)
     1    0.001971    0.022460    0.084873    0.899830 ^ _050_/X (sky130_fd_sc_hd__a31o_1)
                                                         _023_ (net)
                      0.022460    0.000037    0.899867 ^ hold32/A (sky130_fd_sc_hd__dlygate4sd3_1)
     1    0.004085    0.046143    0.376775    1.276642 ^ hold32/X (sky130_fd_sc_hd__dlygate4sd3_1)
                                                         net607 (net)
                      0.046143    0.000147    1.276789 ^ _051_/B (sky130_fd_sc_hd__and2b_1)
     1    0.003012    0.030440    0.074407    1.351196 ^ _051_/X (sky130_fd_sc_hd__and2b_1)
                                                         _013_ (net)
                      0.030440    0.000094    1.351289 ^ hold33/A (sky130_fd_sc_hd__dlygate4sd3_1)
     1    0.003106    0.039289    0.372612    1.723901 ^ hold33/X (sky130_fd_sc_hd__dlygate4sd3_1)
                                                         net608 (net)
                      0.039289    0.000094    1.723995 ^ _090_/D (sky130_fd_sc_hd__dfrtp_1)
                                              1.723995   data arrival time

                                  0.000000    0.000000   clock gpio_in[38] (rise edge)
                                  0.000000    0.000000   clock source latency
     2    0.097719    0.332243    0.247760    0.247760 ^ gpio_in[38] (in)
                                                         gpio_in[38] (net)
                      0.340334    0.000000    0.247760 ^ clkbuf_0_gpio_in[38]/A (sky130_fd_sc_hd__clkbuf_16)
     5    0.064016    0.067901    0.157751    0.405511 ^ clkbuf_0_gpio_in[38]/X (sky130_fd_sc_hd__clkbuf_16)
                                                         clknet_0_gpio_in[38] (net)
                      0.068564    0.005164    0.410675 ^ clkbuf_1_0__f_gpio_in[38]/A (sky130_fd_sc_hd__clkbuf_16)
    25    0.081334    0.075529    0.121724    0.532399 ^ clkbuf_1_0__f_gpio_in[38]/X (sky130_fd_sc_hd__clkbuf_16)
                                                         clknet_1_0__leaf_gpio_in[38] (net)
                      0.082234    0.017151    0.549550 ^ _090_/CLK (sky130_fd_sc_hd__dfrtp_1)
                                  0.250000    0.799550   clock uncertainty
                                  0.000000    0.799550   clock reconvergence pessimism
                                 -0.019056    0.780494   library hold time
                                              0.780494   data required time
---------------------------------------------------------------------------------------------
                                              0.780494   data required time
                                             -1.723995   data arrival time
---------------------------------------------------------------------------------------------
                                              0.943502   slack (MET)


Startpoint: resetb_l (input port clocked by gpio_in[38])
Endpoint: _105_ (removal check against rising-edge clock gpio_in[38])
Path Group: asynchronous
Path Type: min

Fanout         Cap        Slew       Delay        Time   Description
---------------------------------------------------------------------------------------------
                                  0.000000    0.000000   clock gpio_in[38] (rise edge)
                                  0.000000    0.000000   clock network delay (propagated)
                                  5.000000    5.000000 ^ input external delay
     2    0.009037    0.035266    0.022776    5.022776 ^ resetb_l (in)
                                                         resetb_l (net)
                      0.035267    0.000000    5.022776 ^ input2/A (sky130_fd_sc_hd__buf_8)
    11    0.131119    0.152161    0.134474    5.157249 ^ input2/X (sky130_fd_sc_hd__buf_8)
                                                         net2 (net)
                      0.192867    0.059337    5.216586 ^ _105_/RESET_B (sky130_fd_sc_hd__dfrtp_1)
                                              5.216586   data arrival time

                                  0.000000    0.000000   clock gpio_in[38] (rise edge)
                                  0.000000    0.000000   clock source latency
     2    0.097719    0.332243    0.247760    0.247760 ^ gpio_in[38] (in)
                                                         gpio_in[38] (net)
                      0.340334    0.000000    0.247760 ^ clkbuf_0_gpio_in[38]/A (sky130_fd_sc_hd__clkbuf_16)
     5    0.064016    0.067901    0.157751    0.405511 ^ clkbuf_0_gpio_in[38]/X (sky130_fd_sc_hd__clkbuf_16)
                                                         clknet_0_gpio_in[38] (net)
                      0.068532    0.005024    0.410535 ^ clkbuf_1_1__f_gpio_in[38]/A (sky130_fd_sc_hd__clkbuf_16)
    19    0.069276    0.066333    0.119090    0.529625 ^ clkbuf_1_1__f_gpio_in[38]/X (sky130_fd_sc_hd__clkbuf_16)
                                                         clknet_1_1__leaf_gpio_in[38] (net)
                      0.069735    0.011461    0.541086 ^ _105_/CLK (sky130_fd_sc_hd__dfrtp_1)
                                  0.250000    0.791086   clock uncertainty
                                  0.000000    0.791086   clock reconvergence pessimism
                                  0.244468    1.035554   library removal time
                                              1.035554   data required time
---------------------------------------------------------------------------------------------
                                              1.035554   data required time
                                             -5.216586   data arrival time
---------------------------------------------------------------------------------------------
                                              4.181032   slack (MET)


Startpoint: resetb_l (input port clocked by gpio_in[38])
Endpoint: _103_ (removal check against rising-edge clock gpio_in[38])
Path Group: asynchronous
Path Type: min

Fanout         Cap        Slew       Delay        Time   Description
---------------------------------------------------------------------------------------------
                                  0.000000    0.000000   clock gpio_in[38] (rise edge)
                                  0.000000    0.000000   clock network delay (propagated)
                                  5.000000    5.000000 ^ input external delay
     2    0.009037    0.035266    0.022776    5.022776 ^ resetb_l (in)
                                                         resetb_l (net)
                      0.035267    0.000000    5.022776 ^ input2/A (sky130_fd_sc_hd__buf_8)
    11    0.131119    0.152161    0.134474    5.157249 ^ input2/X (sky130_fd_sc_hd__buf_8)
                                                         net2 (net)
                      0.193032    0.059481    5.216730 ^ _103_/RESET_B (sky130_fd_sc_hd__dfrtp_1)
                                              5.216730   data arrival time

                                  0.000000    0.000000   clock gpio_in[38] (rise edge)
                                  0.000000    0.000000   clock source latency
     2    0.097719    0.332243    0.247760    0.247760 ^ gpio_in[38] (in)
                                                         gpio_in[38] (net)
                      0.340334    0.000000    0.247760 ^ clkbuf_0_gpio_in[38]/A (sky130_fd_sc_hd__clkbuf_16)
     5    0.064016    0.067901    0.157751    0.405511 ^ clkbuf_0_gpio_in[38]/X (sky130_fd_sc_hd__clkbuf_16)
                                                         clknet_0_gpio_in[38] (net)
                      0.068532    0.005024    0.410535 ^ clkbuf_1_1__f_gpio_in[38]/A (sky130_fd_sc_hd__clkbuf_16)
    19    0.069276    0.066333    0.119090    0.529625 ^ clkbuf_1_1__f_gpio_in[38]/X (sky130_fd_sc_hd__clkbuf_16)
                                                         clknet_1_1__leaf_gpio_in[38] (net)
                      0.069720    0.011434    0.541059 ^ _103_/CLK (sky130_fd_sc_hd__dfrtp_1)
                                  0.250000    0.791059   clock uncertainty
                                  0.000000    0.791059   clock reconvergence pessimism
                                  0.244509    1.035568   library removal time
                                              1.035568   data required time
---------------------------------------------------------------------------------------------
                                              1.035568   data required time
                                             -5.216730   data arrival time
---------------------------------------------------------------------------------------------
                                              4.181162   slack (MET)


Startpoint: resetb_l (input port clocked by gpio_in[38])
Endpoint: _104_ (removal check against rising-edge clock gpio_in[38])
Path Group: asynchronous
Path Type: min

Fanout         Cap        Slew       Delay        Time   Description
---------------------------------------------------------------------------------------------
                                  0.000000    0.000000   clock gpio_in[38] (rise edge)
                                  0.000000    0.000000   clock network delay (propagated)
                                  5.000000    5.000000 ^ input external delay
     2    0.009037    0.035266    0.022776    5.022776 ^ resetb_l (in)
                                                         resetb_l (net)
                      0.035267    0.000000    5.022776 ^ input2/A (sky130_fd_sc_hd__buf_8)
    11    0.131119    0.152161    0.134474    5.157249 ^ input2/X (sky130_fd_sc_hd__buf_8)
                                                         net2 (net)
                      0.193051    0.059497    5.216747 ^ _104_/RESET_B (sky130_fd_sc_hd__dfrtp_1)
                                              5.216747   data arrival time

                                  0.000000    0.000000   clock gpio_in[38] (rise edge)
                                  0.000000    0.000000   clock source latency
     2    0.097719    0.332243    0.247760    0.247760 ^ gpio_in[38] (in)
                                                         gpio_in[38] (net)
                      0.340334    0.000000    0.247760 ^ clkbuf_0_gpio_in[38]/A (sky130_fd_sc_hd__clkbuf_16)
     5    0.064016    0.067901    0.157751    0.405511 ^ clkbuf_0_gpio_in[38]/X (sky130_fd_sc_hd__clkbuf_16)
                                                         clknet_0_gpio_in[38] (net)
                      0.068532    0.005024    0.410535 ^ clkbuf_1_1__f_gpio_in[38]/A (sky130_fd_sc_hd__clkbuf_16)
    19    0.069276    0.066333    0.119090    0.529625 ^ clkbuf_1_1__f_gpio_in[38]/X (sky130_fd_sc_hd__clkbuf_16)
                                                         clknet_1_1__leaf_gpio_in[38] (net)
                      0.069728    0.011448    0.541073 ^ _104_/CLK (sky130_fd_sc_hd__dfrtp_1)
                                  0.250000    0.791073   clock uncertainty
                                  0.000000    0.791073   clock reconvergence pessimism
                                  0.244515    1.035589   library removal time
                                              1.035589   data required time
---------------------------------------------------------------------------------------------
                                              1.035589   data required time
                                             -5.216747   data arrival time
---------------------------------------------------------------------------------------------
                                              4.181158   slack (MET)


Startpoint: resetb_l (input port clocked by gpio_in[38])
Endpoint: _106_ (removal check against rising-edge clock gpio_in[38])
Path Group: asynchronous
Path Type: min

Fanout         Cap        Slew       Delay        Time   Description
---------------------------------------------------------------------------------------------
                                  0.000000    0.000000   clock gpio_in[38] (rise edge)
                                  0.000000    0.000000   clock network delay (propagated)
                                  5.000000    5.000000 ^ input external delay
     2    0.009037    0.035266    0.022776    5.022776 ^ resetb_l (in)
                                                         resetb_l (net)
                      0.035267    0.000000    5.022776 ^ input2/A (sky130_fd_sc_hd__buf_8)
    11    0.131119    0.152161    0.134474    5.157249 ^ input2/X (sky130_fd_sc_hd__buf_8)
                                                         net2 (net)
                      0.193078    0.059522    5.216771 ^ _106_/RESET_B (sky130_fd_sc_hd__dfrtp_1)
                                              5.216771   data arrival time

                                  0.000000    0.000000   clock gpio_in[38] (rise edge)
                                  0.000000    0.000000   clock source latency
     2    0.097719    0.332243    0.247760    0.247760 ^ gpio_in[38] (in)
                                                         gpio_in[38] (net)
                      0.340334    0.000000    0.247760 ^ clkbuf_0_gpio_in[38]/A (sky130_fd_sc_hd__clkbuf_16)
     5    0.064016    0.067901    0.157751    0.405511 ^ clkbuf_0_gpio_in[38]/X (sky130_fd_sc_hd__clkbuf_16)
                                                         clknet_0_gpio_in[38] (net)
                      0.068532    0.005024    0.410535 ^ clkbuf_1_1__f_gpio_in[38]/A (sky130_fd_sc_hd__clkbuf_16)
    19    0.069276    0.066333    0.119090    0.529625 ^ clkbuf_1_1__f_gpio_in[38]/X (sky130_fd_sc_hd__clkbuf_16)
                                                         clknet_1_1__leaf_gpio_in[38] (net)
                      0.069717    0.011428    0.541053 ^ _106_/CLK (sky130_fd_sc_hd__dfrtp_1)
                                  0.250000    0.791053   clock uncertainty
                                  0.000000    0.791053   clock reconvergence pessimism
                                  0.244521    1.035574   library removal time
                                              1.035574   data required time
---------------------------------------------------------------------------------------------
                                              1.035574   data required time
                                             -5.216771   data arrival time
---------------------------------------------------------------------------------------------
                                              4.181197   slack (MET)


Startpoint: resetb_l (input port clocked by gpio_in[38])
Endpoint: _101_ (removal check against rising-edge clock gpio_in[38])
Path Group: asynchronous
Path Type: min

Fanout         Cap        Slew       Delay        Time   Description
---------------------------------------------------------------------------------------------
                                  0.000000    0.000000   clock gpio_in[38] (rise edge)
                                  0.000000    0.000000   clock network delay (propagated)
                                  5.000000    5.000000 ^ input external delay
     2    0.009037    0.035266    0.022776    5.022776 ^ resetb_l (in)
                                                         resetb_l (net)
                      0.035267    0.000000    5.022776 ^ input2/A (sky130_fd_sc_hd__buf_8)
    11    0.131119    0.152161    0.134474    5.157249 ^ input2/X (sky130_fd_sc_hd__buf_8)
                                                         net2 (net)
                      0.152180    0.001465    5.158715 ^ fanout31/A (sky130_fd_sc_hd__clkbuf_16)
    33    0.187223    0.145453    0.184287    5.343002 ^ fanout31/X (sky130_fd_sc_hd__clkbuf_16)
                                                         net31 (net)
                      0.145550    0.003104    5.346106 ^ _101_/RESET_B (sky130_fd_sc_hd__dfrtp_1)
                                              5.346106   data arrival time

                                  0.000000    0.000000   clock gpio_in[38] (rise edge)
                                  0.000000    0.000000   clock source latency
     2    0.097719    0.332243    0.247760    0.247760 ^ gpio_in[38] (in)
                                                         gpio_in[38] (net)
                      0.340334    0.000000    0.247760 ^ clkbuf_0_gpio_in[38]/A (sky130_fd_sc_hd__clkbuf_16)
     5    0.064016    0.067901    0.157751    0.405511 ^ clkbuf_0_gpio_in[38]/X (sky130_fd_sc_hd__clkbuf_16)
                                                         clknet_0_gpio_in[38] (net)
                      0.068564    0.005164    0.410675 ^ clkbuf_1_0__f_gpio_in[38]/A (sky130_fd_sc_hd__clkbuf_16)
    25    0.081334    0.075529    0.121724    0.532399 ^ clkbuf_1_0__f_gpio_in[38]/X (sky130_fd_sc_hd__clkbuf_16)
                                                         clknet_1_0__leaf_gpio_in[38] (net)
                      0.082729    0.017805    0.550204 ^ _101_/CLK (sky130_fd_sc_hd__dfrtp_1)
                                  0.250000    0.800204   clock uncertainty
                                  0.000000    0.800204   clock reconvergence pessimism
                                  0.233962    1.034166   library removal time
                                              1.034166   data required time
---------------------------------------------------------------------------------------------
                                              1.034166   data required time
                                             -5.346106   data arrival time
---------------------------------------------------------------------------------------------
                                              4.311940   slack (MET)


Startpoint: resetb_l (input port clocked by gpio_in[38])
Endpoint: _102_ (removal check against rising-edge clock gpio_in[38])
Path Group: asynchronous
Path Type: min

Fanout         Cap        Slew       Delay        Time   Description
---------------------------------------------------------------------------------------------
                                  0.000000    0.000000   clock gpio_in[38] (rise edge)
                                  0.000000    0.000000   clock network delay (propagated)
                                  5.000000    5.000000 ^ input external delay
     2    0.009037    0.035266    0.022776    5.022776 ^ resetb_l (in)
                                                         resetb_l (net)
                      0.035267    0.000000    5.022776 ^ input2/A (sky130_fd_sc_hd__buf_8)
    11    0.131119    0.152161    0.134474    5.157249 ^ input2/X (sky130_fd_sc_hd__buf_8)
                                                         net2 (net)
                      0.152180    0.001465    5.158715 ^ fanout31/A (sky130_fd_sc_hd__clkbuf_16)
    33    0.187223    0.145453    0.184287    5.343002 ^ fanout31/X (sky130_fd_sc_hd__clkbuf_16)
                                                         net31 (net)
                      0.145579    0.003495    5.346497 ^ _102_/RESET_B (sky130_fd_sc_hd__dfrtp_1)
                                              5.346497   data arrival time

                                  0.000000    0.000000   clock gpio_in[38] (rise edge)
                                  0.000000    0.000000   clock source latency
     2    0.097719    0.332243    0.247760    0.247760 ^ gpio_in[38] (in)
                                                         gpio_in[38] (net)
                      0.340334    0.000000    0.247760 ^ clkbuf_0_gpio_in[38]/A (sky130_fd_sc_hd__clkbuf_16)
     5    0.064016    0.067901    0.157751    0.405511 ^ clkbuf_0_gpio_in[38]/X (sky130_fd_sc_hd__clkbuf_16)
                                                         clknet_0_gpio_in[38] (net)
                      0.068564    0.005164    0.410675 ^ clkbuf_1_0__f_gpio_in[38]/A (sky130_fd_sc_hd__clkbuf_16)
    25    0.081334    0.075529    0.121724    0.532399 ^ clkbuf_1_0__f_gpio_in[38]/X (sky130_fd_sc_hd__clkbuf_16)
                                                         clknet_1_0__leaf_gpio_in[38] (net)
                      0.082666    0.017721    0.550121 ^ _102_/CLK (sky130_fd_sc_hd__dfrtp_1)
                                  0.250000    0.800121   clock uncertainty
                                  0.000000    0.800121   clock reconvergence pessimism
                                  0.233961    1.034082   library removal time
                                              1.034082   data required time
---------------------------------------------------------------------------------------------
                                              1.034082   data required time
                                             -5.346497   data arrival time
---------------------------------------------------------------------------------------------
                                              4.312415   slack (MET)


Startpoint: resetb_l (input port clocked by gpio_in[38])
Endpoint: _100_ (removal check against rising-edge clock gpio_in[38])
Path Group: asynchronous
Path Type: min

Fanout         Cap        Slew       Delay        Time   Description
---------------------------------------------------------------------------------------------
                                  0.000000    0.000000   clock gpio_in[38] (rise edge)
                                  0.000000    0.000000   clock network delay (propagated)
                                  5.000000    5.000000 ^ input external delay
     2    0.009037    0.035266    0.022776    5.022776 ^ resetb_l (in)
                                                         resetb_l (net)
                      0.035267    0.000000    5.022776 ^ input2/A (sky130_fd_sc_hd__buf_8)
    11    0.131119    0.152161    0.134474    5.157249 ^ input2/X (sky130_fd_sc_hd__buf_8)
                                                         net2 (net)
                      0.152180    0.001465    5.158715 ^ fanout31/A (sky130_fd_sc_hd__clkbuf_16)
    33    0.187223    0.145453    0.184287    5.343002 ^ fanout31/X (sky130_fd_sc_hd__clkbuf_16)
                                                         net31 (net)
                      0.145670    0.004481    5.347483 ^ _100_/RESET_B (sky130_fd_sc_hd__dfrtp_1)
                                              5.347483   data arrival time

                                  0.000000    0.000000   clock gpio_in[38] (rise edge)
                                  0.000000    0.000000   clock source latency
     2    0.097719    0.332243    0.247760    0.247760 ^ gpio_in[38] (in)
                                                         gpio_in[38] (net)
                      0.340334    0.000000    0.247760 ^ clkbuf_0_gpio_in[38]/A (sky130_fd_sc_hd__clkbuf_16)
     5    0.064016    0.067901    0.157751    0.405511 ^ clkbuf_0_gpio_in[38]/X (sky130_fd_sc_hd__clkbuf_16)
                                                         clknet_0_gpio_in[38] (net)
                      0.068564    0.005164    0.410675 ^ clkbuf_1_0__f_gpio_in[38]/A (sky130_fd_sc_hd__clkbuf_16)
    25    0.081334    0.075529    0.121724    0.532399 ^ clkbuf_1_0__f_gpio_in[38]/X (sky130_fd_sc_hd__clkbuf_16)
                                                         clknet_1_0__leaf_gpio_in[38] (net)
                      0.082762    0.017847    0.550247 ^ _100_/CLK (sky130_fd_sc_hd__dfrtp_1)
                                  0.250000    0.800247   clock uncertainty
                                  0.000000    0.800247   clock reconvergence pessimism
                                  0.233998    1.034245   library removal time
                                              1.034245   data required time
---------------------------------------------------------------------------------------------
                                              1.034245   data required time
                                             -5.347483   data arrival time
---------------------------------------------------------------------------------------------
                                              4.313238   slack (MET)


Startpoint: resetb_l (input port clocked by gpio_in[38])
Endpoint: _099_ (removal check against rising-edge clock gpio_in[38])
Path Group: asynchronous
Path Type: min

Fanout         Cap        Slew       Delay        Time   Description
---------------------------------------------------------------------------------------------
                                  0.000000    0.000000   clock gpio_in[38] (rise edge)
                                  0.000000    0.000000   clock network delay (propagated)
                                  5.000000    5.000000 ^ input external delay
     2    0.009037    0.035266    0.022776    5.022776 ^ resetb_l (in)
                                                         resetb_l (net)
                      0.035267    0.000000    5.022776 ^ input2/A (sky130_fd_sc_hd__buf_8)
    11    0.131119    0.152161    0.134474    5.157249 ^ input2/X (sky130_fd_sc_hd__buf_8)
                                                         net2 (net)
                      0.152180    0.001465    5.158715 ^ fanout31/A (sky130_fd_sc_hd__clkbuf_16)
    33    0.187223    0.145453    0.184287    5.343002 ^ fanout31/X (sky130_fd_sc_hd__clkbuf_16)
                                                         net31 (net)
                      0.145797    0.005509    5.348511 ^ _099_/RESET_B (sky130_fd_sc_hd__dfrtp_1)
                                              5.348511   data arrival time

                                  0.000000    0.000000   clock gpio_in[38] (rise edge)
                                  0.000000    0.000000   clock source latency
     2    0.097719    0.332243    0.247760    0.247760 ^ gpio_in[38] (in)
                                                         gpio_in[38] (net)
                      0.340334    0.000000    0.247760 ^ clkbuf_0_gpio_in[38]/A (sky130_fd_sc_hd__clkbuf_16)
     5    0.064016    0.067901    0.157751    0.405511 ^ clkbuf_0_gpio_in[38]/X (sky130_fd_sc_hd__clkbuf_16)
                                                         clknet_0_gpio_in[38] (net)
                      0.068564    0.005164    0.410675 ^ clkbuf_1_0__f_gpio_in[38]/A (sky130_fd_sc_hd__clkbuf_16)
    25    0.081334    0.075529    0.121724    0.532399 ^ clkbuf_1_0__f_gpio_in[38]/X (sky130_fd_sc_hd__clkbuf_16)
                                                         clknet_1_0__leaf_gpio_in[38] (net)
                      0.082632    0.017678    0.550077 ^ _099_/CLK (sky130_fd_sc_hd__dfrtp_1)
                                  0.250000    0.800077   clock uncertainty
                                  0.000000    0.800077   clock reconvergence pessimism
                                  0.234013    1.034090   library removal time
                                              1.034090   data required time
---------------------------------------------------------------------------------------------
                                              1.034090   data required time
                                             -5.348511   data arrival time
---------------------------------------------------------------------------------------------
                                              4.314421   slack (MET)


Startpoint: resetb_l (input port clocked by gpio_in[38])
Endpoint: _089_ (removal check against rising-edge clock gpio_in[38])
Path Group: asynchronous
Path Type: min

Fanout         Cap        Slew       Delay        Time   Description
---------------------------------------------------------------------------------------------
                                  0.000000    0.000000   clock gpio_in[38] (rise edge)
                                  0.000000    0.000000   clock network delay (propagated)
                                  5.000000    5.000000 ^ input external delay
     2    0.009037    0.035266    0.022776    5.022776 ^ resetb_l (in)
                                                         resetb_l (net)
                      0.035267    0.000000    5.022776 ^ input2/A (sky130_fd_sc_hd__buf_8)
    11    0.131119    0.152161    0.134474    5.157249 ^ input2/X (sky130_fd_sc_hd__buf_8)
                                                         net2 (net)
                      0.152180    0.001465    5.158715 ^ fanout31/A (sky130_fd_sc_hd__clkbuf_16)
    33    0.187223    0.145453    0.184287    5.343002 ^ fanout31/X (sky130_fd_sc_hd__clkbuf_16)
                                                         net31 (net)
                      0.146317    0.008298    5.351300 ^ _089_/RESET_B (sky130_fd_sc_hd__dfrtp_1)
                                              5.351300   data arrival time

                                  0.000000    0.000000   clock gpio_in[38] (rise edge)
                                  0.000000    0.000000   clock source latency
     2    0.097719    0.332243    0.247760    0.247760 ^ gpio_in[38] (in)
                                                         gpio_in[38] (net)
                      0.340334    0.000000    0.247760 ^ clkbuf_0_gpio_in[38]/A (sky130_fd_sc_hd__clkbuf_16)
     5    0.064016    0.067901    0.157751    0.405511 ^ clkbuf_0_gpio_in[38]/X (sky130_fd_sc_hd__clkbuf_16)
                                                         clknet_0_gpio_in[38] (net)
                      0.068564    0.005164    0.410675 ^ clkbuf_1_0__f_gpio_in[38]/A (sky130_fd_sc_hd__clkbuf_16)
    25    0.081334    0.075529    0.121724    0.532399 ^ clkbuf_1_0__f_gpio_in[38]/X (sky130_fd_sc_hd__clkbuf_16)
                                                         clknet_1_0__leaf_gpio_in[38] (net)
                      0.082469    0.017463    0.549863 ^ _089_/CLK (sky130_fd_sc_hd__dfrtp_1)
                                  0.250000    0.799863   clock uncertainty
                                  0.000000    0.799863   clock reconvergence pessimism
                                  0.234126    1.033988   library removal time
                                              1.033988   data required time
---------------------------------------------------------------------------------------------
                                              1.033988   data required time
                                             -5.351300   data arrival time
---------------------------------------------------------------------------------------------
                                              4.317312   slack (MET)


Startpoint: resetb_l (input port clocked by gpio_in[38])
Endpoint: _090_ (removal check against rising-edge clock gpio_in[38])
Path Group: asynchronous
Path Type: min

Fanout         Cap        Slew       Delay        Time   Description
---------------------------------------------------------------------------------------------
                                  0.000000    0.000000   clock gpio_in[38] (rise edge)
                                  0.000000    0.000000   clock network delay (propagated)
                                  5.000000    5.000000 ^ input external delay
     2    0.009037    0.035266    0.022776    5.022776 ^ resetb_l (in)
                                                         resetb_l (net)
                      0.035267    0.000000    5.022776 ^ input2/A (sky130_fd_sc_hd__buf_8)
    11    0.131119    0.152161    0.134474    5.157249 ^ input2/X (sky130_fd_sc_hd__buf_8)
                                                         net2 (net)
                      0.152180    0.001465    5.158715 ^ fanout31/A (sky130_fd_sc_hd__clkbuf_16)
    33    0.187223    0.145453    0.184287    5.343002 ^ fanout31/X (sky130_fd_sc_hd__clkbuf_16)
                                                         net31 (net)
                      0.146770    0.010024    5.353025 ^ _090_/RESET_B (sky130_fd_sc_hd__dfrtp_1)
                                              5.353025   data arrival time

                                  0.000000    0.000000   clock gpio_in[38] (rise edge)
                                  0.000000    0.000000   clock source latency
     2    0.097719    0.332243    0.247760    0.247760 ^ gpio_in[38] (in)
                                                         gpio_in[38] (net)
                      0.340334    0.000000    0.247760 ^ clkbuf_0_gpio_in[38]/A (sky130_fd_sc_hd__clkbuf_16)
     5    0.064016    0.067901    0.157751    0.405511 ^ clkbuf_0_gpio_in[38]/X (sky130_fd_sc_hd__clkbuf_16)
                                                         clknet_0_gpio_in[38] (net)
                      0.068564    0.005164    0.410675 ^ clkbuf_1_0__f_gpio_in[38]/A (sky130_fd_sc_hd__clkbuf_16)
    25    0.081334    0.075529    0.121724    0.532399 ^ clkbuf_1_0__f_gpio_in[38]/X (sky130_fd_sc_hd__clkbuf_16)
                                                         clknet_1_0__leaf_gpio_in[38] (net)
                      0.082234    0.017151    0.549550 ^ _090_/CLK (sky130_fd_sc_hd__dfrtp_1)
                                  0.250000    0.799550   clock uncertainty
                                  0.000000    0.799550   clock reconvergence pessimism
                                  0.234211    1.033761   library removal time
                                              1.033761   data required time
---------------------------------------------------------------------------------------------
                                              1.033761   data required time
                                             -5.353025   data arrival time
---------------------------------------------------------------------------------------------
                                              4.319264   slack (MET)


Startpoint: resetb_l (input port clocked by gpio_in[38])
Endpoint: _088_ (removal check against rising-edge clock gpio_in[38])
Path Group: asynchronous
Path Type: min

Fanout         Cap        Slew       Delay        Time   Description
---------------------------------------------------------------------------------------------
                                  0.000000    0.000000   clock gpio_in[38] (rise edge)
                                  0.000000    0.000000   clock network delay (propagated)
                                  5.000000    5.000000 ^ input external delay
     2    0.009037    0.035266    0.022776    5.022776 ^ resetb_l (in)
                                                         resetb_l (net)
                      0.035267    0.000000    5.022776 ^ input2/A (sky130_fd_sc_hd__buf_8)
    11    0.131119    0.152161    0.134474    5.157249 ^ input2/X (sky130_fd_sc_hd__buf_8)
                                                         net2 (net)
                      0.152180    0.001465    5.158715 ^ fanout31/A (sky130_fd_sc_hd__clkbuf_16)
    33    0.187223    0.145453    0.184287    5.343002 ^ fanout31/X (sky130_fd_sc_hd__clkbuf_16)
                                                         net31 (net)
                      0.147431    0.012069    5.355071 ^ _088_/RESET_B (sky130_fd_sc_hd__dfrtp_1)
                                              5.355071   data arrival time

                                  0.000000    0.000000   clock gpio_in[38] (rise edge)
                                  0.000000    0.000000   clock source latency
     2    0.097719    0.332243    0.247760    0.247760 ^ gpio_in[38] (in)
                                                         gpio_in[38] (net)
                      0.340334    0.000000    0.247760 ^ clkbuf_0_gpio_in[38]/A (sky130_fd_sc_hd__clkbuf_16)
     5    0.064016    0.067901    0.157751    0.405511 ^ clkbuf_0_gpio_in[38]/X (sky130_fd_sc_hd__clkbuf_16)
                                                         clknet_0_gpio_in[38] (net)
                      0.068564    0.005164    0.410675 ^ clkbuf_1_0__f_gpio_in[38]/A (sky130_fd_sc_hd__clkbuf_16)
    25    0.081334    0.075529    0.121724    0.532399 ^ clkbuf_1_0__f_gpio_in[38]/X (sky130_fd_sc_hd__clkbuf_16)
                                                         clknet_1_0__leaf_gpio_in[38] (net)
                      0.082010    0.016849    0.549249 ^ _088_/CLK (sky130_fd_sc_hd__dfrtp_1)
                                  0.250000    0.799248   clock uncertainty
                                  0.000000    0.799248   clock reconvergence pessimism
                                  0.234352    1.033600   library removal time
                                              1.033600   data required time
---------------------------------------------------------------------------------------------
                                              1.033600   data required time
                                             -5.355071   data arrival time
---------------------------------------------------------------------------------------------
                                              4.321470   slack (MET)


Startpoint: resetb_l (input port clocked by gpio_in[38])
Endpoint: _087_ (removal check against rising-edge clock gpio_in[38])
Path Group: asynchronous
Path Type: min

Fanout         Cap        Slew       Delay        Time   Description
---------------------------------------------------------------------------------------------
                                  0.000000    0.000000   clock gpio_in[38] (rise edge)
                                  0.000000    0.000000   clock network delay (propagated)
                                  5.000000    5.000000 ^ input external delay
     2    0.009037    0.035266    0.022776    5.022776 ^ resetb_l (in)
                                                         resetb_l (net)
                      0.035267    0.000000    5.022776 ^ input2/A (sky130_fd_sc_hd__buf_8)
    11    0.131119    0.152161    0.134474    5.157249 ^ input2/X (sky130_fd_sc_hd__buf_8)
                                                         net2 (net)
                      0.152180    0.001465    5.158715 ^ fanout31/A (sky130_fd_sc_hd__clkbuf_16)
    33    0.187223    0.145453    0.184287    5.343002 ^ fanout31/X (sky130_fd_sc_hd__clkbuf_16)
                                                         net31 (net)
                      0.147893    0.013310    5.356312 ^ _087_/RESET_B (sky130_fd_sc_hd__dfrtp_2)
                                              5.356312   data arrival time

                                  0.000000    0.000000   clock gpio_in[38] (rise edge)
                                  0.000000    0.000000   clock source latency
     2    0.097719    0.332243    0.247760    0.247760 ^ gpio_in[38] (in)
                                                         gpio_in[38] (net)
                      0.340334    0.000000    0.247760 ^ clkbuf_0_gpio_in[38]/A (sky130_fd_sc_hd__clkbuf_16)
     5    0.064016    0.067901    0.157751    0.405511 ^ clkbuf_0_gpio_in[38]/X (sky130_fd_sc_hd__clkbuf_16)
                                                         clknet_0_gpio_in[38] (net)
                      0.068564    0.005164    0.410675 ^ clkbuf_1_0__f_gpio_in[38]/A (sky130_fd_sc_hd__clkbuf_16)
    25    0.081334    0.075529    0.121724    0.532399 ^ clkbuf_1_0__f_gpio_in[38]/X (sky130_fd_sc_hd__clkbuf_16)
                                                         clknet_1_0__leaf_gpio_in[38] (net)
                      0.081828    0.016601    0.549000 ^ _087_/CLK (sky130_fd_sc_hd__dfrtp_2)
                                  0.250000    0.799000   clock uncertainty
                                  0.000000    0.799000   clock reconvergence pessimism
                                  0.234447    1.033447   library removal time
                                              1.033447   data required time
---------------------------------------------------------------------------------------------
                                              1.033447   data required time
                                             -5.356312   data arrival time
---------------------------------------------------------------------------------------------
                                              4.322865   slack (MET)


Startpoint: resetb_l (input port clocked by gpio_in[38])
Endpoint: _096_ (removal check against rising-edge clock gpio_in[38])
Path Group: asynchronous
Path Type: min

Fanout         Cap        Slew       Delay        Time   Description
---------------------------------------------------------------------------------------------
                                  0.000000    0.000000   clock gpio_in[38] (rise edge)
                                  0.000000    0.000000   clock network delay (propagated)
                                  5.000000    5.000000 ^ input external delay
     2    0.009037    0.035266    0.022776    5.022776 ^ resetb_l (in)
                                                         resetb_l (net)
                      0.035267    0.000000    5.022776 ^ input2/A (sky130_fd_sc_hd__buf_8)
    11    0.131119    0.152161    0.134474    5.157249 ^ input2/X (sky130_fd_sc_hd__buf_8)
                                                         net2 (net)
                      0.152180    0.001465    5.158715 ^ fanout31/A (sky130_fd_sc_hd__clkbuf_16)
    33    0.187223    0.145453    0.184287    5.343002 ^ fanout31/X (sky130_fd_sc_hd__clkbuf_16)
                                                         net31 (net)
                      0.148775    0.015414    5.358416 ^ _096_/RESET_B (sky130_fd_sc_hd__dfrtp_1)
                                              5.358416   data arrival time

                                  0.000000    0.000000   clock gpio_in[38] (rise edge)
                                  0.000000    0.000000   clock source latency
     2    0.097719    0.332243    0.247760    0.247760 ^ gpio_in[38] (in)
                                                         gpio_in[38] (net)
                      0.340334    0.000000    0.247760 ^ clkbuf_0_gpio_in[38]/A (sky130_fd_sc_hd__clkbuf_16)
     5    0.064016    0.067901    0.157751    0.405511 ^ clkbuf_0_gpio_in[38]/X (sky130_fd_sc_hd__clkbuf_16)
                                                         clknet_0_gpio_in[38] (net)
                      0.068564    0.005164    0.410675 ^ clkbuf_1_0__f_gpio_in[38]/A (sky130_fd_sc_hd__clkbuf_16)
    25    0.081334    0.075529    0.121724    0.532399 ^ clkbuf_1_0__f_gpio_in[38]/X (sky130_fd_sc_hd__clkbuf_16)
                                                         clknet_1_0__leaf_gpio_in[38] (net)
                      0.081683    0.016401    0.548800 ^ _096_/CLK (sky130_fd_sc_hd__dfrtp_1)
                                  0.250000    0.798800   clock uncertainty
                                  0.000000    0.798800   clock reconvergence pessimism
                                  0.234656    1.033456   library removal time
                                              1.033456   data required time
---------------------------------------------------------------------------------------------
                                              1.033456   data required time
                                             -5.358416   data arrival time
---------------------------------------------------------------------------------------------
                                              4.324960   slack (MET)


Startpoint: resetb_l (input port clocked by gpio_in[38])
Endpoint: _097_ (removal check against rising-edge clock gpio_in[38])
Path Group: asynchronous
Path Type: min

Fanout         Cap        Slew       Delay        Time   Description
---------------------------------------------------------------------------------------------
                                  0.000000    0.000000   clock gpio_in[38] (rise edge)
                                  0.000000    0.000000   clock network delay (propagated)
                                  5.000000    5.000000 ^ input external delay
     2    0.009037    0.035266    0.022776    5.022776 ^ resetb_l (in)
                                                         resetb_l (net)
                      0.035267    0.000000    5.022776 ^ input2/A (sky130_fd_sc_hd__buf_8)
    11    0.131119    0.152161    0.134474    5.157249 ^ input2/X (sky130_fd_sc_hd__buf_8)
                                                         net2 (net)
                      0.152180    0.001465    5.158715 ^ fanout31/A (sky130_fd_sc_hd__clkbuf_16)
    33    0.187223    0.145453    0.184287    5.343002 ^ fanout31/X (sky130_fd_sc_hd__clkbuf_16)
                                                         net31 (net)
                      0.148799    0.015466    5.358468 ^ _097_/RESET_B (sky130_fd_sc_hd__dfrtp_1)
                                              5.358468   data arrival time

                                  0.000000    0.000000   clock gpio_in[38] (rise edge)
                                  0.000000    0.000000   clock source latency
     2    0.097719    0.332243    0.247760    0.247760 ^ gpio_in[38] (in)
                                                         gpio_in[38] (net)
                      0.340334    0.000000    0.247760 ^ clkbuf_0_gpio_in[38]/A (sky130_fd_sc_hd__clkbuf_16)
     5    0.064016    0.067901    0.157751    0.405511 ^ clkbuf_0_gpio_in[38]/X (sky130_fd_sc_hd__clkbuf_16)
                                                         clknet_0_gpio_in[38] (net)
                      0.068564    0.005164    0.410675 ^ clkbuf_1_0__f_gpio_in[38]/A (sky130_fd_sc_hd__clkbuf_16)
    25    0.081334    0.075529    0.121724    0.532399 ^ clkbuf_1_0__f_gpio_in[38]/X (sky130_fd_sc_hd__clkbuf_16)
                                                         clknet_1_0__leaf_gpio_in[38] (net)
                      0.081666    0.016377    0.548776 ^ _097_/CLK (sky130_fd_sc_hd__dfrtp_1)
                                  0.250000    0.798776   clock uncertainty
                                  0.000000    0.798776   clock reconvergence pessimism
                                  0.234660    1.033436   library removal time
                                              1.033436   data required time
---------------------------------------------------------------------------------------------
                                              1.033436   data required time
                                             -5.358468   data arrival time
---------------------------------------------------------------------------------------------
                                              4.325032   slack (MET)


Startpoint: resetb_l (input port clocked by gpio_in[38])
Endpoint: _098_ (removal check against rising-edge clock gpio_in[38])
Path Group: asynchronous
Path Type: min

Fanout         Cap        Slew       Delay        Time   Description
---------------------------------------------------------------------------------------------
                                  0.000000    0.000000   clock gpio_in[38] (rise edge)
                                  0.000000    0.000000   clock network delay (propagated)
                                  5.000000    5.000000 ^ input external delay
     2    0.009037    0.035266    0.022776    5.022776 ^ resetb_l (in)
                                                         resetb_l (net)
                      0.035267    0.000000    5.022776 ^ input2/A (sky130_fd_sc_hd__buf_8)
    11    0.131119    0.152161    0.134474    5.157249 ^ input2/X (sky130_fd_sc_hd__buf_8)
                                                         net2 (net)
                      0.152180    0.001465    5.158715 ^ fanout31/A (sky130_fd_sc_hd__clkbuf_16)
    33    0.187223    0.145453    0.184287    5.343002 ^ fanout31/X (sky130_fd_sc_hd__clkbuf_16)
                                                         net31 (net)
                      0.148754    0.015366    5.358367 ^ _098_/RESET_B (sky130_fd_sc_hd__dfrtp_1)
                                              5.358367   data arrival time

                                  0.000000    0.000000   clock gpio_in[38] (rise edge)
                                  0.000000    0.000000   clock source latency
     2    0.097719    0.332243    0.247760    0.247760 ^ gpio_in[38] (in)
                                                         gpio_in[38] (net)
                      0.340334    0.000000    0.247760 ^ clkbuf_0_gpio_in[38]/A (sky130_fd_sc_hd__clkbuf_16)
     5    0.064016    0.067901    0.157751    0.405511 ^ clkbuf_0_gpio_in[38]/X (sky130_fd_sc_hd__clkbuf_16)
                                                         clknet_0_gpio_in[38] (net)
                      0.068564    0.005164    0.410675 ^ clkbuf_1_0__f_gpio_in[38]/A (sky130_fd_sc_hd__clkbuf_16)
    25    0.081334    0.075529    0.121724    0.532399 ^ clkbuf_1_0__f_gpio_in[38]/X (sky130_fd_sc_hd__clkbuf_16)
                                                         clknet_1_0__leaf_gpio_in[38] (net)
                      0.081430    0.016047    0.548446 ^ _098_/CLK (sky130_fd_sc_hd__dfrtp_1)
                                  0.250000    0.798446   clock uncertainty
                                  0.000000    0.798446   clock reconvergence pessimism
                                  0.234616    1.033062   library removal time
                                              1.033062   data required time
---------------------------------------------------------------------------------------------
                                              1.033062   data required time
                                             -5.358367   data arrival time
---------------------------------------------------------------------------------------------
                                              4.325305   slack (MET)


Startpoint: resetb_l (input port clocked by gpio_in[38])
Endpoint: _095_ (removal check against rising-edge clock gpio_in[38])
Path Group: asynchronous
Path Type: min

Fanout         Cap        Slew       Delay        Time   Description
---------------------------------------------------------------------------------------------
                                  0.000000    0.000000   clock gpio_in[38] (rise edge)
                                  0.000000    0.000000   clock network delay (propagated)
                                  5.000000    5.000000 ^ input external delay
     2    0.009037    0.035266    0.022776    5.022776 ^ resetb_l (in)
                                                         resetb_l (net)
                      0.035267    0.000000    5.022776 ^ input2/A (sky130_fd_sc_hd__buf_8)
    11    0.131119    0.152161    0.134474    5.157249 ^ input2/X (sky130_fd_sc_hd__buf_8)
                                                         net2 (net)
                      0.152180    0.001465    5.158715 ^ fanout31/A (sky130_fd_sc_hd__clkbuf_16)
    33    0.187223    0.145453    0.184287    5.343002 ^ fanout31/X (sky130_fd_sc_hd__clkbuf_16)
                                                         net31 (net)
                      0.150229    0.018404    5.361405 ^ _095_/RESET_B (sky130_fd_sc_hd__dfrtp_2)
                                              5.361405   data arrival time

                                  0.000000    0.000000   clock gpio_in[38] (rise edge)
                                  0.000000    0.000000   clock source latency
     2    0.097719    0.332243    0.247760    0.247760 ^ gpio_in[38] (in)
                                                         gpio_in[38] (net)
                      0.340334    0.000000    0.247760 ^ clkbuf_0_gpio_in[38]/A (sky130_fd_sc_hd__clkbuf_16)
     5    0.064016    0.067901    0.157751    0.405511 ^ clkbuf_0_gpio_in[38]/X (sky130_fd_sc_hd__clkbuf_16)
                                                         clknet_0_gpio_in[38] (net)
                      0.068564    0.005164    0.410675 ^ clkbuf_1_0__f_gpio_in[38]/A (sky130_fd_sc_hd__clkbuf_16)
    25    0.081334    0.075529    0.121724    0.532399 ^ clkbuf_1_0__f_gpio_in[38]/X (sky130_fd_sc_hd__clkbuf_16)
                                                         clknet_1_0__leaf_gpio_in[38] (net)
                      0.080482    0.014660    0.547060 ^ _095_/CLK (sky130_fd_sc_hd__dfrtp_2)
                                  0.250000    0.797060   clock uncertainty
                                  0.000000    0.797060   clock reconvergence pessimism
                                  0.234869    1.031929   library removal time
                                              1.031929   data required time
---------------------------------------------------------------------------------------------
                                              1.031929   data required time
                                             -5.361405   data arrival time
---------------------------------------------------------------------------------------------
                                              4.329476   slack (MET)


Startpoint: resetb_l (input port clocked by gpio_in[38])
Endpoint: _093_ (removal check against rising-edge clock gpio_in[38])
Path Group: asynchronous
Path Type: min

Fanout         Cap        Slew       Delay        Time   Description
---------------------------------------------------------------------------------------------
                                  0.000000    0.000000   clock gpio_in[38] (rise edge)
                                  0.000000    0.000000   clock network delay (propagated)
                                  5.000000    5.000000 ^ input external delay
     2    0.009037    0.035266    0.022776    5.022776 ^ resetb_l (in)
                                                         resetb_l (net)
                      0.035267    0.000000    5.022776 ^ input2/A (sky130_fd_sc_hd__buf_8)
    11    0.131119    0.152161    0.134474    5.157249 ^ input2/X (sky130_fd_sc_hd__buf_8)
                                                         net2 (net)
                      0.152180    0.001465    5.158715 ^ fanout31/A (sky130_fd_sc_hd__clkbuf_16)
    33    0.187223    0.145453    0.184287    5.343002 ^ fanout31/X (sky130_fd_sc_hd__clkbuf_16)
                                                         net31 (net)
                      0.193963    0.065179    5.408180 ^ _093_/RESET_B (sky130_fd_sc_hd__dfrtp_1)
                                              5.408180   data arrival time

                                  0.000000    0.000000   clock gpio_in[38] (rise edge)
                                  0.000000    0.000000   clock source latency
     2    0.097719    0.332243    0.247760    0.247760 ^ gpio_in[38] (in)
                                                         gpio_in[38] (net)
                      0.340334    0.000000    0.247760 ^ clkbuf_0_gpio_in[38]/A (sky130_fd_sc_hd__clkbuf_16)
     5    0.064016    0.067901    0.157751    0.405511 ^ clkbuf_0_gpio_in[38]/X (sky130_fd_sc_hd__clkbuf_16)
                                                         clknet_0_gpio_in[38] (net)
                      0.068532    0.005024    0.410535 ^ clkbuf_1_1__f_gpio_in[38]/A (sky130_fd_sc_hd__clkbuf_16)
    19    0.069276    0.066333    0.119090    0.529625 ^ clkbuf_1_1__f_gpio_in[38]/X (sky130_fd_sc_hd__clkbuf_16)
                                                         clknet_1_1__leaf_gpio_in[38] (net)
                      0.070116    0.012138    0.541763 ^ _093_/CLK (sky130_fd_sc_hd__dfrtp_1)
                                  0.250000    0.791763   clock uncertainty
                                  0.000000    0.791763   clock reconvergence pessimism
                                  0.244805    1.036568   library removal time
                                              1.036568   data required time
---------------------------------------------------------------------------------------------
                                              1.036568   data required time
                                             -5.408180   data arrival time
---------------------------------------------------------------------------------------------
                                              4.371613   slack (MET)


Startpoint: resetb_l (input port clocked by gpio_in[38])
Endpoint: _091_ (removal check against rising-edge clock gpio_in[38])
Path Group: asynchronous
Path Type: min

Fanout         Cap        Slew       Delay        Time   Description
---------------------------------------------------------------------------------------------
                                  0.000000    0.000000   clock gpio_in[38] (rise edge)
                                  0.000000    0.000000   clock network delay (propagated)
                                  5.000000    5.000000 ^ input external delay
     2    0.009037    0.035266    0.022776    5.022776 ^ resetb_l (in)
                                                         resetb_l (net)
                      0.035267    0.000000    5.022776 ^ input2/A (sky130_fd_sc_hd__buf_8)
    11    0.131119    0.152161    0.134474    5.157249 ^ input2/X (sky130_fd_sc_hd__buf_8)
                                                         net2 (net)
                      0.152180    0.001465    5.158715 ^ fanout31/A (sky130_fd_sc_hd__clkbuf_16)
    33    0.187223    0.145453    0.184287    5.343002 ^ fanout31/X (sky130_fd_sc_hd__clkbuf_16)
                                                         net31 (net)
                      0.194084    0.065279    5.408281 ^ _091_/RESET_B (sky130_fd_sc_hd__dfrtp_1)
                                              5.408281   data arrival time

                                  0.000000    0.000000   clock gpio_in[38] (rise edge)
                                  0.000000    0.000000   clock source latency
     2    0.097719    0.332243    0.247760    0.247760 ^ gpio_in[38] (in)
                                                         gpio_in[38] (net)
                      0.340334    0.000000    0.247760 ^ clkbuf_0_gpio_in[38]/A (sky130_fd_sc_hd__clkbuf_16)
     5    0.064016    0.067901    0.157751    0.405511 ^ clkbuf_0_gpio_in[38]/X (sky130_fd_sc_hd__clkbuf_16)
                                                         clknet_0_gpio_in[38] (net)
                      0.068532    0.005024    0.410535 ^ clkbuf_1_1__f_gpio_in[38]/A (sky130_fd_sc_hd__clkbuf_16)
    19    0.069276    0.066333    0.119090    0.529625 ^ clkbuf_1_1__f_gpio_in[38]/X (sky130_fd_sc_hd__clkbuf_16)
                                                         clknet_1_1__leaf_gpio_in[38] (net)
                      0.070106    0.012122    0.541747 ^ _091_/CLK (sky130_fd_sc_hd__dfrtp_1)
                                  0.250000    0.791747   clock uncertainty
                                  0.000000    0.791747   clock reconvergence pessimism
                                  0.244835    1.036582   library removal time
                                              1.036582   data required time
---------------------------------------------------------------------------------------------
                                              1.036582   data required time
                                             -5.408281   data arrival time
---------------------------------------------------------------------------------------------
                                              4.371699   slack (MET)


Startpoint: resetb_l (input port clocked by gpio_in[38])
Endpoint: _092_ (removal check against rising-edge clock gpio_in[38])
Path Group: asynchronous
Path Type: min

Fanout         Cap        Slew       Delay        Time   Description
---------------------------------------------------------------------------------------------
                                  0.000000    0.000000   clock gpio_in[38] (rise edge)
                                  0.000000    0.000000   clock network delay (propagated)
                                  5.000000    5.000000 ^ input external delay
     2    0.009037    0.035266    0.022776    5.022776 ^ resetb_l (in)
                                                         resetb_l (net)
                      0.035267    0.000000    5.022776 ^ input2/A (sky130_fd_sc_hd__buf_8)
    11    0.131119    0.152161    0.134474    5.157249 ^ input2/X (sky130_fd_sc_hd__buf_8)
                                                         net2 (net)
                      0.152180    0.001465    5.158715 ^ fanout31/A (sky130_fd_sc_hd__clkbuf_16)
    33    0.187223    0.145453    0.184287    5.343002 ^ fanout31/X (sky130_fd_sc_hd__clkbuf_16)
                                                         net31 (net)
                      0.194137    0.065323    5.408325 ^ _092_/RESET_B (sky130_fd_sc_hd__dfrtp_1)
                                              5.408325   data arrival time

                                  0.000000    0.000000   clock gpio_in[38] (rise edge)
                                  0.000000    0.000000   clock source latency
     2    0.097719    0.332243    0.247760    0.247760 ^ gpio_in[38] (in)
                                                         gpio_in[38] (net)
                      0.340334    0.000000    0.247760 ^ clkbuf_0_gpio_in[38]/A (sky130_fd_sc_hd__clkbuf_16)
     5    0.064016    0.067901    0.157751    0.405511 ^ clkbuf_0_gpio_in[38]/X (sky130_fd_sc_hd__clkbuf_16)
                                                         clknet_0_gpio_in[38] (net)
                      0.068532    0.005024    0.410535 ^ clkbuf_1_1__f_gpio_in[38]/A (sky130_fd_sc_hd__clkbuf_16)
    19    0.069276    0.066333    0.119090    0.529625 ^ clkbuf_1_1__f_gpio_in[38]/X (sky130_fd_sc_hd__clkbuf_16)
                                                         clknet_1_1__leaf_gpio_in[38] (net)
                      0.070108    0.012126    0.541751 ^ _092_/CLK (sky130_fd_sc_hd__dfrtp_1)
                                  0.250000    0.791751   clock uncertainty
                                  0.000000    0.791751   clock reconvergence pessimism
                                  0.244849    1.036600   library removal time
                                              1.036600   data required time
---------------------------------------------------------------------------------------------
                                              1.036600   data required time
                                             -5.408325   data arrival time
---------------------------------------------------------------------------------------------
                                              4.371726   slack (MET)


Startpoint: resetb_l (input port clocked by gpio_in[38])
Endpoint: _094_ (removal check against rising-edge clock gpio_in[38])
Path Group: asynchronous
Path Type: min

Fanout         Cap        Slew       Delay        Time   Description
---------------------------------------------------------------------------------------------
                                  0.000000    0.000000   clock gpio_in[38] (rise edge)
                                  0.000000    0.000000   clock network delay (propagated)
                                  5.000000    5.000000 ^ input external delay
     2    0.009037    0.035266    0.022776    5.022776 ^ resetb_l (in)
                                                         resetb_l (net)
                      0.035267    0.000000    5.022776 ^ input2/A (sky130_fd_sc_hd__buf_8)
    11    0.131119    0.152161    0.134474    5.157249 ^ input2/X (sky130_fd_sc_hd__buf_8)
                                                         net2 (net)
                      0.152180    0.001465    5.158715 ^ fanout31/A (sky130_fd_sc_hd__clkbuf_16)
    33    0.187223    0.145453    0.184287    5.343002 ^ fanout31/X (sky130_fd_sc_hd__clkbuf_16)
                                                         net31 (net)
                      0.194111    0.065302    5.408303 ^ _094_/RESET_B (sky130_fd_sc_hd__dfrtp_1)
                                              5.408303   data arrival time

                                  0.000000    0.000000   clock gpio_in[38] (rise edge)
                                  0.000000    0.000000   clock source latency
     2    0.097719    0.332243    0.247760    0.247760 ^ gpio_in[38] (in)
                                                         gpio_in[38] (net)
                      0.340334    0.000000    0.247760 ^ clkbuf_0_gpio_in[38]/A (sky130_fd_sc_hd__clkbuf_16)
     5    0.064016    0.067901    0.157751    0.405511 ^ clkbuf_0_gpio_in[38]/X (sky130_fd_sc_hd__clkbuf_16)
                                                         clknet_0_gpio_in[38] (net)
                      0.068532    0.005024    0.410535 ^ clkbuf_1_1__f_gpio_in[38]/A (sky130_fd_sc_hd__clkbuf_16)
    19    0.069276    0.066333    0.119090    0.529625 ^ clkbuf_1_1__f_gpio_in[38]/X (sky130_fd_sc_hd__clkbuf_16)
                                                         clknet_1_1__leaf_gpio_in[38] (net)
                      0.070060    0.012042    0.541667 ^ _094_/CLK (sky130_fd_sc_hd__dfrtp_1)
                                  0.250000    0.791667   clock uncertainty
                                  0.000000    0.791667   clock reconvergence pessimism
                                  0.244835    1.036502   library removal time
                                              1.036502   data required time
---------------------------------------------------------------------------------------------
                                              1.036502   data required time
                                             -5.408303   data arrival time
---------------------------------------------------------------------------------------------
                                              4.371801   slack (MET)


Startpoint: _106_ (rising edge-triggered flip-flop clocked by gpio_in[38])
Endpoint: gpio_out[37] (output port clocked by gpio_in[38])
Path Group: gpio_in[38]
Path Type: min

Fanout         Cap        Slew       Delay        Time   Description
---------------------------------------------------------------------------------------------
                                  0.000000    0.000000   clock gpio_in[38] (rise edge)
                                  0.000000    0.000000   clock source latency
     2    0.097719    0.332243    0.247760    0.247760 ^ gpio_in[38] (in)
                                                         gpio_in[38] (net)
                      0.340334    0.000000    0.247760 ^ clkbuf_0_gpio_in[38]/A (sky130_fd_sc_hd__clkbuf_16)
     5    0.064016    0.067901    0.157751    0.405511 ^ clkbuf_0_gpio_in[38]/X (sky130_fd_sc_hd__clkbuf_16)
                                                         clknet_0_gpio_in[38] (net)
                      0.068532    0.005024    0.410535 ^ clkbuf_1_1__f_gpio_in[38]/A (sky130_fd_sc_hd__clkbuf_16)
    19    0.069276    0.066333    0.119090    0.529625 ^ clkbuf_1_1__f_gpio_in[38]/X (sky130_fd_sc_hd__clkbuf_16)
                                                         clknet_1_1__leaf_gpio_in[38] (net)
                      0.069717    0.011428    0.541053 ^ _106_/CLK (sky130_fd_sc_hd__dfrtp_1)
     2    0.005835    0.037536    0.243537    0.784590 v _106_/Q (sky130_fd_sc_hd__dfrtp_1)
                                                         gpio_22_37_output[37].cfg.gpio_out_val (net)
                      0.037536    0.000167    0.784757 v _678_/A (sky130_fd_sc_hd__clkbuf_1)
     1    0.001906    0.015415    0.055790    0.840547 v _678_/X (sky130_fd_sc_hd__clkbuf_1)
                                                         net27 (net)
                      0.015415    0.000053    0.840600 v output27/A (sky130_fd_sc_hd__buf_2)
     1    0.034483    0.063105    0.111879    0.952478 v output27/X (sky130_fd_sc_hd__buf_2)
                                                         gpio_out[37] (net)
                      0.063116    0.000820    0.953298 v gpio_out[37] (out)
                                              0.953298   data arrival time

                                  0.000000    0.000000   clock gpio_in[38] (rise edge)
                                  0.000000    0.000000   clock network delay (propagated)
                                  0.250000    0.250000   clock uncertainty
                                  0.000000    0.250000   clock reconvergence pessimism
                                 -5.000000   -4.750000   output external delay
                                             -4.750000   data required time
---------------------------------------------------------------------------------------------
                                             -4.750000   data required time
                                             -0.953298   data arrival time
---------------------------------------------------------------------------------------------
                                              5.703298   slack (MET)


Startpoint: _094_ (rising edge-triggered flip-flop clocked by gpio_in[38])
Endpoint: gpio_out[25] (output port clocked by gpio_in[38])
Path Group: gpio_in[38]
Path Type: min

Fanout         Cap        Slew       Delay        Time   Description
---------------------------------------------------------------------------------------------
                                  0.000000    0.000000   clock gpio_in[38] (rise edge)
                                  0.000000    0.000000   clock source latency
     2    0.097719    0.332243    0.247760    0.247760 ^ gpio_in[38] (in)
                                                         gpio_in[38] (net)
                      0.340334    0.000000    0.247760 ^ clkbuf_0_gpio_in[38]/A (sky130_fd_sc_hd__clkbuf_16)
     5    0.064016    0.067901    0.157751    0.405511 ^ clkbuf_0_gpio_in[38]/X (sky130_fd_sc_hd__clkbuf_16)
                                                         clknet_0_gpio_in[38] (net)
                      0.068532    0.005024    0.410535 ^ clkbuf_1_1__f_gpio_in[38]/A (sky130_fd_sc_hd__clkbuf_16)
    19    0.069276    0.066333    0.119090    0.529625 ^ clkbuf_1_1__f_gpio_in[38]/X (sky130_fd_sc_hd__clkbuf_16)
                                                         clknet_1_1__leaf_gpio_in[38] (net)
                      0.070060    0.012042    0.541667 ^ _094_/CLK (sky130_fd_sc_hd__dfrtp_1)
     3    0.007313    0.042412    0.248996    0.790663 v _094_/Q (sky130_fd_sc_hd__dfrtp_1)
                                                         gpio_22_37_output[25].cfg.gpio_out_val (net)
                      0.042412    0.000153    0.790816 v _666_/A (sky130_fd_sc_hd__clkbuf_1)
     1    0.002303    0.016801    0.059270    0.850086 v _666_/X (sky130_fd_sc_hd__clkbuf_1)
                                                         net14 (net)
                      0.016801    0.000066    0.850151 v output14/A (sky130_fd_sc_hd__buf_2)
     1    0.034517    0.063168    0.112408    0.962559 v output14/X (sky130_fd_sc_hd__buf_2)
                                                         gpio_out[25] (net)
                      0.063179    0.000824    0.963383 v gpio_out[25] (out)
                                              0.963383   data arrival time

                                  0.000000    0.000000   clock gpio_in[38] (rise edge)
                                  0.000000    0.000000   clock network delay (propagated)
                                  0.250000    0.250000   clock uncertainty
                                  0.000000    0.250000   clock reconvergence pessimism
                                 -5.000000   -4.750000   output external delay
                                             -4.750000   data required time
---------------------------------------------------------------------------------------------
                                             -4.750000   data required time
                                             -0.963383   data arrival time
---------------------------------------------------------------------------------------------
                                              5.713383   slack (MET)


Startpoint: _091_ (rising edge-triggered flip-flop clocked by gpio_in[38])
Endpoint: gpio_out[22] (output port clocked by gpio_in[38])
Path Group: gpio_in[38]
Path Type: min

Fanout         Cap        Slew       Delay        Time   Description
---------------------------------------------------------------------------------------------
                                  0.000000    0.000000   clock gpio_in[38] (rise edge)
                                  0.000000    0.000000   clock source latency
     2    0.097719    0.332243    0.247760    0.247760 ^ gpio_in[38] (in)
                                                         gpio_in[38] (net)
                      0.340334    0.000000    0.247760 ^ clkbuf_0_gpio_in[38]/A (sky130_fd_sc_hd__clkbuf_16)
     5    0.064016    0.067901    0.157751    0.405511 ^ clkbuf_0_gpio_in[38]/X (sky130_fd_sc_hd__clkbuf_16)
                                                         clknet_0_gpio_in[38] (net)
                      0.068532    0.005024    0.410535 ^ clkbuf_1_1__f_gpio_in[38]/A (sky130_fd_sc_hd__clkbuf_16)
    19    0.069276    0.066333    0.119090    0.529625 ^ clkbuf_1_1__f_gpio_in[38]/X (sky130_fd_sc_hd__clkbuf_16)
                                                         clknet_1_1__leaf_gpio_in[38] (net)
                      0.070106    0.012122    0.541747 ^ _091_/CLK (sky130_fd_sc_hd__dfrtp_1)
     3    0.008435    0.046255    0.253088    0.794835 v _091_/Q (sky130_fd_sc_hd__dfrtp_1)
                                                         gpio_22_37_output[22].cfg.gpio_out_val (net)
                      0.046255    0.000174    0.795009 v _663_/A (sky130_fd_sc_hd__clkbuf_1)
     1    0.002182    0.016405    0.060389    0.855398 v _663_/X (sky130_fd_sc_hd__clkbuf_1)
                                                         net11 (net)
                      0.016406    0.000062    0.855460 v output11/A (sky130_fd_sc_hd__buf_2)
     1    0.034443    0.063047    0.112189    0.967649 v output11/X (sky130_fd_sc_hd__buf_2)
                                                         gpio_out[22] (net)
                      0.063058    0.000805    0.968454 v gpio_out[22] (out)
                                              0.968454   data arrival time

                                  0.000000    0.000000   clock gpio_in[38] (rise edge)
                                  0.000000    0.000000   clock network delay (propagated)
                                  0.250000    0.250000   clock uncertainty
                                  0.000000    0.250000   clock reconvergence pessimism
                                 -5.000000   -4.750000   output external delay
                                             -4.750000   data required time
---------------------------------------------------------------------------------------------
                                             -4.750000   data required time
                                             -0.968454   data arrival time
---------------------------------------------------------------------------------------------
                                              5.718454   slack (MET)


Startpoint: _090_ (rising edge-triggered flip-flop clocked by gpio_in[38])
Endpoint: gpio_out[21] (output port clocked by gpio_in[38])
Path Group: gpio_in[38]
Path Type: min

Fanout         Cap        Slew       Delay        Time   Description
---------------------------------------------------------------------------------------------
                                  0.000000    0.000000   clock gpio_in[38] (rise edge)
                                  0.000000    0.000000   clock source latency
     2    0.097719    0.332243    0.247760    0.247760 ^ gpio_in[38] (in)
                                                         gpio_in[38] (net)
                      0.340334    0.000000    0.247760 ^ clkbuf_0_gpio_in[38]/A (sky130_fd_sc_hd__clkbuf_16)
     5    0.064016    0.067901    0.157751    0.405511 ^ clkbuf_0_gpio_in[38]/X (sky130_fd_sc_hd__clkbuf_16)
                                                         clknet_0_gpio_in[38] (net)
                      0.068564    0.005164    0.410675 ^ clkbuf_1_0__f_gpio_in[38]/A (sky130_fd_sc_hd__clkbuf_16)
    25    0.081334    0.075529    0.121724    0.532399 ^ clkbuf_1_0__f_gpio_in[38]/X (sky130_fd_sc_hd__clkbuf_16)
                                                         clknet_1_0__leaf_gpio_in[38] (net)
                      0.082234    0.017151    0.549550 ^ _090_/CLK (sky130_fd_sc_hd__dfrtp_1)
     3    0.007659    0.043585    0.253387    0.802937 v _090_/Q (sky130_fd_sc_hd__dfrtp_1)
                                                         gpio_18_21_bidir[21].cfg.gpio_out_val (net)
                      0.043585    0.000229    0.803166 v _662_/A (sky130_fd_sc_hd__clkbuf_1)
     1    0.001859    0.015306    0.058100    0.861266 v _662_/X (sky130_fd_sc_hd__clkbuf_1)
                                                         net10 (net)
                      0.015306    0.000036    0.861301 v output10/A (sky130_fd_sc_hd__buf_2)
     1    0.034323    0.062835    0.111701    0.973002 v output10/X (sky130_fd_sc_hd__buf_2)
                                                         gpio_out[21] (net)
                      0.062843    0.000732    0.973735 v gpio_out[21] (out)
                                              0.973735   data arrival time

                                  0.000000    0.000000   clock gpio_in[38] (rise edge)
                                  0.000000    0.000000   clock network delay (propagated)
                                  0.250000    0.250000   clock uncertainty
                                  0.000000    0.250000   clock reconvergence pessimism
                                 -5.000000   -4.750000   output external delay
                                             -4.750000   data required time
---------------------------------------------------------------------------------------------
                                             -4.750000   data required time
                                             -0.973735   data arrival time
---------------------------------------------------------------------------------------------
                                              5.723734   slack (MET)


Startpoint: _098_ (rising edge-triggered flip-flop clocked by gpio_in[38])
Endpoint: gpio_out[29] (output port clocked by gpio_in[38])
Path Group: gpio_in[38]
Path Type: min

Fanout         Cap        Slew       Delay        Time   Description
---------------------------------------------------------------------------------------------
                                  0.000000    0.000000   clock gpio_in[38] (rise edge)
                                  0.000000    0.000000   clock source latency
     2    0.097719    0.332243    0.247760    0.247760 ^ gpio_in[38] (in)
                                                         gpio_in[38] (net)
                      0.340334    0.000000    0.247760 ^ clkbuf_0_gpio_in[38]/A (sky130_fd_sc_hd__clkbuf_16)
     5    0.064016    0.067901    0.157751    0.405511 ^ clkbuf_0_gpio_in[38]/X (sky130_fd_sc_hd__clkbuf_16)
                                                         clknet_0_gpio_in[38] (net)
                      0.068564    0.005164    0.410675 ^ clkbuf_1_0__f_gpio_in[38]/A (sky130_fd_sc_hd__clkbuf_16)
    25    0.081334    0.075529    0.121724    0.532399 ^ clkbuf_1_0__f_gpio_in[38]/X (sky130_fd_sc_hd__clkbuf_16)
                                                         clknet_1_0__leaf_gpio_in[38] (net)
                      0.081430    0.016047    0.548446 ^ _098_/CLK (sky130_fd_sc_hd__dfrtp_1)
     2    0.006004    0.038057    0.247195    0.795641 v _098_/Q (sky130_fd_sc_hd__dfrtp_1)
                                                         gpio_22_37_output[29].cfg.gpio_out_val (net)
                      0.038057    0.000146    0.795787 v _670_/A (sky130_fd_sc_hd__clkbuf_1)
     1    0.004537    0.024603    0.065182    0.860970 v _670_/X (sky130_fd_sc_hd__clkbuf_1)
                                                         net18 (net)
                      0.024604    0.000169    0.861139 v output18/A (sky130_fd_sc_hd__buf_2)
     1    0.034323    0.062886    0.115066    0.976205 v output18/X (sky130_fd_sc_hd__buf_2)
                                                         gpio_out[29] (net)
                      0.062895    0.000732    0.976937 v gpio_out[29] (out)
                                              0.976937   data arrival time

                                  0.000000    0.000000   clock gpio_in[38] (rise edge)
                                  0.000000    0.000000   clock network delay (propagated)
                                  0.250000    0.250000   clock uncertainty
                                  0.000000    0.250000   clock reconvergence pessimism
                                 -5.000000   -4.750000   output external delay
                                             -4.750000   data required time
---------------------------------------------------------------------------------------------
                                             -4.750000   data required time
                                             -0.976937   data arrival time
---------------------------------------------------------------------------------------------
                                              5.726937   slack (MET)


Startpoint: _092_ (rising edge-triggered flip-flop clocked by gpio_in[38])
Endpoint: gpio_out[23] (output port clocked by gpio_in[38])
Path Group: gpio_in[38]
Path Type: min

Fanout         Cap        Slew       Delay        Time   Description
---------------------------------------------------------------------------------------------
                                  0.000000    0.000000   clock gpio_in[38] (rise edge)
                                  0.000000    0.000000   clock source latency
     2    0.097719    0.332243    0.247760    0.247760 ^ gpio_in[38] (in)
                                                         gpio_in[38] (net)
                      0.340334    0.000000    0.247760 ^ clkbuf_0_gpio_in[38]/A (sky130_fd_sc_hd__clkbuf_16)
     5    0.064016    0.067901    0.157751    0.405511 ^ clkbuf_0_gpio_in[38]/X (sky130_fd_sc_hd__clkbuf_16)
                                                         clknet_0_gpio_in[38] (net)
                      0.068532    0.005024    0.410535 ^ clkbuf_1_1__f_gpio_in[38]/A (sky130_fd_sc_hd__clkbuf_16)
    19    0.069276    0.066333    0.119090    0.529625 ^ clkbuf_1_1__f_gpio_in[38]/X (sky130_fd_sc_hd__clkbuf_16)
                                                         clknet_1_1__leaf_gpio_in[38] (net)
                      0.070108    0.012126    0.541751 ^ _092_/CLK (sky130_fd_sc_hd__dfrtp_1)
     3    0.010212    0.051353    0.259479    0.801230 v _092_/Q (sky130_fd_sc_hd__dfrtp_1)
                                                         gpio_22_37_output[23].cfg.gpio_out_val (net)
                      0.051355    0.000335    0.801565 v _664_/A (sky130_fd_sc_hd__clkbuf_1)
     1    0.002241    0.016646    0.062695    0.864260 v _664_/X (sky130_fd_sc_hd__clkbuf_1)
                                                         net12 (net)
                      0.016646    0.000065    0.864325 v output12/A (sky130_fd_sc_hd__buf_2)
     1    0.034483    0.063113    0.112314    0.976640 v output12/X (sky130_fd_sc_hd__buf_2)
                                                         gpio_out[23] (net)
                      0.063124    0.000820    0.977460 v gpio_out[23] (out)
                                              0.977460   data arrival time

                                  0.000000    0.000000   clock gpio_in[38] (rise edge)
                                  0.000000    0.000000   clock network delay (propagated)
                                  0.250000    0.250000   clock uncertainty
                                  0.000000    0.250000   clock reconvergence pessimism
                                 -5.000000   -4.750000   output external delay
                                             -4.750000   data required time
---------------------------------------------------------------------------------------------
                                             -4.750000   data required time
                                             -0.977460   data arrival time
---------------------------------------------------------------------------------------------
                                              5.727459   slack (MET)


Startpoint: _089_ (rising edge-triggered flip-flop clocked by gpio_in[38])
Endpoint: gpio_out[4] (output port clocked by gpio_in[38])
Path Group: gpio_in[38]
Path Type: min

Fanout         Cap        Slew       Delay        Time   Description
---------------------------------------------------------------------------------------------
                                  0.000000    0.000000   clock gpio_in[38] (rise edge)
                                  0.000000    0.000000   clock source latency
     2    0.097719    0.332243    0.247760    0.247760 ^ gpio_in[38] (in)
                                                         gpio_in[38] (net)
                      0.340334    0.000000    0.247760 ^ clkbuf_0_gpio_in[38]/A (sky130_fd_sc_hd__clkbuf_16)
     5    0.064016    0.067901    0.157751    0.405511 ^ clkbuf_0_gpio_in[38]/X (sky130_fd_sc_hd__clkbuf_16)
                                                         clknet_0_gpio_in[38] (net)
                      0.068564    0.005164    0.410675 ^ clkbuf_1_0__f_gpio_in[38]/A (sky130_fd_sc_hd__clkbuf_16)
    25    0.081334    0.075529    0.121724    0.532399 ^ clkbuf_1_0__f_gpio_in[38]/X (sky130_fd_sc_hd__clkbuf_16)
                                                         clknet_1_0__leaf_gpio_in[38] (net)
                      0.082469    0.017463    0.549863 ^ _089_/CLK (sky130_fd_sc_hd__dfrtp_1)
     3    0.008264    0.045649    0.255653    0.805515 v _089_/Q (sky130_fd_sc_hd__dfrtp_1)
                                                         gpio_18_21_bidir[20].cfg.gpio_out_val (net)
                      0.045649    0.000201    0.805716 v _657_/A (sky130_fd_sc_hd__clkbuf_1)
     1    0.002132    0.016231    0.059956    0.865672 v _657_/X (sky130_fd_sc_hd__clkbuf_1)
                                                         net29 (net)
                      0.016231    0.000060    0.865731 v output29/A (sky130_fd_sc_hd__buf_2)
     1    0.034323    0.062841    0.112028    0.977760 v output29/X (sky130_fd_sc_hd__buf_2)
                                                         gpio_out[4] (net)
                      0.062850    0.000732    0.978492 v gpio_out[4] (out)
                                              0.978492   data arrival time

                                  0.000000    0.000000   clock gpio_in[38] (rise edge)
                                  0.000000    0.000000   clock network delay (propagated)
                                  0.250000    0.250000   clock uncertainty
                                  0.000000    0.250000   clock reconvergence pessimism
                                 -5.000000   -4.750000   output external delay
                                             -4.750000   data required time
---------------------------------------------------------------------------------------------
                                             -4.750000   data required time
                                             -0.978492   data arrival time
---------------------------------------------------------------------------------------------
                                              5.728492   slack (MET)


Startpoint: _089_ (rising edge-triggered flip-flop clocked by gpio_in[38])
Endpoint: gpio_out[20] (output port clocked by gpio_in[38])
Path Group: gpio_in[38]
Path Type: min

Fanout         Cap        Slew       Delay        Time   Description
---------------------------------------------------------------------------------------------
                                  0.000000    0.000000   clock gpio_in[38] (rise edge)
                                  0.000000    0.000000   clock source latency
     2    0.097719    0.332243    0.247760    0.247760 ^ gpio_in[38] (in)
                                                         gpio_in[38] (net)
                      0.340334    0.000000    0.247760 ^ clkbuf_0_gpio_in[38]/A (sky130_fd_sc_hd__clkbuf_16)
     5    0.064016    0.067901    0.157751    0.405511 ^ clkbuf_0_gpio_in[38]/X (sky130_fd_sc_hd__clkbuf_16)
                                                         clknet_0_gpio_in[38] (net)
                      0.068564    0.005164    0.410675 ^ clkbuf_1_0__f_gpio_in[38]/A (sky130_fd_sc_hd__clkbuf_16)
    25    0.081334    0.075529    0.121724    0.532399 ^ clkbuf_1_0__f_gpio_in[38]/X (sky130_fd_sc_hd__clkbuf_16)
                                                         clknet_1_0__leaf_gpio_in[38] (net)
                      0.082469    0.017463    0.549863 ^ _089_/CLK (sky130_fd_sc_hd__dfrtp_1)
     3    0.008264    0.045649    0.255653    0.805515 v _089_/Q (sky130_fd_sc_hd__dfrtp_1)
                                                         gpio_18_21_bidir[20].cfg.gpio_out_val (net)
                      0.045649    0.000206    0.805721 v _661_/A (sky130_fd_sc_hd__clkbuf_1)
     1    0.002137    0.016248    0.059975    0.865696 v _661_/X (sky130_fd_sc_hd__clkbuf_1)
                                                         net9 (net)
                      0.016248    0.000060    0.865755 v output9/A (sky130_fd_sc_hd__buf_2)
     1    0.034323    0.062841    0.112035    0.977790 v output9/X (sky130_fd_sc_hd__buf_2)
                                                         gpio_out[20] (net)
                      0.062850    0.000732    0.978522 v gpio_out[20] (out)
                                              0.978522   data arrival time

                                  0.000000    0.000000   clock gpio_in[38] (rise edge)
                                  0.000000    0.000000   clock network delay (propagated)
                                  0.250000    0.250000   clock uncertainty
                                  0.000000    0.250000   clock reconvergence pessimism
                                 -5.000000   -4.750000   output external delay
                                             -4.750000   data required time
---------------------------------------------------------------------------------------------
                                             -4.750000   data required time
                                             -0.978522   data arrival time
---------------------------------------------------------------------------------------------
                                              5.728522   slack (MET)


Startpoint: _087_ (rising edge-triggered flip-flop clocked by gpio_in[38])
Endpoint: gpio_out[18] (output port clocked by gpio_in[38])
Path Group: gpio_in[38]
Path Type: min

Fanout         Cap        Slew       Delay        Time   Description
---------------------------------------------------------------------------------------------
                                  0.000000    0.000000   clock gpio_in[38] (rise edge)
                                  0.000000    0.000000   clock source latency
     2    0.097719    0.332243    0.247760    0.247760 ^ gpio_in[38] (in)
                                                         gpio_in[38] (net)
                      0.340334    0.000000    0.247760 ^ clkbuf_0_gpio_in[38]/A (sky130_fd_sc_hd__clkbuf_16)
     5    0.064016    0.067901    0.157751    0.405511 ^ clkbuf_0_gpio_in[38]/X (sky130_fd_sc_hd__clkbuf_16)
                                                         clknet_0_gpio_in[38] (net)
                      0.068564    0.005164    0.410675 ^ clkbuf_1_0__f_gpio_in[38]/A (sky130_fd_sc_hd__clkbuf_16)
    25    0.081334    0.075529    0.121724    0.532399 ^ clkbuf_1_0__f_gpio_in[38]/X (sky130_fd_sc_hd__clkbuf_16)
                                                         clknet_1_0__leaf_gpio_in[38] (net)
                      0.081828    0.016601    0.549000 ^ _087_/CLK (sky130_fd_sc_hd__dfrtp_2)
     3    0.009768    0.047877    0.242096    0.791097 ^ _087_/Q (sky130_fd_sc_hd__dfrtp_2)
                                                         gpio_18_21_bidir[18].cfg.gpio_out_val (net)
                      0.047877    0.000264    0.791361 ^ _659_/A (sky130_fd_sc_hd__clkbuf_1)
     1    0.002291    0.028266    0.052030    0.843391 ^ _659_/X (sky130_fd_sc_hd__clkbuf_1)
                                                         net7 (net)
                      0.028266    0.000064    0.843456 ^ output7/A (sky130_fd_sc_hd__buf_2)
     1    0.034393    0.128719    0.136641    0.980097 ^ output7/X (sky130_fd_sc_hd__buf_2)
                                                         gpio_out[18] (net)
                      0.128725    0.000748    0.980845 ^ gpio_out[18] (out)
                                              0.980845   data arrival time

                                  0.000000    0.000000   clock gpio_in[38] (rise edge)
                                  0.000000    0.000000   clock network delay (propagated)
                                  0.250000    0.250000   clock uncertainty
                                  0.000000    0.250000   clock reconvergence pessimism
                                 -5.000000   -4.750000   output external delay
                                             -4.750000   data required time
---------------------------------------------------------------------------------------------
                                             -4.750000   data required time
                                             -0.980845   data arrival time
---------------------------------------------------------------------------------------------
                                              5.730845   slack (MET)


Startpoint: _087_ (rising edge-triggered flip-flop clocked by gpio_in[38])
Endpoint: gpio_out[2] (output port clocked by gpio_in[38])
Path Group: gpio_in[38]
Path Type: min

Fanout         Cap        Slew       Delay        Time   Description
---------------------------------------------------------------------------------------------
                                  0.000000    0.000000   clock gpio_in[38] (rise edge)
                                  0.000000    0.000000   clock source latency
     2    0.097719    0.332243    0.247760    0.247760 ^ gpio_in[38] (in)
                                                         gpio_in[38] (net)
                      0.340334    0.000000    0.247760 ^ clkbuf_0_gpio_in[38]/A (sky130_fd_sc_hd__clkbuf_16)
     5    0.064016    0.067901    0.157751    0.405511 ^ clkbuf_0_gpio_in[38]/X (sky130_fd_sc_hd__clkbuf_16)
                                                         clknet_0_gpio_in[38] (net)
                      0.068564    0.005164    0.410675 ^ clkbuf_1_0__f_gpio_in[38]/A (sky130_fd_sc_hd__clkbuf_16)
    25    0.081334    0.075529    0.121724    0.532399 ^ clkbuf_1_0__f_gpio_in[38]/X (sky130_fd_sc_hd__clkbuf_16)
                                                         clknet_1_0__leaf_gpio_in[38] (net)
                      0.081828    0.016601    0.549000 ^ _087_/CLK (sky130_fd_sc_hd__dfrtp_2)
     3    0.009768    0.047877    0.242096    0.791097 ^ _087_/Q (sky130_fd_sc_hd__dfrtp_2)
                                                         gpio_18_21_bidir[18].cfg.gpio_out_val (net)
                      0.047877    0.000280    0.791376 ^ _655_/A (sky130_fd_sc_hd__clkbuf_1)
     1    0.002398    0.029107    0.052670    0.844046 ^ _655_/X (sky130_fd_sc_hd__clkbuf_1)
                                                         net19 (net)
                      0.029107    0.000069    0.844115 ^ output19/A (sky130_fd_sc_hd__buf_2)
     1    0.034388    0.128700    0.136885    0.981000 ^ output19/X (sky130_fd_sc_hd__buf_2)
                                                         gpio_out[2] (net)
                      0.128707    0.000747    0.981748 ^ gpio_out[2] (out)
                                              0.981748   data arrival time

                                  0.000000    0.000000   clock gpio_in[38] (rise edge)
                                  0.000000    0.000000   clock network delay (propagated)
                                  0.250000    0.250000   clock uncertainty
                                  0.000000    0.250000   clock reconvergence pessimism
                                 -5.000000   -4.750000   output external delay
                                             -4.750000   data required time
---------------------------------------------------------------------------------------------
                                             -4.750000   data required time
                                             -0.981748   data arrival time
---------------------------------------------------------------------------------------------
                                              5.731748   slack (MET)


Startpoint: _102_ (rising edge-triggered flip-flop clocked by gpio_in[38])
Endpoint: gpio_out[33] (output port clocked by gpio_in[38])
Path Group: gpio_in[38]
Path Type: min

Fanout         Cap        Slew       Delay        Time   Description
---------------------------------------------------------------------------------------------
                                  0.000000    0.000000   clock gpio_in[38] (rise edge)
                                  0.000000    0.000000   clock source latency
     2    0.097719    0.332243    0.247760    0.247760 ^ gpio_in[38] (in)
                                                         gpio_in[38] (net)
                      0.340334    0.000000    0.247760 ^ clkbuf_0_gpio_in[38]/A (sky130_fd_sc_hd__clkbuf_16)
     5    0.064016    0.067901    0.157751    0.405511 ^ clkbuf_0_gpio_in[38]/X (sky130_fd_sc_hd__clkbuf_16)
                                                         clknet_0_gpio_in[38] (net)
                      0.068564    0.005164    0.410675 ^ clkbuf_1_0__f_gpio_in[38]/A (sky130_fd_sc_hd__clkbuf_16)
    25    0.081334    0.075529    0.121724    0.532399 ^ clkbuf_1_0__f_gpio_in[38]/X (sky130_fd_sc_hd__clkbuf_16)
                                                         clknet_1_0__leaf_gpio_in[38] (net)
                      0.082666    0.017721    0.550121 ^ _102_/CLK (sky130_fd_sc_hd__dfrtp_1)
     3    0.008788    0.047467    0.257611    0.807732 v _102_/Q (sky130_fd_sc_hd__dfrtp_1)
                                                         gpio_22_37_output[33].cfg.gpio_out_val (net)
                      0.047468    0.000210    0.807942 v _674_/A (sky130_fd_sc_hd__clkbuf_1)
     1    0.003488    0.021001    0.065743    0.873685 v _674_/X (sky130_fd_sc_hd__clkbuf_1)
                                                         net23 (net)
                      0.021002    0.000114    0.873799 v output23/A (sky130_fd_sc_hd__buf_2)
     1    0.034323    0.062872    0.113718    0.987517 v output23/X (sky130_fd_sc_hd__buf_2)
                                                         gpio_out[33] (net)
                      0.062881    0.000732    0.988249 v gpio_out[33] (out)
                                              0.988249   data arrival time

                                  0.000000    0.000000   clock gpio_in[38] (rise edge)
                                  0.000000    0.000000   clock network delay (propagated)
                                  0.250000    0.250000   clock uncertainty
                                  0.000000    0.250000   clock reconvergence pessimism
                                 -5.000000   -4.750000   output external delay
                                             -4.750000   data required time
---------------------------------------------------------------------------------------------
                                             -4.750000   data required time
                                             -0.988249   data arrival time
---------------------------------------------------------------------------------------------
                                              5.738249   slack (MET)


Startpoint: _090_ (rising edge-triggered flip-flop clocked by gpio_in[38])
Endpoint: gpio_out[5] (output port clocked by gpio_in[38])
Path Group: gpio_in[38]
Path Type: min

Fanout         Cap        Slew       Delay        Time   Description
---------------------------------------------------------------------------------------------
                                  0.000000    0.000000   clock gpio_in[38] (rise edge)
                                  0.000000    0.000000   clock source latency
     2    0.097719    0.332243    0.247760    0.247760 ^ gpio_in[38] (in)
                                                         gpio_in[38] (net)
                      0.340334    0.000000    0.247760 ^ clkbuf_0_gpio_in[38]/A (sky130_fd_sc_hd__clkbuf_16)
     5    0.064016    0.067901    0.157751    0.405511 ^ clkbuf_0_gpio_in[38]/X (sky130_fd_sc_hd__clkbuf_16)
                                                         clknet_0_gpio_in[38] (net)
                      0.068564    0.005164    0.410675 ^ clkbuf_1_0__f_gpio_in[38]/A (sky130_fd_sc_hd__clkbuf_16)
    25    0.081334    0.075529    0.121724    0.532399 ^ clkbuf_1_0__f_gpio_in[38]/X (sky130_fd_sc_hd__clkbuf_16)
                                                         clknet_1_0__leaf_gpio_in[38] (net)
                      0.082234    0.017151    0.549550 ^ _090_/CLK (sky130_fd_sc_hd__dfrtp_1)
     3    0.007659    0.043585    0.253387    0.802937 v _090_/Q (sky130_fd_sc_hd__dfrtp_1)
                                                         gpio_18_21_bidir[21].cfg.gpio_out_val (net)
                      0.043585    0.000189    0.803127 v _658_/A (sky130_fd_sc_hd__clkbuf_1)
     1    0.006604    0.032063    0.073923    0.877049 v _658_/X (sky130_fd_sc_hd__clkbuf_1)
                                                         net30 (net)
                      0.032064    0.000226    0.877275 v output30/A (sky130_fd_sc_hd__buf_2)
     1    0.034388    0.062990    0.118128    0.995403 v output30/X (sky130_fd_sc_hd__buf_2)
                                                         gpio_out[5] (net)
                      0.062999    0.000747    0.996150 v gpio_out[5] (out)
                                              0.996150   data arrival time

                                  0.000000    0.000000   clock gpio_in[38] (rise edge)
                                  0.000000    0.000000   clock network delay (propagated)
                                  0.250000    0.250000   clock uncertainty
                                  0.000000    0.250000   clock reconvergence pessimism
                                 -5.000000   -4.750000   output external delay
                                             -4.750000   data required time
---------------------------------------------------------------------------------------------
                                             -4.750000   data required time
                                             -0.996150   data arrival time
---------------------------------------------------------------------------------------------
                                              5.746150   slack (MET)


Startpoint: _088_ (rising edge-triggered flip-flop clocked by gpio_in[38])
Endpoint: gpio_out[19] (output port clocked by gpio_in[38])
Path Group: gpio_in[38]
Path Type: min

Fanout         Cap        Slew       Delay        Time   Description
---------------------------------------------------------------------------------------------
                                  0.000000    0.000000   clock gpio_in[38] (rise edge)
                                  0.000000    0.000000   clock source latency
     2    0.097719    0.332243    0.247760    0.247760 ^ gpio_in[38] (in)
                                                         gpio_in[38] (net)
                      0.340334    0.000000    0.247760 ^ clkbuf_0_gpio_in[38]/A (sky130_fd_sc_hd__clkbuf_16)
     5    0.064016    0.067901    0.157751    0.405511 ^ clkbuf_0_gpio_in[38]/X (sky130_fd_sc_hd__clkbuf_16)
                                                         clknet_0_gpio_in[38] (net)
                      0.068564    0.005164    0.410675 ^ clkbuf_1_0__f_gpio_in[38]/A (sky130_fd_sc_hd__clkbuf_16)
    25    0.081334    0.075529    0.121724    0.532399 ^ clkbuf_1_0__f_gpio_in[38]/X (sky130_fd_sc_hd__clkbuf_16)
                                                         clknet_1_0__leaf_gpio_in[38] (net)
                      0.082010    0.016849    0.549249 ^ _088_/CLK (sky130_fd_sc_hd__dfrtp_1)
     5    0.013274    0.059554    0.271390    0.820638 v _088_/Q (sky130_fd_sc_hd__dfrtp_1)
                                                         gpio_18_21_bidir[19].cfg.gpio_out_val (net)
                      0.059555    0.000354    0.820992 v _660_/A (sky130_fd_sc_hd__clkbuf_1)
     1    0.002491    0.017767    0.066529    0.887521 v _660_/X (sky130_fd_sc_hd__clkbuf_1)
                                                         net8 (net)
                      0.017767    0.000073    0.887594 v output8/A (sky130_fd_sc_hd__buf_2)
     1    0.034393    0.062960    0.112651    1.000245 v output8/X (sky130_fd_sc_hd__buf_2)
                                                         gpio_out[19] (net)
                      0.062969    0.000747    1.000992 v gpio_out[19] (out)
                                              1.000992   data arrival time

                                  0.000000    0.000000   clock gpio_in[38] (rise edge)
                                  0.000000    0.000000   clock network delay (propagated)
                                  0.250000    0.250000   clock uncertainty
                                  0.000000    0.250000   clock reconvergence pessimism
                                 -5.000000   -4.750000   output external delay
                                             -4.750000   data required time
---------------------------------------------------------------------------------------------
                                             -4.750000   data required time
                                             -1.000992   data arrival time
---------------------------------------------------------------------------------------------
                                              5.750992   slack (MET)


Startpoint: _099_ (rising edge-triggered flip-flop clocked by gpio_in[38])
Endpoint: gpio_out[30] (output port clocked by gpio_in[38])
Path Group: gpio_in[38]
Path Type: min

Fanout         Cap        Slew       Delay        Time   Description
---------------------------------------------------------------------------------------------
                                  0.000000    0.000000   clock gpio_in[38] (rise edge)
                                  0.000000    0.000000   clock source latency
     2    0.097719    0.332243    0.247760    0.247760 ^ gpio_in[38] (in)
                                                         gpio_in[38] (net)
                      0.340334    0.000000    0.247760 ^ clkbuf_0_gpio_in[38]/A (sky130_fd_sc_hd__clkbuf_16)
     5    0.064016    0.067901    0.157751    0.405511 ^ clkbuf_0_gpio_in[38]/X (sky130_fd_sc_hd__clkbuf_16)
                                                         clknet_0_gpio_in[38] (net)
                      0.068564    0.005164    0.410675 ^ clkbuf_1_0__f_gpio_in[38]/A (sky130_fd_sc_hd__clkbuf_16)
    25    0.081334    0.075529    0.121724    0.532399 ^ clkbuf_1_0__f_gpio_in[38]/X (sky130_fd_sc_hd__clkbuf_16)
                                                         clknet_1_0__leaf_gpio_in[38] (net)
                      0.082632    0.017678    0.550077 ^ _099_/CLK (sky130_fd_sc_hd__dfrtp_1)
     5    0.011729    0.055031    0.267420    0.817497 v _099_/Q (sky130_fd_sc_hd__dfrtp_1)
                                                         gpio_22_37_output[30].cfg.gpio_out_val (net)
                      0.055031    0.000229    0.817726 v _671_/A (sky130_fd_sc_hd__clkbuf_1)
     1    0.003697    0.021816    0.069399    0.887125 v _671_/X (sky130_fd_sc_hd__clkbuf_1)
                                                         net20 (net)
                      0.021817    0.000117    0.887242 v output20/A (sky130_fd_sc_hd__buf_2)
     1    0.034787    0.063599    0.114532    1.001774 v output20/X (sky130_fd_sc_hd__buf_2)
                                                         gpio_out[30] (net)
                      0.063610    0.000823    1.002597 v gpio_out[30] (out)
                                              1.002597   data arrival time

                                  0.000000    0.000000   clock gpio_in[38] (rise edge)
                                  0.000000    0.000000   clock network delay (propagated)
                                  0.250000    0.250000   clock uncertainty
                                  0.000000    0.250000   clock reconvergence pessimism
                                 -5.000000   -4.750000   output external delay
                                             -4.750000   data required time
---------------------------------------------------------------------------------------------
                                             -4.750000   data required time
                                             -1.002597   data arrival time
---------------------------------------------------------------------------------------------
                                              5.752597   slack (MET)


Startpoint: _100_ (rising edge-triggered flip-flop clocked by gpio_in[38])
Endpoint: gpio_out[31] (output port clocked by gpio_in[38])
Path Group: gpio_in[38]
Path Type: min

Fanout         Cap        Slew       Delay        Time   Description
---------------------------------------------------------------------------------------------
                                  0.000000    0.000000   clock gpio_in[38] (rise edge)
                                  0.000000    0.000000   clock source latency
     2    0.097719    0.332243    0.247760    0.247760 ^ gpio_in[38] (in)
                                                         gpio_in[38] (net)
                      0.340334    0.000000    0.247760 ^ clkbuf_0_gpio_in[38]/A (sky130_fd_sc_hd__clkbuf_16)
     5    0.064016    0.067901    0.157751    0.405511 ^ clkbuf_0_gpio_in[38]/X (sky130_fd_sc_hd__clkbuf_16)
                                                         clknet_0_gpio_in[38] (net)
                      0.068564    0.005164    0.410675 ^ clkbuf_1_0__f_gpio_in[38]/A (sky130_fd_sc_hd__clkbuf_16)
    25    0.081334    0.075529    0.121724    0.532399 ^ clkbuf_1_0__f_gpio_in[38]/X (sky130_fd_sc_hd__clkbuf_16)
                                                         clknet_1_0__leaf_gpio_in[38] (net)
                      0.082762    0.017847    0.550247 ^ _100_/CLK (sky130_fd_sc_hd__dfrtp_1)
     4    0.013658    0.060659    0.272675    0.822921 v _100_/Q (sky130_fd_sc_hd__dfrtp_1)
                                                         gpio_22_37_output[31].cfg.gpio_out_val (net)
                      0.060659    0.000214    0.823136 v _672_/A (sky130_fd_sc_hd__clkbuf_1)
     1    0.002689    0.018501    0.067645    0.890780 v _672_/X (sky130_fd_sc_hd__clkbuf_1)
                                                         net21 (net)
                      0.018501    0.000081    0.890862 v output21/A (sky130_fd_sc_hd__buf_2)
     1    0.034680    0.063418    0.113222    1.004084 v output21/X (sky130_fd_sc_hd__buf_2)
                                                         gpio_out[31] (net)
                      0.063430    0.000821    1.004905 v gpio_out[31] (out)
                                              1.004905   data arrival time

                                  0.000000    0.000000   clock gpio_in[38] (rise edge)
                                  0.000000    0.000000   clock network delay (propagated)
                                  0.250000    0.250000   clock uncertainty
                                  0.000000    0.250000   clock reconvergence pessimism
                                 -5.000000   -4.750000   output external delay
                                             -4.750000   data required time
---------------------------------------------------------------------------------------------
                                             -4.750000   data required time
                                             -1.004905   data arrival time
---------------------------------------------------------------------------------------------
                                              5.754905   slack (MET)


Startpoint: _093_ (rising edge-triggered flip-flop clocked by gpio_in[38])
Endpoint: gpio_out[24] (output port clocked by gpio_in[38])
Path Group: gpio_in[38]
Path Type: min

Fanout         Cap        Slew       Delay        Time   Description
---------------------------------------------------------------------------------------------
                                  0.000000    0.000000   clock gpio_in[38] (rise edge)
                                  0.000000    0.000000   clock source latency
     2    0.097719    0.332243    0.247760    0.247760 ^ gpio_in[38] (in)
                                                         gpio_in[38] (net)
                      0.340334    0.000000    0.247760 ^ clkbuf_0_gpio_in[38]/A (sky130_fd_sc_hd__clkbuf_16)
     5    0.064016    0.067901    0.157751    0.405511 ^ clkbuf_0_gpio_in[38]/X (sky130_fd_sc_hd__clkbuf_16)
                                                         clknet_0_gpio_in[38] (net)
                      0.068532    0.005024    0.410535 ^ clkbuf_1_1__f_gpio_in[38]/A (sky130_fd_sc_hd__clkbuf_16)
    19    0.069276    0.066333    0.119090    0.529625 ^ clkbuf_1_1__f_gpio_in[38]/X (sky130_fd_sc_hd__clkbuf_16)
                                                         clknet_1_1__leaf_gpio_in[38] (net)
                      0.070116    0.012138    0.541763 ^ _093_/CLK (sky130_fd_sc_hd__dfrtp_1)
     3    0.010012    0.051127    0.258756    0.800519 v _093_/Q (sky130_fd_sc_hd__dfrtp_1)
                                                         gpio_22_37_output[24].cfg.gpio_out_val (net)
                      0.051128    0.000310    0.800829 v _665_/A (sky130_fd_sc_hd__buf_1)
     1    0.008431    0.038800    0.082642    0.883471 v _665_/X (sky130_fd_sc_hd__buf_1)
                                                         net13 (net)
                      0.038805    0.000454    0.883925 v output13/A (sky130_fd_sc_hd__buf_2)
     1    0.034443    0.063094    0.120854    1.004779 v output13/X (sky130_fd_sc_hd__buf_2)
                                                         gpio_out[24] (net)
                      0.063105    0.000805    1.005584 v gpio_out[24] (out)
                                              1.005584   data arrival time

                                  0.000000    0.000000   clock gpio_in[38] (rise edge)
                                  0.000000    0.000000   clock network delay (propagated)
                                  0.250000    0.250000   clock uncertainty
                                  0.000000    0.250000   clock reconvergence pessimism
                                 -5.000000   -4.750000   output external delay
                                             -4.750000   data required time
---------------------------------------------------------------------------------------------
                                             -4.750000   data required time
                                             -1.005584   data arrival time
---------------------------------------------------------------------------------------------
                                              5.755585   slack (MET)


Startpoint: _097_ (rising edge-triggered flip-flop clocked by gpio_in[38])
Endpoint: gpio_out[28] (output port clocked by gpio_in[38])
Path Group: gpio_in[38]
Path Type: min

Fanout         Cap        Slew       Delay        Time   Description
---------------------------------------------------------------------------------------------
                                  0.000000    0.000000   clock gpio_in[38] (rise edge)
                                  0.000000    0.000000   clock source latency
     2    0.097719    0.332243    0.247760    0.247760 ^ gpio_in[38] (in)
                                                         gpio_in[38] (net)
                      0.340334    0.000000    0.247760 ^ clkbuf_0_gpio_in[38]/A (sky130_fd_sc_hd__clkbuf_16)
     5    0.064016    0.067901    0.157751    0.405511 ^ clkbuf_0_gpio_in[38]/X (sky130_fd_sc_hd__clkbuf_16)
                                                         clknet_0_gpio_in[38] (net)
                      0.068564    0.005164    0.410675 ^ clkbuf_1_0__f_gpio_in[38]/A (sky130_fd_sc_hd__clkbuf_16)
    25    0.081334    0.075529    0.121724    0.532399 ^ clkbuf_1_0__f_gpio_in[38]/X (sky130_fd_sc_hd__clkbuf_16)
                                                         clknet_1_0__leaf_gpio_in[38] (net)
                      0.081666    0.016377    0.548776 ^ _097_/CLK (sky130_fd_sc_hd__dfrtp_1)
     2    0.006322    0.039088    0.248392    0.797167 v _097_/Q (sky130_fd_sc_hd__dfrtp_1)
                                                         gpio_22_37_output[28].cfg.gpio_out_val (net)
                      0.039088    0.000200    0.797368 v _669_/A (sky130_fd_sc_hd__buf_1)
     1    0.014443    0.060726    0.095083    0.892450 v _669_/X (sky130_fd_sc_hd__buf_1)
                                                         net17 (net)
                      0.060740    0.000918    0.893368 v output17/A (sky130_fd_sc_hd__buf_2)
     1    0.034318    0.062905    0.129581    1.022949 v output17/X (sky130_fd_sc_hd__buf_2)
                                                         gpio_out[28] (net)
                      0.062914    0.000732    1.023681 v gpio_out[28] (out)
                                              1.023681   data arrival time

                                  0.000000    0.000000   clock gpio_in[38] (rise edge)
                                  0.000000    0.000000   clock network delay (propagated)
                                  0.250000    0.250000   clock uncertainty
                                  0.000000    0.250000   clock reconvergence pessimism
                                 -5.000000   -4.750000   output external delay
                                             -4.750000   data required time
---------------------------------------------------------------------------------------------
                                             -4.750000   data required time
                                             -1.023681   data arrival time
---------------------------------------------------------------------------------------------
                                              5.773681   slack (MET)


Startpoint: _101_ (rising edge-triggered flip-flop clocked by gpio_in[38])
Endpoint: gpio_out[32] (output port clocked by gpio_in[38])
Path Group: gpio_in[38]
Path Type: min

Fanout         Cap        Slew       Delay        Time   Description
---------------------------------------------------------------------------------------------
                                  0.000000    0.000000   clock gpio_in[38] (rise edge)
                                  0.000000    0.000000   clock source latency
     2    0.097719    0.332243    0.247760    0.247760 ^ gpio_in[38] (in)
                                                         gpio_in[38] (net)
                      0.340334    0.000000    0.247760 ^ clkbuf_0_gpio_in[38]/A (sky130_fd_sc_hd__clkbuf_16)
     5    0.064016    0.067901    0.157751    0.405511 ^ clkbuf_0_gpio_in[38]/X (sky130_fd_sc_hd__clkbuf_16)
                                                         clknet_0_gpio_in[38] (net)
                      0.068564    0.005164    0.410675 ^ clkbuf_1_0__f_gpio_in[38]/A (sky130_fd_sc_hd__clkbuf_16)
    25    0.081334    0.075529    0.121724    0.532399 ^ clkbuf_1_0__f_gpio_in[38]/X (sky130_fd_sc_hd__clkbuf_16)
                                                         clknet_1_0__leaf_gpio_in[38] (net)
                      0.082729    0.017805    0.550204 ^ _101_/CLK (sky130_fd_sc_hd__dfrtp_1)
     4    0.014676    0.063674    0.275407    0.825611 v _101_/Q (sky130_fd_sc_hd__dfrtp_1)
                                                         gpio_22_37_output[32].cfg.gpio_out_val (net)
                      0.063675    0.000320    0.825932 v _673_/A (sky130_fd_sc_hd__clkbuf_1)
     1    0.007670    0.036267    0.084848    0.910780 v _673_/X (sky130_fd_sc_hd__clkbuf_1)
                                                         net22 (net)
                      0.036269    0.000301    0.911082 v output22/A (sky130_fd_sc_hd__buf_2)
     1    0.034388    0.062991    0.119813    1.030894 v output22/X (sky130_fd_sc_hd__buf_2)
                                                         gpio_out[32] (net)
                      0.063000    0.000747    1.031641 v gpio_out[32] (out)
                                              1.031641   data arrival time

                                  0.000000    0.000000   clock gpio_in[38] (rise edge)
                                  0.000000    0.000000   clock network delay (propagated)
                                  0.250000    0.250000   clock uncertainty
                                  0.000000    0.250000   clock reconvergence pessimism
                                 -5.000000   -4.750000   output external delay
                                             -4.750000   data required time
---------------------------------------------------------------------------------------------
                                             -4.750000   data required time
                                             -1.031641   data arrival time
---------------------------------------------------------------------------------------------
                                              5.781641   slack (MET)


Startpoint: _096_ (rising edge-triggered flip-flop clocked by gpio_in[38])
Endpoint: gpio_out[27] (output port clocked by gpio_in[38])
Path Group: gpio_in[38]
Path Type: min

Fanout         Cap        Slew       Delay        Time   Description
---------------------------------------------------------------------------------------------
                                  0.000000    0.000000   clock gpio_in[38] (rise edge)
                                  0.000000    0.000000   clock source latency
     2    0.097719    0.332243    0.247760    0.247760 ^ gpio_in[38] (in)
                                                         gpio_in[38] (net)
                      0.340334    0.000000    0.247760 ^ clkbuf_0_gpio_in[38]/A (sky130_fd_sc_hd__clkbuf_16)
     5    0.064016    0.067901    0.157751    0.405511 ^ clkbuf_0_gpio_in[38]/X (sky130_fd_sc_hd__clkbuf_16)
                                                         clknet_0_gpio_in[38] (net)
                      0.068564    0.005164    0.410675 ^ clkbuf_1_0__f_gpio_in[38]/A (sky130_fd_sc_hd__clkbuf_16)
    25    0.081334    0.075529    0.121724    0.532399 ^ clkbuf_1_0__f_gpio_in[38]/X (sky130_fd_sc_hd__clkbuf_16)
                                                         clknet_1_0__leaf_gpio_in[38] (net)
                      0.081683    0.016401    0.548800 ^ _096_/CLK (sky130_fd_sc_hd__dfrtp_1)
     4    0.011108    0.053256    0.265486    0.814286 v _096_/Q (sky130_fd_sc_hd__dfrtp_1)
                                                         gpio_22_37_output[27].cfg.gpio_out_val (net)
                      0.053257    0.000257    0.814543 v _668_/A (sky130_fd_sc_hd__buf_1)
     1    0.014022    0.059043    0.099673    0.914216 v _668_/X (sky130_fd_sc_hd__buf_1)
                                                         net16 (net)
                      0.059058    0.000896    0.915112 v output16/A (sky130_fd_sc_hd__buf_2)
     1    0.034318    0.062900    0.128897    1.044009 v output16/X (sky130_fd_sc_hd__buf_2)
                                                         gpio_out[27] (net)
                      0.062909    0.000732    1.044741 v gpio_out[27] (out)
                                              1.044741   data arrival time

                                  0.000000    0.000000   clock gpio_in[38] (rise edge)
                                  0.000000    0.000000   clock network delay (propagated)
                                  0.250000    0.250000   clock uncertainty
                                  0.000000    0.250000   clock reconvergence pessimism
                                 -5.000000   -4.750000   output external delay
                                             -4.750000   data required time
---------------------------------------------------------------------------------------------
                                             -4.750000   data required time
                                             -1.044741   data arrival time
---------------------------------------------------------------------------------------------
                                              5.794741   slack (MET)


Startpoint: _103_ (rising edge-triggered flip-flop clocked by gpio_in[38])
Endpoint: gpio_out[34] (output port clocked by gpio_in[38])
Path Group: gpio_in[38]
Path Type: min

Fanout         Cap        Slew       Delay        Time   Description
---------------------------------------------------------------------------------------------
                                  0.000000    0.000000   clock gpio_in[38] (rise edge)
                                  0.000000    0.000000   clock source latency
     2    0.097719    0.332243    0.247760    0.247760 ^ gpio_in[38] (in)
                                                         gpio_in[38] (net)
                      0.340334    0.000000    0.247760 ^ clkbuf_0_gpio_in[38]/A (sky130_fd_sc_hd__clkbuf_16)
     5    0.064016    0.067901    0.157751    0.405511 ^ clkbuf_0_gpio_in[38]/X (sky130_fd_sc_hd__clkbuf_16)
                                                         clknet_0_gpio_in[38] (net)
                      0.068532    0.005024    0.410535 ^ clkbuf_1_1__f_gpio_in[38]/A (sky130_fd_sc_hd__clkbuf_16)
    19    0.069276    0.066333    0.119090    0.529625 ^ clkbuf_1_1__f_gpio_in[38]/X (sky130_fd_sc_hd__clkbuf_16)
                                                         clknet_1_1__leaf_gpio_in[38] (net)
                      0.069720    0.011434    0.541059 ^ _103_/CLK (sky130_fd_sc_hd__dfrtp_1)
     3    0.009004    0.048306    0.254961    0.796019 v _103_/Q (sky130_fd_sc_hd__dfrtp_1)
                                                         gpio_22_37_output[34].cfg.gpio_out_val (net)
                      0.048307    0.000308    0.796328 v _675_/A (sky130_fd_sc_hd__clkbuf_2)
     3    0.025918    0.071172    0.117718    0.914046 v _675_/X (sky130_fd_sc_hd__clkbuf_2)
                                                         net24 (net)
                      0.071338    0.002541    0.916586 v output24/A (sky130_fd_sc_hd__buf_2)
     1    0.034483    0.063211    0.134031    1.050617 v output24/X (sky130_fd_sc_hd__buf_2)
                                                         gpio_out[34] (net)
                      0.063222    0.000820    1.051437 v gpio_out[34] (out)
                                              1.051437   data arrival time

                                  0.000000    0.000000   clock gpio_in[38] (rise edge)
                                  0.000000    0.000000   clock network delay (propagated)
                                  0.250000    0.250000   clock uncertainty
                                  0.000000    0.250000   clock reconvergence pessimism
                                 -5.000000   -4.750000   output external delay
                                             -4.750000   data required time
---------------------------------------------------------------------------------------------
                                             -4.750000   data required time
                                             -1.051437   data arrival time
---------------------------------------------------------------------------------------------
                                              5.801437   slack (MET)


Startpoint: _104_ (rising edge-triggered flip-flop clocked by gpio_in[38])
Endpoint: gpio_out[35] (output port clocked by gpio_in[38])
Path Group: gpio_in[38]
Path Type: min

Fanout         Cap        Slew       Delay        Time   Description
---------------------------------------------------------------------------------------------
                                  0.000000    0.000000   clock gpio_in[38] (rise edge)
                                  0.000000    0.000000   clock source latency
     2    0.097719    0.332243    0.247760    0.247760 ^ gpio_in[38] (in)
                                                         gpio_in[38] (net)
                      0.340334    0.000000    0.247760 ^ clkbuf_0_gpio_in[38]/A (sky130_fd_sc_hd__clkbuf_16)
     5    0.064016    0.067901    0.157751    0.405511 ^ clkbuf_0_gpio_in[38]/X (sky130_fd_sc_hd__clkbuf_16)
                                                         clknet_0_gpio_in[38] (net)
                      0.068532    0.005024    0.410535 ^ clkbuf_1_1__f_gpio_in[38]/A (sky130_fd_sc_hd__clkbuf_16)
    19    0.069276    0.066333    0.119090    0.529625 ^ clkbuf_1_1__f_gpio_in[38]/X (sky130_fd_sc_hd__clkbuf_16)
                                                         clknet_1_1__leaf_gpio_in[38] (net)
                      0.069728    0.011448    0.541073 ^ _104_/CLK (sky130_fd_sc_hd__dfrtp_1)
     3    0.008571    0.046743    0.253457    0.794530 v _104_/Q (sky130_fd_sc_hd__dfrtp_1)
                                                         gpio_22_37_output[35].cfg.gpio_out_val (net)
                      0.046743    0.000195    0.794725 v _676_/A (sky130_fd_sc_hd__clkbuf_2)
     3    0.029700    0.081087    0.123380    0.918105 v _676_/X (sky130_fd_sc_hd__clkbuf_2)
                                                         net25 (net)
                      0.081311    0.003287    0.921392 v output25/A (sky130_fd_sc_hd__buf_2)
     1    0.034521    0.063296    0.138129    1.059521 v output25/X (sky130_fd_sc_hd__buf_2)
                                                         gpio_out[35] (net)
                      0.063308    0.000825    1.060345 v gpio_out[35] (out)
                                              1.060345   data arrival time

                                  0.000000    0.000000   clock gpio_in[38] (rise edge)
                                  0.000000    0.000000   clock network delay (propagated)
                                  0.250000    0.250000   clock uncertainty
                                  0.000000    0.250000   clock reconvergence pessimism
                                 -5.000000   -4.750000   output external delay
                                             -4.750000   data required time
---------------------------------------------------------------------------------------------
                                             -4.750000   data required time
                                             -1.060345   data arrival time
---------------------------------------------------------------------------------------------
                                              5.810345   slack (MET)


Startpoint: _105_ (rising edge-triggered flip-flop clocked by gpio_in[38])
Endpoint: gpio_out[36] (output port clocked by gpio_in[38])
Path Group: gpio_in[38]
Path Type: min

Fanout         Cap        Slew       Delay        Time   Description
---------------------------------------------------------------------------------------------
                                  0.000000    0.000000   clock gpio_in[38] (rise edge)
                                  0.000000    0.000000   clock source latency
     2    0.097719    0.332243    0.247760    0.247760 ^ gpio_in[38] (in)
                                                         gpio_in[38] (net)
                      0.340334    0.000000    0.247760 ^ clkbuf_0_gpio_in[38]/A (sky130_fd_sc_hd__clkbuf_16)
     5    0.064016    0.067901    0.157751    0.405511 ^ clkbuf_0_gpio_in[38]/X (sky130_fd_sc_hd__clkbuf_16)
                                                         clknet_0_gpio_in[38] (net)
                      0.068532    0.005024    0.410535 ^ clkbuf_1_1__f_gpio_in[38]/A (sky130_fd_sc_hd__clkbuf_16)
    19    0.069276    0.066333    0.119090    0.529625 ^ clkbuf_1_1__f_gpio_in[38]/X (sky130_fd_sc_hd__clkbuf_16)
                                                         clknet_1_1__leaf_gpio_in[38] (net)
                      0.069735    0.011461    0.541086 ^ _105_/CLK (sky130_fd_sc_hd__dfrtp_1)
     3    0.009201    0.048971    0.255721    0.796807 v _105_/Q (sky130_fd_sc_hd__dfrtp_1)
                                                         gpio_22_37_output[36].cfg.gpio_out_val (net)
                      0.048972    0.000246    0.797053 v _677_/A (sky130_fd_sc_hd__clkbuf_1)
     3    0.022442    0.090888    0.121393    0.918446 v _677_/X (sky130_fd_sc_hd__clkbuf_1)
                                                         net26 (net)
                      0.090981    0.002054    0.920500 v output26/A (sky130_fd_sc_hd__buf_2)
     1    0.034537    0.063346    0.142077    1.062577 v output26/X (sky130_fd_sc_hd__buf_2)
                                                         gpio_out[36] (net)
                      0.063358    0.000825    1.063402 v gpio_out[36] (out)
                                              1.063402   data arrival time

                                  0.000000    0.000000   clock gpio_in[38] (rise edge)
                                  0.000000    0.000000   clock network delay (propagated)
                                  0.250000    0.250000   clock uncertainty
                                  0.000000    0.250000   clock reconvergence pessimism
                                 -5.000000   -4.750000   output external delay
                                             -4.750000   data required time
---------------------------------------------------------------------------------------------
                                             -4.750000   data required time
                                             -1.063402   data arrival time
---------------------------------------------------------------------------------------------
                                              5.813402   slack (MET)


Startpoint: _088_ (rising edge-triggered flip-flop clocked by gpio_in[38])
Endpoint: gpio_out[3] (output port clocked by gpio_in[38])
Path Group: gpio_in[38]
Path Type: min

Fanout         Cap        Slew       Delay        Time   Description
---------------------------------------------------------------------------------------------
                                  0.000000    0.000000   clock gpio_in[38] (rise edge)
                                  0.000000    0.000000   clock source latency
     2    0.097719    0.332243    0.247760    0.247760 ^ gpio_in[38] (in)
                                                         gpio_in[38] (net)
                      0.340334    0.000000    0.247760 ^ clkbuf_0_gpio_in[38]/A (sky130_fd_sc_hd__clkbuf_16)
     5    0.064016    0.067901    0.157751    0.405511 ^ clkbuf_0_gpio_in[38]/X (sky130_fd_sc_hd__clkbuf_16)
                                                         clknet_0_gpio_in[38] (net)
                      0.068564    0.005164    0.410675 ^ clkbuf_1_0__f_gpio_in[38]/A (sky130_fd_sc_hd__clkbuf_16)
    25    0.081334    0.075529    0.121724    0.532399 ^ clkbuf_1_0__f_gpio_in[38]/X (sky130_fd_sc_hd__clkbuf_16)
                                                         clknet_1_0__leaf_gpio_in[38] (net)
                      0.082010    0.016849    0.549249 ^ _088_/CLK (sky130_fd_sc_hd__dfrtp_1)
     5    0.013274    0.059554    0.271390    0.820638 v _088_/Q (sky130_fd_sc_hd__dfrtp_1)
                                                         gpio_18_21_bidir[19].cfg.gpio_out_val (net)
                      0.059555    0.000365    0.821003 v _656_/A (sky130_fd_sc_hd__buf_1)
     1    0.017447    0.072020    0.111509    0.932512 v _656_/X (sky130_fd_sc_hd__buf_1)
                                                         net28 (net)
                      0.072048    0.001341    0.933853 v output28/A (sky130_fd_sc_hd__buf_2)
     1    0.034323    0.062943    0.134181    1.068034 v output28/X (sky130_fd_sc_hd__buf_2)
                                                         gpio_out[3] (net)
                      0.062952    0.000732    1.068766 v gpio_out[3] (out)
                                              1.068766   data arrival time

                                  0.000000    0.000000   clock gpio_in[38] (rise edge)
                                  0.000000    0.000000   clock network delay (propagated)
                                  0.250000    0.250000   clock uncertainty
                                  0.000000    0.250000   clock reconvergence pessimism
                                 -5.000000   -4.750000   output external delay
                                             -4.750000   data required time
---------------------------------------------------------------------------------------------
                                             -4.750000   data required time
                                             -1.068766   data arrival time
---------------------------------------------------------------------------------------------
                                              5.818766   slack (MET)


Startpoint: _095_ (rising edge-triggered flip-flop clocked by gpio_in[38])
Endpoint: gpio_out[26] (output port clocked by gpio_in[38])
Path Group: gpio_in[38]
Path Type: min

Fanout         Cap        Slew       Delay        Time   Description
---------------------------------------------------------------------------------------------
                                  0.000000    0.000000   clock gpio_in[38] (rise edge)
                                  0.000000    0.000000   clock source latency
     2    0.097719    0.332243    0.247760    0.247760 ^ gpio_in[38] (in)
                                                         gpio_in[38] (net)
                      0.340334    0.000000    0.247760 ^ clkbuf_0_gpio_in[38]/A (sky130_fd_sc_hd__clkbuf_16)
     5    0.064016    0.067901    0.157751    0.405511 ^ clkbuf_0_gpio_in[38]/X (sky130_fd_sc_hd__clkbuf_16)
                                                         clknet_0_gpio_in[38] (net)
                      0.068564    0.005164    0.410675 ^ clkbuf_1_0__f_gpio_in[38]/A (sky130_fd_sc_hd__clkbuf_16)
    25    0.081334    0.075529    0.121724    0.532399 ^ clkbuf_1_0__f_gpio_in[38]/X (sky130_fd_sc_hd__clkbuf_16)
                                                         clknet_1_0__leaf_gpio_in[38] (net)
                      0.080482    0.014660    0.547060 ^ _095_/CLK (sky130_fd_sc_hd__dfrtp_2)
     3    0.011384    0.043949    0.271980    0.819039 v _095_/Q (sky130_fd_sc_hd__dfrtp_2)
                                                         gpio_22_37_output[26].cfg.gpio_out_val (net)
                      0.043950    0.000280    0.819320 v _667_/A (sky130_fd_sc_hd__buf_6)
     3    0.103191    0.060039    0.114178    0.933498 v _667_/X (sky130_fd_sc_hd__buf_6)
                                                         net15 (net)
                      0.104099    0.041938    0.975436 v output15/A (sky130_fd_sc_hd__buf_2)
     1    0.034443    0.063237    0.147300    1.122736 v output15/X (sky130_fd_sc_hd__buf_2)
                                                         gpio_out[26] (net)
                      0.063248    0.000805    1.123542 v gpio_out[26] (out)
                                              1.123542   data arrival time

                                  0.000000    0.000000   clock gpio_in[38] (rise edge)
                                  0.000000    0.000000   clock network delay (propagated)
                                  0.250000    0.250000   clock uncertainty
                                  0.000000    0.250000   clock reconvergence pessimism
                                 -5.000000   -4.750000   output external delay
                                             -4.750000   data required time
---------------------------------------------------------------------------------------------
                                             -4.750000   data required time
                                             -1.123542   data arrival time
---------------------------------------------------------------------------------------------
                                              5.873542   slack (MET)


Startpoint: gpio_in[0] (input port clocked by gpio_in[38])
Endpoint: gpio_oeb[19] (output port clocked by gpio_in[38])
Path Group: gpio_in[38]
Path Type: min

Fanout         Cap        Slew       Delay        Time   Description
---------------------------------------------------------------------------------------------
                                  0.000000    0.000000   clock gpio_in[38] (rise edge)
                                  0.000000    0.000000   clock network delay (propagated)
                                  5.000000    5.000000 ^ input external delay
     2    0.004145    0.018730    0.010763    5.010763 ^ gpio_in[0] (in)
                                                         gpio_in[0] (net)
                      0.018730    0.000000    5.010763 ^ input1/A (sky130_fd_sc_hd__clkbuf_4)
     3    0.047510    0.113224    0.137979    5.148742 ^ input1/X (sky130_fd_sc_hd__clkbuf_4)
                                                         net1 (net)
                      0.114671    0.010207    5.158949 ^ _044_/A (sky130_fd_sc_hd__inv_2)
     9    0.046286    0.081732    0.084661    5.243610 v _044_/Y (sky130_fd_sc_hd__inv_2)
                                                         bidir_oeb (net)
                      0.083325    0.008997    5.252607 v _652_/A (sky130_fd_sc_hd__clkbuf_1)
     1    0.002057    0.017134    0.072901    5.325508 v _652_/X (sky130_fd_sc_hd__clkbuf_1)
                                                         net4 (net)
                      0.017134    0.000057    5.325565 v output4/A (sky130_fd_sc_hd__buf_2)
     1    0.034323    0.062847    0.112348    5.437914 v output4/X (sky130_fd_sc_hd__buf_2)
                                                         gpio_oeb[19] (net)
                      0.062856    0.000732    5.438646 v gpio_oeb[19] (out)
                                              5.438646   data arrival time

                                  0.000000    0.000000   clock gpio_in[38] (rise edge)
                                  0.000000    0.000000   clock network delay (propagated)
                                  0.250000    0.250000   clock uncertainty
                                  0.000000    0.250000   clock reconvergence pessimism
                                 -5.000000   -4.750000   output external delay
                                             -4.750000   data required time
---------------------------------------------------------------------------------------------
                                             -4.750000   data required time
                                             -5.438646   data arrival time
---------------------------------------------------------------------------------------------
                                             10.188646   slack (MET)


Startpoint: gpio_in[0] (input port clocked by gpio_in[38])
Endpoint: gpio_oeb[20] (output port clocked by gpio_in[38])
Path Group: gpio_in[38]
Path Type: min

Fanout         Cap        Slew       Delay        Time   Description
---------------------------------------------------------------------------------------------
                                  0.000000    0.000000   clock gpio_in[38] (rise edge)
                                  0.000000    0.000000   clock network delay (propagated)
                                  5.000000    5.000000 ^ input external delay
     2    0.004145    0.018730    0.010763    5.010763 ^ gpio_in[0] (in)
                                                         gpio_in[0] (net)
                      0.018730    0.000000    5.010763 ^ input1/A (sky130_fd_sc_hd__clkbuf_4)
     3    0.047510    0.113224    0.137979    5.148742 ^ input1/X (sky130_fd_sc_hd__clkbuf_4)
                                                         net1 (net)
                      0.114671    0.010207    5.158949 ^ _044_/A (sky130_fd_sc_hd__inv_2)
     9    0.046286    0.081732    0.084661    5.243610 v _044_/Y (sky130_fd_sc_hd__inv_2)
                                                         bidir_oeb (net)
                      0.083313    0.008964    5.252574 v _653_/A (sky130_fd_sc_hd__clkbuf_1)
     1    0.002059    0.017140    0.072905    5.325480 v _653_/X (sky130_fd_sc_hd__clkbuf_1)
                                                         net5 (net)
                      0.017140    0.000057    5.325537 v output5/A (sky130_fd_sc_hd__buf_2)
     1    0.034388    0.062949    0.112423    5.437960 v output5/X (sky130_fd_sc_hd__buf_2)
                                                         gpio_oeb[20] (net)
                      0.062958    0.000747    5.438707 v gpio_oeb[20] (out)
                                              5.438707   data arrival time

                                  0.000000    0.000000   clock gpio_in[38] (rise edge)
                                  0.000000    0.000000   clock network delay (propagated)
                                  0.250000    0.250000   clock uncertainty
                                  0.000000    0.250000   clock reconvergence pessimism
                                 -5.000000   -4.750000   output external delay
                                             -4.750000   data required time
---------------------------------------------------------------------------------------------
                                             -4.750000   data required time
                                             -5.438707   data arrival time
---------------------------------------------------------------------------------------------
                                             10.188707   slack (MET)


Startpoint: gpio_in[0] (input port clocked by gpio_in[38])
Endpoint: gpio_oeb[18] (output port clocked by gpio_in[38])
Path Group: gpio_in[38]
Path Type: min

Fanout         Cap        Slew       Delay        Time   Description
---------------------------------------------------------------------------------------------
                                  0.000000    0.000000   clock gpio_in[38] (rise edge)
                                  0.000000    0.000000   clock network delay (propagated)
                                  5.000000    5.000000 ^ input external delay
     2    0.004145    0.018730    0.010763    5.010763 ^ gpio_in[0] (in)
                                                         gpio_in[0] (net)
                      0.018730    0.000000    5.010763 ^ input1/A (sky130_fd_sc_hd__clkbuf_4)
     3    0.047510    0.113224    0.137979    5.148742 ^ input1/X (sky130_fd_sc_hd__clkbuf_4)
                                                         net1 (net)
                      0.114671    0.010207    5.158949 ^ _044_/A (sky130_fd_sc_hd__inv_2)
     9    0.046286    0.081732    0.084661    5.243610 v _044_/Y (sky130_fd_sc_hd__inv_2)
                                                         bidir_oeb (net)
                      0.083142    0.008471    5.252081 v _651_/A (sky130_fd_sc_hd__clkbuf_1)
     1    0.002469    0.018508    0.074443    5.326524 v _651_/X (sky130_fd_sc_hd__clkbuf_1)
                                                         net3 (net)
                      0.018508    0.000070    5.326594 v output3/A (sky130_fd_sc_hd__buf_2)
     1    0.034393    0.062965    0.112914    5.439507 v output3/X (sky130_fd_sc_hd__buf_2)
                                                         gpio_oeb[18] (net)
                      0.062974    0.000747    5.440255 v gpio_oeb[18] (out)
                                              5.440255   data arrival time

                                  0.000000    0.000000   clock gpio_in[38] (rise edge)
                                  0.000000    0.000000   clock network delay (propagated)
                                  0.250000    0.250000   clock uncertainty
                                  0.000000    0.250000   clock reconvergence pessimism
                                 -5.000000   -4.750000   output external delay
                                             -4.750000   data required time
---------------------------------------------------------------------------------------------
                                             -4.750000   data required time
                                             -5.440255   data arrival time
---------------------------------------------------------------------------------------------
                                             10.190254   slack (MET)


Startpoint: gpio_in[0] (input port clocked by gpio_in[38])
Endpoint: gpio_oeb[21] (output port clocked by gpio_in[38])
Path Group: gpio_in[38]
Path Type: min

Fanout         Cap        Slew       Delay        Time   Description
---------------------------------------------------------------------------------------------
                                  0.000000    0.000000   clock gpio_in[38] (rise edge)
                                  0.000000    0.000000   clock network delay (propagated)
                                  5.000000    5.000000 ^ input external delay
     2    0.004145    0.018730    0.010763    5.010763 ^ gpio_in[0] (in)
                                                         gpio_in[0] (net)
                      0.018730    0.000000    5.010763 ^ input1/A (sky130_fd_sc_hd__clkbuf_4)
     3    0.047510    0.113224    0.137979    5.148742 ^ input1/X (sky130_fd_sc_hd__clkbuf_4)
                                                         net1 (net)
                      0.114671    0.010207    5.158949 ^ _044_/A (sky130_fd_sc_hd__inv_2)
     9    0.046286    0.081732    0.084661    5.243610 v _044_/Y (sky130_fd_sc_hd__inv_2)
                                                         bidir_oeb (net)
                      0.083325    0.008999    5.252609 v _654_/A (sky130_fd_sc_hd__clkbuf_1)
     1    0.005927    0.030451    0.086219    5.338827 v _654_/X (sky130_fd_sc_hd__clkbuf_1)
                                                         net6 (net)
                      0.030452    0.000216    5.339043 v output6/A (sky130_fd_sc_hd__buf_2)
     1    0.034393    0.062996    0.117488    5.456532 v output6/X (sky130_fd_sc_hd__buf_2)
                                                         gpio_oeb[21] (net)
                      0.063005    0.000747    5.457278 v gpio_oeb[21] (out)
                                              5.457278   data arrival time

                                  0.000000    0.000000   clock gpio_in[38] (rise edge)
                                  0.000000    0.000000   clock network delay (propagated)
                                  0.250000    0.250000   clock uncertainty
                                  0.000000    0.250000   clock reconvergence pessimism
                                 -5.000000   -4.750000   output external delay
                                             -4.750000   data required time
---------------------------------------------------------------------------------------------
                                             -4.750000   data required time
                                             -5.457278   data arrival time
---------------------------------------------------------------------------------------------
                                             10.207279   slack (MET)



