
===========================================================================
report_checks -path_delay max (Setup)
============================================================================
======================= nom_ss_100C_1v60 Corner ===================================

Startpoint: gpio_in[0] (input port clocked by gpio_in[38])
Endpoint: gpio_oeb[21] (output port clocked by gpio_in[38])
Path Group: gpio_in[38]
Path Type: max

Fanout         Cap        Slew       Delay        Time   Description
---------------------------------------------------------------------------------------------
                                  0.000000    0.000000   clock gpio_in[38] (rise edge)
                                  0.000000    0.000000   clock network delay (propagated)
                                  5.000000    5.000000 v input external delay
     2    0.004045    0.023314    0.013145    5.013145 v gpio_in[0] (in)
                                                         gpio_in[0] (net)
                      0.023314    0.000000    5.013145 v input1/A (sky130_fd_sc_hd__clkbuf_4)
     3    0.047458    0.181540    0.332055    5.345201 v input1/X (sky130_fd_sc_hd__clkbuf_4)
                                                         net1 (net)
                      0.182413    0.010184    5.355385 v _044_/A (sky130_fd_sc_hd__inv_2)
     9    0.047681    0.348044    0.340743    5.696128 ^ _044_/Y (sky130_fd_sc_hd__inv_2)
                                                         bidir_oeb (net)
                      0.348417    0.009452    5.705580 ^ _654_/A (sky130_fd_sc_hd__clkbuf_1)
     1    0.005961    0.129795    0.290602    5.996181 ^ _654_/X (sky130_fd_sc_hd__clkbuf_1)
                                                         net6 (net)
                      0.129795    0.000218    5.996399 ^ output6/A (sky130_fd_sc_hd__buf_2)
     1    0.034393    0.273198    0.372056    6.368455 ^ output6/X (sky130_fd_sc_hd__buf_2)
                                                         gpio_oeb[21] (net)
                      0.273198    0.000748    6.369203 ^ gpio_oeb[21] (out)
                                              6.369203   data arrival time

                                 25.000000   25.000000   clock gpio_in[38] (rise edge)
                                  0.000000   25.000000   clock network delay (propagated)
                                 -0.250000   24.750000   clock uncertainty
                                  0.000000   24.750000   clock reconvergence pessimism
                                 -5.000000   19.750000   output external delay
                                             19.750000   data required time
---------------------------------------------------------------------------------------------
                                             19.750000   data required time
                                             -6.369203   data arrival time
---------------------------------------------------------------------------------------------
                                             13.380796   slack (MET)


Startpoint: gpio_in[0] (input port clocked by gpio_in[38])
Endpoint: gpio_oeb[18] (output port clocked by gpio_in[38])
Path Group: gpio_in[38]
Path Type: max

Fanout         Cap        Slew       Delay        Time   Description
---------------------------------------------------------------------------------------------
                                  0.000000    0.000000   clock gpio_in[38] (rise edge)
                                  0.000000    0.000000   clock network delay (propagated)
                                  5.000000    5.000000 v input external delay
     2    0.004045    0.023314    0.013145    5.013145 v gpio_in[0] (in)
                                                         gpio_in[0] (net)
                      0.023314    0.000000    5.013145 v input1/A (sky130_fd_sc_hd__clkbuf_4)
     3    0.047458    0.181540    0.332055    5.345201 v input1/X (sky130_fd_sc_hd__clkbuf_4)
                                                         net1 (net)
                      0.182413    0.010184    5.355385 v _044_/A (sky130_fd_sc_hd__inv_2)
     9    0.047681    0.348044    0.340743    5.696128 ^ _044_/Y (sky130_fd_sc_hd__inv_2)
                                                         bidir_oeb (net)
                      0.348372    0.008876    5.705005 ^ _651_/A (sky130_fd_sc_hd__clkbuf_1)
     1    0.002503    0.070462    0.244330    5.949335 ^ _651_/X (sky130_fd_sc_hd__clkbuf_1)
                                                         net3 (net)
                      0.070462    0.000071    5.949405 ^ output3/A (sky130_fd_sc_hd__buf_2)
     1    0.034393    0.273089    0.344320    6.293725 ^ output3/X (sky130_fd_sc_hd__buf_2)
                                                         gpio_oeb[18] (net)
                      0.273089    0.000748    6.294473 ^ gpio_oeb[18] (out)
                                              6.294473   data arrival time

                                 25.000000   25.000000   clock gpio_in[38] (rise edge)
                                  0.000000   25.000000   clock network delay (propagated)
                                 -0.250000   24.750000   clock uncertainty
                                  0.000000   24.750000   clock reconvergence pessimism
                                 -5.000000   19.750000   output external delay
                                             19.750000   data required time
---------------------------------------------------------------------------------------------
                                             19.750000   data required time
                                             -6.294473   data arrival time
---------------------------------------------------------------------------------------------
                                             13.455527   slack (MET)


Startpoint: gpio_in[0] (input port clocked by gpio_in[38])
Endpoint: gpio_oeb[20] (output port clocked by gpio_in[38])
Path Group: gpio_in[38]
Path Type: max

Fanout         Cap        Slew       Delay        Time   Description
---------------------------------------------------------------------------------------------
                                  0.000000    0.000000   clock gpio_in[38] (rise edge)
                                  0.000000    0.000000   clock network delay (propagated)
                                  5.000000    5.000000 v input external delay
     2    0.004045    0.023314    0.013145    5.013145 v gpio_in[0] (in)
                                                         gpio_in[0] (net)
                      0.023314    0.000000    5.013145 v input1/A (sky130_fd_sc_hd__clkbuf_4)
     3    0.047458    0.181540    0.332055    5.345201 v input1/X (sky130_fd_sc_hd__clkbuf_4)
                                                         net1 (net)
                      0.182413    0.010184    5.355385 v _044_/A (sky130_fd_sc_hd__inv_2)
     9    0.047681    0.348044    0.340743    5.696128 ^ _044_/Y (sky130_fd_sc_hd__inv_2)
                                                         bidir_oeb (net)
                      0.348414    0.009413    5.705541 ^ _653_/A (sky130_fd_sc_hd__clkbuf_1)
     1    0.002093    0.063952    0.238717    5.944258 ^ _653_/X (sky130_fd_sc_hd__clkbuf_1)
                                                         net5 (net)
                      0.063952    0.000058    5.944316 ^ output5/A (sky130_fd_sc_hd__buf_2)
     1    0.034388    0.273045    0.341312    6.285628 ^ output5/X (sky130_fd_sc_hd__buf_2)
                                                         gpio_oeb[20] (net)
                      0.273045    0.000748    6.286376 ^ gpio_oeb[20] (out)
                                              6.286376   data arrival time

                                 25.000000   25.000000   clock gpio_in[38] (rise edge)
                                  0.000000   25.000000   clock network delay (propagated)
                                 -0.250000   24.750000   clock uncertainty
                                  0.000000   24.750000   clock reconvergence pessimism
                                 -5.000000   19.750000   output external delay
                                             19.750000   data required time
---------------------------------------------------------------------------------------------
                                             19.750000   data required time
                                             -6.286376   data arrival time
---------------------------------------------------------------------------------------------
                                             13.463623   slack (MET)


Startpoint: gpio_in[0] (input port clocked by gpio_in[38])
Endpoint: gpio_oeb[19] (output port clocked by gpio_in[38])
Path Group: gpio_in[38]
Path Type: max

Fanout         Cap        Slew       Delay        Time   Description
---------------------------------------------------------------------------------------------
                                  0.000000    0.000000   clock gpio_in[38] (rise edge)
                                  0.000000    0.000000   clock network delay (propagated)
                                  5.000000    5.000000 v input external delay
     2    0.004045    0.023314    0.013145    5.013145 v gpio_in[0] (in)
                                                         gpio_in[0] (net)
                      0.023314    0.000000    5.013145 v input1/A (sky130_fd_sc_hd__clkbuf_4)
     3    0.047458    0.181540    0.332055    5.345201 v input1/X (sky130_fd_sc_hd__clkbuf_4)
                                                         net1 (net)
                      0.182413    0.010184    5.355385 v _044_/A (sky130_fd_sc_hd__inv_2)
     9    0.047681    0.348044    0.340743    5.696128 ^ _044_/Y (sky130_fd_sc_hd__inv_2)
                                                         bidir_oeb (net)
                      0.348417    0.009450    5.705578 ^ _652_/A (sky130_fd_sc_hd__clkbuf_1)
     1    0.002091    0.063919    0.238688    5.944266 ^ _652_/X (sky130_fd_sc_hd__clkbuf_1)
                                                         net4 (net)
                      0.063919    0.000058    5.944324 ^ output4/A (sky130_fd_sc_hd__buf_2)
     1    0.034323    0.272556    0.340959    6.285283 ^ output4/X (sky130_fd_sc_hd__buf_2)
                                                         gpio_oeb[19] (net)
                      0.272556    0.000733    6.286016 ^ gpio_oeb[19] (out)
                                              6.286016   data arrival time

                                 25.000000   25.000000   clock gpio_in[38] (rise edge)
                                  0.000000   25.000000   clock network delay (propagated)
                                 -0.250000   24.750000   clock uncertainty
                                  0.000000   24.750000   clock reconvergence pessimism
                                 -5.000000   19.750000   output external delay
                                             19.750000   data required time
---------------------------------------------------------------------------------------------
                                             19.750000   data required time
                                             -6.286016   data arrival time
---------------------------------------------------------------------------------------------
                                             13.463984   slack (MET)


Startpoint: _105_ (rising edge-triggered flip-flop clocked by gpio_in[38])
Endpoint: gpio_out[36] (output port clocked by gpio_in[38])
Path Group: gpio_in[38]
Path Type: max

Fanout         Cap        Slew       Delay        Time   Description
---------------------------------------------------------------------------------------------
                                  0.000000    0.000000   clock gpio_in[38] (rise edge)
                                  0.000000    0.000000   clock source latency
     2    0.097852    0.706251    0.509263    0.509263 ^ gpio_in[38] (in)
                                                         gpio_in[38] (net)
                      0.709941    0.000000    0.509263 ^ clkbuf_0_gpio_in[38]/A (sky130_fd_sc_hd__clkbuf_16)
     5    0.064484    0.134284    0.534576    1.043839 ^ clkbuf_0_gpio_in[38]/X (sky130_fd_sc_hd__clkbuf_16)
                                                         clknet_0_gpio_in[38] (net)
                      0.134531    0.005076    1.048915 ^ clkbuf_1_1__f_gpio_in[38]/A (sky130_fd_sc_hd__clkbuf_16)
    19    0.069682    0.134044    0.308046    1.356961 ^ clkbuf_1_1__f_gpio_in[38]/X (sky130_fd_sc_hd__clkbuf_16)
                                                         clknet_1_1__leaf_gpio_in[38] (net)
                      0.135745    0.011687    1.368648 ^ _105_/CLK (sky130_fd_sc_hd__dfrtp_1)
     3    0.009138    0.154877    0.737859    2.106508 ^ _105_/Q (sky130_fd_sc_hd__dfrtp_1)
                                                         gpio_22_37_output[36].cfg.gpio_out_val (net)
                      0.154877    0.000246    2.106753 ^ _677_/A (sky130_fd_sc_hd__clkbuf_1)
     3    0.022946    0.437742    0.447812    2.554565 ^ _677_/X (sky130_fd_sc_hd__clkbuf_1)
                                                         net26 (net)
                      0.437756    0.002096    2.556661 ^ output26/A (sky130_fd_sc_hd__buf_2)
     1    0.034537    0.275450    0.499902    3.056564 ^ output26/X (sky130_fd_sc_hd__buf_2)
                                                         gpio_out[36] (net)
                      0.275450    0.000826    3.057389 ^ gpio_out[36] (out)
                                              3.057389   data arrival time

                                 25.000000   25.000000   clock gpio_in[38] (rise edge)
                                  0.000000   25.000000   clock network delay (propagated)
                                 -0.250000   24.750000   clock uncertainty
                                  0.000000   24.750000   clock reconvergence pessimism
                                 -5.000000   19.750000   output external delay
                                             19.750000   data required time
---------------------------------------------------------------------------------------------
                                             19.750000   data required time
                                             -3.057389   data arrival time
---------------------------------------------------------------------------------------------
                                             16.692610   slack (MET)


Startpoint: _095_ (rising edge-triggered flip-flop clocked by gpio_in[38])
Endpoint: gpio_out[26] (output port clocked by gpio_in[38])
Path Group: gpio_in[38]
Path Type: max

Fanout         Cap        Slew       Delay        Time   Description
---------------------------------------------------------------------------------------------
                                  0.000000    0.000000   clock gpio_in[38] (rise edge)
                                  0.000000    0.000000   clock source latency
     2    0.097852    0.706251    0.509263    0.509263 ^ gpio_in[38] (in)
                                                         gpio_in[38] (net)
                      0.709941    0.000000    0.509263 ^ clkbuf_0_gpio_in[38]/A (sky130_fd_sc_hd__clkbuf_16)
     5    0.064484    0.134284    0.534576    1.043839 ^ clkbuf_0_gpio_in[38]/X (sky130_fd_sc_hd__clkbuf_16)
                                                         clknet_0_gpio_in[38] (net)
                      0.134548    0.005218    1.049058 ^ clkbuf_1_0__f_gpio_in[38]/A (sky130_fd_sc_hd__clkbuf_16)
    25    0.081756    0.152072    0.317218    1.366275 ^ clkbuf_1_0__f_gpio_in[38]/X (sky130_fd_sc_hd__clkbuf_16)
                                                         clknet_1_0__leaf_gpio_in[38] (net)
                      0.154536    0.015043    1.381319 ^ _095_/CLK (sky130_fd_sc_hd__dfrtp_2)
     3    0.011614    0.129494    0.780993    2.162312 ^ _095_/Q (sky130_fd_sc_hd__dfrtp_2)
                                                         gpio_22_37_output[26].cfg.gpio_out_val (net)
                      0.129494    0.000293    2.162604 ^ _667_/A (sky130_fd_sc_hd__buf_6)
     3    0.103695    0.330792    0.380049    2.542653 ^ _667_/X (sky130_fd_sc_hd__buf_6)
                                                         net15 (net)
                      0.341812    0.047510    2.590163 ^ output15/A (sky130_fd_sc_hd__buf_2)
     1    0.034443    0.274306    0.462171    3.052334 ^ output15/X (sky130_fd_sc_hd__buf_2)
                                                         gpio_out[26] (net)
                      0.274306    0.000806    3.053140 ^ gpio_out[26] (out)
                                              3.053140   data arrival time

                                 25.000000   25.000000   clock gpio_in[38] (rise edge)
                                  0.000000   25.000000   clock network delay (propagated)
                                 -0.250000   24.750000   clock uncertainty
                                  0.000000   24.750000   clock reconvergence pessimism
                                 -5.000000   19.750000   output external delay
                                             19.750000   data required time
---------------------------------------------------------------------------------------------
                                             19.750000   data required time
                                             -3.053140   data arrival time
---------------------------------------------------------------------------------------------
                                             16.696859   slack (MET)


Startpoint: _088_ (rising edge-triggered flip-flop clocked by gpio_in[38])
Endpoint: gpio_out[3] (output port clocked by gpio_in[38])
Path Group: gpio_in[38]
Path Type: max

Fanout         Cap        Slew       Delay        Time   Description
---------------------------------------------------------------------------------------------
                                  0.000000    0.000000   clock gpio_in[38] (rise edge)
                                  0.000000    0.000000   clock source latency
     2    0.097852    0.706251    0.509263    0.509263 ^ gpio_in[38] (in)
                                                         gpio_in[38] (net)
                      0.709941    0.000000    0.509263 ^ clkbuf_0_gpio_in[38]/A (sky130_fd_sc_hd__clkbuf_16)
     5    0.064484    0.134284    0.534576    1.043839 ^ clkbuf_0_gpio_in[38]/X (sky130_fd_sc_hd__clkbuf_16)
                                                         clknet_0_gpio_in[38] (net)
                      0.134548    0.005218    1.049058 ^ clkbuf_1_0__f_gpio_in[38]/A (sky130_fd_sc_hd__clkbuf_16)
    25    0.081756    0.152072    0.317218    1.366275 ^ clkbuf_1_0__f_gpio_in[38]/X (sky130_fd_sc_hd__clkbuf_16)
                                                         clknet_1_0__leaf_gpio_in[38] (net)
                      0.155354    0.017396    1.383672 ^ _088_/CLK (sky130_fd_sc_hd__dfrtp_1)
     5    0.013483    0.206844    0.792851    2.176523 ^ _088_/Q (sky130_fd_sc_hd__dfrtp_1)
                                                         gpio_18_21_bidir[19].cfg.gpio_out_val (net)
                      0.206844    0.000370    2.176893 ^ _656_/A (sky130_fd_sc_hd__buf_1)
     1    0.017481    0.336991    0.398248    2.575141 ^ _656_/X (sky130_fd_sc_hd__buf_1)
                                                         net28 (net)
                      0.336992    0.001347    2.576488 ^ output28/A (sky130_fd_sc_hd__buf_2)
     1    0.034323    0.273379    0.459712    3.036200 ^ output28/X (sky130_fd_sc_hd__buf_2)
                                                         gpio_out[3] (net)
                      0.273379    0.000733    3.036933 ^ gpio_out[3] (out)
                                              3.036933   data arrival time

                                 25.000000   25.000000   clock gpio_in[38] (rise edge)
                                  0.000000   25.000000   clock network delay (propagated)
                                 -0.250000   24.750000   clock uncertainty
                                  0.000000   24.750000   clock reconvergence pessimism
                                 -5.000000   19.750000   output external delay
                                             19.750000   data required time
---------------------------------------------------------------------------------------------
                                             19.750000   data required time
                                             -3.036933   data arrival time
---------------------------------------------------------------------------------------------
                                             16.713066   slack (MET)


Startpoint: _104_ (rising edge-triggered flip-flop clocked by gpio_in[38])
Endpoint: gpio_out[35] (output port clocked by gpio_in[38])
Path Group: gpio_in[38]
Path Type: max

Fanout         Cap        Slew       Delay        Time   Description
---------------------------------------------------------------------------------------------
                                  0.000000    0.000000   clock gpio_in[38] (rise edge)
                                  0.000000    0.000000   clock source latency
     2    0.097852    0.706251    0.509263    0.509263 ^ gpio_in[38] (in)
                                                         gpio_in[38] (net)
                      0.709941    0.000000    0.509263 ^ clkbuf_0_gpio_in[38]/A (sky130_fd_sc_hd__clkbuf_16)
     5    0.064484    0.134284    0.534576    1.043839 ^ clkbuf_0_gpio_in[38]/X (sky130_fd_sc_hd__clkbuf_16)
                                                         clknet_0_gpio_in[38] (net)
                      0.134531    0.005076    1.048915 ^ clkbuf_1_1__f_gpio_in[38]/A (sky130_fd_sc_hd__clkbuf_16)
    19    0.069682    0.134044    0.308046    1.356961 ^ clkbuf_1_1__f_gpio_in[38]/X (sky130_fd_sc_hd__clkbuf_16)
                                                         clknet_1_1__leaf_gpio_in[38] (net)
                      0.135741    0.011674    1.368635 ^ _104_/CLK (sky130_fd_sc_hd__dfrtp_1)
     3    0.008262    0.122517    0.817444    2.186080 v _104_/Q (sky130_fd_sc_hd__dfrtp_1)
                                                         gpio_22_37_output[35].cfg.gpio_out_val (net)
                      0.122517    0.000189    2.186269 v _676_/A (sky130_fd_sc_hd__clkbuf_2)
     3    0.029972    0.213351    0.339084    2.525353 v _676_/X (sky130_fd_sc_hd__clkbuf_2)
                                                         net25 (net)
                      0.213407    0.003312    2.528665 v output25/A (sky130_fd_sc_hd__buf_2)
     1    0.034521    0.167096    0.414200    2.942865 v output25/X (sky130_fd_sc_hd__buf_2)
                                                         gpio_out[35] (net)
                      0.167097    0.000825    2.943691 v gpio_out[35] (out)
                                              2.943691   data arrival time

                                 25.000000   25.000000   clock gpio_in[38] (rise edge)
                                  0.000000   25.000000   clock network delay (propagated)
                                 -0.250000   24.750000   clock uncertainty
                                  0.000000   24.750000   clock reconvergence pessimism
                                 -5.000000   19.750000   output external delay
                                             19.750000   data required time
---------------------------------------------------------------------------------------------
                                             19.750000   data required time
                                             -2.943691   data arrival time
---------------------------------------------------------------------------------------------
                                             16.806309   slack (MET)


Startpoint: _096_ (rising edge-triggered flip-flop clocked by gpio_in[38])
Endpoint: gpio_out[27] (output port clocked by gpio_in[38])
Path Group: gpio_in[38]
Path Type: max

Fanout         Cap        Slew       Delay        Time   Description
---------------------------------------------------------------------------------------------
                                  0.000000    0.000000   clock gpio_in[38] (rise edge)
                                  0.000000    0.000000   clock source latency
     2    0.097852    0.706251    0.509263    0.509263 ^ gpio_in[38] (in)
                                                         gpio_in[38] (net)
                      0.709941    0.000000    0.509263 ^ clkbuf_0_gpio_in[38]/A (sky130_fd_sc_hd__clkbuf_16)
     5    0.064484    0.134284    0.534576    1.043839 ^ clkbuf_0_gpio_in[38]/X (sky130_fd_sc_hd__clkbuf_16)
                                                         clknet_0_gpio_in[38] (net)
                      0.134548    0.005218    1.049058 ^ clkbuf_1_0__f_gpio_in[38]/A (sky130_fd_sc_hd__clkbuf_16)
    25    0.081756    0.152072    0.317218    1.366275 ^ clkbuf_1_0__f_gpio_in[38]/X (sky130_fd_sc_hd__clkbuf_16)
                                                         clknet_1_0__leaf_gpio_in[38] (net)
                      0.155172    0.016899    1.383175 ^ _096_/CLK (sky130_fd_sc_hd__dfrtp_1)
     4    0.010985    0.178027    0.766460    2.149635 ^ _096_/Q (sky130_fd_sc_hd__dfrtp_1)
                                                         gpio_22_37_output[27].cfg.gpio_out_val (net)
                      0.178027    0.000257    2.149891 ^ _668_/A (sky130_fd_sc_hd__buf_1)
     1    0.014056    0.274810    0.342152    2.492043 ^ _668_/X (sky130_fd_sc_hd__buf_1)
                                                         net16 (net)
                      0.274810    0.000901    2.492944 ^ output16/A (sky130_fd_sc_hd__buf_2)
     1    0.034318    0.273056    0.435549    2.928493 ^ output16/X (sky130_fd_sc_hd__buf_2)
                                                         gpio_out[27] (net)
                      0.273056    0.000733    2.929226 ^ gpio_out[27] (out)
                                              2.929226   data arrival time

                                 25.000000   25.000000   clock gpio_in[38] (rise edge)
                                  0.000000   25.000000   clock network delay (propagated)
                                 -0.250000   24.750000   clock uncertainty
                                  0.000000   24.750000   clock reconvergence pessimism
                                 -5.000000   19.750000   output external delay
                                             19.750000   data required time
---------------------------------------------------------------------------------------------
                                             19.750000   data required time
                                             -2.929226   data arrival time
---------------------------------------------------------------------------------------------
                                             16.820772   slack (MET)


Startpoint: _103_ (rising edge-triggered flip-flop clocked by gpio_in[38])
Endpoint: gpio_out[34] (output port clocked by gpio_in[38])
Path Group: gpio_in[38]
Path Type: max

Fanout         Cap        Slew       Delay        Time   Description
---------------------------------------------------------------------------------------------
                                  0.000000    0.000000   clock gpio_in[38] (rise edge)
                                  0.000000    0.000000   clock source latency
     2    0.097852    0.706251    0.509263    0.509263 ^ gpio_in[38] (in)
                                                         gpio_in[38] (net)
                      0.709941    0.000000    0.509263 ^ clkbuf_0_gpio_in[38]/A (sky130_fd_sc_hd__clkbuf_16)
     5    0.064484    0.134284    0.534576    1.043839 ^ clkbuf_0_gpio_in[38]/X (sky130_fd_sc_hd__clkbuf_16)
                                                         clknet_0_gpio_in[38] (net)
                      0.134531    0.005076    1.048915 ^ clkbuf_1_1__f_gpio_in[38]/A (sky130_fd_sc_hd__clkbuf_16)
    19    0.069682    0.134044    0.308046    1.356961 ^ clkbuf_1_1__f_gpio_in[38]/X (sky130_fd_sc_hd__clkbuf_16)
                                                         clknet_1_1__leaf_gpio_in[38] (net)
                      0.135737    0.011659    1.368621 ^ _103_/CLK (sky130_fd_sc_hd__dfrtp_1)
     3    0.008683    0.126271    0.821256    2.189877 v _103_/Q (sky130_fd_sc_hd__dfrtp_1)
                                                         gpio_22_37_output[34].cfg.gpio_out_val (net)
                      0.126271    0.000298    2.190176 v _675_/A (sky130_fd_sc_hd__clkbuf_2)
     3    0.026190    0.188370    0.323247    2.513423 v _675_/X (sky130_fd_sc_hd__clkbuf_2)
                                                         net24 (net)
                      0.188405    0.002562    2.515984 v output24/A (sky130_fd_sc_hd__buf_2)
     1    0.034483    0.166909    0.402025    2.918009 v output24/X (sky130_fd_sc_hd__buf_2)
                                                         gpio_out[34] (net)
                      0.166910    0.000821    2.918830 v gpio_out[34] (out)
                                              2.918830   data arrival time

                                 25.000000   25.000000   clock gpio_in[38] (rise edge)
                                  0.000000   25.000000   clock network delay (propagated)
                                 -0.250000   24.750000   clock uncertainty
                                  0.000000   24.750000   clock reconvergence pessimism
                                 -5.000000   19.750000   output external delay
                                             19.750000   data required time
---------------------------------------------------------------------------------------------
                                             19.750000   data required time
                                             -2.918830   data arrival time
---------------------------------------------------------------------------------------------
                                             16.831169   slack (MET)


Startpoint: _101_ (rising edge-triggered flip-flop clocked by gpio_in[38])
Endpoint: gpio_out[32] (output port clocked by gpio_in[38])
Path Group: gpio_in[38]
Path Type: max

Fanout         Cap        Slew       Delay        Time   Description
---------------------------------------------------------------------------------------------
                                  0.000000    0.000000   clock gpio_in[38] (rise edge)
                                  0.000000    0.000000   clock source latency
     2    0.097852    0.706251    0.509263    0.509263 ^ gpio_in[38] (in)
                                                         gpio_in[38] (net)
                      0.709941    0.000000    0.509263 ^ clkbuf_0_gpio_in[38]/A (sky130_fd_sc_hd__clkbuf_16)
     5    0.064484    0.134284    0.534576    1.043839 ^ clkbuf_0_gpio_in[38]/X (sky130_fd_sc_hd__clkbuf_16)
                                                         clknet_0_gpio_in[38] (net)
                      0.134548    0.005218    1.049058 ^ clkbuf_1_0__f_gpio_in[38]/A (sky130_fd_sc_hd__clkbuf_16)
    25    0.081756    0.152072    0.317218    1.366275 ^ clkbuf_1_0__f_gpio_in[38]/X (sky130_fd_sc_hd__clkbuf_16)
                                                         clknet_1_0__leaf_gpio_in[38] (net)
                      0.155752    0.018449    1.384725 ^ _101_/CLK (sky130_fd_sc_hd__dfrtp_1)
     4    0.014196    0.169821    0.880116    2.264841 v _101_/Q (sky130_fd_sc_hd__dfrtp_1)
                                                         gpio_22_37_output[32].cfg.gpio_out_val (net)
                      0.169821    0.000311    2.265152 v _673_/A (sky130_fd_sc_hd__clkbuf_1)
     1    0.007576    0.099478    0.248785    2.513937 v _673_/X (sky130_fd_sc_hd__clkbuf_1)
                                                         net22 (net)
                      0.099478    0.000294    2.514231 v output22/A (sky130_fd_sc_hd__buf_2)
     1    0.034388    0.166393    0.358890    2.873121 v output22/X (sky130_fd_sc_hd__buf_2)
                                                         gpio_out[32] (net)
                      0.166394    0.000748    2.873869 v gpio_out[32] (out)
                                              2.873869   data arrival time

                                 25.000000   25.000000   clock gpio_in[38] (rise edge)
                                  0.000000   25.000000   clock network delay (propagated)
                                 -0.250000   24.750000   clock uncertainty
                                  0.000000   24.750000   clock reconvergence pessimism
                                 -5.000000   19.750000   output external delay
                                             19.750000   data required time
---------------------------------------------------------------------------------------------
                                             19.750000   data required time
                                             -2.873869   data arrival time
---------------------------------------------------------------------------------------------
                                             16.876131   slack (MET)


Startpoint: _097_ (rising edge-triggered flip-flop clocked by gpio_in[38])
Endpoint: gpio_out[28] (output port clocked by gpio_in[38])
Path Group: gpio_in[38]
Path Type: max

Fanout         Cap        Slew       Delay        Time   Description
---------------------------------------------------------------------------------------------
                                  0.000000    0.000000   clock gpio_in[38] (rise edge)
                                  0.000000    0.000000   clock source latency
     2    0.097852    0.706251    0.509263    0.509263 ^ gpio_in[38] (in)
                                                         gpio_in[38] (net)
                      0.709941    0.000000    0.509263 ^ clkbuf_0_gpio_in[38]/A (sky130_fd_sc_hd__clkbuf_16)
     5    0.064484    0.134284    0.534576    1.043839 ^ clkbuf_0_gpio_in[38]/X (sky130_fd_sc_hd__clkbuf_16)
                                                         clknet_0_gpio_in[38] (net)
                      0.134548    0.005218    1.049058 ^ clkbuf_1_0__f_gpio_in[38]/A (sky130_fd_sc_hd__clkbuf_16)
    25    0.081756    0.152072    0.317218    1.366275 ^ clkbuf_1_0__f_gpio_in[38]/X (sky130_fd_sc_hd__clkbuf_16)
                                                         clknet_1_0__leaf_gpio_in[38] (net)
                      0.155164    0.016876    1.383151 ^ _097_/CLK (sky130_fd_sc_hd__dfrtp_1)
     2    0.006335    0.120456    0.717358    2.100509 ^ _097_/Q (sky130_fd_sc_hd__dfrtp_1)
                                                         gpio_22_37_output[28].cfg.gpio_out_val (net)
                      0.120456    0.000202    2.100711 ^ _669_/A (sky130_fd_sc_hd__buf_1)
     1    0.014477    0.282849    0.323906    2.424617 ^ _669_/X (sky130_fd_sc_hd__buf_1)
                                                         net17 (net)
                      0.282932    0.000923    2.425540 ^ output17/A (sky130_fd_sc_hd__buf_2)
     1    0.034318    0.273093    0.438702    2.864243 ^ output17/X (sky130_fd_sc_hd__buf_2)
                                                         gpio_out[28] (net)
                      0.273093    0.000733    2.864975 ^ gpio_out[28] (out)
                                              2.864975   data arrival time

                                 25.000000   25.000000   clock gpio_in[38] (rise edge)
                                  0.000000   25.000000   clock network delay (propagated)
                                 -0.250000   24.750000   clock uncertainty
                                  0.000000   24.750000   clock reconvergence pessimism
                                 -5.000000   19.750000   output external delay
                                             19.750000   data required time
---------------------------------------------------------------------------------------------
                                             19.750000   data required time
                                             -2.864975   data arrival time
---------------------------------------------------------------------------------------------
                                             16.885023   slack (MET)


Startpoint: _093_ (rising edge-triggered flip-flop clocked by gpio_in[38])
Endpoint: gpio_out[24] (output port clocked by gpio_in[38])
Path Group: gpio_in[38]
Path Type: max

Fanout         Cap        Slew       Delay        Time   Description
---------------------------------------------------------------------------------------------
                                  0.000000    0.000000   clock gpio_in[38] (rise edge)
                                  0.000000    0.000000   clock source latency
     2    0.097852    0.706251    0.509263    0.509263 ^ gpio_in[38] (in)
                                                         gpio_in[38] (net)
                      0.709941    0.000000    0.509263 ^ clkbuf_0_gpio_in[38]/A (sky130_fd_sc_hd__clkbuf_16)
     5    0.064484    0.134284    0.534576    1.043839 ^ clkbuf_0_gpio_in[38]/X (sky130_fd_sc_hd__clkbuf_16)
                                                         clknet_0_gpio_in[38] (net)
                      0.134531    0.005076    1.048915 ^ clkbuf_1_1__f_gpio_in[38]/A (sky130_fd_sc_hd__clkbuf_16)
    19    0.069682    0.134044    0.308046    1.356961 ^ clkbuf_1_1__f_gpio_in[38]/X (sky130_fd_sc_hd__clkbuf_16)
                                                         clknet_1_1__leaf_gpio_in[38] (net)
                      0.135940    0.012378    1.369340 ^ _093_/CLK (sky130_fd_sc_hd__dfrtp_1)
     3    0.009798    0.136470    0.831623    2.200962 v _093_/Q (sky130_fd_sc_hd__dfrtp_1)
                                                         gpio_22_37_output[24].cfg.gpio_out_val (net)
                      0.136470    0.000302    2.201264 v _665_/A (sky130_fd_sc_hd__buf_1)
     1    0.008337    0.107411    0.239169    2.440433 v _665_/X (sky130_fd_sc_hd__buf_1)
                                                         net13 (net)
                      0.107411    0.000446    2.440880 v output13/A (sky130_fd_sc_hd__buf_2)
     1    0.034443    0.166637    0.362850    2.803730 v output13/X (sky130_fd_sc_hd__buf_2)
                                                         gpio_out[24] (net)
                      0.166638    0.000806    2.804536 v gpio_out[24] (out)
                                              2.804536   data arrival time

                                 25.000000   25.000000   clock gpio_in[38] (rise edge)
                                  0.000000   25.000000   clock network delay (propagated)
                                 -0.250000   24.750000   clock uncertainty
                                  0.000000   24.750000   clock reconvergence pessimism
                                 -5.000000   19.750000   output external delay
                                             19.750000   data required time
---------------------------------------------------------------------------------------------
                                             19.750000   data required time
                                             -2.804536   data arrival time
---------------------------------------------------------------------------------------------
                                             16.945465   slack (MET)


Startpoint: _100_ (rising edge-triggered flip-flop clocked by gpio_in[38])
Endpoint: gpio_out[31] (output port clocked by gpio_in[38])
Path Group: gpio_in[38]
Path Type: max

Fanout         Cap        Slew       Delay        Time   Description
---------------------------------------------------------------------------------------------
                                  0.000000    0.000000   clock gpio_in[38] (rise edge)
                                  0.000000    0.000000   clock source latency
     2    0.097852    0.706251    0.509263    0.509263 ^ gpio_in[38] (in)
                                                         gpio_in[38] (net)
                      0.709941    0.000000    0.509263 ^ clkbuf_0_gpio_in[38]/A (sky130_fd_sc_hd__clkbuf_16)
     5    0.064484    0.134284    0.534576    1.043839 ^ clkbuf_0_gpio_in[38]/X (sky130_fd_sc_hd__clkbuf_16)
                                                         clknet_0_gpio_in[38] (net)
                      0.134548    0.005218    1.049058 ^ clkbuf_1_0__f_gpio_in[38]/A (sky130_fd_sc_hd__clkbuf_16)
    25    0.081756    0.152072    0.317218    1.366275 ^ clkbuf_1_0__f_gpio_in[38]/X (sky130_fd_sc_hd__clkbuf_16)
                                                         clknet_1_0__leaf_gpio_in[38] (net)
                      0.155771    0.018496    1.384771 ^ _100_/CLK (sky130_fd_sc_hd__dfrtp_1)
     4    0.013156    0.163921    0.871597    2.256368 v _100_/Q (sky130_fd_sc_hd__dfrtp_1)
                                                         gpio_22_37_output[31].cfg.gpio_out_val (net)
                      0.163921    0.000208    2.256576 v _672_/A (sky130_fd_sc_hd__clkbuf_1)
     1    0.002595    0.048745    0.202465    2.459042 v _672_/X (sky130_fd_sc_hd__clkbuf_1)
                                                         net21 (net)
                      0.048745    0.000078    2.459120 v output21/A (sky130_fd_sc_hd__buf_2)
     1    0.034680    0.167691    0.336041    2.795161 v output21/X (sky130_fd_sc_hd__buf_2)
                                                         gpio_out[31] (net)
                      0.167692    0.000822    2.795983 v gpio_out[31] (out)
                                              2.795983   data arrival time

                                 25.000000   25.000000   clock gpio_in[38] (rise edge)
                                  0.000000   25.000000   clock network delay (propagated)
                                 -0.250000   24.750000   clock uncertainty
                                  0.000000   24.750000   clock reconvergence pessimism
                                 -5.000000   19.750000   output external delay
                                             19.750000   data required time
---------------------------------------------------------------------------------------------
                                             19.750000   data required time
                                             -2.795983   data arrival time
---------------------------------------------------------------------------------------------
                                             16.954018   slack (MET)


Startpoint: _088_ (rising edge-triggered flip-flop clocked by gpio_in[38])
Endpoint: gpio_out[19] (output port clocked by gpio_in[38])
Path Group: gpio_in[38]
Path Type: max

Fanout         Cap        Slew       Delay        Time   Description
---------------------------------------------------------------------------------------------
                                  0.000000    0.000000   clock gpio_in[38] (rise edge)
                                  0.000000    0.000000   clock source latency
     2    0.097852    0.706251    0.509263    0.509263 ^ gpio_in[38] (in)
                                                         gpio_in[38] (net)
                      0.709941    0.000000    0.509263 ^ clkbuf_0_gpio_in[38]/A (sky130_fd_sc_hd__clkbuf_16)
     5    0.064484    0.134284    0.534576    1.043839 ^ clkbuf_0_gpio_in[38]/X (sky130_fd_sc_hd__clkbuf_16)
                                                         clknet_0_gpio_in[38] (net)
                      0.134548    0.005218    1.049058 ^ clkbuf_1_0__f_gpio_in[38]/A (sky130_fd_sc_hd__clkbuf_16)
    25    0.081756    0.152072    0.317218    1.366275 ^ clkbuf_1_0__f_gpio_in[38]/X (sky130_fd_sc_hd__clkbuf_16)
                                                         clknet_1_0__leaf_gpio_in[38] (net)
                      0.155354    0.017396    1.383672 ^ _088_/CLK (sky130_fd_sc_hd__dfrtp_1)
     5    0.012828    0.163547    0.868322    2.251993 v _088_/Q (sky130_fd_sc_hd__dfrtp_1)
                                                         gpio_18_21_bidir[19].cfg.gpio_out_val (net)
                      0.163547    0.000341    2.252334 v _660_/A (sky130_fd_sc_hd__clkbuf_1)
     1    0.002397    0.046800    0.200372    2.452707 v _660_/X (sky130_fd_sc_hd__clkbuf_1)
                                                         net8 (net)
                      0.046800    0.000070    2.452776 v output8/A (sky130_fd_sc_hd__buf_2)
     1    0.034393    0.166541    0.334282    2.787058 v output8/X (sky130_fd_sc_hd__buf_2)
                                                         gpio_out[19] (net)
                      0.166542    0.000748    2.787805 v gpio_out[19] (out)
                                              2.787805   data arrival time

                                 25.000000   25.000000   clock gpio_in[38] (rise edge)
                                  0.000000   25.000000   clock network delay (propagated)
                                 -0.250000   24.750000   clock uncertainty
                                  0.000000   24.750000   clock reconvergence pessimism
                                 -5.000000   19.750000   output external delay
                                             19.750000   data required time
---------------------------------------------------------------------------------------------
                                             19.750000   data required time
                                             -2.787805   data arrival time
---------------------------------------------------------------------------------------------
                                             16.962194   slack (MET)


Startpoint: _099_ (rising edge-triggered flip-flop clocked by gpio_in[38])
Endpoint: gpio_out[30] (output port clocked by gpio_in[38])
Path Group: gpio_in[38]
Path Type: max

Fanout         Cap        Slew       Delay        Time   Description
---------------------------------------------------------------------------------------------
                                  0.000000    0.000000   clock gpio_in[38] (rise edge)
                                  0.000000    0.000000   clock source latency
     2    0.097852    0.706251    0.509263    0.509263 ^ gpio_in[38] (in)
                                                         gpio_in[38] (net)
                      0.709941    0.000000    0.509263 ^ clkbuf_0_gpio_in[38]/A (sky130_fd_sc_hd__clkbuf_16)
     5    0.064484    0.134284    0.534576    1.043839 ^ clkbuf_0_gpio_in[38]/X (sky130_fd_sc_hd__clkbuf_16)
                                                         clknet_0_gpio_in[38] (net)
                      0.134548    0.005218    1.049058 ^ clkbuf_1_0__f_gpio_in[38]/A (sky130_fd_sc_hd__clkbuf_16)
    25    0.081756    0.152072    0.317218    1.366275 ^ clkbuf_1_0__f_gpio_in[38]/X (sky130_fd_sc_hd__clkbuf_16)
                                                         clknet_1_0__leaf_gpio_in[38] (net)
                      0.155699    0.018312    1.384588 ^ _099_/CLK (sky130_fd_sc_hd__dfrtp_1)
     5    0.011054    0.148048    0.852266    2.236854 v _099_/Q (sky130_fd_sc_hd__dfrtp_1)
                                                         gpio_22_37_output[30].cfg.gpio_out_val (net)
                      0.148048    0.000216    2.237070 v _671_/A (sky130_fd_sc_hd__clkbuf_1)
     1    0.003603    0.058697    0.204684    2.441754 v _671_/X (sky130_fd_sc_hd__clkbuf_1)
                                                         net20 (net)
                      0.058697    0.000113    2.441868 v output20/A (sky130_fd_sc_hd__buf_2)
     1    0.034787    0.168066    0.340943    2.782810 v output20/X (sky130_fd_sc_hd__buf_2)
                                                         gpio_out[30] (net)
                      0.168067    0.000824    2.783634 v gpio_out[30] (out)
                                              2.783634   data arrival time

                                 25.000000   25.000000   clock gpio_in[38] (rise edge)
                                  0.000000   25.000000   clock network delay (propagated)
                                 -0.250000   24.750000   clock uncertainty
                                  0.000000   24.750000   clock reconvergence pessimism
                                 -5.000000   19.750000   output external delay
                                             19.750000   data required time
---------------------------------------------------------------------------------------------
                                             19.750000   data required time
                                             -2.783634   data arrival time
---------------------------------------------------------------------------------------------
                                             16.966364   slack (MET)


Startpoint: _090_ (rising edge-triggered flip-flop clocked by gpio_in[38])
Endpoint: gpio_out[5] (output port clocked by gpio_in[38])
Path Group: gpio_in[38]
Path Type: max

Fanout         Cap        Slew       Delay        Time   Description
---------------------------------------------------------------------------------------------
                                  0.000000    0.000000   clock gpio_in[38] (rise edge)
                                  0.000000    0.000000   clock source latency
     2    0.097852    0.706251    0.509263    0.509263 ^ gpio_in[38] (in)
                                                         gpio_in[38] (net)
                      0.709941    0.000000    0.509263 ^ clkbuf_0_gpio_in[38]/A (sky130_fd_sc_hd__clkbuf_16)
     5    0.064484    0.134284    0.534576    1.043839 ^ clkbuf_0_gpio_in[38]/X (sky130_fd_sc_hd__clkbuf_16)
                                                         clknet_0_gpio_in[38] (net)
                      0.134548    0.005218    1.049058 ^ clkbuf_1_0__f_gpio_in[38]/A (sky130_fd_sc_hd__clkbuf_16)
    25    0.081756    0.152072    0.317218    1.366275 ^ clkbuf_1_0__f_gpio_in[38]/X (sky130_fd_sc_hd__clkbuf_16)
                                                         clknet_1_0__leaf_gpio_in[38] (net)
                      0.155477    0.017729    1.384004 ^ _090_/CLK (sky130_fd_sc_hd__dfrtp_1)
     3    0.007351    0.114673    0.818154    2.202157 v _090_/Q (sky130_fd_sc_hd__dfrtp_1)
                                                         gpio_18_21_bidir[21].cfg.gpio_out_val (net)
                      0.114673    0.000182    2.202339 v _658_/A (sky130_fd_sc_hd__clkbuf_1)
     1    0.006510    0.088186    0.213523    2.415863 v _658_/X (sky130_fd_sc_hd__clkbuf_1)
                                                         net30 (net)
                      0.088186    0.000221    2.416083 v output30/A (sky130_fd_sc_hd__buf_2)
     1    0.034388    0.166378    0.353445    2.769528 v output30/X (sky130_fd_sc_hd__buf_2)
                                                         gpio_out[5] (net)
                      0.166378    0.000748    2.770276 v gpio_out[5] (out)
                                              2.770276   data arrival time

                                 25.000000   25.000000   clock gpio_in[38] (rise edge)
                                  0.000000   25.000000   clock network delay (propagated)
                                 -0.250000   24.750000   clock uncertainty
                                  0.000000   24.750000   clock reconvergence pessimism
                                 -5.000000   19.750000   output external delay
                                             19.750000   data required time
---------------------------------------------------------------------------------------------
                                             19.750000   data required time
                                             -2.770276   data arrival time
---------------------------------------------------------------------------------------------
                                             16.979723   slack (MET)


Startpoint: _087_ (rising edge-triggered flip-flop clocked by gpio_in[38])
Endpoint: gpio_out[2] (output port clocked by gpio_in[38])
Path Group: gpio_in[38]
Path Type: max

Fanout         Cap        Slew       Delay        Time   Description
---------------------------------------------------------------------------------------------
                                  0.000000    0.000000   clock gpio_in[38] (rise edge)
                                  0.000000    0.000000   clock source latency
     2    0.097852    0.706251    0.509263    0.509263 ^ gpio_in[38] (in)
                                                         gpio_in[38] (net)
                      0.709941    0.000000    0.509263 ^ clkbuf_0_gpio_in[38]/A (sky130_fd_sc_hd__clkbuf_16)
     5    0.064484    0.134284    0.534576    1.043839 ^ clkbuf_0_gpio_in[38]/X (sky130_fd_sc_hd__clkbuf_16)
                                                         clknet_0_gpio_in[38] (net)
                      0.134548    0.005218    1.049058 ^ clkbuf_1_0__f_gpio_in[38]/A (sky130_fd_sc_hd__clkbuf_16)
    25    0.081756    0.152072    0.317218    1.366275 ^ clkbuf_1_0__f_gpio_in[38]/X (sky130_fd_sc_hd__clkbuf_16)
                                                         clknet_1_0__leaf_gpio_in[38] (net)
                      0.155254    0.017125    1.383400 ^ _087_/CLK (sky130_fd_sc_hd__dfrtp_2)
     3    0.008918    0.103457    0.878059    2.261459 v _087_/Q (sky130_fd_sc_hd__dfrtp_2)
                                                         gpio_18_21_bidir[18].cfg.gpio_out_val (net)
                      0.103457    0.000256    2.261715 v _655_/A (sky130_fd_sc_hd__clkbuf_1)
     1    0.002145    0.044043    0.169367    2.431082 v _655_/X (sky130_fd_sc_hd__clkbuf_1)
                                                         net19 (net)
                      0.044043    0.000061    2.431143 v output19/A (sky130_fd_sc_hd__buf_2)
     1    0.034388    0.166536    0.333003    2.764146 v output19/X (sky130_fd_sc_hd__buf_2)
                                                         gpio_out[2] (net)
                      0.166537    0.000748    2.764894 v gpio_out[2] (out)
                                              2.764894   data arrival time

                                 25.000000   25.000000   clock gpio_in[38] (rise edge)
                                  0.000000   25.000000   clock network delay (propagated)
                                 -0.250000   24.750000   clock uncertainty
                                  0.000000   24.750000   clock reconvergence pessimism
                                 -5.000000   19.750000   output external delay
                                             19.750000   data required time
---------------------------------------------------------------------------------------------
                                             19.750000   data required time
                                             -2.764894   data arrival time
---------------------------------------------------------------------------------------------
                                             16.985106   slack (MET)


Startpoint: _087_ (rising edge-triggered flip-flop clocked by gpio_in[38])
Endpoint: gpio_out[18] (output port clocked by gpio_in[38])
Path Group: gpio_in[38]
Path Type: max

Fanout         Cap        Slew       Delay        Time   Description
---------------------------------------------------------------------------------------------
                                  0.000000    0.000000   clock gpio_in[38] (rise edge)
                                  0.000000    0.000000   clock source latency
     2    0.097852    0.706251    0.509263    0.509263 ^ gpio_in[38] (in)
                                                         gpio_in[38] (net)
                      0.709941    0.000000    0.509263 ^ clkbuf_0_gpio_in[38]/A (sky130_fd_sc_hd__clkbuf_16)
     5    0.064484    0.134284    0.534576    1.043839 ^ clkbuf_0_gpio_in[38]/X (sky130_fd_sc_hd__clkbuf_16)
                                                         clknet_0_gpio_in[38] (net)
                      0.134548    0.005218    1.049058 ^ clkbuf_1_0__f_gpio_in[38]/A (sky130_fd_sc_hd__clkbuf_16)
    25    0.081756    0.152072    0.317218    1.366275 ^ clkbuf_1_0__f_gpio_in[38]/X (sky130_fd_sc_hd__clkbuf_16)
                                                         clknet_1_0__leaf_gpio_in[38] (net)
                      0.155254    0.017125    1.383400 ^ _087_/CLK (sky130_fd_sc_hd__dfrtp_2)
     3    0.008918    0.103457    0.878059    2.261459 v _087_/Q (sky130_fd_sc_hd__dfrtp_2)
                                                         gpio_18_21_bidir[18].cfg.gpio_out_val (net)
                      0.103457    0.000242    2.261701 v _659_/A (sky130_fd_sc_hd__clkbuf_1)
     1    0.002038    0.043027    0.168339    2.430040 v _659_/X (sky130_fd_sc_hd__clkbuf_1)
                                                         net7 (net)
                      0.043042    0.000057    2.430097 v output7/A (sky130_fd_sc_hd__buf_2)
     1    0.034393    0.166559    0.332559    2.762656 v output7/X (sky130_fd_sc_hd__buf_2)
                                                         gpio_out[18] (net)
                      0.166560    0.000748    2.763404 v gpio_out[18] (out)
                                              2.763404   data arrival time

                                 25.000000   25.000000   clock gpio_in[38] (rise edge)
                                  0.000000   25.000000   clock network delay (propagated)
                                 -0.250000   24.750000   clock uncertainty
                                  0.000000   24.750000   clock reconvergence pessimism
                                 -5.000000   19.750000   output external delay
                                             19.750000   data required time
---------------------------------------------------------------------------------------------
                                             19.750000   data required time
                                             -2.763404   data arrival time
---------------------------------------------------------------------------------------------
                                             16.986595   slack (MET)


Startpoint: _102_ (rising edge-triggered flip-flop clocked by gpio_in[38])
Endpoint: gpio_out[33] (output port clocked by gpio_in[38])
Path Group: gpio_in[38]
Path Type: max

Fanout         Cap        Slew       Delay        Time   Description
---------------------------------------------------------------------------------------------
                                  0.000000    0.000000   clock gpio_in[38] (rise edge)
                                  0.000000    0.000000   clock source latency
     2    0.097852    0.706251    0.509263    0.509263 ^ gpio_in[38] (in)
                                                         gpio_in[38] (net)
                      0.709941    0.000000    0.509263 ^ clkbuf_0_gpio_in[38]/A (sky130_fd_sc_hd__clkbuf_16)
     5    0.064484    0.134284    0.534576    1.043839 ^ clkbuf_0_gpio_in[38]/X (sky130_fd_sc_hd__clkbuf_16)
                                                         clknet_0_gpio_in[38] (net)
                      0.134548    0.005218    1.049058 ^ clkbuf_1_0__f_gpio_in[38]/A (sky130_fd_sc_hd__clkbuf_16)
    25    0.081756    0.152072    0.317218    1.366275 ^ clkbuf_1_0__f_gpio_in[38]/X (sky130_fd_sc_hd__clkbuf_16)
                                                         clknet_1_0__leaf_gpio_in[38] (net)
                      0.155717    0.018359    1.384634 ^ _102_/CLK (sky130_fd_sc_hd__dfrtp_1)
     3    0.008423    0.123986    0.828121    2.212755 v _102_/Q (sky130_fd_sc_hd__dfrtp_1)
                                                         gpio_22_37_output[33].cfg.gpio_out_val (net)
                      0.123986    0.000202    2.212957 v _674_/A (sky130_fd_sc_hd__clkbuf_1)
     1    0.003394    0.056514    0.191172    2.404129 v _674_/X (sky130_fd_sc_hd__clkbuf_1)
                                                         net23 (net)
                      0.056514    0.000110    2.404239 v output23/A (sky130_fd_sc_hd__buf_2)
     1    0.034323    0.166212    0.338519    2.742758 v output23/X (sky130_fd_sc_hd__buf_2)
                                                         gpio_out[33] (net)
                      0.166213    0.000733    2.743491 v gpio_out[33] (out)
                                              2.743491   data arrival time

                                 25.000000   25.000000   clock gpio_in[38] (rise edge)
                                  0.000000   25.000000   clock network delay (propagated)
                                 -0.250000   24.750000   clock uncertainty
                                  0.000000   24.750000   clock reconvergence pessimism
                                 -5.000000   19.750000   output external delay
                                             19.750000   data required time
---------------------------------------------------------------------------------------------
                                             19.750000   data required time
                                             -2.743491   data arrival time
---------------------------------------------------------------------------------------------
                                             17.006508   slack (MET)


Startpoint: _092_ (rising edge-triggered flip-flop clocked by gpio_in[38])
Endpoint: gpio_out[23] (output port clocked by gpio_in[38])
Path Group: gpio_in[38]
Path Type: max

Fanout         Cap        Slew       Delay        Time   Description
---------------------------------------------------------------------------------------------
                                  0.000000    0.000000   clock gpio_in[38] (rise edge)
                                  0.000000    0.000000   clock source latency
     2    0.097852    0.706251    0.509263    0.509263 ^ gpio_in[38] (in)
                                                         gpio_in[38] (net)
                      0.709941    0.000000    0.509263 ^ clkbuf_0_gpio_in[38]/A (sky130_fd_sc_hd__clkbuf_16)
     5    0.064484    0.134284    0.534576    1.043839 ^ clkbuf_0_gpio_in[38]/X (sky130_fd_sc_hd__clkbuf_16)
                                                         clknet_0_gpio_in[38] (net)
                      0.134531    0.005076    1.048915 ^ clkbuf_1_1__f_gpio_in[38]/A (sky130_fd_sc_hd__clkbuf_16)
    19    0.069682    0.134044    0.308046    1.356961 ^ clkbuf_1_1__f_gpio_in[38]/X (sky130_fd_sc_hd__clkbuf_16)
                                                         clknet_1_1__leaf_gpio_in[38] (net)
                      0.135937    0.012366    1.369328 ^ _092_/CLK (sky130_fd_sc_hd__dfrtp_1)
     3    0.009995    0.138267    0.833424    2.202752 v _092_/Q (sky130_fd_sc_hd__dfrtp_1)
                                                         gpio_22_37_output[23].cfg.gpio_out_val (net)
                      0.138267    0.000327    2.203079 v _664_/A (sky130_fd_sc_hd__clkbuf_1)
     1    0.002147    0.044251    0.185933    2.389012 v _664_/X (sky130_fd_sc_hd__clkbuf_1)
                                                         net12 (net)
                      0.044251    0.000062    2.389074 v output12/A (sky130_fd_sc_hd__buf_2)
     1    0.034483    0.166931    0.333352    2.722426 v output12/X (sky130_fd_sc_hd__buf_2)
                                                         gpio_out[23] (net)
                      0.166932    0.000821    2.723246 v gpio_out[23] (out)
                                              2.723246   data arrival time

                                 25.000000   25.000000   clock gpio_in[38] (rise edge)
                                  0.000000   25.000000   clock network delay (propagated)
                                 -0.250000   24.750000   clock uncertainty
                                  0.000000   24.750000   clock reconvergence pessimism
                                 -5.000000   19.750000   output external delay
                                             19.750000   data required time
---------------------------------------------------------------------------------------------
                                             19.750000   data required time
                                             -2.723246   data arrival time
---------------------------------------------------------------------------------------------
                                             17.026754   slack (MET)


Startpoint: _098_ (rising edge-triggered flip-flop clocked by gpio_in[38])
Endpoint: gpio_out[29] (output port clocked by gpio_in[38])
Path Group: gpio_in[38]
Path Type: max

Fanout         Cap        Slew       Delay        Time   Description
---------------------------------------------------------------------------------------------
                                  0.000000    0.000000   clock gpio_in[38] (rise edge)
                                  0.000000    0.000000   clock source latency
     2    0.097852    0.706251    0.509263    0.509263 ^ gpio_in[38] (in)
                                                         gpio_in[38] (net)
                      0.709941    0.000000    0.509263 ^ clkbuf_0_gpio_in[38]/A (sky130_fd_sc_hd__clkbuf_16)
     5    0.064484    0.134284    0.534576    1.043839 ^ clkbuf_0_gpio_in[38]/X (sky130_fd_sc_hd__clkbuf_16)
                                                         clknet_0_gpio_in[38] (net)
                      0.134548    0.005218    1.049058 ^ clkbuf_1_0__f_gpio_in[38]/A (sky130_fd_sc_hd__clkbuf_16)
    25    0.081756    0.152072    0.317218    1.366275 ^ clkbuf_1_0__f_gpio_in[38]/X (sky130_fd_sc_hd__clkbuf_16)
                                                         clknet_1_0__leaf_gpio_in[38] (net)
                      0.155039    0.016526    1.382801 ^ _098_/CLK (sky130_fd_sc_hd__dfrtp_1)
     2    0.005770    0.101528    0.803442    2.186243 v _098_/Q (sky130_fd_sc_hd__dfrtp_1)
                                                         gpio_22_37_output[29].cfg.gpio_out_val (net)
                      0.101528    0.000141    2.186384 v _670_/A (sky130_fd_sc_hd__clkbuf_1)
     1    0.004443    0.066830    0.190082    2.376466 v _670_/X (sky130_fd_sc_hd__clkbuf_1)
                                                         net18 (net)
                      0.066830    0.000165    2.376631 v output18/A (sky130_fd_sc_hd__buf_2)
     1    0.034323    0.166163    0.343247    2.719878 v output18/X (sky130_fd_sc_hd__buf_2)
                                                         gpio_out[29] (net)
                      0.166163    0.000733    2.720611 v gpio_out[29] (out)
                                              2.720611   data arrival time

                                 25.000000   25.000000   clock gpio_in[38] (rise edge)
                                  0.000000   25.000000   clock network delay (propagated)
                                 -0.250000   24.750000   clock uncertainty
                                  0.000000   24.750000   clock reconvergence pessimism
                                 -5.000000   19.750000   output external delay
                                             19.750000   data required time
---------------------------------------------------------------------------------------------
                                             19.750000   data required time
                                             -2.720611   data arrival time
---------------------------------------------------------------------------------------------
                                             17.029388   slack (MET)


Startpoint: _089_ (rising edge-triggered flip-flop clocked by gpio_in[38])
Endpoint: gpio_out[20] (output port clocked by gpio_in[38])
Path Group: gpio_in[38]
Path Type: max

Fanout         Cap        Slew       Delay        Time   Description
---------------------------------------------------------------------------------------------
                                  0.000000    0.000000   clock gpio_in[38] (rise edge)
                                  0.000000    0.000000   clock source latency
     2    0.097852    0.706251    0.509263    0.509263 ^ gpio_in[38] (in)
                                                         gpio_in[38] (net)
                      0.709941    0.000000    0.509263 ^ clkbuf_0_gpio_in[38]/A (sky130_fd_sc_hd__clkbuf_16)
     5    0.064484    0.134284    0.534576    1.043839 ^ clkbuf_0_gpio_in[38]/X (sky130_fd_sc_hd__clkbuf_16)
                                                         clknet_0_gpio_in[38] (net)
                      0.134548    0.005218    1.049058 ^ clkbuf_1_0__f_gpio_in[38]/A (sky130_fd_sc_hd__clkbuf_16)
    25    0.081756    0.152072    0.317218    1.366275 ^ clkbuf_1_0__f_gpio_in[38]/X (sky130_fd_sc_hd__clkbuf_16)
                                                         clknet_1_0__leaf_gpio_in[38] (net)
                      0.155607    0.018072    1.384348 ^ _089_/CLK (sky130_fd_sc_hd__dfrtp_1)
     3    0.007956    0.119890    0.823773    2.208121 v _089_/Q (sky130_fd_sc_hd__dfrtp_1)
                                                         gpio_18_21_bidir[20].cfg.gpio_out_val (net)
                      0.119890    0.000199    2.208320 v _661_/A (sky130_fd_sc_hd__clkbuf_1)
     1    0.002043    0.043172    0.176196    2.384516 v _661_/X (sky130_fd_sc_hd__clkbuf_1)
                                                         net9 (net)
                      0.043172    0.000057    2.384573 v output9/A (sky130_fd_sc_hd__buf_2)
     1    0.034323    0.166277    0.332405    2.716977 v output9/X (sky130_fd_sc_hd__buf_2)
                                                         gpio_out[20] (net)
                      0.166278    0.000733    2.717710 v gpio_out[20] (out)
                                              2.717710   data arrival time

                                 25.000000   25.000000   clock gpio_in[38] (rise edge)
                                  0.000000   25.000000   clock network delay (propagated)
                                 -0.250000   24.750000   clock uncertainty
                                  0.000000   24.750000   clock reconvergence pessimism
                                 -5.000000   19.750000   output external delay
                                             19.750000   data required time
---------------------------------------------------------------------------------------------
                                             19.750000   data required time
                                             -2.717710   data arrival time
---------------------------------------------------------------------------------------------
                                             17.032290   slack (MET)


Startpoint: _089_ (rising edge-triggered flip-flop clocked by gpio_in[38])
Endpoint: gpio_out[4] (output port clocked by gpio_in[38])
Path Group: gpio_in[38]
Path Type: max

Fanout         Cap        Slew       Delay        Time   Description
---------------------------------------------------------------------------------------------
                                  0.000000    0.000000   clock gpio_in[38] (rise edge)
                                  0.000000    0.000000   clock source latency
     2    0.097852    0.706251    0.509263    0.509263 ^ gpio_in[38] (in)
                                                         gpio_in[38] (net)
                      0.709941    0.000000    0.509263 ^ clkbuf_0_gpio_in[38]/A (sky130_fd_sc_hd__clkbuf_16)
     5    0.064484    0.134284    0.534576    1.043839 ^ clkbuf_0_gpio_in[38]/X (sky130_fd_sc_hd__clkbuf_16)
                                                         clknet_0_gpio_in[38] (net)
                      0.134548    0.005218    1.049058 ^ clkbuf_1_0__f_gpio_in[38]/A (sky130_fd_sc_hd__clkbuf_16)
    25    0.081756    0.152072    0.317218    1.366275 ^ clkbuf_1_0__f_gpio_in[38]/X (sky130_fd_sc_hd__clkbuf_16)
                                                         clknet_1_0__leaf_gpio_in[38] (net)
                      0.155607    0.018072    1.384348 ^ _089_/CLK (sky130_fd_sc_hd__dfrtp_1)
     3    0.007956    0.119890    0.823773    2.208121 v _089_/Q (sky130_fd_sc_hd__dfrtp_1)
                                                         gpio_18_21_bidir[20].cfg.gpio_out_val (net)
                      0.119890    0.000194    2.208315 v _657_/A (sky130_fd_sc_hd__clkbuf_1)
     1    0.002038    0.043125    0.176147    2.384462 v _657_/X (sky130_fd_sc_hd__clkbuf_1)
                                                         net29 (net)
                      0.043125    0.000057    2.384519 v output29/A (sky130_fd_sc_hd__buf_2)
     1    0.034323    0.166277    0.332383    2.716902 v output29/X (sky130_fd_sc_hd__buf_2)
                                                         gpio_out[4] (net)
                      0.166278    0.000733    2.717634 v gpio_out[4] (out)
                                              2.717634   data arrival time

                                 25.000000   25.000000   clock gpio_in[38] (rise edge)
                                  0.000000   25.000000   clock network delay (propagated)
                                 -0.250000   24.750000   clock uncertainty
                                  0.000000   24.750000   clock reconvergence pessimism
                                 -5.000000   19.750000   output external delay
                                             19.750000   data required time
---------------------------------------------------------------------------------------------
                                             19.750000   data required time
                                             -2.717634   data arrival time
---------------------------------------------------------------------------------------------
                                             17.032366   slack (MET)


Startpoint: _090_ (rising edge-triggered flip-flop clocked by gpio_in[38])
Endpoint: gpio_out[21] (output port clocked by gpio_in[38])
Path Group: gpio_in[38]
Path Type: max

Fanout         Cap        Slew       Delay        Time   Description
---------------------------------------------------------------------------------------------
                                  0.000000    0.000000   clock gpio_in[38] (rise edge)
                                  0.000000    0.000000   clock source latency
     2    0.097852    0.706251    0.509263    0.509263 ^ gpio_in[38] (in)
                                                         gpio_in[38] (net)
                      0.709941    0.000000    0.509263 ^ clkbuf_0_gpio_in[38]/A (sky130_fd_sc_hd__clkbuf_16)
     5    0.064484    0.134284    0.534576    1.043839 ^ clkbuf_0_gpio_in[38]/X (sky130_fd_sc_hd__clkbuf_16)
                                                         clknet_0_gpio_in[38] (net)
                      0.134548    0.005218    1.049058 ^ clkbuf_1_0__f_gpio_in[38]/A (sky130_fd_sc_hd__clkbuf_16)
    25    0.081756    0.152072    0.317218    1.366275 ^ clkbuf_1_0__f_gpio_in[38]/X (sky130_fd_sc_hd__clkbuf_16)
                                                         clknet_1_0__leaf_gpio_in[38] (net)
                      0.155477    0.017729    1.384004 ^ _090_/CLK (sky130_fd_sc_hd__dfrtp_1)
     3    0.007351    0.114673    0.818154    2.202157 v _090_/Q (sky130_fd_sc_hd__dfrtp_1)
                                                         gpio_18_21_bidir[21].cfg.gpio_out_val (net)
                      0.114673    0.000220    2.202378 v _662_/A (sky130_fd_sc_hd__clkbuf_1)
     1    0.001765    0.040549    0.171043    2.373420 v _662_/X (sky130_fd_sc_hd__clkbuf_1)
                                                         net10 (net)
                      0.040549    0.000034    2.373454 v output10/A (sky130_fd_sc_hd__buf_2)
     1    0.034323    0.166290    0.331202    2.704656 v output10/X (sky130_fd_sc_hd__buf_2)
                                                         gpio_out[21] (net)
                      0.166290    0.000733    2.705389 v gpio_out[21] (out)
                                              2.705389   data arrival time

                                 25.000000   25.000000   clock gpio_in[38] (rise edge)
                                  0.000000   25.000000   clock network delay (propagated)
                                 -0.250000   24.750000   clock uncertainty
                                  0.000000   24.750000   clock reconvergence pessimism
                                 -5.000000   19.750000   output external delay
                                             19.750000   data required time
---------------------------------------------------------------------------------------------
                                             19.750000   data required time
                                             -2.705389   data arrival time
---------------------------------------------------------------------------------------------
                                             17.044609   slack (MET)


Startpoint: _091_ (rising edge-triggered flip-flop clocked by gpio_in[38])
Endpoint: gpio_out[22] (output port clocked by gpio_in[38])
Path Group: gpio_in[38]
Path Type: max

Fanout         Cap        Slew       Delay        Time   Description
---------------------------------------------------------------------------------------------
                                  0.000000    0.000000   clock gpio_in[38] (rise edge)
                                  0.000000    0.000000   clock source latency
     2    0.097852    0.706251    0.509263    0.509263 ^ gpio_in[38] (in)
                                                         gpio_in[38] (net)
                      0.709941    0.000000    0.509263 ^ clkbuf_0_gpio_in[38]/A (sky130_fd_sc_hd__clkbuf_16)
     5    0.064484    0.134284    0.534576    1.043839 ^ clkbuf_0_gpio_in[38]/X (sky130_fd_sc_hd__clkbuf_16)
                                                         clknet_0_gpio_in[38] (net)
                      0.134531    0.005076    1.048915 ^ clkbuf_1_1__f_gpio_in[38]/A (sky130_fd_sc_hd__clkbuf_16)
    19    0.069682    0.134044    0.308046    1.356961 ^ clkbuf_1_1__f_gpio_in[38]/X (sky130_fd_sc_hd__clkbuf_16)
                                                         clknet_1_1__leaf_gpio_in[38] (net)
                      0.135935    0.012362    1.369324 ^ _091_/CLK (sky130_fd_sc_hd__dfrtp_1)
     3    0.008220    0.122141    0.817174    2.186498 v _091_/Q (sky130_fd_sc_hd__dfrtp_1)
                                                         gpio_22_37_output[22].cfg.gpio_out_val (net)
                      0.122141    0.000169    2.186667 v _663_/A (sky130_fd_sc_hd__clkbuf_1)
     1    0.002088    0.043603    0.177697    2.364364 v _663_/X (sky130_fd_sc_hd__clkbuf_1)
                                                         net11 (net)
                      0.043603    0.000059    2.364423 v output11/A (sky130_fd_sc_hd__buf_2)
     1    0.034443    0.166771    0.332936    2.697359 v output11/X (sky130_fd_sc_hd__buf_2)
                                                         gpio_out[22] (net)
                      0.166773    0.000806    2.698165 v gpio_out[22] (out)
                                              2.698165   data arrival time

                                 25.000000   25.000000   clock gpio_in[38] (rise edge)
                                  0.000000   25.000000   clock network delay (propagated)
                                 -0.250000   24.750000   clock uncertainty
                                  0.000000   24.750000   clock reconvergence pessimism
                                 -5.000000   19.750000   output external delay
                                             19.750000   data required time
---------------------------------------------------------------------------------------------
                                             19.750000   data required time
                                             -2.698165   data arrival time
---------------------------------------------------------------------------------------------
                                             17.051834   slack (MET)


Startpoint: _094_ (rising edge-triggered flip-flop clocked by gpio_in[38])
Endpoint: gpio_out[25] (output port clocked by gpio_in[38])
Path Group: gpio_in[38]
Path Type: max

Fanout         Cap        Slew       Delay        Time   Description
---------------------------------------------------------------------------------------------
                                  0.000000    0.000000   clock gpio_in[38] (rise edge)
                                  0.000000    0.000000   clock source latency
     2    0.097852    0.706251    0.509263    0.509263 ^ gpio_in[38] (in)
                                                         gpio_in[38] (net)
                      0.709941    0.000000    0.509263 ^ clkbuf_0_gpio_in[38]/A (sky130_fd_sc_hd__clkbuf_16)
     5    0.064484    0.134284    0.534576    1.043839 ^ clkbuf_0_gpio_in[38]/X (sky130_fd_sc_hd__clkbuf_16)
                                                         clknet_0_gpio_in[38] (net)
                      0.134531    0.005076    1.048915 ^ clkbuf_1_1__f_gpio_in[38]/A (sky130_fd_sc_hd__clkbuf_16)
    19    0.069682    0.134044    0.308046    1.356961 ^ clkbuf_1_1__f_gpio_in[38]/X (sky130_fd_sc_hd__clkbuf_16)
                                                         clknet_1_1__leaf_gpio_in[38] (net)
                      0.135913    0.012284    1.369246 ^ _094_/CLK (sky130_fd_sc_hd__dfrtp_1)
     3    0.007098    0.112450    0.806840    2.176086 v _094_/Q (sky130_fd_sc_hd__dfrtp_1)
                                                         gpio_22_37_output[25].cfg.gpio_out_val (net)
                      0.112450    0.000149    2.176234 v _666_/A (sky130_fd_sc_hd__clkbuf_1)
     1    0.002209    0.044704    0.174264    2.350498 v _666_/X (sky130_fd_sc_hd__clkbuf_1)
                                                         net14 (net)
                      0.044704    0.000063    2.350561 v output14/A (sky130_fd_sc_hd__buf_2)
     1    0.034517    0.167067    0.333664    2.684225 v output14/X (sky130_fd_sc_hd__buf_2)
                                                         gpio_out[25] (net)
                      0.167068    0.000825    2.685049 v gpio_out[25] (out)
                                              2.685049   data arrival time

                                 25.000000   25.000000   clock gpio_in[38] (rise edge)
                                  0.000000   25.000000   clock network delay (propagated)
                                 -0.250000   24.750000   clock uncertainty
                                  0.000000   24.750000   clock reconvergence pessimism
                                 -5.000000   19.750000   output external delay
                                             19.750000   data required time
---------------------------------------------------------------------------------------------
                                             19.750000   data required time
                                             -2.685049   data arrival time
---------------------------------------------------------------------------------------------
                                             17.064951   slack (MET)


Startpoint: _106_ (rising edge-triggered flip-flop clocked by gpio_in[38])
Endpoint: gpio_out[37] (output port clocked by gpio_in[38])
Path Group: gpio_in[38]
Path Type: max

Fanout         Cap        Slew       Delay        Time   Description
---------------------------------------------------------------------------------------------
                                  0.000000    0.000000   clock gpio_in[38] (rise edge)
                                  0.000000    0.000000   clock source latency
     2    0.097852    0.706251    0.509263    0.509263 ^ gpio_in[38] (in)
                                                         gpio_in[38] (net)
                      0.709941    0.000000    0.509263 ^ clkbuf_0_gpio_in[38]/A (sky130_fd_sc_hd__clkbuf_16)
     5    0.064484    0.134284    0.534576    1.043839 ^ clkbuf_0_gpio_in[38]/X (sky130_fd_sc_hd__clkbuf_16)
                                                         clknet_0_gpio_in[38] (net)
                      0.134531    0.005076    1.048915 ^ clkbuf_1_1__f_gpio_in[38]/A (sky130_fd_sc_hd__clkbuf_16)
    19    0.069682    0.134044    0.308046    1.356961 ^ clkbuf_1_1__f_gpio_in[38]/X (sky130_fd_sc_hd__clkbuf_16)
                                                         clknet_1_1__leaf_gpio_in[38] (net)
                      0.135737    0.011659    1.368621 ^ _106_/CLK (sky130_fd_sc_hd__dfrtp_1)
     2    0.005601    0.100155    0.793000    2.161621 v _106_/Q (sky130_fd_sc_hd__dfrtp_1)
                                                         gpio_22_37_output[37].cfg.gpio_out_val (net)
                      0.100155    0.000160    2.161781 v _678_/A (sky130_fd_sc_hd__clkbuf_1)
     1    0.001812    0.040890    0.164590    2.326371 v _678_/X (sky130_fd_sc_hd__clkbuf_1)
                                                         net27 (net)
                      0.040890    0.000050    2.326421 v output27/A (sky130_fd_sc_hd__buf_2)
     1    0.034483    0.166947    0.331811    2.658232 v output27/X (sky130_fd_sc_hd__buf_2)
                                                         gpio_out[37] (net)
                      0.166949    0.000821    2.659053 v gpio_out[37] (out)
                                              2.659053   data arrival time

                                 25.000000   25.000000   clock gpio_in[38] (rise edge)
                                  0.000000   25.000000   clock network delay (propagated)
                                 -0.250000   24.750000   clock uncertainty
                                  0.000000   24.750000   clock reconvergence pessimism
                                 -5.000000   19.750000   output external delay
                                             19.750000   data required time
---------------------------------------------------------------------------------------------
                                             19.750000   data required time
                                             -2.659053   data arrival time
---------------------------------------------------------------------------------------------
                                             17.090946   slack (MET)


Startpoint: _087_ (rising edge-triggered flip-flop clocked by gpio_in[38])
Endpoint: _106_ (rising edge-triggered flip-flop clocked by gpio_in[38])
Path Group: gpio_in[38]
Path Type: max

Fanout         Cap        Slew       Delay        Time   Description
---------------------------------------------------------------------------------------------
                                  0.000000    0.000000   clock gpio_in[38] (rise edge)
                                  0.000000    0.000000   clock source latency
     2    0.097852    0.706251    0.509263    0.509263 ^ gpio_in[38] (in)
                                                         gpio_in[38] (net)
                      0.709941    0.000000    0.509263 ^ clkbuf_0_gpio_in[38]/A (sky130_fd_sc_hd__clkbuf_16)
     5    0.064484    0.134284    0.534576    1.043839 ^ clkbuf_0_gpio_in[38]/X (sky130_fd_sc_hd__clkbuf_16)
                                                         clknet_0_gpio_in[38] (net)
                      0.134548    0.005218    1.049058 ^ clkbuf_1_0__f_gpio_in[38]/A (sky130_fd_sc_hd__clkbuf_16)
    25    0.081756    0.152072    0.317218    1.366275 ^ clkbuf_1_0__f_gpio_in[38]/X (sky130_fd_sc_hd__clkbuf_16)
                                                         clknet_1_0__leaf_gpio_in[38] (net)
                      0.155254    0.017125    1.383400 ^ _087_/CLK (sky130_fd_sc_hd__dfrtp_2)
     3    0.009294    0.113470    0.765484    2.148884 ^ _087_/Q (sky130_fd_sc_hd__dfrtp_2)
                                                         gpio_18_21_bidir[18].cfg.gpio_out_val (net)
                      0.113470    0.000177    2.149060 ^ hold3/A (sky130_fd_sc_hd__dlygate4sd3_1)
     5    0.020071    0.328002    1.260665    3.409726 ^ hold3/X (sky130_fd_sc_hd__dlygate4sd3_1)
                                                         net578 (net)
                      0.328002    0.000460    3.410186 ^ _049_/A (sky130_fd_sc_hd__and4_4)
    17    0.132107    0.634467    1.012721    4.422906 ^ _049_/X (sky130_fd_sc_hd__and4_4)
                                                         _022_ (net)
                      0.634515    0.004799    4.427706 ^ _078_/A (sky130_fd_sc_hd__and4_4)
    11    0.119420    0.578952    1.091828    5.519534 ^ _078_/X (sky130_fd_sc_hd__and4_4)
                                                         _039_ (net)
                      0.588390    0.058481    5.578014 ^ _084_/D (sky130_fd_sc_hd__and4_1)
     1    0.006629    0.152583    0.595998    6.174013 ^ _084_/X (sky130_fd_sc_hd__and4_1)
                                                         _042_ (net)
                      0.152583    0.000234    6.174247 ^ _086_/B (sky130_fd_sc_hd__xor2_1)
     1    0.002300    0.090650    0.146772    6.321019 v _086_/X (sky130_fd_sc_hd__xor2_1)
                                                         _010_ (net)
                      0.090650    0.000049    6.321068 v hold2/A (sky130_fd_sc_hd__dlygate4sd3_1)
     1    0.002984    0.107094    1.136011    7.457079 v hold2/X (sky130_fd_sc_hd__dlygate4sd3_1)
                                                         net577 (net)
                      0.107094    0.000086    7.457165 v _106_/D (sky130_fd_sc_hd__dfrtp_1)
                                              7.457165   data arrival time

                                 25.000000   25.000000   clock gpio_in[38] (rise edge)
                                  0.000000   25.000000   clock source latency
     2    0.097852    0.706251    0.509264   25.509262 ^ gpio_in[38] (in)
                                                         gpio_in[38] (net)
                      0.709941    0.000000   25.509262 ^ clkbuf_0_gpio_in[38]/A (sky130_fd_sc_hd__clkbuf_16)
     5    0.064484    0.134284    0.534575   26.043839 ^ clkbuf_0_gpio_in[38]/X (sky130_fd_sc_hd__clkbuf_16)
                                                         clknet_0_gpio_in[38] (net)
                      0.134531    0.005077   26.048914 ^ clkbuf_1_1__f_gpio_in[38]/A (sky130_fd_sc_hd__clkbuf_16)
    19    0.069682    0.134044    0.308045   26.356960 ^ clkbuf_1_1__f_gpio_in[38]/X (sky130_fd_sc_hd__clkbuf_16)
                                                         clknet_1_1__leaf_gpio_in[38] (net)
                      0.135737    0.011660   26.368620 ^ _106_/CLK (sky130_fd_sc_hd__dfrtp_1)
                                 -0.250000   26.118622   clock uncertainty
                                  0.000000   26.118622   clock reconvergence pessimism
                                 -0.274497   25.844124   library setup time
                                             25.844124   data required time
---------------------------------------------------------------------------------------------
                                             25.844124   data required time
                                             -7.457165   data arrival time
---------------------------------------------------------------------------------------------
                                             18.386961   slack (MET)


Startpoint: _087_ (rising edge-triggered flip-flop clocked by gpio_in[38])
Endpoint: _105_ (rising edge-triggered flip-flop clocked by gpio_in[38])
Path Group: gpio_in[38]
Path Type: max

Fanout         Cap        Slew       Delay        Time   Description
---------------------------------------------------------------------------------------------
                                  0.000000    0.000000   clock gpio_in[38] (rise edge)
                                  0.000000    0.000000   clock source latency
     2    0.097852    0.706251    0.509263    0.509263 ^ gpio_in[38] (in)
                                                         gpio_in[38] (net)
                      0.709941    0.000000    0.509263 ^ clkbuf_0_gpio_in[38]/A (sky130_fd_sc_hd__clkbuf_16)
     5    0.064484    0.134284    0.534576    1.043839 ^ clkbuf_0_gpio_in[38]/X (sky130_fd_sc_hd__clkbuf_16)
                                                         clknet_0_gpio_in[38] (net)
                      0.134548    0.005218    1.049058 ^ clkbuf_1_0__f_gpio_in[38]/A (sky130_fd_sc_hd__clkbuf_16)
    25    0.081756    0.152072    0.317218    1.366275 ^ clkbuf_1_0__f_gpio_in[38]/X (sky130_fd_sc_hd__clkbuf_16)
                                                         clknet_1_0__leaf_gpio_in[38] (net)
                      0.155254    0.017125    1.383400 ^ _087_/CLK (sky130_fd_sc_hd__dfrtp_2)
     3    0.009294    0.113470    0.765484    2.148884 ^ _087_/Q (sky130_fd_sc_hd__dfrtp_2)
                                                         gpio_18_21_bidir[18].cfg.gpio_out_val (net)
                      0.113470    0.000177    2.149060 ^ hold3/A (sky130_fd_sc_hd__dlygate4sd3_1)
     5    0.020071    0.328002    1.260665    3.409726 ^ hold3/X (sky130_fd_sc_hd__dlygate4sd3_1)
                                                         net578 (net)
                      0.328002    0.000460    3.410186 ^ _049_/A (sky130_fd_sc_hd__and4_4)
    17    0.132107    0.634467    1.012721    4.422906 ^ _049_/X (sky130_fd_sc_hd__and4_4)
                                                         _022_ (net)
                      0.634515    0.004799    4.427706 ^ _078_/A (sky130_fd_sc_hd__and4_4)
    11    0.119420    0.578952    1.091828    5.519534 ^ _078_/X (sky130_fd_sc_hd__and4_4)
                                                         _039_ (net)
                      0.588375    0.058436    5.577970 ^ _082_/C (sky130_fd_sc_hd__and3_1)
     2    0.010526    0.192571    0.555106    6.133076 ^ _082_/X (sky130_fd_sc_hd__and3_1)
                                                         _041_ (net)
                      0.192571    0.000310    6.133386 ^ _085_/B (sky130_fd_sc_hd__xor2_1)
     1    0.002059    0.091356    0.160552    6.293939 v _085_/X (sky130_fd_sc_hd__xor2_1)
                                                         _009_ (net)
                      0.091356    0.000042    6.293981 v hold5/A (sky130_fd_sc_hd__dlygate4sd3_1)
     1    0.002803    0.105560    1.133283    7.427263 v hold5/X (sky130_fd_sc_hd__dlygate4sd3_1)
                                                         net580 (net)
                      0.105560    0.000088    7.427351 v _105_/D (sky130_fd_sc_hd__dfrtp_1)
                                              7.427351   data arrival time

                                 25.000000   25.000000   clock gpio_in[38] (rise edge)
                                  0.000000   25.000000   clock source latency
     2    0.097852    0.706251    0.509264   25.509262 ^ gpio_in[38] (in)
                                                         gpio_in[38] (net)
                      0.709941    0.000000   25.509262 ^ clkbuf_0_gpio_in[38]/A (sky130_fd_sc_hd__clkbuf_16)
     5    0.064484    0.134284    0.534575   26.043839 ^ clkbuf_0_gpio_in[38]/X (sky130_fd_sc_hd__clkbuf_16)
                                                         clknet_0_gpio_in[38] (net)
                      0.134531    0.005077   26.048914 ^ clkbuf_1_1__f_gpio_in[38]/A (sky130_fd_sc_hd__clkbuf_16)
    19    0.069682    0.134044    0.308045   26.356960 ^ clkbuf_1_1__f_gpio_in[38]/X (sky130_fd_sc_hd__clkbuf_16)
                                                         clknet_1_1__leaf_gpio_in[38] (net)
                      0.135745    0.011687   26.368647 ^ _105_/CLK (sky130_fd_sc_hd__dfrtp_1)
                                 -0.250000   26.118647   clock uncertainty
                                  0.000000   26.118647   clock reconvergence pessimism
                                 -0.273856   25.844791   library setup time
                                             25.844791   data required time
---------------------------------------------------------------------------------------------
                                             25.844791   data required time
                                             -7.427351   data arrival time
---------------------------------------------------------------------------------------------
                                             18.417440   slack (MET)


Startpoint: _087_ (rising edge-triggered flip-flop clocked by gpio_in[38])
Endpoint: _097_ (rising edge-triggered flip-flop clocked by gpio_in[38])
Path Group: gpio_in[38]
Path Type: max

Fanout         Cap        Slew       Delay        Time   Description
---------------------------------------------------------------------------------------------
                                  0.000000    0.000000   clock gpio_in[38] (rise edge)
                                  0.000000    0.000000   clock source latency
     2    0.097852    0.706251    0.509263    0.509263 ^ gpio_in[38] (in)
                                                         gpio_in[38] (net)
                      0.709941    0.000000    0.509263 ^ clkbuf_0_gpio_in[38]/A (sky130_fd_sc_hd__clkbuf_16)
     5    0.064484    0.134284    0.534576    1.043839 ^ clkbuf_0_gpio_in[38]/X (sky130_fd_sc_hd__clkbuf_16)
                                                         clknet_0_gpio_in[38] (net)
                      0.134548    0.005218    1.049058 ^ clkbuf_1_0__f_gpio_in[38]/A (sky130_fd_sc_hd__clkbuf_16)
    25    0.081756    0.152072    0.317218    1.366275 ^ clkbuf_1_0__f_gpio_in[38]/X (sky130_fd_sc_hd__clkbuf_16)
                                                         clknet_1_0__leaf_gpio_in[38] (net)
                      0.155254    0.017125    1.383400 ^ _087_/CLK (sky130_fd_sc_hd__dfrtp_2)
     3    0.009294    0.113470    0.765484    2.148884 ^ _087_/Q (sky130_fd_sc_hd__dfrtp_2)
                                                         gpio_18_21_bidir[18].cfg.gpio_out_val (net)
                      0.113470    0.000177    2.149060 ^ hold3/A (sky130_fd_sc_hd__dlygate4sd3_1)
     5    0.020071    0.328002    1.260665    3.409726 ^ hold3/X (sky130_fd_sc_hd__dlygate4sd3_1)
                                                         net578 (net)
                      0.328002    0.000460    3.410186 ^ _049_/A (sky130_fd_sc_hd__and4_4)
    17    0.132107    0.634467    1.012721    4.422906 ^ _049_/X (sky130_fd_sc_hd__and4_4)
                                                         _022_ (net)
                      0.644264    0.062601    4.485507 ^ _059_/A (sky130_fd_sc_hd__and2_4)
     9    0.114709    0.526474    0.855357    5.340864 ^ _059_/X (sky130_fd_sc_hd__and2_4)
                                                         _028_ (net)
                      0.534580    0.052030    5.392894 ^ _062_/C (sky130_fd_sc_hd__and3_1)
     2    0.007211    0.147302    0.500434    5.893328 ^ _062_/X (sky130_fd_sc_hd__and3_1)
                                                         _029_ (net)
                      0.147302    0.000182    5.893510 ^ _066_/B (sky130_fd_sc_hd__xor2_1)
     1    0.001694    0.085339    0.137529    6.031039 v _066_/X (sky130_fd_sc_hd__xor2_1)
                                                         _001_ (net)
                      0.085339    0.000047    6.031085 v hold7/A (sky130_fd_sc_hd__dlygate4sd3_1)
     1    0.002386    0.102399    1.123288    7.154373 v hold7/X (sky130_fd_sc_hd__dlygate4sd3_1)
                                                         net582 (net)
                      0.102399    0.000068    7.154441 v _097_/D (sky130_fd_sc_hd__dfrtp_1)
                                              7.154441   data arrival time

                                 25.000000   25.000000   clock gpio_in[38] (rise edge)
                                  0.000000   25.000000   clock source latency
     2    0.097852    0.706251    0.509264   25.509262 ^ gpio_in[38] (in)
                                                         gpio_in[38] (net)
                      0.709941    0.000000   25.509262 ^ clkbuf_0_gpio_in[38]/A (sky130_fd_sc_hd__clkbuf_16)
     5    0.064484    0.134284    0.534575   26.043839 ^ clkbuf_0_gpio_in[38]/X (sky130_fd_sc_hd__clkbuf_16)
                                                         clknet_0_gpio_in[38] (net)
                      0.134548    0.005219   26.049057 ^ clkbuf_1_0__f_gpio_in[38]/A (sky130_fd_sc_hd__clkbuf_16)
    25    0.081756    0.152072    0.317218   26.366276 ^ clkbuf_1_0__f_gpio_in[38]/X (sky130_fd_sc_hd__clkbuf_16)
                                                         clknet_1_0__leaf_gpio_in[38] (net)
                      0.155164    0.016875   26.383150 ^ _097_/CLK (sky130_fd_sc_hd__dfrtp_1)
                                 -0.250000   26.133152   clock uncertainty
                                  0.000000   26.133152   clock reconvergence pessimism
                                 -0.267360   25.865791   library setup time
                                             25.865791   data required time
---------------------------------------------------------------------------------------------
                                             25.865791   data required time
                                             -7.154441   data arrival time
---------------------------------------------------------------------------------------------
                                             18.711351   slack (MET)


Startpoint: _087_ (rising edge-triggered flip-flop clocked by gpio_in[38])
Endpoint: _102_ (rising edge-triggered flip-flop clocked by gpio_in[38])
Path Group: gpio_in[38]
Path Type: max

Fanout         Cap        Slew       Delay        Time   Description
---------------------------------------------------------------------------------------------
                                  0.000000    0.000000   clock gpio_in[38] (rise edge)
                                  0.000000    0.000000   clock source latency
     2    0.097852    0.706251    0.509263    0.509263 ^ gpio_in[38] (in)
                                                         gpio_in[38] (net)
                      0.709941    0.000000    0.509263 ^ clkbuf_0_gpio_in[38]/A (sky130_fd_sc_hd__clkbuf_16)
     5    0.064484    0.134284    0.534576    1.043839 ^ clkbuf_0_gpio_in[38]/X (sky130_fd_sc_hd__clkbuf_16)
                                                         clknet_0_gpio_in[38] (net)
                      0.134548    0.005218    1.049058 ^ clkbuf_1_0__f_gpio_in[38]/A (sky130_fd_sc_hd__clkbuf_16)
    25    0.081756    0.152072    0.317218    1.366275 ^ clkbuf_1_0__f_gpio_in[38]/X (sky130_fd_sc_hd__clkbuf_16)
                                                         clknet_1_0__leaf_gpio_in[38] (net)
                      0.155254    0.017125    1.383400 ^ _087_/CLK (sky130_fd_sc_hd__dfrtp_2)
     3    0.009294    0.113470    0.765484    2.148884 ^ _087_/Q (sky130_fd_sc_hd__dfrtp_2)
                                                         gpio_18_21_bidir[18].cfg.gpio_out_val (net)
                      0.113470    0.000177    2.149060 ^ hold3/A (sky130_fd_sc_hd__dlygate4sd3_1)
     5    0.020071    0.328002    1.260665    3.409726 ^ hold3/X (sky130_fd_sc_hd__dlygate4sd3_1)
                                                         net578 (net)
                      0.328002    0.000460    3.410186 ^ _049_/A (sky130_fd_sc_hd__and4_4)
    17    0.132107    0.634467    1.012721    4.422906 ^ _049_/X (sky130_fd_sc_hd__and4_4)
                                                         _022_ (net)
                      0.634515    0.004799    4.427706 ^ _078_/A (sky130_fd_sc_hd__and4_4)
    11    0.119420    0.578952    1.091828    5.519534 ^ _078_/X (sky130_fd_sc_hd__and4_4)
                                                         _039_ (net)
                      0.578965    0.002493    5.522027 ^ _079_/B1_N (sky130_fd_sc_hd__o21ba_1)
     1    0.002208    0.058774    0.434323    5.956350 v _079_/X (sky130_fd_sc_hd__o21ba_1)
                                                         _006_ (net)
                      0.058774    0.000047    5.956397 v hold9/A (sky130_fd_sc_hd__dlygate4sd3_1)
     1    0.002785    0.105491    1.118310    7.074707 v hold9/X (sky130_fd_sc_hd__dlygate4sd3_1)
                                                         net584 (net)
                      0.105491    0.000082    7.074788 v _102_/D (sky130_fd_sc_hd__dfrtp_1)
                                              7.074788   data arrival time

                                 25.000000   25.000000   clock gpio_in[38] (rise edge)
                                  0.000000   25.000000   clock source latency
     2    0.097852    0.706251    0.509264   25.509262 ^ gpio_in[38] (in)
                                                         gpio_in[38] (net)
                      0.709941    0.000000   25.509262 ^ clkbuf_0_gpio_in[38]/A (sky130_fd_sc_hd__clkbuf_16)
     5    0.064484    0.134284    0.534575   26.043839 ^ clkbuf_0_gpio_in[38]/X (sky130_fd_sc_hd__clkbuf_16)
                                                         clknet_0_gpio_in[38] (net)
                      0.134548    0.005219   26.049057 ^ clkbuf_1_0__f_gpio_in[38]/A (sky130_fd_sc_hd__clkbuf_16)
    25    0.081756    0.152072    0.317218   26.366276 ^ clkbuf_1_0__f_gpio_in[38]/X (sky130_fd_sc_hd__clkbuf_16)
                                                         clknet_1_0__leaf_gpio_in[38] (net)
                      0.155717    0.018359   26.384634 ^ _102_/CLK (sky130_fd_sc_hd__dfrtp_1)
                                 -0.250000   26.134634   clock uncertainty
                                  0.000000   26.134634   clock reconvergence pessimism
                                 -0.268499   25.866135   library setup time
                                             25.866135   data required time
---------------------------------------------------------------------------------------------
                                             25.866135   data required time
                                             -7.074788   data arrival time
---------------------------------------------------------------------------------------------
                                             18.791348   slack (MET)


Startpoint: _087_ (rising edge-triggered flip-flop clocked by gpio_in[38])
Endpoint: _098_ (rising edge-triggered flip-flop clocked by gpio_in[38])
Path Group: gpio_in[38]
Path Type: max

Fanout         Cap        Slew       Delay        Time   Description
---------------------------------------------------------------------------------------------
                                  0.000000    0.000000   clock gpio_in[38] (rise edge)
                                  0.000000    0.000000   clock source latency
     2    0.097852    0.706251    0.509263    0.509263 ^ gpio_in[38] (in)
                                                         gpio_in[38] (net)
                      0.709941    0.000000    0.509263 ^ clkbuf_0_gpio_in[38]/A (sky130_fd_sc_hd__clkbuf_16)
     5    0.064484    0.134284    0.534576    1.043839 ^ clkbuf_0_gpio_in[38]/X (sky130_fd_sc_hd__clkbuf_16)
                                                         clknet_0_gpio_in[38] (net)
                      0.134548    0.005218    1.049058 ^ clkbuf_1_0__f_gpio_in[38]/A (sky130_fd_sc_hd__clkbuf_16)
    25    0.081756    0.152072    0.317218    1.366275 ^ clkbuf_1_0__f_gpio_in[38]/X (sky130_fd_sc_hd__clkbuf_16)
                                                         clknet_1_0__leaf_gpio_in[38] (net)
                      0.155254    0.017125    1.383400 ^ _087_/CLK (sky130_fd_sc_hd__dfrtp_2)
     3    0.009294    0.113470    0.765484    2.148884 ^ _087_/Q (sky130_fd_sc_hd__dfrtp_2)
                                                         gpio_18_21_bidir[18].cfg.gpio_out_val (net)
                      0.113470    0.000177    2.149060 ^ hold3/A (sky130_fd_sc_hd__dlygate4sd3_1)
     5    0.020071    0.328002    1.260665    3.409726 ^ hold3/X (sky130_fd_sc_hd__dlygate4sd3_1)
                                                         net578 (net)
                      0.328002    0.000460    3.410186 ^ _049_/A (sky130_fd_sc_hd__and4_4)
    17    0.132107    0.634467    1.012721    4.422906 ^ _049_/X (sky130_fd_sc_hd__and4_4)
                                                         _022_ (net)
                      0.644264    0.062601    4.485507 ^ _059_/A (sky130_fd_sc_hd__and2_4)
     9    0.114709    0.526474    0.855357    5.340864 ^ _059_/X (sky130_fd_sc_hd__and2_4)
                                                         _028_ (net)
                      0.534555    0.051950    5.392814 ^ _065_/D (sky130_fd_sc_hd__and4_1)
     1    0.003147    0.105833    0.530995    5.923808 ^ _065_/X (sky130_fd_sc_hd__and4_1)
                                                         _031_ (net)
                      0.105833    0.000091    5.923900 ^ _069_/A2 (sky130_fd_sc_hd__o21ba_1)
     1    0.001752    0.060879    0.219750    6.143650 ^ _069_/X (sky130_fd_sc_hd__o21ba_1)
                                                         _002_ (net)
                      0.060879    0.000033    6.143683 ^ hold15/A (sky130_fd_sc_hd__dlygate4sd3_1)
     1    0.002688    0.090302    1.035120    7.178804 ^ hold15/X (sky130_fd_sc_hd__dlygate4sd3_1)
                                                         net590 (net)
                      0.090302    0.000078    7.178882 ^ _098_/D (sky130_fd_sc_hd__dfrtp_1)
                                              7.178882   data arrival time

                                 25.000000   25.000000   clock gpio_in[38] (rise edge)
                                  0.000000   25.000000   clock source latency
     2    0.097852    0.706251    0.509264   25.509262 ^ gpio_in[38] (in)
                                                         gpio_in[38] (net)
                      0.709941    0.000000   25.509262 ^ clkbuf_0_gpio_in[38]/A (sky130_fd_sc_hd__clkbuf_16)
     5    0.064484    0.134284    0.534575   26.043839 ^ clkbuf_0_gpio_in[38]/X (sky130_fd_sc_hd__clkbuf_16)
                                                         clknet_0_gpio_in[38] (net)
                      0.134548    0.005219   26.049057 ^ clkbuf_1_0__f_gpio_in[38]/A (sky130_fd_sc_hd__clkbuf_16)
    25    0.081756    0.152072    0.317218   26.366276 ^ clkbuf_1_0__f_gpio_in[38]/X (sky130_fd_sc_hd__clkbuf_16)
                                                         clknet_1_0__leaf_gpio_in[38] (net)
                      0.155039    0.016525   26.382801 ^ _098_/CLK (sky130_fd_sc_hd__dfrtp_1)
                                 -0.250000   26.132801   clock uncertainty
                                  0.000000   26.132801   clock reconvergence pessimism
                                 -0.123262   26.009539   library setup time
                                             26.009539   data required time
---------------------------------------------------------------------------------------------
                                             26.009539   data required time
                                             -7.178882   data arrival time
---------------------------------------------------------------------------------------------
                                             18.830656   slack (MET)


Startpoint: _087_ (rising edge-triggered flip-flop clocked by gpio_in[38])
Endpoint: _094_ (rising edge-triggered flip-flop clocked by gpio_in[38])
Path Group: gpio_in[38]
Path Type: max

Fanout         Cap        Slew       Delay        Time   Description
---------------------------------------------------------------------------------------------
                                  0.000000    0.000000   clock gpio_in[38] (rise edge)
                                  0.000000    0.000000   clock source latency
     2    0.097852    0.706251    0.509263    0.509263 ^ gpio_in[38] (in)
                                                         gpio_in[38] (net)
                      0.709941    0.000000    0.509263 ^ clkbuf_0_gpio_in[38]/A (sky130_fd_sc_hd__clkbuf_16)
     5    0.064484    0.134284    0.534576    1.043839 ^ clkbuf_0_gpio_in[38]/X (sky130_fd_sc_hd__clkbuf_16)
                                                         clknet_0_gpio_in[38] (net)
                      0.134548    0.005218    1.049058 ^ clkbuf_1_0__f_gpio_in[38]/A (sky130_fd_sc_hd__clkbuf_16)
    25    0.081756    0.152072    0.317218    1.366275 ^ clkbuf_1_0__f_gpio_in[38]/X (sky130_fd_sc_hd__clkbuf_16)
                                                         clknet_1_0__leaf_gpio_in[38] (net)
                      0.155254    0.017125    1.383400 ^ _087_/CLK (sky130_fd_sc_hd__dfrtp_2)
     3    0.009294    0.113470    0.765484    2.148884 ^ _087_/Q (sky130_fd_sc_hd__dfrtp_2)
                                                         gpio_18_21_bidir[18].cfg.gpio_out_val (net)
                      0.113470    0.000177    2.149060 ^ hold3/A (sky130_fd_sc_hd__dlygate4sd3_1)
     5    0.020071    0.328002    1.260665    3.409726 ^ hold3/X (sky130_fd_sc_hd__dlygate4sd3_1)
                                                         net578 (net)
                      0.328002    0.000460    3.410186 ^ _049_/A (sky130_fd_sc_hd__and4_4)
    17    0.132107    0.634467    1.012721    4.422906 ^ _049_/X (sky130_fd_sc_hd__and4_4)
                                                         _022_ (net)
                      0.644264    0.062601    4.485507 ^ _059_/A (sky130_fd_sc_hd__and2_4)
     9    0.114709    0.526474    0.855357    5.340864 ^ _059_/X (sky130_fd_sc_hd__and2_4)
                                                         _028_ (net)
                      0.526477    0.001256    5.342120 ^ _060_/B1_N (sky130_fd_sc_hd__o21ba_1)
     1    0.004478    0.079381    0.441835    5.783954 v _060_/X (sky130_fd_sc_hd__o21ba_1)
                                                         _017_ (net)
                      0.079381    0.000159    5.784113 v hold17/A (sky130_fd_sc_hd__dlygate4sd3_1)
     1    0.002624    0.104083    1.124415    6.908528 v hold17/X (sky130_fd_sc_hd__dlygate4sd3_1)
                                                         net592 (net)
                      0.104083    0.000079    6.908607 v _094_/D (sky130_fd_sc_hd__dfrtp_1)
                                              6.908607   data arrival time

                                 25.000000   25.000000   clock gpio_in[38] (rise edge)
                                  0.000000   25.000000   clock source latency
     2    0.097852    0.706251    0.509264   25.509262 ^ gpio_in[38] (in)
                                                         gpio_in[38] (net)
                      0.709941    0.000000   25.509262 ^ clkbuf_0_gpio_in[38]/A (sky130_fd_sc_hd__clkbuf_16)
     5    0.064484    0.134284    0.534575   26.043839 ^ clkbuf_0_gpio_in[38]/X (sky130_fd_sc_hd__clkbuf_16)
                                                         clknet_0_gpio_in[38] (net)
                      0.134531    0.005077   26.048914 ^ clkbuf_1_1__f_gpio_in[38]/A (sky130_fd_sc_hd__clkbuf_16)
    19    0.069682    0.134044    0.308045   26.356960 ^ clkbuf_1_1__f_gpio_in[38]/X (sky130_fd_sc_hd__clkbuf_16)
                                                         clknet_1_1__leaf_gpio_in[38] (net)
                      0.135913    0.012285   26.369246 ^ _094_/CLK (sky130_fd_sc_hd__dfrtp_1)
                                 -0.250000   26.119246   clock uncertainty
                                  0.000000   26.119246   clock reconvergence pessimism
                                 -0.273196   25.846050   library setup time
                                             25.846050   data required time
---------------------------------------------------------------------------------------------
                                             25.846050   data required time
                                             -6.908607   data arrival time
---------------------------------------------------------------------------------------------
                                             18.937443   slack (MET)


Startpoint: _087_ (rising edge-triggered flip-flop clocked by gpio_in[38])
Endpoint: _100_ (rising edge-triggered flip-flop clocked by gpio_in[38])
Path Group: gpio_in[38]
Path Type: max

Fanout         Cap        Slew       Delay        Time   Description
---------------------------------------------------------------------------------------------
                                  0.000000    0.000000   clock gpio_in[38] (rise edge)
                                  0.000000    0.000000   clock source latency
     2    0.097852    0.706251    0.509263    0.509263 ^ gpio_in[38] (in)
                                                         gpio_in[38] (net)
                      0.709941    0.000000    0.509263 ^ clkbuf_0_gpio_in[38]/A (sky130_fd_sc_hd__clkbuf_16)
     5    0.064484    0.134284    0.534576    1.043839 ^ clkbuf_0_gpio_in[38]/X (sky130_fd_sc_hd__clkbuf_16)
                                                         clknet_0_gpio_in[38] (net)
                      0.134548    0.005218    1.049058 ^ clkbuf_1_0__f_gpio_in[38]/A (sky130_fd_sc_hd__clkbuf_16)
    25    0.081756    0.152072    0.317218    1.366275 ^ clkbuf_1_0__f_gpio_in[38]/X (sky130_fd_sc_hd__clkbuf_16)
                                                         clknet_1_0__leaf_gpio_in[38] (net)
                      0.155254    0.017125    1.383400 ^ _087_/CLK (sky130_fd_sc_hd__dfrtp_2)
     3    0.009294    0.113470    0.765484    2.148884 ^ _087_/Q (sky130_fd_sc_hd__dfrtp_2)
                                                         gpio_18_21_bidir[18].cfg.gpio_out_val (net)
                      0.113470    0.000177    2.149060 ^ hold3/A (sky130_fd_sc_hd__dlygate4sd3_1)
     5    0.020071    0.328002    1.260665    3.409726 ^ hold3/X (sky130_fd_sc_hd__dlygate4sd3_1)
                                                         net578 (net)
                      0.328002    0.000460    3.410186 ^ _049_/A (sky130_fd_sc_hd__and4_4)
    17    0.132107    0.634467    1.012721    4.422906 ^ _049_/X (sky130_fd_sc_hd__and4_4)
                                                         _022_ (net)
                      0.634481    0.002670    4.425577 ^ _068_/A (sky130_fd_sc_hd__and3_1)
     5    0.016118    0.267517    0.644385    5.069963 ^ _068_/X (sky130_fd_sc_hd__and3_1)
                                                         _033_ (net)
                      0.267517    0.000386    5.070348 ^ _073_/C (sky130_fd_sc_hd__and3_1)
     2    0.007538    0.149325    0.426428    5.496777 ^ _073_/X (sky130_fd_sc_hd__and3_1)
                                                         _036_ (net)
                      0.149325    0.000147    5.496924 ^ _074_/B1_N (sky130_fd_sc_hd__o21ba_1)
     1    0.003591    0.071107    0.301888    5.798812 v _074_/X (sky130_fd_sc_hd__o21ba_1)
                                                         _004_ (net)
                      0.071112    0.000099    5.798911 v hold27/A (sky130_fd_sc_hd__dlygate4sd3_1)
     1    0.002295    0.101714    1.115307    6.914218 v hold27/X (sky130_fd_sc_hd__dlygate4sd3_1)
                                                         net602 (net)
                      0.101714    0.000065    6.914283 v _100_/D (sky130_fd_sc_hd__dfrtp_1)
                                              6.914283   data arrival time

                                 25.000000   25.000000   clock gpio_in[38] (rise edge)
                                  0.000000   25.000000   clock source latency
     2    0.097852    0.706251    0.509264   25.509262 ^ gpio_in[38] (in)
                                                         gpio_in[38] (net)
                      0.709941    0.000000   25.509262 ^ clkbuf_0_gpio_in[38]/A (sky130_fd_sc_hd__clkbuf_16)
     5    0.064484    0.134284    0.534575   26.043839 ^ clkbuf_0_gpio_in[38]/X (sky130_fd_sc_hd__clkbuf_16)
                                                         clknet_0_gpio_in[38] (net)
                      0.134548    0.005219   26.049057 ^ clkbuf_1_0__f_gpio_in[38]/A (sky130_fd_sc_hd__clkbuf_16)
    25    0.081756    0.152072    0.317218   26.366276 ^ clkbuf_1_0__f_gpio_in[38]/X (sky130_fd_sc_hd__clkbuf_16)
                                                         clknet_1_0__leaf_gpio_in[38] (net)
                      0.155771    0.018495   26.384771 ^ _100_/CLK (sky130_fd_sc_hd__dfrtp_1)
                                 -0.250000   26.134771   clock uncertainty
                                  0.000000   26.134771   clock reconvergence pessimism
                                 -0.266913   25.867859   library setup time
                                             25.867859   data required time
---------------------------------------------------------------------------------------------
                                             25.867859   data required time
                                             -6.914283   data arrival time
---------------------------------------------------------------------------------------------
                                             18.953577   slack (MET)


Startpoint: _087_ (rising edge-triggered flip-flop clocked by gpio_in[38])
Endpoint: _101_ (rising edge-triggered flip-flop clocked by gpio_in[38])
Path Group: gpio_in[38]
Path Type: max

Fanout         Cap        Slew       Delay        Time   Description
---------------------------------------------------------------------------------------------
                                  0.000000    0.000000   clock gpio_in[38] (rise edge)
                                  0.000000    0.000000   clock source latency
     2    0.097852    0.706251    0.509263    0.509263 ^ gpio_in[38] (in)
                                                         gpio_in[38] (net)
                      0.709941    0.000000    0.509263 ^ clkbuf_0_gpio_in[38]/A (sky130_fd_sc_hd__clkbuf_16)
     5    0.064484    0.134284    0.534576    1.043839 ^ clkbuf_0_gpio_in[38]/X (sky130_fd_sc_hd__clkbuf_16)
                                                         clknet_0_gpio_in[38] (net)
                      0.134548    0.005218    1.049058 ^ clkbuf_1_0__f_gpio_in[38]/A (sky130_fd_sc_hd__clkbuf_16)
    25    0.081756    0.152072    0.317218    1.366275 ^ clkbuf_1_0__f_gpio_in[38]/X (sky130_fd_sc_hd__clkbuf_16)
                                                         clknet_1_0__leaf_gpio_in[38] (net)
                      0.155254    0.017125    1.383400 ^ _087_/CLK (sky130_fd_sc_hd__dfrtp_2)
     3    0.009294    0.113470    0.765484    2.148884 ^ _087_/Q (sky130_fd_sc_hd__dfrtp_2)
                                                         gpio_18_21_bidir[18].cfg.gpio_out_val (net)
                      0.113470    0.000177    2.149060 ^ hold3/A (sky130_fd_sc_hd__dlygate4sd3_1)
     5    0.020071    0.328002    1.260665    3.409726 ^ hold3/X (sky130_fd_sc_hd__dlygate4sd3_1)
                                                         net578 (net)
                      0.328002    0.000460    3.410186 ^ _049_/A (sky130_fd_sc_hd__and4_4)
    17    0.132107    0.634467    1.012721    4.422906 ^ _049_/X (sky130_fd_sc_hd__and4_4)
                                                         _022_ (net)
                      0.634481    0.002670    4.425577 ^ _068_/A (sky130_fd_sc_hd__and3_1)
     5    0.016118    0.267517    0.644385    5.069963 ^ _068_/X (sky130_fd_sc_hd__and3_1)
                                                         _033_ (net)
                      0.267517    0.000386    5.070348 ^ _073_/C (sky130_fd_sc_hd__and3_1)
     2    0.007538    0.149325    0.426428    5.496777 ^ _073_/X (sky130_fd_sc_hd__and3_1)
                                                         _036_ (net)
                      0.149325    0.000203    5.496979 ^ _076_/B (sky130_fd_sc_hd__xor2_1)
     1    0.003913    0.110043    0.163789    5.660769 v _076_/X (sky130_fd_sc_hd__xor2_1)
                                                         _005_ (net)
                      0.110043    0.000139    5.660907 v hold11/A (sky130_fd_sc_hd__dlygate4sd3_1)
     1    0.002161    0.100432    1.131506    6.792413 v hold11/X (sky130_fd_sc_hd__dlygate4sd3_1)
                                                         net586 (net)
                      0.100432    0.000060    6.792473 v _101_/D (sky130_fd_sc_hd__dfrtp_1)
                                              6.792473   data arrival time

                                 25.000000   25.000000   clock gpio_in[38] (rise edge)
                                  0.000000   25.000000   clock source latency
     2    0.097852    0.706251    0.509264   25.509262 ^ gpio_in[38] (in)
                                                         gpio_in[38] (net)
                      0.709941    0.000000   25.509262 ^ clkbuf_0_gpio_in[38]/A (sky130_fd_sc_hd__clkbuf_16)
     5    0.064484    0.134284    0.534575   26.043839 ^ clkbuf_0_gpio_in[38]/X (sky130_fd_sc_hd__clkbuf_16)
                                                         clknet_0_gpio_in[38] (net)
                      0.134548    0.005219   26.049057 ^ clkbuf_1_0__f_gpio_in[38]/A (sky130_fd_sc_hd__clkbuf_16)
    25    0.081756    0.152072    0.317218   26.366276 ^ clkbuf_1_0__f_gpio_in[38]/X (sky130_fd_sc_hd__clkbuf_16)
                                                         clknet_1_0__leaf_gpio_in[38] (net)
                      0.155752    0.018449   26.384724 ^ _101_/CLK (sky130_fd_sc_hd__dfrtp_1)
                                 -0.250000   26.134726   clock uncertainty
                                  0.000000   26.134726   clock reconvergence pessimism
                                 -0.266384   25.868341   library setup time
                                             25.868341   data required time
---------------------------------------------------------------------------------------------
                                             25.868341   data required time
                                             -6.792473   data arrival time
---------------------------------------------------------------------------------------------
                                             19.075867   slack (MET)


Startpoint: _087_ (rising edge-triggered flip-flop clocked by gpio_in[38])
Endpoint: _090_ (rising edge-triggered flip-flop clocked by gpio_in[38])
Path Group: gpio_in[38]
Path Type: max

Fanout         Cap        Slew       Delay        Time   Description
---------------------------------------------------------------------------------------------
                                  0.000000    0.000000   clock gpio_in[38] (rise edge)
                                  0.000000    0.000000   clock source latency
     2    0.097852    0.706251    0.509263    0.509263 ^ gpio_in[38] (in)
                                                         gpio_in[38] (net)
                      0.709941    0.000000    0.509263 ^ clkbuf_0_gpio_in[38]/A (sky130_fd_sc_hd__clkbuf_16)
     5    0.064484    0.134284    0.534576    1.043839 ^ clkbuf_0_gpio_in[38]/X (sky130_fd_sc_hd__clkbuf_16)
                                                         clknet_0_gpio_in[38] (net)
                      0.134548    0.005218    1.049058 ^ clkbuf_1_0__f_gpio_in[38]/A (sky130_fd_sc_hd__clkbuf_16)
    25    0.081756    0.152072    0.317218    1.366275 ^ clkbuf_1_0__f_gpio_in[38]/X (sky130_fd_sc_hd__clkbuf_16)
                                                         clknet_1_0__leaf_gpio_in[38] (net)
                      0.155254    0.017125    1.383400 ^ _087_/CLK (sky130_fd_sc_hd__dfrtp_2)
     3    0.008918    0.103457    0.878059    2.261459 v _087_/Q (sky130_fd_sc_hd__dfrtp_2)
                                                         gpio_18_21_bidir[18].cfg.gpio_out_val (net)
                      0.103457    0.000169    2.261628 v hold3/A (sky130_fd_sc_hd__dlygate4sd3_1)
     5    0.019356    0.249549    1.314438    3.576066 v hold3/X (sky130_fd_sc_hd__dlygate4sd3_1)
                                                         net578 (net)
                      0.249549    0.000532    3.576599 v _050_/A1 (sky130_fd_sc_hd__a31o_1)
     1    0.001641    0.056185    0.382030    3.958629 v _050_/X (sky130_fd_sc_hd__a31o_1)
                                                         _023_ (net)
                      0.056185    0.000031    3.958660 v hold32/A (sky130_fd_sc_hd__dlygate4sd3_1)
     1    0.003789    0.115478    1.134114    5.092774 v hold32/X (sky130_fd_sc_hd__dlygate4sd3_1)
                                                         net607 (net)
                      0.115478    0.000135    5.092908 v _051_/B (sky130_fd_sc_hd__and2b_1)
     1    0.002682    0.064774    0.335110    5.428019 v _051_/X (sky130_fd_sc_hd__and2b_1)
                                                         _013_ (net)
                      0.064774    0.000082    5.428101 v hold33/A (sky130_fd_sc_hd__dlygate4sd3_1)
     1    0.002858    0.106037    1.122119    6.550220 v hold33/X (sky130_fd_sc_hd__dlygate4sd3_1)
                                                         net608 (net)
                      0.106037    0.000086    6.550305 v _090_/D (sky130_fd_sc_hd__dfrtp_1)
                                              6.550305   data arrival time

                                 25.000000   25.000000   clock gpio_in[38] (rise edge)
                                  0.000000   25.000000   clock source latency
     2    0.097852    0.706251    0.509264   25.509262 ^ gpio_in[38] (in)
                                                         gpio_in[38] (net)
                      0.709941    0.000000   25.509262 ^ clkbuf_0_gpio_in[38]/A (sky130_fd_sc_hd__clkbuf_16)
     5    0.064484    0.134284    0.534575   26.043839 ^ clkbuf_0_gpio_in[38]/X (sky130_fd_sc_hd__clkbuf_16)
                                                         clknet_0_gpio_in[38] (net)
                      0.134548    0.005219   26.049057 ^ clkbuf_1_0__f_gpio_in[38]/A (sky130_fd_sc_hd__clkbuf_16)
    25    0.081756    0.152072    0.317218   26.366276 ^ clkbuf_1_0__f_gpio_in[38]/X (sky130_fd_sc_hd__clkbuf_16)
                                                         clknet_1_0__leaf_gpio_in[38] (net)
                      0.155477    0.017728   26.384003 ^ _090_/CLK (sky130_fd_sc_hd__dfrtp_1)
                                 -0.250000   26.134005   clock uncertainty
                                  0.000000   26.134005   clock reconvergence pessimism
                                 -0.268791   25.865213   library setup time
                                             25.865213   data required time
---------------------------------------------------------------------------------------------
                                             25.865213   data required time
                                             -6.550305   data arrival time
---------------------------------------------------------------------------------------------
                                             19.314907   slack (MET)


Startpoint: _087_ (rising edge-triggered flip-flop clocked by gpio_in[38])
Endpoint: _093_ (rising edge-triggered flip-flop clocked by gpio_in[38])
Path Group: gpio_in[38]
Path Type: max

Fanout         Cap        Slew       Delay        Time   Description
---------------------------------------------------------------------------------------------
                                  0.000000    0.000000   clock gpio_in[38] (rise edge)
                                  0.000000    0.000000   clock source latency
     2    0.097852    0.706251    0.509263    0.509263 ^ gpio_in[38] (in)
                                                         gpio_in[38] (net)
                      0.709941    0.000000    0.509263 ^ clkbuf_0_gpio_in[38]/A (sky130_fd_sc_hd__clkbuf_16)
     5    0.064484    0.134284    0.534576    1.043839 ^ clkbuf_0_gpio_in[38]/X (sky130_fd_sc_hd__clkbuf_16)
                                                         clknet_0_gpio_in[38] (net)
                      0.134548    0.005218    1.049058 ^ clkbuf_1_0__f_gpio_in[38]/A (sky130_fd_sc_hd__clkbuf_16)
    25    0.081756    0.152072    0.317218    1.366275 ^ clkbuf_1_0__f_gpio_in[38]/X (sky130_fd_sc_hd__clkbuf_16)
                                                         clknet_1_0__leaf_gpio_in[38] (net)
                      0.155254    0.017125    1.383400 ^ _087_/CLK (sky130_fd_sc_hd__dfrtp_2)
     3    0.009294    0.113470    0.765484    2.148884 ^ _087_/Q (sky130_fd_sc_hd__dfrtp_2)
                                                         gpio_18_21_bidir[18].cfg.gpio_out_val (net)
                      0.113470    0.000177    2.149060 ^ hold3/A (sky130_fd_sc_hd__dlygate4sd3_1)
     5    0.020071    0.328002    1.260665    3.409726 ^ hold3/X (sky130_fd_sc_hd__dlygate4sd3_1)
                                                         net578 (net)
                      0.328002    0.000460    3.410186 ^ _049_/A (sky130_fd_sc_hd__and4_4)
    17    0.132107    0.634467    1.012721    4.422906 ^ _049_/X (sky130_fd_sc_hd__and4_4)
                                                         _022_ (net)
                      0.644335    0.062824    4.485730 ^ _053_/C (sky130_fd_sc_hd__and3_1)
     3    0.011086    0.200742    0.576974    5.062704 ^ _053_/X (sky130_fd_sc_hd__and3_1)
                                                         _024_ (net)
                      0.200742    0.000295    5.063000 ^ _057_/B (sky130_fd_sc_hd__xor2_1)
     1    0.001604    0.087108    0.158587    5.221587 v _057_/X (sky130_fd_sc_hd__xor2_1)
                                                         _016_ (net)
                      0.087108    0.000030    5.221617 v hold13/A (sky130_fd_sc_hd__dlygate4sd3_1)
     1    0.003337    0.110366    1.140251    6.361868 v hold13/X (sky130_fd_sc_hd__dlygate4sd3_1)
                                                         net588 (net)
                      0.110366    0.000109    6.361977 v _093_/D (sky130_fd_sc_hd__dfrtp_1)
                                              6.361977   data arrival time

                                 25.000000   25.000000   clock gpio_in[38] (rise edge)
                                  0.000000   25.000000   clock source latency
     2    0.097852    0.706251    0.509264   25.509262 ^ gpio_in[38] (in)
                                                         gpio_in[38] (net)
                      0.709941    0.000000   25.509262 ^ clkbuf_0_gpio_in[38]/A (sky130_fd_sc_hd__clkbuf_16)
     5    0.064484    0.134284    0.534575   26.043839 ^ clkbuf_0_gpio_in[38]/X (sky130_fd_sc_hd__clkbuf_16)
                                                         clknet_0_gpio_in[38] (net)
                      0.134531    0.005077   26.048914 ^ clkbuf_1_1__f_gpio_in[38]/A (sky130_fd_sc_hd__clkbuf_16)
    19    0.069682    0.134044    0.308045   26.356960 ^ clkbuf_1_1__f_gpio_in[38]/X (sky130_fd_sc_hd__clkbuf_16)
                                                         clknet_1_1__leaf_gpio_in[38] (net)
                      0.135940    0.012379   26.369339 ^ _093_/CLK (sky130_fd_sc_hd__dfrtp_1)
                                 -0.250000   26.119341   clock uncertainty
                                  0.000000   26.119341   clock reconvergence pessimism
                                 -0.275806   25.843534   library setup time
                                             25.843534   data required time
---------------------------------------------------------------------------------------------
                                             25.843534   data required time
                                             -6.361977   data arrival time
---------------------------------------------------------------------------------------------
                                             19.481558   slack (MET)


Startpoint: _087_ (rising edge-triggered flip-flop clocked by gpio_in[38])
Endpoint: _099_ (rising edge-triggered flip-flop clocked by gpio_in[38])
Path Group: gpio_in[38]
Path Type: max

Fanout         Cap        Slew       Delay        Time   Description
---------------------------------------------------------------------------------------------
                                  0.000000    0.000000   clock gpio_in[38] (rise edge)
                                  0.000000    0.000000   clock source latency
     2    0.097852    0.706251    0.509263    0.509263 ^ gpio_in[38] (in)
                                                         gpio_in[38] (net)
                      0.709941    0.000000    0.509263 ^ clkbuf_0_gpio_in[38]/A (sky130_fd_sc_hd__clkbuf_16)
     5    0.064484    0.134284    0.534576    1.043839 ^ clkbuf_0_gpio_in[38]/X (sky130_fd_sc_hd__clkbuf_16)
                                                         clknet_0_gpio_in[38] (net)
                      0.134548    0.005218    1.049058 ^ clkbuf_1_0__f_gpio_in[38]/A (sky130_fd_sc_hd__clkbuf_16)
    25    0.081756    0.152072    0.317218    1.366275 ^ clkbuf_1_0__f_gpio_in[38]/X (sky130_fd_sc_hd__clkbuf_16)
                                                         clknet_1_0__leaf_gpio_in[38] (net)
                      0.155254    0.017125    1.383400 ^ _087_/CLK (sky130_fd_sc_hd__dfrtp_2)
     3    0.009294    0.113470    0.765484    2.148884 ^ _087_/Q (sky130_fd_sc_hd__dfrtp_2)
                                                         gpio_18_21_bidir[18].cfg.gpio_out_val (net)
                      0.113470    0.000177    2.149060 ^ hold3/A (sky130_fd_sc_hd__dlygate4sd3_1)
     5    0.020071    0.328002    1.260665    3.409726 ^ hold3/X (sky130_fd_sc_hd__dlygate4sd3_1)
                                                         net578 (net)
                      0.328002    0.000460    3.410186 ^ _049_/A (sky130_fd_sc_hd__and4_4)
    17    0.132107    0.634467    1.012721    4.422906 ^ _049_/X (sky130_fd_sc_hd__and4_4)
                                                         _022_ (net)
                      0.634481    0.002670    4.425577 ^ _068_/A (sky130_fd_sc_hd__and3_1)
     5    0.016118    0.267517    0.644385    5.069963 ^ _068_/X (sky130_fd_sc_hd__and3_1)
                                                         _033_ (net)
                      0.267517    0.000426    5.070389 ^ _071_/B (sky130_fd_sc_hd__nor2_1)
     1    0.002250    0.066198    0.132522    5.202911 v _071_/Y (sky130_fd_sc_hd__nor2_1)
                                                         _035_ (net)
                      0.066198    0.000063    5.202973 v hold29/A (sky130_fd_sc_hd__dlygate4sd3_1)
     1    0.003351    0.111922    1.131037    6.334011 v hold29/X (sky130_fd_sc_hd__dlygate4sd3_1)
                                                         net604 (net)
                      0.111922    0.000106    6.334116 v _072_/B (sky130_fd_sc_hd__nor2_1)
     1    0.002526    0.123525    0.151279    6.485395 ^ _072_/Y (sky130_fd_sc_hd__nor2_1)
                                                         _003_ (net)
                      0.123525    0.000074    6.485469 ^ _099_/D (sky130_fd_sc_hd__dfrtp_1)
                                              6.485469   data arrival time

                                 25.000000   25.000000   clock gpio_in[38] (rise edge)
                                  0.000000   25.000000   clock source latency
     2    0.097852    0.706251    0.509264   25.509262 ^ gpio_in[38] (in)
                                                         gpio_in[38] (net)
                      0.709941    0.000000   25.509262 ^ clkbuf_0_gpio_in[38]/A (sky130_fd_sc_hd__clkbuf_16)
     5    0.064484    0.134284    0.534575   26.043839 ^ clkbuf_0_gpio_in[38]/X (sky130_fd_sc_hd__clkbuf_16)
                                                         clknet_0_gpio_in[38] (net)
                      0.134548    0.005219   26.049057 ^ clkbuf_1_0__f_gpio_in[38]/A (sky130_fd_sc_hd__clkbuf_16)
    25    0.081756    0.152072    0.317218   26.366276 ^ clkbuf_1_0__f_gpio_in[38]/X (sky130_fd_sc_hd__clkbuf_16)
                                                         clknet_1_0__leaf_gpio_in[38] (net)
                      0.155699    0.018312   26.384588 ^ _099_/CLK (sky130_fd_sc_hd__dfrtp_1)
                                 -0.250000   26.134588   clock uncertainty
                                  0.000000   26.134588   clock reconvergence pessimism
                                 -0.131493   26.003096   library setup time
                                             26.003096   data required time
---------------------------------------------------------------------------------------------
                                             26.003096   data required time
                                             -6.485469   data arrival time
---------------------------------------------------------------------------------------------
                                             19.517626   slack (MET)


Startpoint: _087_ (rising edge-triggered flip-flop clocked by gpio_in[38])
Endpoint: _104_ (rising edge-triggered flip-flop clocked by gpio_in[38])
Path Group: gpio_in[38]
Path Type: max

Fanout         Cap        Slew       Delay        Time   Description
---------------------------------------------------------------------------------------------
                                  0.000000    0.000000   clock gpio_in[38] (rise edge)
                                  0.000000    0.000000   clock source latency
     2    0.097852    0.706251    0.509263    0.509263 ^ gpio_in[38] (in)
                                                         gpio_in[38] (net)
                      0.709941    0.000000    0.509263 ^ clkbuf_0_gpio_in[38]/A (sky130_fd_sc_hd__clkbuf_16)
     5    0.064484    0.134284    0.534576    1.043839 ^ clkbuf_0_gpio_in[38]/X (sky130_fd_sc_hd__clkbuf_16)
                                                         clknet_0_gpio_in[38] (net)
                      0.134548    0.005218    1.049058 ^ clkbuf_1_0__f_gpio_in[38]/A (sky130_fd_sc_hd__clkbuf_16)
    25    0.081756    0.152072    0.317218    1.366275 ^ clkbuf_1_0__f_gpio_in[38]/X (sky130_fd_sc_hd__clkbuf_16)
                                                         clknet_1_0__leaf_gpio_in[38] (net)
                      0.155254    0.017125    1.383400 ^ _087_/CLK (sky130_fd_sc_hd__dfrtp_2)
     3    0.009294    0.113470    0.765484    2.148884 ^ _087_/Q (sky130_fd_sc_hd__dfrtp_2)
                                                         gpio_18_21_bidir[18].cfg.gpio_out_val (net)
                      0.113470    0.000177    2.149060 ^ hold3/A (sky130_fd_sc_hd__dlygate4sd3_1)
     5    0.020071    0.328002    1.260665    3.409726 ^ hold3/X (sky130_fd_sc_hd__dlygate4sd3_1)
                                                         net578 (net)
                      0.328002    0.000460    3.410186 ^ _049_/A (sky130_fd_sc_hd__and4_4)
    17    0.132107    0.634467    1.012721    4.422906 ^ _049_/X (sky130_fd_sc_hd__and4_4)
                                                         _022_ (net)
                      0.634515    0.004799    4.427706 ^ _078_/A (sky130_fd_sc_hd__and4_4)
    11    0.119420    0.578952    1.091828    5.519534 ^ _078_/X (sky130_fd_sc_hd__and4_4)
                                                         _039_ (net)
                      0.588375    0.058436    5.577970 ^ _082_/C (sky130_fd_sc_hd__and3_1)
     2    0.010526    0.192571    0.555106    6.133076 ^ _082_/X (sky130_fd_sc_hd__and3_1)
                                                         _041_ (net)
                      0.192571    0.000194    6.133269 ^ _083_/B (sky130_fd_sc_hd__nor2_1)
     1    0.003557    0.080677    0.124890    6.258159 v _083_/Y (sky130_fd_sc_hd__nor2_1)
                                                         _008_ (net)
                      0.080677    0.000119    6.258278 v _104_/D (sky130_fd_sc_hd__dfrtp_1)
                                              6.258278   data arrival time

                                 25.000000   25.000000   clock gpio_in[38] (rise edge)
                                  0.000000   25.000000   clock source latency
     2    0.097852    0.706251    0.509264   25.509262 ^ gpio_in[38] (in)
                                                         gpio_in[38] (net)
                      0.709941    0.000000   25.509262 ^ clkbuf_0_gpio_in[38]/A (sky130_fd_sc_hd__clkbuf_16)
     5    0.064484    0.134284    0.534575   26.043839 ^ clkbuf_0_gpio_in[38]/X (sky130_fd_sc_hd__clkbuf_16)
                                                         clknet_0_gpio_in[38] (net)
                      0.134531    0.005077   26.048914 ^ clkbuf_1_1__f_gpio_in[38]/A (sky130_fd_sc_hd__clkbuf_16)
    19    0.069682    0.134044    0.308045   26.356960 ^ clkbuf_1_1__f_gpio_in[38]/X (sky130_fd_sc_hd__clkbuf_16)
                                                         clknet_1_1__leaf_gpio_in[38] (net)
                      0.135741    0.011674   26.368635 ^ _104_/CLK (sky130_fd_sc_hd__dfrtp_1)
                                 -0.250000   26.118635   clock uncertainty
                                  0.000000   26.118635   clock reconvergence pessimism
                                 -0.263492   25.855143   library setup time
                                             25.855143   data required time
---------------------------------------------------------------------------------------------
                                             25.855143   data required time
                                             -6.258278   data arrival time
---------------------------------------------------------------------------------------------
                                             19.596865   slack (MET)


Startpoint: _087_ (rising edge-triggered flip-flop clocked by gpio_in[38])
Endpoint: _096_ (rising edge-triggered flip-flop clocked by gpio_in[38])
Path Group: gpio_in[38]
Path Type: max

Fanout         Cap        Slew       Delay        Time   Description
---------------------------------------------------------------------------------------------
                                  0.000000    0.000000   clock gpio_in[38] (rise edge)
                                  0.000000    0.000000   clock source latency
     2    0.097852    0.706251    0.509263    0.509263 ^ gpio_in[38] (in)
                                                         gpio_in[38] (net)
                      0.709941    0.000000    0.509263 ^ clkbuf_0_gpio_in[38]/A (sky130_fd_sc_hd__clkbuf_16)
     5    0.064484    0.134284    0.534576    1.043839 ^ clkbuf_0_gpio_in[38]/X (sky130_fd_sc_hd__clkbuf_16)
                                                         clknet_0_gpio_in[38] (net)
                      0.134548    0.005218    1.049058 ^ clkbuf_1_0__f_gpio_in[38]/A (sky130_fd_sc_hd__clkbuf_16)
    25    0.081756    0.152072    0.317218    1.366275 ^ clkbuf_1_0__f_gpio_in[38]/X (sky130_fd_sc_hd__clkbuf_16)
                                                         clknet_1_0__leaf_gpio_in[38] (net)
                      0.155254    0.017125    1.383400 ^ _087_/CLK (sky130_fd_sc_hd__dfrtp_2)
     3    0.009294    0.113470    0.765484    2.148884 ^ _087_/Q (sky130_fd_sc_hd__dfrtp_2)
                                                         gpio_18_21_bidir[18].cfg.gpio_out_val (net)
                      0.113470    0.000177    2.149060 ^ hold3/A (sky130_fd_sc_hd__dlygate4sd3_1)
     5    0.020071    0.328002    1.260665    3.409726 ^ hold3/X (sky130_fd_sc_hd__dlygate4sd3_1)
                                                         net578 (net)
                      0.328002    0.000460    3.410186 ^ _049_/A (sky130_fd_sc_hd__and4_4)
    17    0.132107    0.634467    1.012721    4.422906 ^ _049_/X (sky130_fd_sc_hd__and4_4)
                                                         _022_ (net)
                      0.644264    0.062601    4.485507 ^ _059_/A (sky130_fd_sc_hd__and2_4)
     9    0.114709    0.526474    0.855357    5.340864 ^ _059_/X (sky130_fd_sc_hd__and2_4)
                                                         _028_ (net)
                      0.534580    0.052030    5.392894 ^ _062_/C (sky130_fd_sc_hd__and3_1)
     2    0.007211    0.147302    0.500434    5.893328 ^ _062_/X (sky130_fd_sc_hd__and3_1)
                                                         _029_ (net)
                      0.147302    0.000155    5.893483 ^ _064_/A_N (sky130_fd_sc_hd__and2b_1)
     1    0.002104    0.060104    0.378281    6.271764 v _064_/X (sky130_fd_sc_hd__and2b_1)
                                                         _019_ (net)
                      0.060104    0.000059    6.271823 v _096_/D (sky130_fd_sc_hd__dfrtp_1)
                                              6.271823   data arrival time

                                 25.000000   25.000000   clock gpio_in[38] (rise edge)
                                  0.000000   25.000000   clock source latency
     2    0.097852    0.706251    0.509264   25.509262 ^ gpio_in[38] (in)
                                                         gpio_in[38] (net)
                      0.709941    0.000000   25.509262 ^ clkbuf_0_gpio_in[38]/A (sky130_fd_sc_hd__clkbuf_16)
     5    0.064484    0.134284    0.534575   26.043839 ^ clkbuf_0_gpio_in[38]/X (sky130_fd_sc_hd__clkbuf_16)
                                                         clknet_0_gpio_in[38] (net)
                      0.134548    0.005219   26.049057 ^ clkbuf_1_0__f_gpio_in[38]/A (sky130_fd_sc_hd__clkbuf_16)
    25    0.081756    0.152072    0.317218   26.366276 ^ clkbuf_1_0__f_gpio_in[38]/X (sky130_fd_sc_hd__clkbuf_16)
                                                         clknet_1_0__leaf_gpio_in[38] (net)
                      0.155172    0.016898   26.383173 ^ _096_/CLK (sky130_fd_sc_hd__dfrtp_1)
                                 -0.250000   26.133175   clock uncertainty
                                  0.000000   26.133175   clock reconvergence pessimism
                                 -0.249745   25.883429   library setup time
                                             25.883429   data required time
---------------------------------------------------------------------------------------------
                                             25.883429   data required time
                                             -6.271823   data arrival time
---------------------------------------------------------------------------------------------
                                             19.611607   slack (MET)


Startpoint: _087_ (rising edge-triggered flip-flop clocked by gpio_in[38])
Endpoint: _091_ (rising edge-triggered flip-flop clocked by gpio_in[38])
Path Group: gpio_in[38]
Path Type: max

Fanout         Cap        Slew       Delay        Time   Description
---------------------------------------------------------------------------------------------
                                  0.000000    0.000000   clock gpio_in[38] (rise edge)
                                  0.000000    0.000000   clock source latency
     2    0.097852    0.706251    0.509263    0.509263 ^ gpio_in[38] (in)
                                                         gpio_in[38] (net)
                      0.709941    0.000000    0.509263 ^ clkbuf_0_gpio_in[38]/A (sky130_fd_sc_hd__clkbuf_16)
     5    0.064484    0.134284    0.534576    1.043839 ^ clkbuf_0_gpio_in[38]/X (sky130_fd_sc_hd__clkbuf_16)
                                                         clknet_0_gpio_in[38] (net)
                      0.134548    0.005218    1.049058 ^ clkbuf_1_0__f_gpio_in[38]/A (sky130_fd_sc_hd__clkbuf_16)
    25    0.081756    0.152072    0.317218    1.366275 ^ clkbuf_1_0__f_gpio_in[38]/X (sky130_fd_sc_hd__clkbuf_16)
                                                         clknet_1_0__leaf_gpio_in[38] (net)
                      0.155254    0.017125    1.383400 ^ _087_/CLK (sky130_fd_sc_hd__dfrtp_2)
     3    0.009294    0.113470    0.765484    2.148884 ^ _087_/Q (sky130_fd_sc_hd__dfrtp_2)
                                                         gpio_18_21_bidir[18].cfg.gpio_out_val (net)
                      0.113470    0.000177    2.149060 ^ hold3/A (sky130_fd_sc_hd__dlygate4sd3_1)
     5    0.020071    0.328002    1.260665    3.409726 ^ hold3/X (sky130_fd_sc_hd__dlygate4sd3_1)
                                                         net578 (net)
                      0.328002    0.000460    3.410186 ^ _049_/A (sky130_fd_sc_hd__and4_4)
    17    0.132107    0.634467    1.012721    4.422906 ^ _049_/X (sky130_fd_sc_hd__and4_4)
                                                         _022_ (net)
                      0.644357    0.062890    4.485797 ^ _052_/B (sky130_fd_sc_hd__xor2_1)
     1    0.002025    0.161935    0.297372    4.783169 v _052_/X (sky130_fd_sc_hd__xor2_1)
                                                         _014_ (net)
                      0.161935    0.000059    4.783228 v hold21/A (sky130_fd_sc_hd__dlygate4sd3_1)
     1    0.002100    0.099954    1.155748    5.938975 v hold21/X (sky130_fd_sc_hd__dlygate4sd3_1)
                                                         net596 (net)
                      0.099954    0.000041    5.939016 v _091_/D (sky130_fd_sc_hd__dfrtp_1)
                                              5.939016   data arrival time

                                 25.000000   25.000000   clock gpio_in[38] (rise edge)
                                  0.000000   25.000000   clock source latency
     2    0.097852    0.706251    0.509264   25.509262 ^ gpio_in[38] (in)
                                                         gpio_in[38] (net)
                      0.709941    0.000000   25.509262 ^ clkbuf_0_gpio_in[38]/A (sky130_fd_sc_hd__clkbuf_16)
     5    0.064484    0.134284    0.534575   26.043839 ^ clkbuf_0_gpio_in[38]/X (sky130_fd_sc_hd__clkbuf_16)
                                                         clknet_0_gpio_in[38] (net)
                      0.134531    0.005077   26.048914 ^ clkbuf_1_1__f_gpio_in[38]/A (sky130_fd_sc_hd__clkbuf_16)
    19    0.069682    0.134044    0.308045   26.356960 ^ clkbuf_1_1__f_gpio_in[38]/X (sky130_fd_sc_hd__clkbuf_16)
                                                         clknet_1_1__leaf_gpio_in[38] (net)
                      0.135935    0.012363   26.369324 ^ _091_/CLK (sky130_fd_sc_hd__dfrtp_1)
                                 -0.250000   26.119324   clock uncertainty
                                  0.000000   26.119324   clock reconvergence pessimism
                                 -0.271470   25.847855   library setup time
                                             25.847855   data required time
---------------------------------------------------------------------------------------------
                                             25.847855   data required time
                                             -5.939016   data arrival time
---------------------------------------------------------------------------------------------
                                             19.908838   slack (MET)


Startpoint: _087_ (rising edge-triggered flip-flop clocked by gpio_in[38])
Endpoint: _103_ (rising edge-triggered flip-flop clocked by gpio_in[38])
Path Group: gpio_in[38]
Path Type: max

Fanout         Cap        Slew       Delay        Time   Description
---------------------------------------------------------------------------------------------
                                  0.000000    0.000000   clock gpio_in[38] (rise edge)
                                  0.000000    0.000000   clock source latency
     2    0.097852    0.706251    0.509263    0.509263 ^ gpio_in[38] (in)
                                                         gpio_in[38] (net)
                      0.709941    0.000000    0.509263 ^ clkbuf_0_gpio_in[38]/A (sky130_fd_sc_hd__clkbuf_16)
     5    0.064484    0.134284    0.534576    1.043839 ^ clkbuf_0_gpio_in[38]/X (sky130_fd_sc_hd__clkbuf_16)
                                                         clknet_0_gpio_in[38] (net)
                      0.134548    0.005218    1.049058 ^ clkbuf_1_0__f_gpio_in[38]/A (sky130_fd_sc_hd__clkbuf_16)
    25    0.081756    0.152072    0.317218    1.366275 ^ clkbuf_1_0__f_gpio_in[38]/X (sky130_fd_sc_hd__clkbuf_16)
                                                         clknet_1_0__leaf_gpio_in[38] (net)
                      0.155254    0.017125    1.383400 ^ _087_/CLK (sky130_fd_sc_hd__dfrtp_2)
     3    0.009294    0.113470    0.765484    2.148884 ^ _087_/Q (sky130_fd_sc_hd__dfrtp_2)
                                                         gpio_18_21_bidir[18].cfg.gpio_out_val (net)
                      0.113470    0.000177    2.149060 ^ hold3/A (sky130_fd_sc_hd__dlygate4sd3_1)
     5    0.020071    0.328002    1.260665    3.409726 ^ hold3/X (sky130_fd_sc_hd__dlygate4sd3_1)
                                                         net578 (net)
                      0.328002    0.000460    3.410186 ^ _049_/A (sky130_fd_sc_hd__and4_4)
    17    0.132107    0.634467    1.012721    4.422906 ^ _049_/X (sky130_fd_sc_hd__and4_4)
                                                         _022_ (net)
                      0.634515    0.004799    4.427706 ^ _078_/A (sky130_fd_sc_hd__and4_4)
    11    0.119420    0.578952    1.091828    5.519534 ^ _078_/X (sky130_fd_sc_hd__and4_4)
                                                         _039_ (net)
                      0.588256    0.058069    5.577602 ^ _080_/B (sky130_fd_sc_hd__xor2_1)
     1    0.002186    0.155324    0.285580    5.863183 v _080_/X (sky130_fd_sc_hd__xor2_1)
                                                         _007_ (net)
                      0.155324    0.000044    5.863226 v _103_/D (sky130_fd_sc_hd__dfrtp_1)
                                              5.863226   data arrival time

                                 25.000000   25.000000   clock gpio_in[38] (rise edge)
                                  0.000000   25.000000   clock source latency
     2    0.097852    0.706251    0.509264   25.509262 ^ gpio_in[38] (in)
                                                         gpio_in[38] (net)
                      0.709941    0.000000   25.509262 ^ clkbuf_0_gpio_in[38]/A (sky130_fd_sc_hd__clkbuf_16)
     5    0.064484    0.134284    0.534575   26.043839 ^ clkbuf_0_gpio_in[38]/X (sky130_fd_sc_hd__clkbuf_16)
                                                         clknet_0_gpio_in[38] (net)
                      0.134531    0.005077   26.048914 ^ clkbuf_1_1__f_gpio_in[38]/A (sky130_fd_sc_hd__clkbuf_16)
    19    0.069682    0.134044    0.308045   26.356960 ^ clkbuf_1_1__f_gpio_in[38]/X (sky130_fd_sc_hd__clkbuf_16)
                                                         clknet_1_1__leaf_gpio_in[38] (net)
                      0.135737    0.011660   26.368620 ^ _103_/CLK (sky130_fd_sc_hd__dfrtp_1)
                                 -0.250000   26.118622   clock uncertainty
                                  0.000000   26.118622   clock reconvergence pessimism
                                 -0.294588   25.824034   library setup time
                                             25.824034   data required time
---------------------------------------------------------------------------------------------
                                             25.824034   data required time
                                             -5.863226   data arrival time
---------------------------------------------------------------------------------------------
                                             19.960808   slack (MET)


Startpoint: _087_ (rising edge-triggered flip-flop clocked by gpio_in[38])
Endpoint: _095_ (rising edge-triggered flip-flop clocked by gpio_in[38])
Path Group: gpio_in[38]
Path Type: max

Fanout         Cap        Slew       Delay        Time   Description
---------------------------------------------------------------------------------------------
                                  0.000000    0.000000   clock gpio_in[38] (rise edge)
                                  0.000000    0.000000   clock source latency
     2    0.097852    0.706251    0.509263    0.509263 ^ gpio_in[38] (in)
                                                         gpio_in[38] (net)
                      0.709941    0.000000    0.509263 ^ clkbuf_0_gpio_in[38]/A (sky130_fd_sc_hd__clkbuf_16)
     5    0.064484    0.134284    0.534576    1.043839 ^ clkbuf_0_gpio_in[38]/X (sky130_fd_sc_hd__clkbuf_16)
                                                         clknet_0_gpio_in[38] (net)
                      0.134548    0.005218    1.049058 ^ clkbuf_1_0__f_gpio_in[38]/A (sky130_fd_sc_hd__clkbuf_16)
    25    0.081756    0.152072    0.317218    1.366275 ^ clkbuf_1_0__f_gpio_in[38]/X (sky130_fd_sc_hd__clkbuf_16)
                                                         clknet_1_0__leaf_gpio_in[38] (net)
                      0.155254    0.017125    1.383400 ^ _087_/CLK (sky130_fd_sc_hd__dfrtp_2)
     3    0.009294    0.113470    0.765484    2.148884 ^ _087_/Q (sky130_fd_sc_hd__dfrtp_2)
                                                         gpio_18_21_bidir[18].cfg.gpio_out_val (net)
                      0.113470    0.000177    2.149060 ^ hold3/A (sky130_fd_sc_hd__dlygate4sd3_1)
     5    0.020071    0.328002    1.260665    3.409726 ^ hold3/X (sky130_fd_sc_hd__dlygate4sd3_1)
                                                         net578 (net)
                      0.328002    0.000460    3.410186 ^ _049_/A (sky130_fd_sc_hd__and4_4)
    17    0.132107    0.634467    1.012721    4.422906 ^ _049_/X (sky130_fd_sc_hd__and4_4)
                                                         _022_ (net)
                      0.644264    0.062601    4.485507 ^ _059_/A (sky130_fd_sc_hd__and2_4)
     9    0.114709    0.526474    0.855357    5.340864 ^ _059_/X (sky130_fd_sc_hd__and2_4)
                                                         _028_ (net)
                      0.534481    0.051720    5.392583 ^ _061_/B (sky130_fd_sc_hd__xor2_1)
     1    0.002264    0.147441    0.270702    5.663286 v _061_/X (sky130_fd_sc_hd__xor2_1)
                                                         _018_ (net)
                      0.147441    0.000064    5.663350 v _095_/D (sky130_fd_sc_hd__dfrtp_2)
                                              5.663350   data arrival time

                                 25.000000   25.000000   clock gpio_in[38] (rise edge)
                                  0.000000   25.000000   clock source latency
     2    0.097852    0.706251    0.509264   25.509262 ^ gpio_in[38] (in)
                                                         gpio_in[38] (net)
                      0.709941    0.000000   25.509262 ^ clkbuf_0_gpio_in[38]/A (sky130_fd_sc_hd__clkbuf_16)
     5    0.064484    0.134284    0.534575   26.043839 ^ clkbuf_0_gpio_in[38]/X (sky130_fd_sc_hd__clkbuf_16)
                                                         clknet_0_gpio_in[38] (net)
                      0.134548    0.005219   26.049057 ^ clkbuf_1_0__f_gpio_in[38]/A (sky130_fd_sc_hd__clkbuf_16)
    25    0.081756    0.152072    0.317218   26.366276 ^ clkbuf_1_0__f_gpio_in[38]/X (sky130_fd_sc_hd__clkbuf_16)
                                                         clknet_1_0__leaf_gpio_in[38] (net)
                      0.154536    0.015042   26.381317 ^ _095_/CLK (sky130_fd_sc_hd__dfrtp_2)
                                 -0.250000   26.131319   clock uncertainty
                                  0.000000   26.131319   clock reconvergence pessimism
                                 -0.286384   25.844934   library setup time
                                             25.844934   data required time
---------------------------------------------------------------------------------------------
                                             25.844934   data required time
                                             -5.663350   data arrival time
---------------------------------------------------------------------------------------------
                                             20.181585   slack (MET)


Startpoint: resetb_l (input port clocked by gpio_in[38])
Endpoint: _094_ (recovery check against rising-edge clock gpio_in[38])
Path Group: asynchronous
Path Type: max

Fanout         Cap        Slew       Delay        Time   Description
---------------------------------------------------------------------------------------------
                                  0.000000    0.000000   clock gpio_in[38] (rise edge)
                                  0.000000    0.000000   clock network delay (propagated)
                                  5.000000    5.000000 ^ input external delay
     2    0.009019    0.074431    0.047553    5.047553 ^ resetb_l (in)
                                                         resetb_l (net)
                      0.074432    0.000000    5.047553 ^ input2/A (sky130_fd_sc_hd__buf_8)
    11    0.130838    0.331043    0.347578    5.395132 ^ input2/X (sky130_fd_sc_hd__buf_8)
                                                         net2 (net)
                      0.331051    0.001462    5.396594 ^ fanout31/A (sky130_fd_sc_hd__clkbuf_16)
    33    0.184965    0.294052    0.499632    5.896226 ^ fanout31/X (sky130_fd_sc_hd__clkbuf_16)
                                                         net31 (net)
                      0.321037    0.068903    5.965128 ^ _094_/RESET_B (sky130_fd_sc_hd__dfrtp_1)
                                              5.965128   data arrival time

                                 25.000000   25.000000   clock gpio_in[38] (rise edge)
                                  0.000000   25.000000   clock source latency
     2    0.097852    0.706251    0.509264   25.509262 ^ gpio_in[38] (in)
                                                         gpio_in[38] (net)
                      0.709941    0.000000   25.509262 ^ clkbuf_0_gpio_in[38]/A (sky130_fd_sc_hd__clkbuf_16)
     5    0.064484    0.134284    0.534575   26.043839 ^ clkbuf_0_gpio_in[38]/X (sky130_fd_sc_hd__clkbuf_16)
                                                         clknet_0_gpio_in[38] (net)
                      0.134531    0.005077   26.048914 ^ clkbuf_1_1__f_gpio_in[38]/A (sky130_fd_sc_hd__clkbuf_16)
    19    0.069682    0.134044    0.308045   26.356960 ^ clkbuf_1_1__f_gpio_in[38]/X (sky130_fd_sc_hd__clkbuf_16)
                                                         clknet_1_1__leaf_gpio_in[38] (net)
                      0.135913    0.012285   26.369246 ^ _094_/CLK (sky130_fd_sc_hd__dfrtp_1)
                                 -0.250000   26.119246   clock uncertainty
                                  0.000000   26.119246   clock reconvergence pessimism
                                  0.391945   26.511192   library recovery time
                                             26.511192   data required time
---------------------------------------------------------------------------------------------
                                             26.511192   data required time
                                             -5.965128   data arrival time
---------------------------------------------------------------------------------------------
                                             20.546062   slack (MET)


Startpoint: resetb_l (input port clocked by gpio_in[38])
Endpoint: _092_ (recovery check against rising-edge clock gpio_in[38])
Path Group: asynchronous
Path Type: max

Fanout         Cap        Slew       Delay        Time   Description
---------------------------------------------------------------------------------------------
                                  0.000000    0.000000   clock gpio_in[38] (rise edge)
                                  0.000000    0.000000   clock network delay (propagated)
                                  5.000000    5.000000 ^ input external delay
     2    0.009019    0.074431    0.047553    5.047553 ^ resetb_l (in)
                                                         resetb_l (net)
                      0.074432    0.000000    5.047553 ^ input2/A (sky130_fd_sc_hd__buf_8)
    11    0.130838    0.331043    0.347578    5.395132 ^ input2/X (sky130_fd_sc_hd__buf_8)
                                                         net2 (net)
                      0.331051    0.001462    5.396594 ^ fanout31/A (sky130_fd_sc_hd__clkbuf_16)
    33    0.184965    0.294052    0.499632    5.896226 ^ fanout31/X (sky130_fd_sc_hd__clkbuf_16)
                                                         net31 (net)
                      0.321054    0.068925    5.965151 ^ _092_/RESET_B (sky130_fd_sc_hd__dfrtp_1)
                                              5.965151   data arrival time

                                 25.000000   25.000000   clock gpio_in[38] (rise edge)
                                  0.000000   25.000000   clock source latency
     2    0.097852    0.706251    0.509264   25.509262 ^ gpio_in[38] (in)
                                                         gpio_in[38] (net)
                      0.709941    0.000000   25.509262 ^ clkbuf_0_gpio_in[38]/A (sky130_fd_sc_hd__clkbuf_16)
     5    0.064484    0.134284    0.534575   26.043839 ^ clkbuf_0_gpio_in[38]/X (sky130_fd_sc_hd__clkbuf_16)
                                                         clknet_0_gpio_in[38] (net)
                      0.134531    0.005077   26.048914 ^ clkbuf_1_1__f_gpio_in[38]/A (sky130_fd_sc_hd__clkbuf_16)
    19    0.069682    0.134044    0.308045   26.356960 ^ clkbuf_1_1__f_gpio_in[38]/X (sky130_fd_sc_hd__clkbuf_16)
                                                         clknet_1_1__leaf_gpio_in[38] (net)
                      0.135937    0.012367   26.369328 ^ _092_/CLK (sky130_fd_sc_hd__dfrtp_1)
                                 -0.250000   26.119328   clock uncertainty
                                  0.000000   26.119328   clock reconvergence pessimism
                                  0.391947   26.511276   library recovery time
                                             26.511276   data required time
---------------------------------------------------------------------------------------------
                                             26.511276   data required time
                                             -5.965151   data arrival time
---------------------------------------------------------------------------------------------
                                             20.546125   slack (MET)


Startpoint: resetb_l (input port clocked by gpio_in[38])
Endpoint: _091_ (recovery check against rising-edge clock gpio_in[38])
Path Group: asynchronous
Path Type: max

Fanout         Cap        Slew       Delay        Time   Description
---------------------------------------------------------------------------------------------
                                  0.000000    0.000000   clock gpio_in[38] (rise edge)
                                  0.000000    0.000000   clock network delay (propagated)
                                  5.000000    5.000000 ^ input external delay
     2    0.009019    0.074431    0.047553    5.047553 ^ resetb_l (in)
                                                         resetb_l (net)
                      0.074432    0.000000    5.047553 ^ input2/A (sky130_fd_sc_hd__buf_8)
    11    0.130838    0.331043    0.347578    5.395132 ^ input2/X (sky130_fd_sc_hd__buf_8)
                                                         net2 (net)
                      0.331051    0.001462    5.396594 ^ fanout31/A (sky130_fd_sc_hd__clkbuf_16)
    33    0.184965    0.294052    0.499632    5.896226 ^ fanout31/X (sky130_fd_sc_hd__clkbuf_16)
                                                         net31 (net)
                      0.321019    0.068879    5.965105 ^ _091_/RESET_B (sky130_fd_sc_hd__dfrtp_1)
                                              5.965105   data arrival time

                                 25.000000   25.000000   clock gpio_in[38] (rise edge)
                                  0.000000   25.000000   clock source latency
     2    0.097852    0.706251    0.509264   25.509262 ^ gpio_in[38] (in)
                                                         gpio_in[38] (net)
                      0.709941    0.000000   25.509262 ^ clkbuf_0_gpio_in[38]/A (sky130_fd_sc_hd__clkbuf_16)
     5    0.064484    0.134284    0.534575   26.043839 ^ clkbuf_0_gpio_in[38]/X (sky130_fd_sc_hd__clkbuf_16)
                                                         clknet_0_gpio_in[38] (net)
                      0.134531    0.005077   26.048914 ^ clkbuf_1_1__f_gpio_in[38]/A (sky130_fd_sc_hd__clkbuf_16)
    19    0.069682    0.134044    0.308045   26.356960 ^ clkbuf_1_1__f_gpio_in[38]/X (sky130_fd_sc_hd__clkbuf_16)
                                                         clknet_1_1__leaf_gpio_in[38] (net)
                      0.135935    0.012363   26.369324 ^ _091_/CLK (sky130_fd_sc_hd__dfrtp_1)
                                 -0.250000   26.119324   clock uncertainty
                                  0.000000   26.119324   clock reconvergence pessimism
                                  0.391959   26.511284   library recovery time
                                             26.511284   data required time
---------------------------------------------------------------------------------------------
                                             26.511284   data required time
                                             -5.965105   data arrival time
---------------------------------------------------------------------------------------------
                                             20.546181   slack (MET)


Startpoint: resetb_l (input port clocked by gpio_in[38])
Endpoint: _093_ (recovery check against rising-edge clock gpio_in[38])
Path Group: asynchronous
Path Type: max

Fanout         Cap        Slew       Delay        Time   Description
---------------------------------------------------------------------------------------------
                                  0.000000    0.000000   clock gpio_in[38] (rise edge)
                                  0.000000    0.000000   clock network delay (propagated)
                                  5.000000    5.000000 ^ input external delay
     2    0.009019    0.074431    0.047553    5.047553 ^ resetb_l (in)
                                                         resetb_l (net)
                      0.074432    0.000000    5.047553 ^ input2/A (sky130_fd_sc_hd__buf_8)
    11    0.130838    0.331043    0.347578    5.395132 ^ input2/X (sky130_fd_sc_hd__buf_8)
                                                         net2 (net)
                      0.331051    0.001462    5.396594 ^ fanout31/A (sky130_fd_sc_hd__clkbuf_16)
    33    0.184965    0.294052    0.499632    5.896226 ^ fanout31/X (sky130_fd_sc_hd__clkbuf_16)
                                                         net31 (net)
                      0.320942    0.068774    5.965000 ^ _093_/RESET_B (sky130_fd_sc_hd__dfrtp_1)
                                              5.965000   data arrival time

                                 25.000000   25.000000   clock gpio_in[38] (rise edge)
                                  0.000000   25.000000   clock source latency
     2    0.097852    0.706251    0.509264   25.509262 ^ gpio_in[38] (in)
                                                         gpio_in[38] (net)
                      0.709941    0.000000   25.509262 ^ clkbuf_0_gpio_in[38]/A (sky130_fd_sc_hd__clkbuf_16)
     5    0.064484    0.134284    0.534575   26.043839 ^ clkbuf_0_gpio_in[38]/X (sky130_fd_sc_hd__clkbuf_16)
                                                         clknet_0_gpio_in[38] (net)
                      0.134531    0.005077   26.048914 ^ clkbuf_1_1__f_gpio_in[38]/A (sky130_fd_sc_hd__clkbuf_16)
    19    0.069682    0.134044    0.308045   26.356960 ^ clkbuf_1_1__f_gpio_in[38]/X (sky130_fd_sc_hd__clkbuf_16)
                                                         clknet_1_1__leaf_gpio_in[38] (net)
                      0.135940    0.012379   26.369339 ^ _093_/CLK (sky130_fd_sc_hd__dfrtp_1)
                                 -0.250000   26.119341   clock uncertainty
                                  0.000000   26.119341   clock reconvergence pessimism
                                  0.391989   26.511330   library recovery time
                                             26.511330   data required time
---------------------------------------------------------------------------------------------
                                             26.511330   data required time
                                             -5.965000   data arrival time
---------------------------------------------------------------------------------------------
                                             20.546328   slack (MET)


Startpoint: resetb_l (input port clocked by gpio_in[38])
Endpoint: _095_ (recovery check against rising-edge clock gpio_in[38])
Path Group: asynchronous
Path Type: max

Fanout         Cap        Slew       Delay        Time   Description
---------------------------------------------------------------------------------------------
                                  0.000000    0.000000   clock gpio_in[38] (rise edge)
                                  0.000000    0.000000   clock network delay (propagated)
                                  5.000000    5.000000 ^ input external delay
     2    0.009019    0.074431    0.047553    5.047553 ^ resetb_l (in)
                                                         resetb_l (net)
                      0.074432    0.000000    5.047553 ^ input2/A (sky130_fd_sc_hd__buf_8)
    11    0.130838    0.331043    0.347578    5.395132 ^ input2/X (sky130_fd_sc_hd__buf_8)
                                                         net2 (net)
                      0.331051    0.001462    5.396594 ^ fanout31/A (sky130_fd_sc_hd__clkbuf_16)
    33    0.184965    0.294052    0.499632    5.896226 ^ fanout31/X (sky130_fd_sc_hd__clkbuf_16)
                                                         net31 (net)
                      0.295909    0.018376    5.914602 ^ _095_/RESET_B (sky130_fd_sc_hd__dfrtp_2)
                                              5.914602   data arrival time

                                 25.000000   25.000000   clock gpio_in[38] (rise edge)
                                  0.000000   25.000000   clock source latency
     2    0.097852    0.706251    0.509264   25.509262 ^ gpio_in[38] (in)
                                                         gpio_in[38] (net)
                      0.709941    0.000000   25.509262 ^ clkbuf_0_gpio_in[38]/A (sky130_fd_sc_hd__clkbuf_16)
     5    0.064484    0.134284    0.534575   26.043839 ^ clkbuf_0_gpio_in[38]/X (sky130_fd_sc_hd__clkbuf_16)
                                                         clknet_0_gpio_in[38] (net)
                      0.134548    0.005219   26.049057 ^ clkbuf_1_0__f_gpio_in[38]/A (sky130_fd_sc_hd__clkbuf_16)
    25    0.081756    0.152072    0.317218   26.366276 ^ clkbuf_1_0__f_gpio_in[38]/X (sky130_fd_sc_hd__clkbuf_16)
                                                         clknet_1_0__leaf_gpio_in[38] (net)
                      0.154536    0.015042   26.381317 ^ _095_/CLK (sky130_fd_sc_hd__dfrtp_2)
                                 -0.250000   26.131319   clock uncertainty
                                  0.000000   26.131319   clock reconvergence pessimism
                                  0.376821   26.508139   library recovery time
                                             26.508139   data required time
---------------------------------------------------------------------------------------------
                                             26.508139   data required time
                                             -5.914602   data arrival time
---------------------------------------------------------------------------------------------
                                             20.593536   slack (MET)


Startpoint: resetb_l (input port clocked by gpio_in[38])
Endpoint: _087_ (recovery check against rising-edge clock gpio_in[38])
Path Group: asynchronous
Path Type: max

Fanout         Cap        Slew       Delay        Time   Description
---------------------------------------------------------------------------------------------
                                  0.000000    0.000000   clock gpio_in[38] (rise edge)
                                  0.000000    0.000000   clock network delay (propagated)
                                  5.000000    5.000000 ^ input external delay
     2    0.009019    0.074431    0.047553    5.047553 ^ resetb_l (in)
                                                         resetb_l (net)
                      0.074432    0.000000    5.047553 ^ input2/A (sky130_fd_sc_hd__buf_8)
    11    0.130838    0.331043    0.347578    5.395132 ^ input2/X (sky130_fd_sc_hd__buf_8)
                                                         net2 (net)
                      0.331051    0.001462    5.396594 ^ fanout31/A (sky130_fd_sc_hd__clkbuf_16)
    33    0.184965    0.294052    0.499632    5.896226 ^ fanout31/X (sky130_fd_sc_hd__clkbuf_16)
                                                         net31 (net)
                      0.294960    0.013231    5.909457 ^ _087_/RESET_B (sky130_fd_sc_hd__dfrtp_2)
                                              5.909457   data arrival time

                                 25.000000   25.000000   clock gpio_in[38] (rise edge)
                                  0.000000   25.000000   clock source latency
     2    0.097852    0.706251    0.509264   25.509262 ^ gpio_in[38] (in)
                                                         gpio_in[38] (net)
                      0.709941    0.000000   25.509262 ^ clkbuf_0_gpio_in[38]/A (sky130_fd_sc_hd__clkbuf_16)
     5    0.064484    0.134284    0.534575   26.043839 ^ clkbuf_0_gpio_in[38]/X (sky130_fd_sc_hd__clkbuf_16)
                                                         clknet_0_gpio_in[38] (net)
                      0.134548    0.005219   26.049057 ^ clkbuf_1_0__f_gpio_in[38]/A (sky130_fd_sc_hd__clkbuf_16)
    25    0.081756    0.152072    0.317218   26.366276 ^ clkbuf_1_0__f_gpio_in[38]/X (sky130_fd_sc_hd__clkbuf_16)
                                                         clknet_1_0__leaf_gpio_in[38] (net)
                      0.155254    0.017124   26.383400 ^ _087_/CLK (sky130_fd_sc_hd__dfrtp_2)
                                 -0.250000   26.133400   clock uncertainty
                                  0.000000   26.133400   clock reconvergence pessimism
                                  0.377468   26.510868   library recovery time
                                             26.510868   data required time
---------------------------------------------------------------------------------------------
                                             26.510868   data required time
                                             -5.909457   data arrival time
---------------------------------------------------------------------------------------------
                                             20.601412   slack (MET)


Startpoint: resetb_l (input port clocked by gpio_in[38])
Endpoint: _098_ (recovery check against rising-edge clock gpio_in[38])
Path Group: asynchronous
Path Type: max

Fanout         Cap        Slew       Delay        Time   Description
---------------------------------------------------------------------------------------------
                                  0.000000    0.000000   clock gpio_in[38] (rise edge)
                                  0.000000    0.000000   clock network delay (propagated)
                                  5.000000    5.000000 ^ input external delay
     2    0.009019    0.074431    0.047553    5.047553 ^ resetb_l (in)
                                                         resetb_l (net)
                      0.074432    0.000000    5.047553 ^ input2/A (sky130_fd_sc_hd__buf_8)
    11    0.130838    0.331043    0.347578    5.395132 ^ input2/X (sky130_fd_sc_hd__buf_8)
                                                         net2 (net)
                      0.331051    0.001462    5.396594 ^ fanout31/A (sky130_fd_sc_hd__clkbuf_16)
    33    0.184965    0.294052    0.499632    5.896226 ^ fanout31/X (sky130_fd_sc_hd__clkbuf_16)
                                                         net31 (net)
                      0.295298    0.015295    5.911521 ^ _098_/RESET_B (sky130_fd_sc_hd__dfrtp_1)
                                              5.911521   data arrival time

                                 25.000000   25.000000   clock gpio_in[38] (rise edge)
                                  0.000000   25.000000   clock source latency
     2    0.097852    0.706251    0.509264   25.509262 ^ gpio_in[38] (in)
                                                         gpio_in[38] (net)
                      0.709941    0.000000   25.509262 ^ clkbuf_0_gpio_in[38]/A (sky130_fd_sc_hd__clkbuf_16)
     5    0.064484    0.134284    0.534575   26.043839 ^ clkbuf_0_gpio_in[38]/X (sky130_fd_sc_hd__clkbuf_16)
                                                         clknet_0_gpio_in[38] (net)
                      0.134548    0.005219   26.049057 ^ clkbuf_1_0__f_gpio_in[38]/A (sky130_fd_sc_hd__clkbuf_16)
    25    0.081756    0.152072    0.317218   26.366276 ^ clkbuf_1_0__f_gpio_in[38]/X (sky130_fd_sc_hd__clkbuf_16)
                                                         clknet_1_0__leaf_gpio_in[38] (net)
                      0.155039    0.016525   26.382801 ^ _098_/CLK (sky130_fd_sc_hd__dfrtp_1)
                                 -0.250000   26.132801   clock uncertainty
                                  0.000000   26.132801   clock reconvergence pessimism
                                  0.407913   26.540716   library recovery time
                                             26.540716   data required time
---------------------------------------------------------------------------------------------
                                             26.540716   data required time
                                             -5.911521   data arrival time
---------------------------------------------------------------------------------------------
                                             20.629194   slack (MET)


Startpoint: resetb_l (input port clocked by gpio_in[38])
Endpoint: _097_ (recovery check against rising-edge clock gpio_in[38])
Path Group: asynchronous
Path Type: max

Fanout         Cap        Slew       Delay        Time   Description
---------------------------------------------------------------------------------------------
                                  0.000000    0.000000   clock gpio_in[38] (rise edge)
                                  0.000000    0.000000   clock network delay (propagated)
                                  5.000000    5.000000 ^ input external delay
     2    0.009019    0.074431    0.047553    5.047553 ^ resetb_l (in)
                                                         resetb_l (net)
                      0.074432    0.000000    5.047553 ^ input2/A (sky130_fd_sc_hd__buf_8)
    11    0.130838    0.331043    0.347578    5.395132 ^ input2/X (sky130_fd_sc_hd__buf_8)
                                                         net2 (net)
                      0.331051    0.001462    5.396594 ^ fanout31/A (sky130_fd_sc_hd__clkbuf_16)
    33    0.184965    0.294052    0.499632    5.896226 ^ fanout31/X (sky130_fd_sc_hd__clkbuf_16)
                                                         net31 (net)
                      0.295315    0.015392    5.911618 ^ _097_/RESET_B (sky130_fd_sc_hd__dfrtp_1)
                                              5.911618   data arrival time

                                 25.000000   25.000000   clock gpio_in[38] (rise edge)
                                  0.000000   25.000000   clock source latency
     2    0.097852    0.706251    0.509264   25.509262 ^ gpio_in[38] (in)
                                                         gpio_in[38] (net)
                      0.709941    0.000000   25.509262 ^ clkbuf_0_gpio_in[38]/A (sky130_fd_sc_hd__clkbuf_16)
     5    0.064484    0.134284    0.534575   26.043839 ^ clkbuf_0_gpio_in[38]/X (sky130_fd_sc_hd__clkbuf_16)
                                                         clknet_0_gpio_in[38] (net)
                      0.134548    0.005219   26.049057 ^ clkbuf_1_0__f_gpio_in[38]/A (sky130_fd_sc_hd__clkbuf_16)
    25    0.081756    0.152072    0.317218   26.366276 ^ clkbuf_1_0__f_gpio_in[38]/X (sky130_fd_sc_hd__clkbuf_16)
                                                         clknet_1_0__leaf_gpio_in[38] (net)
                      0.155164    0.016875   26.383150 ^ _097_/CLK (sky130_fd_sc_hd__dfrtp_1)
                                 -0.250000   26.133152   clock uncertainty
                                  0.000000   26.133152   clock reconvergence pessimism
                                  0.407949   26.541101   library recovery time
                                             26.541101   data required time
---------------------------------------------------------------------------------------------
                                             26.541101   data required time
                                             -5.911618   data arrival time
---------------------------------------------------------------------------------------------
                                             20.629482   slack (MET)


Startpoint: resetb_l (input port clocked by gpio_in[38])
Endpoint: _096_ (recovery check against rising-edge clock gpio_in[38])
Path Group: asynchronous
Path Type: max

Fanout         Cap        Slew       Delay        Time   Description
---------------------------------------------------------------------------------------------
                                  0.000000    0.000000   clock gpio_in[38] (rise edge)
                                  0.000000    0.000000   clock network delay (propagated)
                                  5.000000    5.000000 ^ input external delay
     2    0.009019    0.074431    0.047553    5.047553 ^ resetb_l (in)
                                                         resetb_l (net)
                      0.074432    0.000000    5.047553 ^ input2/A (sky130_fd_sc_hd__buf_8)
    11    0.130838    0.331043    0.347578    5.395132 ^ input2/X (sky130_fd_sc_hd__buf_8)
                                                         net2 (net)
                      0.331051    0.001462    5.396594 ^ fanout31/A (sky130_fd_sc_hd__clkbuf_16)
    33    0.184965    0.294052    0.499632    5.896226 ^ fanout31/X (sky130_fd_sc_hd__clkbuf_16)
                                                         net31 (net)
                      0.295306    0.015342    5.911567 ^ _096_/RESET_B (sky130_fd_sc_hd__dfrtp_1)
                                              5.911567   data arrival time

                                 25.000000   25.000000   clock gpio_in[38] (rise edge)
                                  0.000000   25.000000   clock source latency
     2    0.097852    0.706251    0.509264   25.509262 ^ gpio_in[38] (in)
                                                         gpio_in[38] (net)
                      0.709941    0.000000   25.509262 ^ clkbuf_0_gpio_in[38]/A (sky130_fd_sc_hd__clkbuf_16)
     5    0.064484    0.134284    0.534575   26.043839 ^ clkbuf_0_gpio_in[38]/X (sky130_fd_sc_hd__clkbuf_16)
                                                         clknet_0_gpio_in[38] (net)
                      0.134548    0.005219   26.049057 ^ clkbuf_1_0__f_gpio_in[38]/A (sky130_fd_sc_hd__clkbuf_16)
    25    0.081756    0.152072    0.317218   26.366276 ^ clkbuf_1_0__f_gpio_in[38]/X (sky130_fd_sc_hd__clkbuf_16)
                                                         clknet_1_0__leaf_gpio_in[38] (net)
                      0.155172    0.016898   26.383173 ^ _096_/CLK (sky130_fd_sc_hd__dfrtp_1)
                                 -0.250000   26.133175   clock uncertainty
                                  0.000000   26.133175   clock reconvergence pessimism
                                  0.407956   26.541130   library recovery time
                                             26.541130   data required time
---------------------------------------------------------------------------------------------
                                             26.541130   data required time
                                             -5.911567   data arrival time
---------------------------------------------------------------------------------------------
                                             20.629564   slack (MET)


Startpoint: resetb_l (input port clocked by gpio_in[38])
Endpoint: _088_ (recovery check against rising-edge clock gpio_in[38])
Path Group: asynchronous
Path Type: max

Fanout         Cap        Slew       Delay        Time   Description
---------------------------------------------------------------------------------------------
                                  0.000000    0.000000   clock gpio_in[38] (rise edge)
                                  0.000000    0.000000   clock network delay (propagated)
                                  5.000000    5.000000 ^ input external delay
     2    0.009019    0.074431    0.047553    5.047553 ^ resetb_l (in)
                                                         resetb_l (net)
                      0.074432    0.000000    5.047553 ^ input2/A (sky130_fd_sc_hd__buf_8)
    11    0.130838    0.331043    0.347578    5.395132 ^ input2/X (sky130_fd_sc_hd__buf_8)
                                                         net2 (net)
                      0.331051    0.001462    5.396594 ^ fanout31/A (sky130_fd_sc_hd__clkbuf_16)
    33    0.184965    0.294052    0.499632    5.896226 ^ fanout31/X (sky130_fd_sc_hd__clkbuf_16)
                                                         net31 (net)
                      0.294785    0.011987    5.908213 ^ _088_/RESET_B (sky130_fd_sc_hd__dfrtp_1)
                                              5.908213   data arrival time

                                 25.000000   25.000000   clock gpio_in[38] (rise edge)
                                  0.000000   25.000000   clock source latency
     2    0.097852    0.706251    0.509264   25.509262 ^ gpio_in[38] (in)
                                                         gpio_in[38] (net)
                      0.709941    0.000000   25.509262 ^ clkbuf_0_gpio_in[38]/A (sky130_fd_sc_hd__clkbuf_16)
     5    0.064484    0.134284    0.534575   26.043839 ^ clkbuf_0_gpio_in[38]/X (sky130_fd_sc_hd__clkbuf_16)
                                                         clknet_0_gpio_in[38] (net)
                      0.134548    0.005219   26.049057 ^ clkbuf_1_0__f_gpio_in[38]/A (sky130_fd_sc_hd__clkbuf_16)
    25    0.081756    0.152072    0.317218   26.366276 ^ clkbuf_1_0__f_gpio_in[38]/X (sky130_fd_sc_hd__clkbuf_16)
                                                         clknet_1_0__leaf_gpio_in[38] (net)
                      0.155354    0.017396   26.383671 ^ _088_/CLK (sky130_fd_sc_hd__dfrtp_1)
                                 -0.250000   26.133673   clock uncertainty
                                  0.000000   26.133673   clock reconvergence pessimism
                                  0.408209   26.541880   library recovery time
                                             26.541880   data required time
---------------------------------------------------------------------------------------------
                                             26.541880   data required time
                                             -5.908213   data arrival time
---------------------------------------------------------------------------------------------
                                             20.633667   slack (MET)


Startpoint: resetb_l (input port clocked by gpio_in[38])
Endpoint: _090_ (recovery check against rising-edge clock gpio_in[38])
Path Group: asynchronous
Path Type: max

Fanout         Cap        Slew       Delay        Time   Description
---------------------------------------------------------------------------------------------
                                  0.000000    0.000000   clock gpio_in[38] (rise edge)
                                  0.000000    0.000000   clock network delay (propagated)
                                  5.000000    5.000000 ^ input external delay
     2    0.009019    0.074431    0.047553    5.047553 ^ resetb_l (in)
                                                         resetb_l (net)
                      0.074432    0.000000    5.047553 ^ input2/A (sky130_fd_sc_hd__buf_8)
    11    0.130838    0.331043    0.347578    5.395132 ^ input2/X (sky130_fd_sc_hd__buf_8)
                                                         net2 (net)
                      0.331051    0.001462    5.396594 ^ fanout31/A (sky130_fd_sc_hd__clkbuf_16)
    33    0.184965    0.294052    0.499632    5.896226 ^ fanout31/X (sky130_fd_sc_hd__clkbuf_16)
                                                         net31 (net)
                      0.294542    0.009947    5.906173 ^ _090_/RESET_B (sky130_fd_sc_hd__dfrtp_1)
                                              5.906173   data arrival time

                                 25.000000   25.000000   clock gpio_in[38] (rise edge)
                                  0.000000   25.000000   clock source latency
     2    0.097852    0.706251    0.509264   25.509262 ^ gpio_in[38] (in)
                                                         gpio_in[38] (net)
                      0.709941    0.000000   25.509262 ^ clkbuf_0_gpio_in[38]/A (sky130_fd_sc_hd__clkbuf_16)
     5    0.064484    0.134284    0.534575   26.043839 ^ clkbuf_0_gpio_in[38]/X (sky130_fd_sc_hd__clkbuf_16)
                                                         clknet_0_gpio_in[38] (net)
                      0.134548    0.005219   26.049057 ^ clkbuf_1_0__f_gpio_in[38]/A (sky130_fd_sc_hd__clkbuf_16)
    25    0.081756    0.152072    0.317218   26.366276 ^ clkbuf_1_0__f_gpio_in[38]/X (sky130_fd_sc_hd__clkbuf_16)
                                                         clknet_1_0__leaf_gpio_in[38] (net)
                      0.155477    0.017728   26.384003 ^ _090_/CLK (sky130_fd_sc_hd__dfrtp_1)
                                 -0.250000   26.134005   clock uncertainty
                                  0.000000   26.134005   clock reconvergence pessimism
                                  0.408340   26.542345   library recovery time
                                             26.542345   data required time
---------------------------------------------------------------------------------------------
                                             26.542345   data required time
                                             -5.906173   data arrival time
---------------------------------------------------------------------------------------------
                                             20.636171   slack (MET)


Startpoint: resetb_l (input port clocked by gpio_in[38])
Endpoint: _089_ (recovery check against rising-edge clock gpio_in[38])
Path Group: asynchronous
Path Type: max

Fanout         Cap        Slew       Delay        Time   Description
---------------------------------------------------------------------------------------------
                                  0.000000    0.000000   clock gpio_in[38] (rise edge)
                                  0.000000    0.000000   clock network delay (propagated)
                                  5.000000    5.000000 ^ input external delay
     2    0.009019    0.074431    0.047553    5.047553 ^ resetb_l (in)
                                                         resetb_l (net)
                      0.074432    0.000000    5.047553 ^ input2/A (sky130_fd_sc_hd__buf_8)
    11    0.130838    0.331043    0.347578    5.395132 ^ input2/X (sky130_fd_sc_hd__buf_8)
                                                         net2 (net)
                      0.331051    0.001462    5.396594 ^ fanout31/A (sky130_fd_sc_hd__clkbuf_16)
    33    0.184965    0.294052    0.499632    5.896226 ^ fanout31/X (sky130_fd_sc_hd__clkbuf_16)
                                                         net31 (net)
                      0.294379    0.008228    5.904454 ^ _089_/RESET_B (sky130_fd_sc_hd__dfrtp_1)
                                              5.904454   data arrival time

                                 25.000000   25.000000   clock gpio_in[38] (rise edge)
                                  0.000000   25.000000   clock source latency
     2    0.097852    0.706251    0.509264   25.509262 ^ gpio_in[38] (in)
                                                         gpio_in[38] (net)
                      0.709941    0.000000   25.509262 ^ clkbuf_0_gpio_in[38]/A (sky130_fd_sc_hd__clkbuf_16)
     5    0.064484    0.134284    0.534575   26.043839 ^ clkbuf_0_gpio_in[38]/X (sky130_fd_sc_hd__clkbuf_16)
                                                         clknet_0_gpio_in[38] (net)
                      0.134548    0.005219   26.049057 ^ clkbuf_1_0__f_gpio_in[38]/A (sky130_fd_sc_hd__clkbuf_16)
    25    0.081756    0.152072    0.317218   26.366276 ^ clkbuf_1_0__f_gpio_in[38]/X (sky130_fd_sc_hd__clkbuf_16)
                                                         clknet_1_0__leaf_gpio_in[38] (net)
                      0.155607    0.018071   26.384346 ^ _089_/CLK (sky130_fd_sc_hd__dfrtp_1)
                                 -0.250000   26.134348   clock uncertainty
                                  0.000000   26.134348   clock reconvergence pessimism
                                  0.408444   26.542791   library recovery time
                                             26.542791   data required time
---------------------------------------------------------------------------------------------
                                             26.542791   data required time
                                             -5.904454   data arrival time
---------------------------------------------------------------------------------------------
                                             20.638338   slack (MET)


Startpoint: resetb_l (input port clocked by gpio_in[38])
Endpoint: _099_ (recovery check against rising-edge clock gpio_in[38])
Path Group: asynchronous
Path Type: max

Fanout         Cap        Slew       Delay        Time   Description
---------------------------------------------------------------------------------------------
                                  0.000000    0.000000   clock gpio_in[38] (rise edge)
                                  0.000000    0.000000   clock network delay (propagated)
                                  5.000000    5.000000 ^ input external delay
     2    0.009019    0.074431    0.047553    5.047553 ^ resetb_l (in)
                                                         resetb_l (net)
                      0.074432    0.000000    5.047553 ^ input2/A (sky130_fd_sc_hd__buf_8)
    11    0.130838    0.331043    0.347578    5.395132 ^ input2/X (sky130_fd_sc_hd__buf_8)
                                                         net2 (net)
                      0.331051    0.001462    5.396594 ^ fanout31/A (sky130_fd_sc_hd__clkbuf_16)
    33    0.184965    0.294052    0.499632    5.896226 ^ fanout31/X (sky130_fd_sc_hd__clkbuf_16)
                                                         net31 (net)
                      0.294191    0.005455    5.901680 ^ _099_/RESET_B (sky130_fd_sc_hd__dfrtp_1)
                                              5.901680   data arrival time

                                 25.000000   25.000000   clock gpio_in[38] (rise edge)
                                  0.000000   25.000000   clock source latency
     2    0.097852    0.706251    0.509264   25.509262 ^ gpio_in[38] (in)
                                                         gpio_in[38] (net)
                      0.709941    0.000000   25.509262 ^ clkbuf_0_gpio_in[38]/A (sky130_fd_sc_hd__clkbuf_16)
     5    0.064484    0.134284    0.534575   26.043839 ^ clkbuf_0_gpio_in[38]/X (sky130_fd_sc_hd__clkbuf_16)
                                                         clknet_0_gpio_in[38] (net)
                      0.134548    0.005219   26.049057 ^ clkbuf_1_0__f_gpio_in[38]/A (sky130_fd_sc_hd__clkbuf_16)
    25    0.081756    0.152072    0.317218   26.366276 ^ clkbuf_1_0__f_gpio_in[38]/X (sky130_fd_sc_hd__clkbuf_16)
                                                         clknet_1_0__leaf_gpio_in[38] (net)
                      0.155699    0.018312   26.384588 ^ _099_/CLK (sky130_fd_sc_hd__dfrtp_1)
                                 -0.250000   26.134588   clock uncertainty
                                  0.000000   26.134588   clock reconvergence pessimism
                                  0.408545   26.543133   library recovery time
                                             26.543133   data required time
---------------------------------------------------------------------------------------------
                                             26.543133   data required time
                                             -5.901680   data arrival time
---------------------------------------------------------------------------------------------
                                             20.641451   slack (MET)


Startpoint: resetb_l (input port clocked by gpio_in[38])
Endpoint: _100_ (recovery check against rising-edge clock gpio_in[38])
Path Group: asynchronous
Path Type: max

Fanout         Cap        Slew       Delay        Time   Description
---------------------------------------------------------------------------------------------
                                  0.000000    0.000000   clock gpio_in[38] (rise edge)
                                  0.000000    0.000000   clock network delay (propagated)
                                  5.000000    5.000000 ^ input external delay
     2    0.009019    0.074431    0.047553    5.047553 ^ resetb_l (in)
                                                         resetb_l (net)
                      0.074432    0.000000    5.047553 ^ input2/A (sky130_fd_sc_hd__buf_8)
    11    0.130838    0.331043    0.347578    5.395132 ^ input2/X (sky130_fd_sc_hd__buf_8)
                                                         net2 (net)
                      0.331051    0.001462    5.396594 ^ fanout31/A (sky130_fd_sc_hd__clkbuf_16)
    33    0.184965    0.294052    0.499632    5.896226 ^ fanout31/X (sky130_fd_sc_hd__clkbuf_16)
                                                         net31 (net)
                      0.294143    0.004436    5.900662 ^ _100_/RESET_B (sky130_fd_sc_hd__dfrtp_1)
                                              5.900662   data arrival time

                                 25.000000   25.000000   clock gpio_in[38] (rise edge)
                                  0.000000   25.000000   clock source latency
     2    0.097852    0.706251    0.509264   25.509262 ^ gpio_in[38] (in)
                                                         gpio_in[38] (net)
                      0.709941    0.000000   25.509262 ^ clkbuf_0_gpio_in[38]/A (sky130_fd_sc_hd__clkbuf_16)
     5    0.064484    0.134284    0.534575   26.043839 ^ clkbuf_0_gpio_in[38]/X (sky130_fd_sc_hd__clkbuf_16)
                                                         clknet_0_gpio_in[38] (net)
                      0.134548    0.005219   26.049057 ^ clkbuf_1_0__f_gpio_in[38]/A (sky130_fd_sc_hd__clkbuf_16)
    25    0.081756    0.152072    0.317218   26.366276 ^ clkbuf_1_0__f_gpio_in[38]/X (sky130_fd_sc_hd__clkbuf_16)
                                                         clknet_1_0__leaf_gpio_in[38] (net)
                      0.155771    0.018495   26.384771 ^ _100_/CLK (sky130_fd_sc_hd__dfrtp_1)
                                 -0.250000   26.134771   clock uncertainty
                                  0.000000   26.134771   clock reconvergence pessimism
                                  0.408586   26.543358   library recovery time
                                             26.543358   data required time
---------------------------------------------------------------------------------------------
                                             26.543358   data required time
                                             -5.900662   data arrival time
---------------------------------------------------------------------------------------------
                                             20.642696   slack (MET)


Startpoint: resetb_l (input port clocked by gpio_in[38])
Endpoint: _102_ (recovery check against rising-edge clock gpio_in[38])
Path Group: asynchronous
Path Type: max

Fanout         Cap        Slew       Delay        Time   Description
---------------------------------------------------------------------------------------------
                                  0.000000    0.000000   clock gpio_in[38] (rise edge)
                                  0.000000    0.000000   clock network delay (propagated)
                                  5.000000    5.000000 ^ input external delay
     2    0.009019    0.074431    0.047553    5.047553 ^ resetb_l (in)
                                                         resetb_l (net)
                      0.074432    0.000000    5.047553 ^ input2/A (sky130_fd_sc_hd__buf_8)
    11    0.130838    0.331043    0.347578    5.395132 ^ input2/X (sky130_fd_sc_hd__buf_8)
                                                         net2 (net)
                      0.331051    0.001462    5.396594 ^ fanout31/A (sky130_fd_sc_hd__clkbuf_16)
    33    0.184965    0.294052    0.499632    5.896226 ^ fanout31/X (sky130_fd_sc_hd__clkbuf_16)
                                                         net31 (net)
                      0.294106    0.003455    5.899682 ^ _102_/RESET_B (sky130_fd_sc_hd__dfrtp_1)
                                              5.899682   data arrival time

                                 25.000000   25.000000   clock gpio_in[38] (rise edge)
                                  0.000000   25.000000   clock source latency
     2    0.097852    0.706251    0.509264   25.509262 ^ gpio_in[38] (in)
                                                         gpio_in[38] (net)
                      0.709941    0.000000   25.509262 ^ clkbuf_0_gpio_in[38]/A (sky130_fd_sc_hd__clkbuf_16)
     5    0.064484    0.134284    0.534575   26.043839 ^ clkbuf_0_gpio_in[38]/X (sky130_fd_sc_hd__clkbuf_16)
                                                         clknet_0_gpio_in[38] (net)
                      0.134548    0.005219   26.049057 ^ clkbuf_1_0__f_gpio_in[38]/A (sky130_fd_sc_hd__clkbuf_16)
    25    0.081756    0.152072    0.317218   26.366276 ^ clkbuf_1_0__f_gpio_in[38]/X (sky130_fd_sc_hd__clkbuf_16)
                                                         clknet_1_0__leaf_gpio_in[38] (net)
                      0.155717    0.018359   26.384634 ^ _102_/CLK (sky130_fd_sc_hd__dfrtp_1)
                                 -0.250000   26.134634   clock uncertainty
                                  0.000000   26.134634   clock reconvergence pessimism
                                  0.408582   26.543217   library recovery time
                                             26.543217   data required time
---------------------------------------------------------------------------------------------
                                             26.543217   data required time
                                             -5.899682   data arrival time
---------------------------------------------------------------------------------------------
                                             20.643536   slack (MET)


Startpoint: resetb_l (input port clocked by gpio_in[38])
Endpoint: _101_ (recovery check against rising-edge clock gpio_in[38])
Path Group: asynchronous
Path Type: max

Fanout         Cap        Slew       Delay        Time   Description
---------------------------------------------------------------------------------------------
                                  0.000000    0.000000   clock gpio_in[38] (rise edge)
                                  0.000000    0.000000   clock network delay (propagated)
                                  5.000000    5.000000 ^ input external delay
     2    0.009019    0.074431    0.047553    5.047553 ^ resetb_l (in)
                                                         resetb_l (net)
                      0.074432    0.000000    5.047553 ^ input2/A (sky130_fd_sc_hd__buf_8)
    11    0.130838    0.331043    0.347578    5.395132 ^ input2/X (sky130_fd_sc_hd__buf_8)
                                                         net2 (net)
                      0.331051    0.001462    5.396594 ^ fanout31/A (sky130_fd_sc_hd__clkbuf_16)
    33    0.184965    0.294052    0.499632    5.896226 ^ fanout31/X (sky130_fd_sc_hd__clkbuf_16)
                                                         net31 (net)
                      0.294095    0.003070    5.899296 ^ _101_/RESET_B (sky130_fd_sc_hd__dfrtp_1)
                                              5.899296   data arrival time

                                 25.000000   25.000000   clock gpio_in[38] (rise edge)
                                  0.000000   25.000000   clock source latency
     2    0.097852    0.706251    0.509264   25.509262 ^ gpio_in[38] (in)
                                                         gpio_in[38] (net)
                      0.709941    0.000000   25.509262 ^ clkbuf_0_gpio_in[38]/A (sky130_fd_sc_hd__clkbuf_16)
     5    0.064484    0.134284    0.534575   26.043839 ^ clkbuf_0_gpio_in[38]/X (sky130_fd_sc_hd__clkbuf_16)
                                                         clknet_0_gpio_in[38] (net)
                      0.134548    0.005219   26.049057 ^ clkbuf_1_0__f_gpio_in[38]/A (sky130_fd_sc_hd__clkbuf_16)
    25    0.081756    0.152072    0.317218   26.366276 ^ clkbuf_1_0__f_gpio_in[38]/X (sky130_fd_sc_hd__clkbuf_16)
                                                         clknet_1_0__leaf_gpio_in[38] (net)
                      0.155752    0.018449   26.384724 ^ _101_/CLK (sky130_fd_sc_hd__dfrtp_1)
                                 -0.250000   26.134726   clock uncertainty
                                  0.000000   26.134726   clock reconvergence pessimism
                                  0.408598   26.543324   library recovery time
                                             26.543324   data required time
---------------------------------------------------------------------------------------------
                                             26.543324   data required time
                                             -5.899296   data arrival time
---------------------------------------------------------------------------------------------
                                             20.644028   slack (MET)


Startpoint: _087_ (rising edge-triggered flip-flop clocked by gpio_in[38])
Endpoint: _092_ (rising edge-triggered flip-flop clocked by gpio_in[38])
Path Group: gpio_in[38]
Path Type: max

Fanout         Cap        Slew       Delay        Time   Description
---------------------------------------------------------------------------------------------
                                  0.000000    0.000000   clock gpio_in[38] (rise edge)
                                  0.000000    0.000000   clock source latency
     2    0.097852    0.706251    0.509263    0.509263 ^ gpio_in[38] (in)
                                                         gpio_in[38] (net)
                      0.709941    0.000000    0.509263 ^ clkbuf_0_gpio_in[38]/A (sky130_fd_sc_hd__clkbuf_16)
     5    0.064484    0.134284    0.534576    1.043839 ^ clkbuf_0_gpio_in[38]/X (sky130_fd_sc_hd__clkbuf_16)
                                                         clknet_0_gpio_in[38] (net)
                      0.134548    0.005218    1.049058 ^ clkbuf_1_0__f_gpio_in[38]/A (sky130_fd_sc_hd__clkbuf_16)
    25    0.081756    0.152072    0.317218    1.366275 ^ clkbuf_1_0__f_gpio_in[38]/X (sky130_fd_sc_hd__clkbuf_16)
                                                         clknet_1_0__leaf_gpio_in[38] (net)
                      0.155254    0.017125    1.383400 ^ _087_/CLK (sky130_fd_sc_hd__dfrtp_2)
     3    0.009294    0.113470    0.765484    2.148884 ^ _087_/Q (sky130_fd_sc_hd__dfrtp_2)
                                                         gpio_18_21_bidir[18].cfg.gpio_out_val (net)
                      0.113470    0.000177    2.149060 ^ hold3/A (sky130_fd_sc_hd__dlygate4sd3_1)
     5    0.020071    0.328002    1.260665    3.409726 ^ hold3/X (sky130_fd_sc_hd__dlygate4sd3_1)
                                                         net578 (net)
                      0.328002    0.000460    3.410186 ^ _049_/A (sky130_fd_sc_hd__and4_4)
    17    0.132107    0.634467    1.012721    4.422906 ^ _049_/X (sky130_fd_sc_hd__and4_4)
                                                         _022_ (net)
                      0.644335    0.062824    4.485730 ^ _053_/C (sky130_fd_sc_hd__and3_1)
     3    0.011086    0.200742    0.576974    5.062704 ^ _053_/X (sky130_fd_sc_hd__and3_1)
                                                         _024_ (net)
                      0.200742    0.000228    5.062932 ^ _055_/A (sky130_fd_sc_hd__nor2_1)
     1    0.003694    0.073280    0.142646    5.205578 v _055_/Y (sky130_fd_sc_hd__nor2_1)
                                                         _015_ (net)
                      0.073280    0.000120    5.205698 v _092_/D (sky130_fd_sc_hd__dfrtp_1)
                                              5.205698   data arrival time

                                 25.000000   25.000000   clock gpio_in[38] (rise edge)
                                  0.000000   25.000000   clock source latency
     2    0.097852    0.706251    0.509264   25.509262 ^ gpio_in[38] (in)
                                                         gpio_in[38] (net)
                      0.709941    0.000000   25.509262 ^ clkbuf_0_gpio_in[38]/A (sky130_fd_sc_hd__clkbuf_16)
     5    0.064484    0.134284    0.534575   26.043839 ^ clkbuf_0_gpio_in[38]/X (sky130_fd_sc_hd__clkbuf_16)
                                                         clknet_0_gpio_in[38] (net)
                      0.134531    0.005077   26.048914 ^ clkbuf_1_1__f_gpio_in[38]/A (sky130_fd_sc_hd__clkbuf_16)
    19    0.069682    0.134044    0.308045   26.356960 ^ clkbuf_1_1__f_gpio_in[38]/X (sky130_fd_sc_hd__clkbuf_16)
                                                         clknet_1_1__leaf_gpio_in[38] (net)
                      0.135937    0.012367   26.369328 ^ _092_/CLK (sky130_fd_sc_hd__dfrtp_1)
                                 -0.250000   26.119328   clock uncertainty
                                  0.000000   26.119328   clock reconvergence pessimism
                                 -0.260359   25.858969   library setup time
                                             25.858969   data required time
---------------------------------------------------------------------------------------------
                                             25.858969   data required time
                                             -5.205698   data arrival time
---------------------------------------------------------------------------------------------
                                             20.653273   slack (MET)


Startpoint: _087_ (rising edge-triggered flip-flop clocked by gpio_in[38])
Endpoint: _089_ (rising edge-triggered flip-flop clocked by gpio_in[38])
Path Group: gpio_in[38]
Path Type: max

Fanout         Cap        Slew       Delay        Time   Description
---------------------------------------------------------------------------------------------
                                  0.000000    0.000000   clock gpio_in[38] (rise edge)
                                  0.000000    0.000000   clock source latency
     2    0.097852    0.706251    0.509263    0.509263 ^ gpio_in[38] (in)
                                                         gpio_in[38] (net)
                      0.709941    0.000000    0.509263 ^ clkbuf_0_gpio_in[38]/A (sky130_fd_sc_hd__clkbuf_16)
     5    0.064484    0.134284    0.534576    1.043839 ^ clkbuf_0_gpio_in[38]/X (sky130_fd_sc_hd__clkbuf_16)
                                                         clknet_0_gpio_in[38] (net)
                      0.134548    0.005218    1.049058 ^ clkbuf_1_0__f_gpio_in[38]/A (sky130_fd_sc_hd__clkbuf_16)
    25    0.081756    0.152072    0.317218    1.366275 ^ clkbuf_1_0__f_gpio_in[38]/X (sky130_fd_sc_hd__clkbuf_16)
                                                         clknet_1_0__leaf_gpio_in[38] (net)
                      0.155254    0.017125    1.383400 ^ _087_/CLK (sky130_fd_sc_hd__dfrtp_2)
     3    0.008918    0.103457    0.878059    2.261459 v _087_/Q (sky130_fd_sc_hd__dfrtp_2)
                                                         gpio_18_21_bidir[18].cfg.gpio_out_val (net)
                      0.103457    0.000169    2.261628 v hold3/A (sky130_fd_sc_hd__dlygate4sd3_1)
     5    0.019356    0.249549    1.314438    3.576066 v hold3/X (sky130_fd_sc_hd__dlygate4sd3_1)
                                                         net578 (net)
                      0.249549    0.000385    3.576451 v _045_/A (sky130_fd_sc_hd__nand2_1)
     2    0.008439    0.150858    0.227829    3.804280 ^ _045_/Y (sky130_fd_sc_hd__nand2_1)
                                                         _020_ (net)
                      0.150858    0.000138    3.804418 ^ _048_/B (sky130_fd_sc_hd__xnor2_1)
     1    0.002382    0.087519    0.141581    3.945998 v _048_/Y (sky130_fd_sc_hd__xnor2_1)
                                                         _012_ (net)
                      0.087519    0.000051    3.946049 v hold24/A (sky130_fd_sc_hd__dlygate4sd3_1)
     1    0.002644    0.104282    1.128729    5.074779 v hold24/X (sky130_fd_sc_hd__dlygate4sd3_1)
                                                         net599 (net)
                      0.104282    0.000079    5.074858 v _089_/D (sky130_fd_sc_hd__dfrtp_1)
                                              5.074858   data arrival time

                                 25.000000   25.000000   clock gpio_in[38] (rise edge)
                                  0.000000   25.000000   clock source latency
     2    0.097852    0.706251    0.509264   25.509262 ^ gpio_in[38] (in)
                                                         gpio_in[38] (net)
                      0.709941    0.000000   25.509262 ^ clkbuf_0_gpio_in[38]/A (sky130_fd_sc_hd__clkbuf_16)
     5    0.064484    0.134284    0.534575   26.043839 ^ clkbuf_0_gpio_in[38]/X (sky130_fd_sc_hd__clkbuf_16)
                                                         clknet_0_gpio_in[38] (net)
                      0.134548    0.005219   26.049057 ^ clkbuf_1_0__f_gpio_in[38]/A (sky130_fd_sc_hd__clkbuf_16)
    25    0.081756    0.152072    0.317218   26.366276 ^ clkbuf_1_0__f_gpio_in[38]/X (sky130_fd_sc_hd__clkbuf_16)
                                                         clknet_1_0__leaf_gpio_in[38] (net)
                      0.155607    0.018071   26.384346 ^ _089_/CLK (sky130_fd_sc_hd__dfrtp_1)
                                 -0.250000   26.134348   clock uncertainty
                                  0.000000   26.134348   clock reconvergence pessimism
                                 -0.268025   25.866322   library setup time
                                             25.866322   data required time
---------------------------------------------------------------------------------------------
                                             25.866322   data required time
                                             -5.074858   data arrival time
---------------------------------------------------------------------------------------------
                                             20.791464   slack (MET)


Startpoint: resetb_l (input port clocked by gpio_in[38])
Endpoint: _106_ (recovery check against rising-edge clock gpio_in[38])
Path Group: asynchronous
Path Type: max

Fanout         Cap        Slew       Delay        Time   Description
---------------------------------------------------------------------------------------------
                                  0.000000    0.000000   clock gpio_in[38] (rise edge)
                                  0.000000    0.000000   clock network delay (propagated)
                                  5.000000    5.000000 ^ input external delay
     2    0.009019    0.074431    0.047553    5.047553 ^ resetb_l (in)
                                                         resetb_l (net)
                      0.074432    0.000000    5.047553 ^ input2/A (sky130_fd_sc_hd__buf_8)
    11    0.130838    0.331043    0.347578    5.395132 ^ input2/X (sky130_fd_sc_hd__buf_8)
                                                         net2 (net)
                      0.350915    0.062546    5.457677 ^ _106_/RESET_B (sky130_fd_sc_hd__dfrtp_1)
                                              5.457677   data arrival time

                                 25.000000   25.000000   clock gpio_in[38] (rise edge)
                                  0.000000   25.000000   clock source latency
     2    0.097852    0.706251    0.509264   25.509262 ^ gpio_in[38] (in)
                                                         gpio_in[38] (net)
                      0.709941    0.000000   25.509262 ^ clkbuf_0_gpio_in[38]/A (sky130_fd_sc_hd__clkbuf_16)
     5    0.064484    0.134284    0.534575   26.043839 ^ clkbuf_0_gpio_in[38]/X (sky130_fd_sc_hd__clkbuf_16)
                                                         clknet_0_gpio_in[38] (net)
                      0.134531    0.005077   26.048914 ^ clkbuf_1_1__f_gpio_in[38]/A (sky130_fd_sc_hd__clkbuf_16)
    19    0.069682    0.134044    0.308045   26.356960 ^ clkbuf_1_1__f_gpio_in[38]/X (sky130_fd_sc_hd__clkbuf_16)
                                                         clknet_1_1__leaf_gpio_in[38] (net)
                      0.135737    0.011660   26.368620 ^ _106_/CLK (sky130_fd_sc_hd__dfrtp_1)
                                 -0.250000   26.118622   clock uncertainty
                                  0.000000   26.118622   clock reconvergence pessimism
                                  0.380866   26.499487   library recovery time
                                             26.499487   data required time
---------------------------------------------------------------------------------------------
                                             26.499487   data required time
                                             -5.457677   data arrival time
---------------------------------------------------------------------------------------------
                                             21.041811   slack (MET)


Startpoint: resetb_l (input port clocked by gpio_in[38])
Endpoint: _103_ (recovery check against rising-edge clock gpio_in[38])
Path Group: asynchronous
Path Type: max

Fanout         Cap        Slew       Delay        Time   Description
---------------------------------------------------------------------------------------------
                                  0.000000    0.000000   clock gpio_in[38] (rise edge)
                                  0.000000    0.000000   clock network delay (propagated)
                                  5.000000    5.000000 ^ input external delay
     2    0.009019    0.074431    0.047553    5.047553 ^ resetb_l (in)
                                                         resetb_l (net)
                      0.074432    0.000000    5.047553 ^ input2/A (sky130_fd_sc_hd__buf_8)
    11    0.130838    0.331043    0.347578    5.395132 ^ input2/X (sky130_fd_sc_hd__buf_8)
                                                         net2 (net)
                      0.350888    0.062502    5.457634 ^ _103_/RESET_B (sky130_fd_sc_hd__dfrtp_1)
                                              5.457634   data arrival time

                                 25.000000   25.000000   clock gpio_in[38] (rise edge)
                                  0.000000   25.000000   clock source latency
     2    0.097852    0.706251    0.509264   25.509262 ^ gpio_in[38] (in)
                                                         gpio_in[38] (net)
                      0.709941    0.000000   25.509262 ^ clkbuf_0_gpio_in[38]/A (sky130_fd_sc_hd__clkbuf_16)
     5    0.064484    0.134284    0.534575   26.043839 ^ clkbuf_0_gpio_in[38]/X (sky130_fd_sc_hd__clkbuf_16)
                                                         clknet_0_gpio_in[38] (net)
                      0.134531    0.005077   26.048914 ^ clkbuf_1_1__f_gpio_in[38]/A (sky130_fd_sc_hd__clkbuf_16)
    19    0.069682    0.134044    0.308045   26.356960 ^ clkbuf_1_1__f_gpio_in[38]/X (sky130_fd_sc_hd__clkbuf_16)
                                                         clknet_1_1__leaf_gpio_in[38] (net)
                      0.135737    0.011660   26.368620 ^ _103_/CLK (sky130_fd_sc_hd__dfrtp_1)
                                 -0.250000   26.118622   clock uncertainty
                                  0.000000   26.118622   clock reconvergence pessimism
                                  0.380876   26.499496   library recovery time
                                             26.499496   data required time
---------------------------------------------------------------------------------------------
                                             26.499496   data required time
                                             -5.457634   data arrival time
---------------------------------------------------------------------------------------------
                                             21.041862   slack (MET)


Startpoint: resetb_l (input port clocked by gpio_in[38])
Endpoint: _104_ (recovery check against rising-edge clock gpio_in[38])
Path Group: asynchronous
Path Type: max

Fanout         Cap        Slew       Delay        Time   Description
---------------------------------------------------------------------------------------------
                                  0.000000    0.000000   clock gpio_in[38] (rise edge)
                                  0.000000    0.000000   clock network delay (propagated)
                                  5.000000    5.000000 ^ input external delay
     2    0.009019    0.074431    0.047553    5.047553 ^ resetb_l (in)
                                                         resetb_l (net)
                      0.074432    0.000000    5.047553 ^ input2/A (sky130_fd_sc_hd__buf_8)
    11    0.130838    0.331043    0.347578    5.395132 ^ input2/X (sky130_fd_sc_hd__buf_8)
                                                         net2 (net)
                      0.350899    0.062521    5.457652 ^ _104_/RESET_B (sky130_fd_sc_hd__dfrtp_1)
                                              5.457652   data arrival time

                                 25.000000   25.000000   clock gpio_in[38] (rise edge)
                                  0.000000   25.000000   clock source latency
     2    0.097852    0.706251    0.509264   25.509262 ^ gpio_in[38] (in)
                                                         gpio_in[38] (net)
                      0.709941    0.000000   25.509262 ^ clkbuf_0_gpio_in[38]/A (sky130_fd_sc_hd__clkbuf_16)
     5    0.064484    0.134284    0.534575   26.043839 ^ clkbuf_0_gpio_in[38]/X (sky130_fd_sc_hd__clkbuf_16)
                                                         clknet_0_gpio_in[38] (net)
                      0.134531    0.005077   26.048914 ^ clkbuf_1_1__f_gpio_in[38]/A (sky130_fd_sc_hd__clkbuf_16)
    19    0.069682    0.134044    0.308045   26.356960 ^ clkbuf_1_1__f_gpio_in[38]/X (sky130_fd_sc_hd__clkbuf_16)
                                                         clknet_1_1__leaf_gpio_in[38] (net)
                      0.135741    0.011674   26.368635 ^ _104_/CLK (sky130_fd_sc_hd__dfrtp_1)
                                 -0.250000   26.118635   clock uncertainty
                                  0.000000   26.118635   clock reconvergence pessimism
                                  0.380874   26.499510   library recovery time
                                             26.499510   data required time
---------------------------------------------------------------------------------------------
                                             26.499510   data required time
                                             -5.457652   data arrival time
---------------------------------------------------------------------------------------------
                                             21.041857   slack (MET)


Startpoint: resetb_l (input port clocked by gpio_in[38])
Endpoint: _105_ (recovery check against rising-edge clock gpio_in[38])
Path Group: asynchronous
Path Type: max

Fanout         Cap        Slew       Delay        Time   Description
---------------------------------------------------------------------------------------------
                                  0.000000    0.000000   clock gpio_in[38] (rise edge)
                                  0.000000    0.000000   clock network delay (propagated)
                                  5.000000    5.000000 ^ input external delay
     2    0.009019    0.074431    0.047553    5.047553 ^ resetb_l (in)
                                                         resetb_l (net)
                      0.074432    0.000000    5.047553 ^ input2/A (sky130_fd_sc_hd__buf_8)
    11    0.130838    0.331043    0.347578    5.395132 ^ input2/X (sky130_fd_sc_hd__buf_8)
                                                         net2 (net)
                      0.350795    0.062355    5.457487 ^ _105_/RESET_B (sky130_fd_sc_hd__dfrtp_1)
                                              5.457487   data arrival time

                                 25.000000   25.000000   clock gpio_in[38] (rise edge)
                                  0.000000   25.000000   clock source latency
     2    0.097852    0.706251    0.509264   25.509262 ^ gpio_in[38] (in)
                                                         gpio_in[38] (net)
                      0.709941    0.000000   25.509262 ^ clkbuf_0_gpio_in[38]/A (sky130_fd_sc_hd__clkbuf_16)
     5    0.064484    0.134284    0.534575   26.043839 ^ clkbuf_0_gpio_in[38]/X (sky130_fd_sc_hd__clkbuf_16)
                                                         clknet_0_gpio_in[38] (net)
                      0.134531    0.005077   26.048914 ^ clkbuf_1_1__f_gpio_in[38]/A (sky130_fd_sc_hd__clkbuf_16)
    19    0.069682    0.134044    0.308045   26.356960 ^ clkbuf_1_1__f_gpio_in[38]/X (sky130_fd_sc_hd__clkbuf_16)
                                                         clknet_1_1__leaf_gpio_in[38] (net)
                      0.135745    0.011687   26.368647 ^ _105_/CLK (sky130_fd_sc_hd__dfrtp_1)
                                 -0.250000   26.118647   clock uncertainty
                                  0.000000   26.118647   clock reconvergence pessimism
                                  0.380913   26.499561   library recovery time
                                             26.499561   data required time
---------------------------------------------------------------------------------------------
                                             26.499561   data required time
                                             -5.457487   data arrival time
---------------------------------------------------------------------------------------------
                                             21.042074   slack (MET)


Startpoint: _087_ (rising edge-triggered flip-flop clocked by gpio_in[38])
Endpoint: _088_ (rising edge-triggered flip-flop clocked by gpio_in[38])
Path Group: gpio_in[38]
Path Type: max

Fanout         Cap        Slew       Delay        Time   Description
---------------------------------------------------------------------------------------------
                                  0.000000    0.000000   clock gpio_in[38] (rise edge)
                                  0.000000    0.000000   clock source latency
     2    0.097852    0.706251    0.509263    0.509263 ^ gpio_in[38] (in)
                                                         gpio_in[38] (net)
                      0.709941    0.000000    0.509263 ^ clkbuf_0_gpio_in[38]/A (sky130_fd_sc_hd__clkbuf_16)
     5    0.064484    0.134284    0.534576    1.043839 ^ clkbuf_0_gpio_in[38]/X (sky130_fd_sc_hd__clkbuf_16)
                                                         clknet_0_gpio_in[38] (net)
                      0.134548    0.005218    1.049058 ^ clkbuf_1_0__f_gpio_in[38]/A (sky130_fd_sc_hd__clkbuf_16)
    25    0.081756    0.152072    0.317218    1.366275 ^ clkbuf_1_0__f_gpio_in[38]/X (sky130_fd_sc_hd__clkbuf_16)
                                                         clknet_1_0__leaf_gpio_in[38] (net)
                      0.155254    0.017125    1.383400 ^ _087_/CLK (sky130_fd_sc_hd__dfrtp_2)
     3    0.008918    0.103457    0.878059    2.261459 v _087_/Q (sky130_fd_sc_hd__dfrtp_2)
                                                         gpio_18_21_bidir[18].cfg.gpio_out_val (net)
                      0.103457    0.000169    2.261628 v hold3/A (sky130_fd_sc_hd__dlygate4sd3_1)
     5    0.019356    0.249549    1.314438    3.576066 v hold3/X (sky130_fd_sc_hd__dlygate4sd3_1)
                                                         net578 (net)
                      0.249549    0.000489    3.576555 v _046_/A (sky130_fd_sc_hd__or2_1)
     1    0.004342    0.112865    0.589906    4.166461 v _046_/X (sky130_fd_sc_hd__or2_1)
                                                         _021_ (net)
                      0.112865    0.000150    4.166611 v _047_/B (sky130_fd_sc_hd__and2_1)
     1    0.002587    0.066402    0.331333    4.497944 v _047_/X (sky130_fd_sc_hd__and2_1)
                                                         _011_ (net)
                      0.066402    0.000074    4.498018 v _088_/D (sky130_fd_sc_hd__dfrtp_1)
                                              4.498018   data arrival time

                                 25.000000   25.000000   clock gpio_in[38] (rise edge)
                                  0.000000   25.000000   clock source latency
     2    0.097852    0.706251    0.509264   25.509262 ^ gpio_in[38] (in)
                                                         gpio_in[38] (net)
                      0.709941    0.000000   25.509262 ^ clkbuf_0_gpio_in[38]/A (sky130_fd_sc_hd__clkbuf_16)
     5    0.064484    0.134284    0.534575   26.043839 ^ clkbuf_0_gpio_in[38]/X (sky130_fd_sc_hd__clkbuf_16)
                                                         clknet_0_gpio_in[38] (net)
                      0.134548    0.005219   26.049057 ^ clkbuf_1_0__f_gpio_in[38]/A (sky130_fd_sc_hd__clkbuf_16)
    25    0.081756    0.152072    0.317218   26.366276 ^ clkbuf_1_0__f_gpio_in[38]/X (sky130_fd_sc_hd__clkbuf_16)
                                                         clknet_1_0__leaf_gpio_in[38] (net)
                      0.155354    0.017396   26.383671 ^ _088_/CLK (sky130_fd_sc_hd__dfrtp_1)
                                 -0.250000   26.133673   clock uncertainty
                                  0.000000   26.133673   clock reconvergence pessimism
                                 -0.252320   25.881353   library setup time
                                             25.881353   data required time
---------------------------------------------------------------------------------------------
                                             25.881353   data required time
                                             -4.498018   data arrival time
---------------------------------------------------------------------------------------------
                                             21.383335   slack (MET)


Startpoint: _087_ (rising edge-triggered flip-flop clocked by gpio_in[38])
Endpoint: _087_ (rising edge-triggered flip-flop clocked by gpio_in[38])
Path Group: gpio_in[38]
Path Type: max

Fanout         Cap        Slew       Delay        Time   Description
---------------------------------------------------------------------------------------------
                                  0.000000    0.000000   clock gpio_in[38] (rise edge)
                                  0.000000    0.000000   clock source latency
     2    0.097852    0.706251    0.509263    0.509263 ^ gpio_in[38] (in)
                                                         gpio_in[38] (net)
                      0.709941    0.000000    0.509263 ^ clkbuf_0_gpio_in[38]/A (sky130_fd_sc_hd__clkbuf_16)
     5    0.064484    0.134284    0.534576    1.043839 ^ clkbuf_0_gpio_in[38]/X (sky130_fd_sc_hd__clkbuf_16)
                                                         clknet_0_gpio_in[38] (net)
                      0.134548    0.005218    1.049058 ^ clkbuf_1_0__f_gpio_in[38]/A (sky130_fd_sc_hd__clkbuf_16)
    25    0.081756    0.152072    0.317218    1.366275 ^ clkbuf_1_0__f_gpio_in[38]/X (sky130_fd_sc_hd__clkbuf_16)
                                                         clknet_1_0__leaf_gpio_in[38] (net)
                      0.155254    0.017125    1.383400 ^ _087_/CLK (sky130_fd_sc_hd__dfrtp_2)
     3    0.008918    0.103457    0.878059    2.261459 v _087_/Q (sky130_fd_sc_hd__dfrtp_2)
                                                         gpio_18_21_bidir[18].cfg.gpio_out_val (net)
                      0.103457    0.000169    2.261628 v hold3/A (sky130_fd_sc_hd__dlygate4sd3_1)
     5    0.019356    0.249549    1.314438    3.576066 v hold3/X (sky130_fd_sc_hd__dlygate4sd3_1)
                                                         net578 (net)
                      0.249549    0.000583    3.576649 v _043_/A (sky130_fd_sc_hd__inv_2)
     1    0.002345    0.067077    0.120269    3.696919 ^ _043_/Y (sky130_fd_sc_hd__inv_2)
                                                         _000_ (net)
                      0.067077    0.000066    3.696985 ^ _087_/D (sky130_fd_sc_hd__dfrtp_2)
                                              3.696985   data arrival time

                                 25.000000   25.000000   clock gpio_in[38] (rise edge)
                                  0.000000   25.000000   clock source latency
     2    0.097852    0.706251    0.509264   25.509262 ^ gpio_in[38] (in)
                                                         gpio_in[38] (net)
                      0.709941    0.000000   25.509262 ^ clkbuf_0_gpio_in[38]/A (sky130_fd_sc_hd__clkbuf_16)
     5    0.064484    0.134284    0.534575   26.043839 ^ clkbuf_0_gpio_in[38]/X (sky130_fd_sc_hd__clkbuf_16)
                                                         clknet_0_gpio_in[38] (net)
                      0.134548    0.005219   26.049057 ^ clkbuf_1_0__f_gpio_in[38]/A (sky130_fd_sc_hd__clkbuf_16)
    25    0.081756    0.152072    0.317218   26.366276 ^ clkbuf_1_0__f_gpio_in[38]/X (sky130_fd_sc_hd__clkbuf_16)
                                                         clknet_1_0__leaf_gpio_in[38] (net)
                      0.155254    0.017124   26.383400 ^ _087_/CLK (sky130_fd_sc_hd__dfrtp_2)
                                 -0.250000   26.133400   clock uncertainty
                                  0.000000   26.133400   clock reconvergence pessimism
                                 -0.122607   26.010792   library setup time
                                             26.010792   data required time
---------------------------------------------------------------------------------------------
                                             26.010792   data required time
                                             -3.696985   data arrival time
---------------------------------------------------------------------------------------------
                                             22.313807   slack (MET)



