
===========================================================================
report_checks -path_delay min (Hold)
============================================================================
======================= nom_ss_100C_1v60 Corner ===================================

Startpoint: _091_ (rising edge-triggered flip-flop clocked by gpio_in[38])
Endpoint: _096_ (rising edge-triggered flip-flop clocked by gpio_in[38])
Path Group: gpio_in[38]
Path Type: min

Fanout         Cap        Slew       Delay        Time   Description
---------------------------------------------------------------------------------------------
                                  0.000000    0.000000   clock gpio_in[38] (rise edge)
                                  0.000000    0.000000   clock source latency
     2    0.097852    0.706251    0.509263    0.509263 ^ gpio_in[38] (in)
                                                         gpio_in[38] (net)
                      0.709941    0.000000    0.509263 ^ clkbuf_0_gpio_in[38]/A (sky130_fd_sc_hd__clkbuf_16)
     5    0.064484    0.134284    0.534576    1.043839 ^ clkbuf_0_gpio_in[38]/X (sky130_fd_sc_hd__clkbuf_16)
                                                         clknet_0_gpio_in[38] (net)
                      0.134531    0.005076    1.048915 ^ clkbuf_1_1__f_gpio_in[38]/A (sky130_fd_sc_hd__clkbuf_16)
    19    0.069682    0.134044    0.308046    1.356961 ^ clkbuf_1_1__f_gpio_in[38]/X (sky130_fd_sc_hd__clkbuf_16)
                                                         clknet_1_1__leaf_gpio_in[38] (net)
                      0.135935    0.012362    1.369324 ^ _091_/CLK (sky130_fd_sc_hd__dfrtp_1)
     3    0.008220    0.122141    0.817174    2.186498 v _091_/Q (sky130_fd_sc_hd__dfrtp_1)
                                                         gpio_22_37_output[22].cfg.gpio_out_val (net)
                      0.122141    0.000109    2.186607 v _058_/A (sky130_fd_sc_hd__and4_4)
     9    0.111360    0.258977    0.472211    2.658818 v _058_/X (sky130_fd_sc_hd__and4_4)
                                                         _027_ (net)
                      0.275942    0.050836    2.709654 v _063_/A3 (sky130_fd_sc_hd__a31o_1)
     1    0.001853    0.054303    0.461804    3.171458 v _063_/X (sky130_fd_sc_hd__a31o_1)
                                                         _030_ (net)
                      0.054303    0.000050    3.171509 v _064_/B (sky130_fd_sc_hd__and2b_1)
     1    0.002104    0.058978    0.298993    3.470502 v _064_/X (sky130_fd_sc_hd__and2b_1)
                                                         _019_ (net)
                      0.058978    0.000059    3.470561 v _096_/D (sky130_fd_sc_hd__dfrtp_1)
                                              3.470561   data arrival time

                                  0.000000    0.000000   clock gpio_in[38] (rise edge)
                                  0.000000    0.000000   clock source latency
     2    0.097852    0.706251    0.509263    0.509263 ^ gpio_in[38] (in)
                                                         gpio_in[38] (net)
                      0.709941    0.000000    0.509263 ^ clkbuf_0_gpio_in[38]/A (sky130_fd_sc_hd__clkbuf_16)
     5    0.064484    0.134284    0.534576    1.043839 ^ clkbuf_0_gpio_in[38]/X (sky130_fd_sc_hd__clkbuf_16)
                                                         clknet_0_gpio_in[38] (net)
                      0.134548    0.005218    1.049058 ^ clkbuf_1_0__f_gpio_in[38]/A (sky130_fd_sc_hd__clkbuf_16)
    25    0.081756    0.152072    0.317218    1.366275 ^ clkbuf_1_0__f_gpio_in[38]/X (sky130_fd_sc_hd__clkbuf_16)
                                                         clknet_1_0__leaf_gpio_in[38] (net)
                      0.155172    0.016899    1.383175 ^ _096_/CLK (sky130_fd_sc_hd__dfrtp_1)
                                  0.250000    1.633175   clock uncertainty
                                  0.000000    1.633175   clock reconvergence pessimism
                                 -0.072428    1.560747   library hold time
                                              1.560747   data required time
---------------------------------------------------------------------------------------------
                                              1.560747   data required time
                                             -3.470561   data arrival time
---------------------------------------------------------------------------------------------
                                              1.909814   slack (MET)


Startpoint: _103_ (rising edge-triggered flip-flop clocked by gpio_in[38])
Endpoint: _103_ (rising edge-triggered flip-flop clocked by gpio_in[38])
Path Group: gpio_in[38]
Path Type: min

Fanout         Cap        Slew       Delay        Time   Description
---------------------------------------------------------------------------------------------
                                  0.000000    0.000000   clock gpio_in[38] (rise edge)
                                  0.000000    0.000000   clock source latency
     2    0.097852    0.706251    0.509263    0.509263 ^ gpio_in[38] (in)
                                                         gpio_in[38] (net)
                      0.709941    0.000000    0.509263 ^ clkbuf_0_gpio_in[38]/A (sky130_fd_sc_hd__clkbuf_16)
     5    0.064484    0.134284    0.534576    1.043839 ^ clkbuf_0_gpio_in[38]/X (sky130_fd_sc_hd__clkbuf_16)
                                                         clknet_0_gpio_in[38] (net)
                      0.134531    0.005076    1.048915 ^ clkbuf_1_1__f_gpio_in[38]/A (sky130_fd_sc_hd__clkbuf_16)
    19    0.069682    0.134044    0.308046    1.356961 ^ clkbuf_1_1__f_gpio_in[38]/X (sky130_fd_sc_hd__clkbuf_16)
                                                         clknet_1_1__leaf_gpio_in[38] (net)
                      0.135737    0.011659    1.368621 ^ _103_/CLK (sky130_fd_sc_hd__dfrtp_1)
     3    0.009007    0.153263    0.736435    2.105056 ^ _103_/Q (sky130_fd_sc_hd__dfrtp_1)
                                                         gpio_22_37_output[34].cfg.gpio_out_val (net)
                      0.153263    0.000235    2.105291 ^ hold19/A (sky130_fd_sc_hd__dlygate4sd3_1)
     3    0.012438    0.221993    1.194953    3.300244 ^ hold19/X (sky130_fd_sc_hd__dlygate4sd3_1)
                                                         net594 (net)
                      0.221993    0.000363    3.300607 ^ _080_/A (sky130_fd_sc_hd__xor2_1)
     1    0.002186    0.063142    0.177369    3.477976 v _080_/X (sky130_fd_sc_hd__xor2_1)
                                                         _007_ (net)
                      0.063142    0.000044    3.478020 v _103_/D (sky130_fd_sc_hd__dfrtp_1)
                                              3.478020   data arrival time

                                  0.000000    0.000000   clock gpio_in[38] (rise edge)
                                  0.000000    0.000000   clock source latency
     2    0.097852    0.706251    0.509263    0.509263 ^ gpio_in[38] (in)
                                                         gpio_in[38] (net)
                      0.709941    0.000000    0.509263 ^ clkbuf_0_gpio_in[38]/A (sky130_fd_sc_hd__clkbuf_16)
     5    0.064484    0.134284    0.534576    1.043839 ^ clkbuf_0_gpio_in[38]/X (sky130_fd_sc_hd__clkbuf_16)
                                                         clknet_0_gpio_in[38] (net)
                      0.134531    0.005076    1.048915 ^ clkbuf_1_1__f_gpio_in[38]/A (sky130_fd_sc_hd__clkbuf_16)
    19    0.069682    0.134044    0.308046    1.356961 ^ clkbuf_1_1__f_gpio_in[38]/X (sky130_fd_sc_hd__clkbuf_16)
                                                         clknet_1_1__leaf_gpio_in[38] (net)
                      0.135737    0.011659    1.368621 ^ _103_/CLK (sky130_fd_sc_hd__dfrtp_1)
                                  0.250000    1.618621   clock uncertainty
                                  0.000000    1.618621   clock reconvergence pessimism
                                 -0.078700    1.539920   library hold time
                                              1.539920   data required time
---------------------------------------------------------------------------------------------
                                              1.539920   data required time
                                             -3.478020   data arrival time
---------------------------------------------------------------------------------------------
                                              1.938099   slack (MET)


Startpoint: _087_ (rising edge-triggered flip-flop clocked by gpio_in[38])
Endpoint: _087_ (rising edge-triggered flip-flop clocked by gpio_in[38])
Path Group: gpio_in[38]
Path Type: min

Fanout         Cap        Slew       Delay        Time   Description
---------------------------------------------------------------------------------------------
                                  0.000000    0.000000   clock gpio_in[38] (rise edge)
                                  0.000000    0.000000   clock source latency
     2    0.097852    0.706251    0.509263    0.509263 ^ gpio_in[38] (in)
                                                         gpio_in[38] (net)
                      0.709941    0.000000    0.509263 ^ clkbuf_0_gpio_in[38]/A (sky130_fd_sc_hd__clkbuf_16)
     5    0.064484    0.134284    0.534576    1.043839 ^ clkbuf_0_gpio_in[38]/X (sky130_fd_sc_hd__clkbuf_16)
                                                         clknet_0_gpio_in[38] (net)
                      0.134548    0.005218    1.049058 ^ clkbuf_1_0__f_gpio_in[38]/A (sky130_fd_sc_hd__clkbuf_16)
    25    0.081756    0.152072    0.317218    1.366275 ^ clkbuf_1_0__f_gpio_in[38]/X (sky130_fd_sc_hd__clkbuf_16)
                                                         clknet_1_0__leaf_gpio_in[38] (net)
                      0.155254    0.017125    1.383400 ^ _087_/CLK (sky130_fd_sc_hd__dfrtp_2)
     3    0.009294    0.113470    0.765484    2.148884 ^ _087_/Q (sky130_fd_sc_hd__dfrtp_2)
                                                         gpio_18_21_bidir[18].cfg.gpio_out_val (net)
                      0.113470    0.000177    2.149060 ^ hold3/A (sky130_fd_sc_hd__dlygate4sd3_1)
     5    0.020071    0.328002    1.260665    3.409726 ^ hold3/X (sky130_fd_sc_hd__dlygate4sd3_1)
                                                         net578 (net)
                      0.328002    0.000609    3.410335 ^ _043_/A (sky130_fd_sc_hd__inv_2)
     1    0.002330    0.059315    0.113001    3.523336 v _043_/Y (sky130_fd_sc_hd__inv_2)
                                                         _000_ (net)
                      0.059315    0.000066    3.523402 v _087_/D (sky130_fd_sc_hd__dfrtp_2)
                                              3.523402   data arrival time

                                  0.000000    0.000000   clock gpio_in[38] (rise edge)
                                  0.000000    0.000000   clock source latency
     2    0.097852    0.706251    0.509263    0.509263 ^ gpio_in[38] (in)
                                                         gpio_in[38] (net)
                      0.709941    0.000000    0.509263 ^ clkbuf_0_gpio_in[38]/A (sky130_fd_sc_hd__clkbuf_16)
     5    0.064484    0.134284    0.534576    1.043839 ^ clkbuf_0_gpio_in[38]/X (sky130_fd_sc_hd__clkbuf_16)
                                                         clknet_0_gpio_in[38] (net)
                      0.134548    0.005218    1.049058 ^ clkbuf_1_0__f_gpio_in[38]/A (sky130_fd_sc_hd__clkbuf_16)
    25    0.081756    0.152072    0.317218    1.366275 ^ clkbuf_1_0__f_gpio_in[38]/X (sky130_fd_sc_hd__clkbuf_16)
                                                         clknet_1_0__leaf_gpio_in[38] (net)
                      0.155254    0.017125    1.383400 ^ _087_/CLK (sky130_fd_sc_hd__dfrtp_2)
                                  0.250000    1.633400   clock uncertainty
                                  0.000000    1.633400   clock reconvergence pessimism
                                 -0.065072    1.568327   library hold time
                                              1.568327   data required time
---------------------------------------------------------------------------------------------
                                              1.568327   data required time
                                             -3.523402   data arrival time
---------------------------------------------------------------------------------------------
                                              1.955075   slack (MET)


Startpoint: _091_ (rising edge-triggered flip-flop clocked by gpio_in[38])
Endpoint: _095_ (rising edge-triggered flip-flop clocked by gpio_in[38])
Path Group: gpio_in[38]
Path Type: min

Fanout         Cap        Slew       Delay        Time   Description
---------------------------------------------------------------------------------------------
                                  0.000000    0.000000   clock gpio_in[38] (rise edge)
                                  0.000000    0.000000   clock source latency
     2    0.097852    0.706251    0.509263    0.509263 ^ gpio_in[38] (in)
                                                         gpio_in[38] (net)
                      0.709941    0.000000    0.509263 ^ clkbuf_0_gpio_in[38]/A (sky130_fd_sc_hd__clkbuf_16)
     5    0.064484    0.134284    0.534576    1.043839 ^ clkbuf_0_gpio_in[38]/X (sky130_fd_sc_hd__clkbuf_16)
                                                         clknet_0_gpio_in[38] (net)
                      0.134531    0.005076    1.048915 ^ clkbuf_1_1__f_gpio_in[38]/A (sky130_fd_sc_hd__clkbuf_16)
    19    0.069682    0.134044    0.308046    1.356961 ^ clkbuf_1_1__f_gpio_in[38]/X (sky130_fd_sc_hd__clkbuf_16)
                                                         clknet_1_1__leaf_gpio_in[38] (net)
                      0.135935    0.012362    1.369324 ^ _091_/CLK (sky130_fd_sc_hd__dfrtp_1)
     3    0.008220    0.122141    0.817174    2.186498 v _091_/Q (sky130_fd_sc_hd__dfrtp_1)
                                                         gpio_22_37_output[22].cfg.gpio_out_val (net)
                      0.122141    0.000109    2.186607 v _058_/A (sky130_fd_sc_hd__and4_4)
     9    0.111360    0.258977    0.472211    2.658818 v _058_/X (sky130_fd_sc_hd__and4_4)
                                                         _027_ (net)
                      0.259006    0.002432    2.661251 v _059_/B (sky130_fd_sc_hd__and2_4)
     9    0.113923    0.259863    0.559439    3.220689 v _059_/X (sky130_fd_sc_hd__and2_4)
                                                         _028_ (net)
                      0.276270    0.050116    3.270805 v _061_/B (sky130_fd_sc_hd__xor2_1)
     1    0.002279    0.144779    0.276966    3.547771 ^ _061_/X (sky130_fd_sc_hd__xor2_1)
                                                         _018_ (net)
                      0.144779    0.000065    3.547836 ^ _095_/D (sky130_fd_sc_hd__dfrtp_2)
                                              3.547836   data arrival time

                                  0.000000    0.000000   clock gpio_in[38] (rise edge)
                                  0.000000    0.000000   clock source latency
     2    0.097852    0.706251    0.509263    0.509263 ^ gpio_in[38] (in)
                                                         gpio_in[38] (net)
                      0.709941    0.000000    0.509263 ^ clkbuf_0_gpio_in[38]/A (sky130_fd_sc_hd__clkbuf_16)
     5    0.064484    0.134284    0.534576    1.043839 ^ clkbuf_0_gpio_in[38]/X (sky130_fd_sc_hd__clkbuf_16)
                                                         clknet_0_gpio_in[38] (net)
                      0.134548    0.005218    1.049058 ^ clkbuf_1_0__f_gpio_in[38]/A (sky130_fd_sc_hd__clkbuf_16)
    25    0.081756    0.152072    0.317218    1.366275 ^ clkbuf_1_0__f_gpio_in[38]/X (sky130_fd_sc_hd__clkbuf_16)
                                                         clknet_1_0__leaf_gpio_in[38] (net)
                      0.154536    0.015043    1.381319 ^ _095_/CLK (sky130_fd_sc_hd__dfrtp_2)
                                  0.250000    1.631319   clock uncertainty
                                  0.000000    1.631319   clock reconvergence pessimism
                                 -0.080017    1.551301   library hold time
                                              1.551301   data required time
---------------------------------------------------------------------------------------------
                                              1.551301   data required time
                                             -3.547836   data arrival time
---------------------------------------------------------------------------------------------
                                              1.996534   slack (MET)


Startpoint: _104_ (rising edge-triggered flip-flop clocked by gpio_in[38])
Endpoint: _104_ (rising edge-triggered flip-flop clocked by gpio_in[38])
Path Group: gpio_in[38]
Path Type: min

Fanout         Cap        Slew       Delay        Time   Description
---------------------------------------------------------------------------------------------
                                  0.000000    0.000000   clock gpio_in[38] (rise edge)
                                  0.000000    0.000000   clock source latency
     2    0.097852    0.706251    0.509263    0.509263 ^ gpio_in[38] (in)
                                                         gpio_in[38] (net)
                      0.709941    0.000000    0.509263 ^ clkbuf_0_gpio_in[38]/A (sky130_fd_sc_hd__clkbuf_16)
     5    0.064484    0.134284    0.534576    1.043839 ^ clkbuf_0_gpio_in[38]/X (sky130_fd_sc_hd__clkbuf_16)
                                                         clknet_0_gpio_in[38] (net)
                      0.134531    0.005076    1.048915 ^ clkbuf_1_1__f_gpio_in[38]/A (sky130_fd_sc_hd__clkbuf_16)
    19    0.069682    0.134044    0.308046    1.356961 ^ clkbuf_1_1__f_gpio_in[38]/X (sky130_fd_sc_hd__clkbuf_16)
                                                         clknet_1_1__leaf_gpio_in[38] (net)
                      0.135741    0.011674    1.368635 ^ _104_/CLK (sky130_fd_sc_hd__dfrtp_1)
     3    0.008605    0.148253    0.732249    2.100884 ^ _104_/Q (sky130_fd_sc_hd__dfrtp_1)
                                                         gpio_22_37_output[35].cfg.gpio_out_val (net)
                      0.148253    0.000170    2.101054 ^ hold25/A (sky130_fd_sc_hd__dlygate4sd3_1)
     2    0.006693    0.143921    1.124084    3.225138 ^ hold25/X (sky130_fd_sc_hd__dlygate4sd3_1)
                                                         net600 (net)
                      0.143921    0.000155    3.225293 ^ _081_/B1 (sky130_fd_sc_hd__a21oi_1)
     1    0.006164    0.080407    0.123248    3.348541 v _081_/Y (sky130_fd_sc_hd__a21oi_1)
                                                         _040_ (net)
                      0.080407    0.000243    3.348783 v _083_/A (sky130_fd_sc_hd__nor2_1)
     1    0.003572    0.148556    0.186081    3.534865 ^ _083_/Y (sky130_fd_sc_hd__nor2_1)
                                                         _008_ (net)
                      0.148556    0.000120    3.534984 ^ _104_/D (sky130_fd_sc_hd__dfrtp_1)
                                              3.534984   data arrival time

                                  0.000000    0.000000   clock gpio_in[38] (rise edge)
                                  0.000000    0.000000   clock source latency
     2    0.097852    0.706251    0.509263    0.509263 ^ gpio_in[38] (in)
                                                         gpio_in[38] (net)
                      0.709941    0.000000    0.509263 ^ clkbuf_0_gpio_in[38]/A (sky130_fd_sc_hd__clkbuf_16)
     5    0.064484    0.134284    0.534576    1.043839 ^ clkbuf_0_gpio_in[38]/X (sky130_fd_sc_hd__clkbuf_16)
                                                         clknet_0_gpio_in[38] (net)
                      0.134531    0.005076    1.048915 ^ clkbuf_1_1__f_gpio_in[38]/A (sky130_fd_sc_hd__clkbuf_16)
    19    0.069682    0.134044    0.308046    1.356961 ^ clkbuf_1_1__f_gpio_in[38]/X (sky130_fd_sc_hd__clkbuf_16)
                                                         clknet_1_1__leaf_gpio_in[38] (net)
                      0.135741    0.011674    1.368635 ^ _104_/CLK (sky130_fd_sc_hd__dfrtp_1)
                                  0.250000    1.618636   clock uncertainty
                                  0.000000    1.618636   clock reconvergence pessimism
                                 -0.084061    1.534574   library hold time
                                              1.534574   data required time
---------------------------------------------------------------------------------------------
                                              1.534574   data required time
                                             -3.534984   data arrival time
---------------------------------------------------------------------------------------------
                                              2.000410   slack (MET)


Startpoint: _092_ (rising edge-triggered flip-flop clocked by gpio_in[38])
Endpoint: _092_ (rising edge-triggered flip-flop clocked by gpio_in[38])
Path Group: gpio_in[38]
Path Type: min

Fanout         Cap        Slew       Delay        Time   Description
---------------------------------------------------------------------------------------------
                                  0.000000    0.000000   clock gpio_in[38] (rise edge)
                                  0.000000    0.000000   clock source latency
     2    0.097852    0.706251    0.509263    0.509263 ^ gpio_in[38] (in)
                                                         gpio_in[38] (net)
                      0.709941    0.000000    0.509263 ^ clkbuf_0_gpio_in[38]/A (sky130_fd_sc_hd__clkbuf_16)
     5    0.064484    0.134284    0.534576    1.043839 ^ clkbuf_0_gpio_in[38]/X (sky130_fd_sc_hd__clkbuf_16)
                                                         clknet_0_gpio_in[38] (net)
                      0.134531    0.005076    1.048915 ^ clkbuf_1_1__f_gpio_in[38]/A (sky130_fd_sc_hd__clkbuf_16)
    19    0.069682    0.134044    0.308046    1.356961 ^ clkbuf_1_1__f_gpio_in[38]/X (sky130_fd_sc_hd__clkbuf_16)
                                                         clknet_1_1__leaf_gpio_in[38] (net)
                      0.135937    0.012366    1.369328 ^ _092_/CLK (sky130_fd_sc_hd__dfrtp_1)
     3    0.010368    0.170253    0.750916    2.120244 ^ _092_/Q (sky130_fd_sc_hd__dfrtp_1)
                                                         gpio_22_37_output[23].cfg.gpio_out_val (net)
                      0.170253    0.000261    2.120505 ^ hold22/A (sky130_fd_sc_hd__dlygate4sd3_1)
     2    0.007336    0.152564    1.140487    3.260992 ^ hold22/X (sky130_fd_sc_hd__dlygate4sd3_1)
                                                         net597 (net)
                      0.152564    0.000115    3.261107 ^ _054_/B1 (sky130_fd_sc_hd__a21oi_1)
     1    0.005082    0.074437    0.119292    3.380399 v _054_/Y (sky130_fd_sc_hd__a21oi_1)
                                                         _025_ (net)
                      0.074437    0.000210    3.380608 v _055_/B (sky130_fd_sc_hd__nor2_1)
     1    0.003709    0.152098    0.161737    3.542345 ^ _055_/Y (sky130_fd_sc_hd__nor2_1)
                                                         _015_ (net)
                      0.152098    0.000121    3.542465 ^ _092_/D (sky130_fd_sc_hd__dfrtp_1)
                                              3.542465   data arrival time

                                  0.000000    0.000000   clock gpio_in[38] (rise edge)
                                  0.000000    0.000000   clock source latency
     2    0.097852    0.706251    0.509263    0.509263 ^ gpio_in[38] (in)
                                                         gpio_in[38] (net)
                      0.709941    0.000000    0.509263 ^ clkbuf_0_gpio_in[38]/A (sky130_fd_sc_hd__clkbuf_16)
     5    0.064484    0.134284    0.534576    1.043839 ^ clkbuf_0_gpio_in[38]/X (sky130_fd_sc_hd__clkbuf_16)
                                                         clknet_0_gpio_in[38] (net)
                      0.134531    0.005076    1.048915 ^ clkbuf_1_1__f_gpio_in[38]/A (sky130_fd_sc_hd__clkbuf_16)
    19    0.069682    0.134044    0.308046    1.356961 ^ clkbuf_1_1__f_gpio_in[38]/X (sky130_fd_sc_hd__clkbuf_16)
                                                         clknet_1_1__leaf_gpio_in[38] (net)
                      0.135937    0.012366    1.369328 ^ _092_/CLK (sky130_fd_sc_hd__dfrtp_1)
                                  0.250000    1.619328   clock uncertainty
                                  0.000000    1.619328   clock reconvergence pessimism
                                 -0.084837    1.534491   library hold time
                                              1.534491   data required time
---------------------------------------------------------------------------------------------
                                              1.534491   data required time
                                             -3.542465   data arrival time
---------------------------------------------------------------------------------------------
                                              2.007975   slack (MET)


Startpoint: _099_ (rising edge-triggered flip-flop clocked by gpio_in[38])
Endpoint: _099_ (rising edge-triggered flip-flop clocked by gpio_in[38])
Path Group: gpio_in[38]
Path Type: min

Fanout         Cap        Slew       Delay        Time   Description
---------------------------------------------------------------------------------------------
                                  0.000000    0.000000   clock gpio_in[38] (rise edge)
                                  0.000000    0.000000   clock source latency
     2    0.097852    0.706251    0.509263    0.509263 ^ gpio_in[38] (in)
                                                         gpio_in[38] (net)
                      0.709941    0.000000    0.509263 ^ clkbuf_0_gpio_in[38]/A (sky130_fd_sc_hd__clkbuf_16)
     5    0.064484    0.134284    0.534576    1.043839 ^ clkbuf_0_gpio_in[38]/X (sky130_fd_sc_hd__clkbuf_16)
                                                         clknet_0_gpio_in[38] (net)
                      0.134548    0.005218    1.049058 ^ clkbuf_1_0__f_gpio_in[38]/A (sky130_fd_sc_hd__clkbuf_16)
    25    0.081756    0.152072    0.317218    1.366275 ^ clkbuf_1_0__f_gpio_in[38]/X (sky130_fd_sc_hd__clkbuf_16)
                                                         clknet_1_0__leaf_gpio_in[38] (net)
                      0.155699    0.018312    1.384588 ^ _099_/CLK (sky130_fd_sc_hd__dfrtp_1)
     5    0.011376    0.182950    0.770836    2.155423 ^ _099_/Q (sky130_fd_sc_hd__dfrtp_1)
                                                         gpio_22_37_output[30].cfg.gpio_out_val (net)
                      0.182950    0.000244    2.155668 ^ hold28/A (sky130_fd_sc_hd__dlygate4sd3_1)
     2    0.005933    0.133867    1.128674    3.284342 ^ hold28/X (sky130_fd_sc_hd__dlygate4sd3_1)
                                                         net603 (net)
                      0.133867    0.000141    3.284483 ^ _070_/A (sky130_fd_sc_hd__and2_1)
     2    0.006158    0.124461    0.281320    3.565803 ^ _070_/X (sky130_fd_sc_hd__and2_1)
                                                         _034_ (net)
                      0.124461    0.000129    3.565933 ^ _072_/A (sky130_fd_sc_hd__nor2_1)
     1    0.002511    0.039725    0.099507    3.665440 v _072_/Y (sky130_fd_sc_hd__nor2_1)
                                                         _003_ (net)
                      0.039725    0.000074    3.665514 v _099_/D (sky130_fd_sc_hd__dfrtp_1)
                                              3.665514   data arrival time

                                  0.000000    0.000000   clock gpio_in[38] (rise edge)
                                  0.000000    0.000000   clock source latency
     2    0.097852    0.706251    0.509263    0.509263 ^ gpio_in[38] (in)
                                                         gpio_in[38] (net)
                      0.709941    0.000000    0.509263 ^ clkbuf_0_gpio_in[38]/A (sky130_fd_sc_hd__clkbuf_16)
     5    0.064484    0.134284    0.534576    1.043839 ^ clkbuf_0_gpio_in[38]/X (sky130_fd_sc_hd__clkbuf_16)
                                                         clknet_0_gpio_in[38] (net)
                      0.134548    0.005218    1.049058 ^ clkbuf_1_0__f_gpio_in[38]/A (sky130_fd_sc_hd__clkbuf_16)
    25    0.081756    0.152072    0.317218    1.366275 ^ clkbuf_1_0__f_gpio_in[38]/X (sky130_fd_sc_hd__clkbuf_16)
                                                         clknet_1_0__leaf_gpio_in[38] (net)
                      0.155699    0.018312    1.384588 ^ _099_/CLK (sky130_fd_sc_hd__dfrtp_1)
                                  0.250000    1.634588   clock uncertainty
                                  0.000000    1.634588   clock reconvergence pessimism
                                 -0.065150    1.569437   library hold time
                                              1.569437   data required time
---------------------------------------------------------------------------------------------
                                              1.569437   data required time
                                             -3.665514   data arrival time
---------------------------------------------------------------------------------------------
                                              2.096076   slack (MET)


Startpoint: _088_ (rising edge-triggered flip-flop clocked by gpio_in[38])
Endpoint: _088_ (rising edge-triggered flip-flop clocked by gpio_in[38])
Path Group: gpio_in[38]
Path Type: min

Fanout         Cap        Slew       Delay        Time   Description
---------------------------------------------------------------------------------------------
                                  0.000000    0.000000   clock gpio_in[38] (rise edge)
                                  0.000000    0.000000   clock source latency
     2    0.097852    0.706251    0.509263    0.509263 ^ gpio_in[38] (in)
                                                         gpio_in[38] (net)
                      0.709941    0.000000    0.509263 ^ clkbuf_0_gpio_in[38]/A (sky130_fd_sc_hd__clkbuf_16)
     5    0.064484    0.134284    0.534576    1.043839 ^ clkbuf_0_gpio_in[38]/X (sky130_fd_sc_hd__clkbuf_16)
                                                         clknet_0_gpio_in[38] (net)
                      0.134548    0.005218    1.049058 ^ clkbuf_1_0__f_gpio_in[38]/A (sky130_fd_sc_hd__clkbuf_16)
    25    0.081756    0.152072    0.317218    1.366275 ^ clkbuf_1_0__f_gpio_in[38]/X (sky130_fd_sc_hd__clkbuf_16)
                                                         clknet_1_0__leaf_gpio_in[38] (net)
                      0.155354    0.017396    1.383672 ^ _088_/CLK (sky130_fd_sc_hd__dfrtp_1)
     5    0.013483    0.206844    0.792851    2.176523 ^ _088_/Q (sky130_fd_sc_hd__dfrtp_1)
                                                         gpio_18_21_bidir[19].cfg.gpio_out_val (net)
                      0.206844    0.000425    2.176948 ^ hold34/A (sky130_fd_sc_hd__dlygate4sd3_1)
     2    0.004520    0.114478    1.121145    3.298092 ^ hold34/X (sky130_fd_sc_hd__dlygate4sd3_1)
                                                         net609 (net)
                      0.114478    0.000060    3.298152 ^ _046_/B (sky130_fd_sc_hd__or2_1)
     1    0.004439    0.086626    0.196582    3.494733 ^ _046_/X (sky130_fd_sc_hd__or2_1)
                                                         _021_ (net)
                      0.086626    0.000154    3.494887 ^ _047_/B (sky130_fd_sc_hd__and2_1)
     1    0.002602    0.076957    0.229959    3.724846 ^ _047_/X (sky130_fd_sc_hd__and2_1)
                                                         _011_ (net)
                      0.076957    0.000074    3.724921 ^ _088_/D (sky130_fd_sc_hd__dfrtp_1)
                                              3.724921   data arrival time

                                  0.000000    0.000000   clock gpio_in[38] (rise edge)
                                  0.000000    0.000000   clock source latency
     2    0.097852    0.706251    0.509263    0.509263 ^ gpio_in[38] (in)
                                                         gpio_in[38] (net)
                      0.709941    0.000000    0.509263 ^ clkbuf_0_gpio_in[38]/A (sky130_fd_sc_hd__clkbuf_16)
     5    0.064484    0.134284    0.534576    1.043839 ^ clkbuf_0_gpio_in[38]/X (sky130_fd_sc_hd__clkbuf_16)
                                                         clknet_0_gpio_in[38] (net)
                      0.134548    0.005218    1.049058 ^ clkbuf_1_0__f_gpio_in[38]/A (sky130_fd_sc_hd__clkbuf_16)
    25    0.081756    0.152072    0.317218    1.366275 ^ clkbuf_1_0__f_gpio_in[38]/X (sky130_fd_sc_hd__clkbuf_16)
                                                         clknet_1_0__leaf_gpio_in[38] (net)
                      0.155354    0.017396    1.383672 ^ _088_/CLK (sky130_fd_sc_hd__dfrtp_1)
                                  0.250000    1.633672   clock uncertainty
                                  0.000000    1.633672   clock reconvergence pessimism
                                 -0.064520    1.569151   library hold time
                                              1.569151   data required time
---------------------------------------------------------------------------------------------
                                              1.569151   data required time
                                             -3.724921   data arrival time
---------------------------------------------------------------------------------------------
                                              2.155769   slack (MET)


Startpoint: _095_ (rising edge-triggered flip-flop clocked by gpio_in[38])
Endpoint: _098_ (rising edge-triggered flip-flop clocked by gpio_in[38])
Path Group: gpio_in[38]
Path Type: min

Fanout         Cap        Slew       Delay        Time   Description
---------------------------------------------------------------------------------------------
                                  0.000000    0.000000   clock gpio_in[38] (rise edge)
                                  0.000000    0.000000   clock source latency
     2    0.097852    0.706251    0.509263    0.509263 ^ gpio_in[38] (in)
                                                         gpio_in[38] (net)
                      0.709941    0.000000    0.509263 ^ clkbuf_0_gpio_in[38]/A (sky130_fd_sc_hd__clkbuf_16)
     5    0.064484    0.134284    0.534576    1.043839 ^ clkbuf_0_gpio_in[38]/X (sky130_fd_sc_hd__clkbuf_16)
                                                         clknet_0_gpio_in[38] (net)
                      0.134548    0.005218    1.049058 ^ clkbuf_1_0__f_gpio_in[38]/A (sky130_fd_sc_hd__clkbuf_16)
    25    0.081756    0.152072    0.317218    1.366275 ^ clkbuf_1_0__f_gpio_in[38]/X (sky130_fd_sc_hd__clkbuf_16)
                                                         clknet_1_0__leaf_gpio_in[38] (net)
                      0.154536    0.015043    1.381319 ^ _095_/CLK (sky130_fd_sc_hd__dfrtp_2)
     3    0.011614    0.129494    0.780993    2.162312 ^ _095_/Q (sky130_fd_sc_hd__dfrtp_2)
                                                         gpio_22_37_output[26].cfg.gpio_out_val (net)
                      0.129494    0.000259    2.162571 ^ _065_/A (sky130_fd_sc_hd__and4_1)
     1    0.003147    0.104663    0.362268    2.524838 ^ _065_/X (sky130_fd_sc_hd__and4_1)
                                                         _031_ (net)
                      0.104663    0.000092    2.524930 ^ _069_/A2 (sky130_fd_sc_hd__o21ba_1)
     1    0.001752    0.058104    0.219343    2.744273 ^ _069_/X (sky130_fd_sc_hd__o21ba_1)
                                                         _002_ (net)
                      0.058104    0.000033    2.744306 ^ hold15/A (sky130_fd_sc_hd__dlygate4sd3_1)
     1    0.002688    0.090292    1.033913    3.778219 ^ hold15/X (sky130_fd_sc_hd__dlygate4sd3_1)
                                                         net590 (net)
                      0.090292    0.000078    3.778296 ^ _098_/D (sky130_fd_sc_hd__dfrtp_1)
                                              3.778296   data arrival time

                                  0.000000    0.000000   clock gpio_in[38] (rise edge)
                                  0.000000    0.000000   clock source latency
     2    0.097852    0.706251    0.509263    0.509263 ^ gpio_in[38] (in)
                                                         gpio_in[38] (net)
                      0.709941    0.000000    0.509263 ^ clkbuf_0_gpio_in[38]/A (sky130_fd_sc_hd__clkbuf_16)
     5    0.064484    0.134284    0.534576    1.043839 ^ clkbuf_0_gpio_in[38]/X (sky130_fd_sc_hd__clkbuf_16)
                                                         clknet_0_gpio_in[38] (net)
                      0.134548    0.005218    1.049058 ^ clkbuf_1_0__f_gpio_in[38]/A (sky130_fd_sc_hd__clkbuf_16)
    25    0.081756    0.152072    0.317218    1.366275 ^ clkbuf_1_0__f_gpio_in[38]/X (sky130_fd_sc_hd__clkbuf_16)
                                                         clknet_1_0__leaf_gpio_in[38] (net)
                      0.155039    0.016526    1.382801 ^ _098_/CLK (sky130_fd_sc_hd__dfrtp_1)
                                  0.250000    1.632802   clock uncertainty
                                  0.000000    1.632802   clock reconvergence pessimism
                                 -0.067611    1.565191   library hold time
                                              1.565191   data required time
---------------------------------------------------------------------------------------------
                                              1.565191   data required time
                                             -3.778296   data arrival time
---------------------------------------------------------------------------------------------
                                              2.213105   slack (MET)


Startpoint: _099_ (rising edge-triggered flip-flop clocked by gpio_in[38])
Endpoint: _102_ (rising edge-triggered flip-flop clocked by gpio_in[38])
Path Group: gpio_in[38]
Path Type: min

Fanout         Cap        Slew       Delay        Time   Description
---------------------------------------------------------------------------------------------
                                  0.000000    0.000000   clock gpio_in[38] (rise edge)
                                  0.000000    0.000000   clock source latency
     2    0.097852    0.706251    0.509263    0.509263 ^ gpio_in[38] (in)
                                                         gpio_in[38] (net)
                      0.709941    0.000000    0.509263 ^ clkbuf_0_gpio_in[38]/A (sky130_fd_sc_hd__clkbuf_16)
     5    0.064484    0.134284    0.534576    1.043839 ^ clkbuf_0_gpio_in[38]/X (sky130_fd_sc_hd__clkbuf_16)
                                                         clknet_0_gpio_in[38] (net)
                      0.134548    0.005218    1.049058 ^ clkbuf_1_0__f_gpio_in[38]/A (sky130_fd_sc_hd__clkbuf_16)
    25    0.081756    0.152072    0.317218    1.366275 ^ clkbuf_1_0__f_gpio_in[38]/X (sky130_fd_sc_hd__clkbuf_16)
                                                         clknet_1_0__leaf_gpio_in[38] (net)
                      0.155699    0.018312    1.384588 ^ _099_/CLK (sky130_fd_sc_hd__dfrtp_1)
     5    0.011376    0.182950    0.770836    2.155423 ^ _099_/Q (sky130_fd_sc_hd__dfrtp_1)
                                                         gpio_22_37_output[30].cfg.gpio_out_val (net)
                      0.182950    0.000235    2.155658 ^ _075_/A (sky130_fd_sc_hd__and4_1)
     1    0.003987    0.116516    0.396581    2.552239 ^ _075_/X (sky130_fd_sc_hd__and4_1)
                                                         _037_ (net)
                      0.116516    0.000101    2.552341 ^ _079_/A2 (sky130_fd_sc_hd__o21ba_1)
     1    0.002326    0.065302    0.230694    2.783034 ^ _079_/X (sky130_fd_sc_hd__o21ba_1)
                                                         _006_ (net)
                      0.065302    0.000049    2.783083 ^ hold9/A (sky130_fd_sc_hd__dlygate4sd3_1)
     1    0.002800    0.091617    1.038774    3.821857 ^ hold9/X (sky130_fd_sc_hd__dlygate4sd3_1)
                                                         net584 (net)
                      0.091617    0.000082    3.821939 ^ _102_/D (sky130_fd_sc_hd__dfrtp_1)
                                              3.821939   data arrival time

                                  0.000000    0.000000   clock gpio_in[38] (rise edge)
                                  0.000000    0.000000   clock source latency
     2    0.097852    0.706251    0.509263    0.509263 ^ gpio_in[38] (in)
                                                         gpio_in[38] (net)
                      0.709941    0.000000    0.509263 ^ clkbuf_0_gpio_in[38]/A (sky130_fd_sc_hd__clkbuf_16)
     5    0.064484    0.134284    0.534576    1.043839 ^ clkbuf_0_gpio_in[38]/X (sky130_fd_sc_hd__clkbuf_16)
                                                         clknet_0_gpio_in[38] (net)
                      0.134548    0.005218    1.049058 ^ clkbuf_1_0__f_gpio_in[38]/A (sky130_fd_sc_hd__clkbuf_16)
    25    0.081756    0.152072    0.317218    1.366275 ^ clkbuf_1_0__f_gpio_in[38]/X (sky130_fd_sc_hd__clkbuf_16)
                                                         clknet_1_0__leaf_gpio_in[38] (net)
                      0.155717    0.018359    1.384634 ^ _102_/CLK (sky130_fd_sc_hd__dfrtp_1)
                                  0.250000    1.634634   clock uncertainty
                                  0.000000    1.634634   clock reconvergence pessimism
                                 -0.067801    1.566833   library hold time
                                              1.566833   data required time
---------------------------------------------------------------------------------------------
                                              1.566833   data required time
                                             -3.821939   data arrival time
---------------------------------------------------------------------------------------------
                                              2.255106   slack (MET)


Startpoint: _099_ (rising edge-triggered flip-flop clocked by gpio_in[38])
Endpoint: _101_ (rising edge-triggered flip-flop clocked by gpio_in[38])
Path Group: gpio_in[38]
Path Type: min

Fanout         Cap        Slew       Delay        Time   Description
---------------------------------------------------------------------------------------------
                                  0.000000    0.000000   clock gpio_in[38] (rise edge)
                                  0.000000    0.000000   clock source latency
     2    0.097852    0.706251    0.509263    0.509263 ^ gpio_in[38] (in)
                                                         gpio_in[38] (net)
                      0.709941    0.000000    0.509263 ^ clkbuf_0_gpio_in[38]/A (sky130_fd_sc_hd__clkbuf_16)
     5    0.064484    0.134284    0.534576    1.043839 ^ clkbuf_0_gpio_in[38]/X (sky130_fd_sc_hd__clkbuf_16)
                                                         clknet_0_gpio_in[38] (net)
                      0.134548    0.005218    1.049058 ^ clkbuf_1_0__f_gpio_in[38]/A (sky130_fd_sc_hd__clkbuf_16)
    25    0.081756    0.152072    0.317218    1.366275 ^ clkbuf_1_0__f_gpio_in[38]/X (sky130_fd_sc_hd__clkbuf_16)
                                                         clknet_1_0__leaf_gpio_in[38] (net)
                      0.155699    0.018312    1.384588 ^ _099_/CLK (sky130_fd_sc_hd__dfrtp_1)
     5    0.011376    0.182950    0.770836    2.155423 ^ _099_/Q (sky130_fd_sc_hd__dfrtp_1)
                                                         gpio_22_37_output[30].cfg.gpio_out_val (net)
                      0.182950    0.000220    2.155643 ^ _073_/A (sky130_fd_sc_hd__and3_1)
     2    0.007538    0.149010    0.378275    2.533918 ^ _073_/X (sky130_fd_sc_hd__and3_1)
                                                         _036_ (net)
                      0.149010    0.000203    2.534121 ^ _076_/B (sky130_fd_sc_hd__xor2_1)
     1    0.003913    0.076297    0.163657    2.697778 v _076_/X (sky130_fd_sc_hd__xor2_1)
                                                         _005_ (net)
                      0.076297    0.000139    2.697917 v hold11/A (sky130_fd_sc_hd__dlygate4sd3_1)
     1    0.002161    0.100393    1.115262    3.813178 v hold11/X (sky130_fd_sc_hd__dlygate4sd3_1)
                                                         net586 (net)
                      0.100393    0.000060    3.813239 v _101_/D (sky130_fd_sc_hd__dfrtp_1)
                                              3.813239   data arrival time

                                  0.000000    0.000000   clock gpio_in[38] (rise edge)
                                  0.000000    0.000000   clock source latency
     2    0.097852    0.706251    0.509263    0.509263 ^ gpio_in[38] (in)
                                                         gpio_in[38] (net)
                      0.709941    0.000000    0.509263 ^ clkbuf_0_gpio_in[38]/A (sky130_fd_sc_hd__clkbuf_16)
     5    0.064484    0.134284    0.534576    1.043839 ^ clkbuf_0_gpio_in[38]/X (sky130_fd_sc_hd__clkbuf_16)
                                                         clknet_0_gpio_in[38] (net)
                      0.134548    0.005218    1.049058 ^ clkbuf_1_0__f_gpio_in[38]/A (sky130_fd_sc_hd__clkbuf_16)
    25    0.081756    0.152072    0.317218    1.366275 ^ clkbuf_1_0__f_gpio_in[38]/X (sky130_fd_sc_hd__clkbuf_16)
                                                         clknet_1_0__leaf_gpio_in[38] (net)
                      0.155752    0.018449    1.384725 ^ _101_/CLK (sky130_fd_sc_hd__dfrtp_1)
                                  0.250000    1.634725   clock uncertainty
                                  0.000000    1.634725   clock reconvergence pessimism
                                 -0.087665    1.547060   library hold time
                                              1.547060   data required time
---------------------------------------------------------------------------------------------
                                              1.547060   data required time
                                             -3.813239   data arrival time
---------------------------------------------------------------------------------------------
                                              2.266179   slack (MET)


Startpoint: _103_ (rising edge-triggered flip-flop clocked by gpio_in[38])
Endpoint: _106_ (rising edge-triggered flip-flop clocked by gpio_in[38])
Path Group: gpio_in[38]
Path Type: min

Fanout         Cap        Slew       Delay        Time   Description
---------------------------------------------------------------------------------------------
                                  0.000000    0.000000   clock gpio_in[38] (rise edge)
                                  0.000000    0.000000   clock source latency
     2    0.097852    0.706251    0.509263    0.509263 ^ gpio_in[38] (in)
                                                         gpio_in[38] (net)
                      0.709941    0.000000    0.509263 ^ clkbuf_0_gpio_in[38]/A (sky130_fd_sc_hd__clkbuf_16)
     5    0.064484    0.134284    0.534576    1.043839 ^ clkbuf_0_gpio_in[38]/X (sky130_fd_sc_hd__clkbuf_16)
                                                         clknet_0_gpio_in[38] (net)
                      0.134531    0.005076    1.048915 ^ clkbuf_1_1__f_gpio_in[38]/A (sky130_fd_sc_hd__clkbuf_16)
    19    0.069682    0.134044    0.308046    1.356961 ^ clkbuf_1_1__f_gpio_in[38]/X (sky130_fd_sc_hd__clkbuf_16)
                                                         clknet_1_1__leaf_gpio_in[38] (net)
                      0.135737    0.011659    1.368621 ^ _103_/CLK (sky130_fd_sc_hd__dfrtp_1)
     3    0.009007    0.153263    0.736435    2.105056 ^ _103_/Q (sky130_fd_sc_hd__dfrtp_1)
                                                         gpio_22_37_output[34].cfg.gpio_out_val (net)
                      0.153263    0.000340    2.105396 ^ _084_/A (sky130_fd_sc_hd__and4_1)
     1    0.006629    0.151366    0.421067    2.526464 ^ _084_/X (sky130_fd_sc_hd__and4_1)
                                                         _042_ (net)
                      0.151366    0.000234    2.526698 ^ _086_/B (sky130_fd_sc_hd__xor2_1)
     1    0.002300    0.063785    0.146266    2.672964 v _086_/X (sky130_fd_sc_hd__xor2_1)
                                                         _010_ (net)
                      0.063785    0.000049    2.673014 v hold2/A (sky130_fd_sc_hd__dlygate4sd3_1)
     1    0.002984    0.107096    1.123823    3.796837 v hold2/X (sky130_fd_sc_hd__dlygate4sd3_1)
                                                         net577 (net)
                      0.107096    0.000086    3.796923 v _106_/D (sky130_fd_sc_hd__dfrtp_1)
                                              3.796923   data arrival time

                                  0.000000    0.000000   clock gpio_in[38] (rise edge)
                                  0.000000    0.000000   clock source latency
     2    0.097852    0.706251    0.509263    0.509263 ^ gpio_in[38] (in)
                                                         gpio_in[38] (net)
                      0.709941    0.000000    0.509263 ^ clkbuf_0_gpio_in[38]/A (sky130_fd_sc_hd__clkbuf_16)
     5    0.064484    0.134284    0.534576    1.043839 ^ clkbuf_0_gpio_in[38]/X (sky130_fd_sc_hd__clkbuf_16)
                                                         clknet_0_gpio_in[38] (net)
                      0.134531    0.005076    1.048915 ^ clkbuf_1_1__f_gpio_in[38]/A (sky130_fd_sc_hd__clkbuf_16)
    19    0.069682    0.134044    0.308046    1.356961 ^ clkbuf_1_1__f_gpio_in[38]/X (sky130_fd_sc_hd__clkbuf_16)
                                                         clknet_1_1__leaf_gpio_in[38] (net)
                      0.135737    0.011659    1.368621 ^ _106_/CLK (sky130_fd_sc_hd__dfrtp_1)
                                  0.250000    1.618621   clock uncertainty
                                  0.000000    1.618621   clock reconvergence pessimism
                                 -0.095021    1.523600   library hold time
                                              1.523600   data required time
---------------------------------------------------------------------------------------------
                                              1.523600   data required time
                                             -3.796923   data arrival time
---------------------------------------------------------------------------------------------
                                              2.273323   slack (MET)


Startpoint: _099_ (rising edge-triggered flip-flop clocked by gpio_in[38])
Endpoint: _100_ (rising edge-triggered flip-flop clocked by gpio_in[38])
Path Group: gpio_in[38]
Path Type: min

Fanout         Cap        Slew       Delay        Time   Description
---------------------------------------------------------------------------------------------
                                  0.000000    0.000000   clock gpio_in[38] (rise edge)
                                  0.000000    0.000000   clock source latency
     2    0.097852    0.706251    0.509263    0.509263 ^ gpio_in[38] (in)
                                                         gpio_in[38] (net)
                      0.709941    0.000000    0.509263 ^ clkbuf_0_gpio_in[38]/A (sky130_fd_sc_hd__clkbuf_16)
     5    0.064484    0.134284    0.534576    1.043839 ^ clkbuf_0_gpio_in[38]/X (sky130_fd_sc_hd__clkbuf_16)
                                                         clknet_0_gpio_in[38] (net)
                      0.134548    0.005218    1.049058 ^ clkbuf_1_0__f_gpio_in[38]/A (sky130_fd_sc_hd__clkbuf_16)
    25    0.081756    0.152072    0.317218    1.366275 ^ clkbuf_1_0__f_gpio_in[38]/X (sky130_fd_sc_hd__clkbuf_16)
                                                         clknet_1_0__leaf_gpio_in[38] (net)
                      0.155699    0.018312    1.384588 ^ _099_/CLK (sky130_fd_sc_hd__dfrtp_1)
     5    0.011376    0.182950    0.770836    2.155423 ^ _099_/Q (sky130_fd_sc_hd__dfrtp_1)
                                                         gpio_22_37_output[30].cfg.gpio_out_val (net)
                      0.182950    0.000220    2.155643 ^ _073_/A (sky130_fd_sc_hd__and3_1)
     2    0.007538    0.149010    0.378275    2.533918 ^ _073_/X (sky130_fd_sc_hd__and3_1)
                                                         _036_ (net)
                      0.149010    0.000148    2.534065 ^ _074_/B1_N (sky130_fd_sc_hd__o21ba_1)
     1    0.003591    0.064274    0.301748    2.835814 v _074_/X (sky130_fd_sc_hd__o21ba_1)
                                                         _004_ (net)
                      0.064274    0.000099    2.835912 v hold27/A (sky130_fd_sc_hd__dlygate4sd3_1)
     1    0.002295    0.101780    1.112381    3.948293 v hold27/X (sky130_fd_sc_hd__dlygate4sd3_1)
                                                         net602 (net)
                      0.101780    0.000065    3.948358 v _100_/D (sky130_fd_sc_hd__dfrtp_1)
                                              3.948358   data arrival time

                                  0.000000    0.000000   clock gpio_in[38] (rise edge)
                                  0.000000    0.000000   clock source latency
     2    0.097852    0.706251    0.509263    0.509263 ^ gpio_in[38] (in)
                                                         gpio_in[38] (net)
                      0.709941    0.000000    0.509263 ^ clkbuf_0_gpio_in[38]/A (sky130_fd_sc_hd__clkbuf_16)
     5    0.064484    0.134284    0.534576    1.043839 ^ clkbuf_0_gpio_in[38]/X (sky130_fd_sc_hd__clkbuf_16)
                                                         clknet_0_gpio_in[38] (net)
                      0.134548    0.005218    1.049058 ^ clkbuf_1_0__f_gpio_in[38]/A (sky130_fd_sc_hd__clkbuf_16)
    25    0.081756    0.152072    0.317218    1.366275 ^ clkbuf_1_0__f_gpio_in[38]/X (sky130_fd_sc_hd__clkbuf_16)
                                                         clknet_1_0__leaf_gpio_in[38] (net)
                      0.155771    0.018496    1.384771 ^ _100_/CLK (sky130_fd_sc_hd__dfrtp_1)
                                  0.250000    1.634771   clock uncertainty
                                  0.000000    1.634771   clock reconvergence pessimism
                                 -0.088176    1.546596   library hold time
                                              1.546596   data required time
---------------------------------------------------------------------------------------------
                                              1.546596   data required time
                                             -3.948358   data arrival time
---------------------------------------------------------------------------------------------
                                              2.401762   slack (MET)


Startpoint: _105_ (rising edge-triggered flip-flop clocked by gpio_in[38])
Endpoint: _105_ (rising edge-triggered flip-flop clocked by gpio_in[38])
Path Group: gpio_in[38]
Path Type: min

Fanout         Cap        Slew       Delay        Time   Description
---------------------------------------------------------------------------------------------
                                  0.000000    0.000000   clock gpio_in[38] (rise edge)
                                  0.000000    0.000000   clock source latency
     2    0.097852    0.706251    0.509263    0.509263 ^ gpio_in[38] (in)
                                                         gpio_in[38] (net)
                      0.709941    0.000000    0.509263 ^ clkbuf_0_gpio_in[38]/A (sky130_fd_sc_hd__clkbuf_16)
     5    0.064484    0.134284    0.534576    1.043839 ^ clkbuf_0_gpio_in[38]/X (sky130_fd_sc_hd__clkbuf_16)
                                                         clknet_0_gpio_in[38] (net)
                      0.134531    0.005076    1.048915 ^ clkbuf_1_1__f_gpio_in[38]/A (sky130_fd_sc_hd__clkbuf_16)
    19    0.069682    0.134044    0.308046    1.356961 ^ clkbuf_1_1__f_gpio_in[38]/X (sky130_fd_sc_hd__clkbuf_16)
                                                         clknet_1_1__leaf_gpio_in[38] (net)
                      0.135745    0.011687    1.368648 ^ _105_/CLK (sky130_fd_sc_hd__dfrtp_1)
     3    0.009138    0.154877    0.737859    2.106508 ^ _105_/Q (sky130_fd_sc_hd__dfrtp_1)
                                                         gpio_22_37_output[36].cfg.gpio_out_val (net)
                      0.154877    0.000277    2.106785 ^ hold4/A (sky130_fd_sc_hd__dlygate4sd3_1)
     1    0.007423    0.153763    1.135406    3.242191 ^ hold4/X (sky130_fd_sc_hd__dlygate4sd3_1)
                                                         net579 (net)
                      0.153763    0.000303    3.242494 ^ _085_/A (sky130_fd_sc_hd__xor2_1)
     1    0.002059    0.062047    0.150256    3.392750 v _085_/X (sky130_fd_sc_hd__xor2_1)
                                                         _009_ (net)
                      0.062047    0.000042    3.392792 v hold5/A (sky130_fd_sc_hd__dlygate4sd3_1)
     1    0.002803    0.105608    1.120012    4.512804 v hold5/X (sky130_fd_sc_hd__dlygate4sd3_1)
                                                         net580 (net)
                      0.105608    0.000088    4.512892 v _105_/D (sky130_fd_sc_hd__dfrtp_1)
                                              4.512892   data arrival time

                                  0.000000    0.000000   clock gpio_in[38] (rise edge)
                                  0.000000    0.000000   clock source latency
     2    0.097852    0.706251    0.509263    0.509263 ^ gpio_in[38] (in)
                                                         gpio_in[38] (net)
                      0.709941    0.000000    0.509263 ^ clkbuf_0_gpio_in[38]/A (sky130_fd_sc_hd__clkbuf_16)
     5    0.064484    0.134284    0.534576    1.043839 ^ clkbuf_0_gpio_in[38]/X (sky130_fd_sc_hd__clkbuf_16)
                                                         clknet_0_gpio_in[38] (net)
                      0.134531    0.005076    1.048915 ^ clkbuf_1_1__f_gpio_in[38]/A (sky130_fd_sc_hd__clkbuf_16)
    19    0.069682    0.134044    0.308046    1.356961 ^ clkbuf_1_1__f_gpio_in[38]/X (sky130_fd_sc_hd__clkbuf_16)
                                                         clknet_1_1__leaf_gpio_in[38] (net)
                      0.135745    0.011687    1.368648 ^ _105_/CLK (sky130_fd_sc_hd__dfrtp_1)
                                  0.250000    1.618648   clock uncertainty
                                  0.000000    1.618648   clock reconvergence pessimism
                                 -0.094466    1.524182   library hold time
                                              1.524182   data required time
---------------------------------------------------------------------------------------------
                                              1.524182   data required time
                                             -4.512892   data arrival time
---------------------------------------------------------------------------------------------
                                              2.988710   slack (MET)


Startpoint: _094_ (rising edge-triggered flip-flop clocked by gpio_in[38])
Endpoint: _094_ (rising edge-triggered flip-flop clocked by gpio_in[38])
Path Group: gpio_in[38]
Path Type: min

Fanout         Cap        Slew       Delay        Time   Description
---------------------------------------------------------------------------------------------
                                  0.000000    0.000000   clock gpio_in[38] (rise edge)
                                  0.000000    0.000000   clock source latency
     2    0.097852    0.706251    0.509263    0.509263 ^ gpio_in[38] (in)
                                                         gpio_in[38] (net)
                      0.709941    0.000000    0.509263 ^ clkbuf_0_gpio_in[38]/A (sky130_fd_sc_hd__clkbuf_16)
     5    0.064484    0.134284    0.534576    1.043839 ^ clkbuf_0_gpio_in[38]/X (sky130_fd_sc_hd__clkbuf_16)
                                                         clknet_0_gpio_in[38] (net)
                      0.134531    0.005076    1.048915 ^ clkbuf_1_1__f_gpio_in[38]/A (sky130_fd_sc_hd__clkbuf_16)
    19    0.069682    0.134044    0.308046    1.356961 ^ clkbuf_1_1__f_gpio_in[38]/X (sky130_fd_sc_hd__clkbuf_16)
                                                         clknet_1_1__leaf_gpio_in[38] (net)
                      0.135913    0.012284    1.369246 ^ _094_/CLK (sky130_fd_sc_hd__dfrtp_1)
     3    0.007558    0.135356    0.721291    2.090536 ^ _094_/Q (sky130_fd_sc_hd__dfrtp_1)
                                                         gpio_22_37_output[25].cfg.gpio_out_val (net)
                      0.135356    0.000145    2.090681 ^ hold16/A (sky130_fd_sc_hd__dlygate4sd3_1)
     1    0.006195    0.137317    1.113006    3.203687 ^ hold16/X (sky130_fd_sc_hd__dlygate4sd3_1)
                                                         net591 (net)
                      0.137317    0.000224    3.203911 ^ _060_/A1 (sky130_fd_sc_hd__o21ba_1)
     1    0.004596    0.095218    0.296006    3.499917 ^ _060_/X (sky130_fd_sc_hd__o21ba_1)
                                                         _017_ (net)
                      0.095218    0.000164    3.500081 ^ hold17/A (sky130_fd_sc_hd__dlygate4sd3_1)
     1    0.002639    0.089817    1.048668    4.548748 ^ hold17/X (sky130_fd_sc_hd__dlygate4sd3_1)
                                                         net592 (net)
                      0.089817    0.000079    4.548828 ^ _094_/D (sky130_fd_sc_hd__dfrtp_1)
                                              4.548828   data arrival time

                                  0.000000    0.000000   clock gpio_in[38] (rise edge)
                                  0.000000    0.000000   clock source latency
     2    0.097852    0.706251    0.509263    0.509263 ^ gpio_in[38] (in)
                                                         gpio_in[38] (net)
                      0.709941    0.000000    0.509263 ^ clkbuf_0_gpio_in[38]/A (sky130_fd_sc_hd__clkbuf_16)
     5    0.064484    0.134284    0.534576    1.043839 ^ clkbuf_0_gpio_in[38]/X (sky130_fd_sc_hd__clkbuf_16)
                                                         clknet_0_gpio_in[38] (net)
                      0.134531    0.005076    1.048915 ^ clkbuf_1_1__f_gpio_in[38]/A (sky130_fd_sc_hd__clkbuf_16)
    19    0.069682    0.134044    0.308046    1.356961 ^ clkbuf_1_1__f_gpio_in[38]/X (sky130_fd_sc_hd__clkbuf_16)
                                                         clknet_1_1__leaf_gpio_in[38] (net)
                      0.135913    0.012284    1.369246 ^ _094_/CLK (sky130_fd_sc_hd__dfrtp_1)
                                  0.250000    1.619246   clock uncertainty
                                  0.000000    1.619246   clock reconvergence pessimism
                                 -0.070642    1.548603   library hold time
                                              1.548603   data required time
---------------------------------------------------------------------------------------------
                                              1.548603   data required time
                                             -4.548828   data arrival time
---------------------------------------------------------------------------------------------
                                              3.000225   slack (MET)


Startpoint: _093_ (rising edge-triggered flip-flop clocked by gpio_in[38])
Endpoint: _093_ (rising edge-triggered flip-flop clocked by gpio_in[38])
Path Group: gpio_in[38]
Path Type: min

Fanout         Cap        Slew       Delay        Time   Description
---------------------------------------------------------------------------------------------
                                  0.000000    0.000000   clock gpio_in[38] (rise edge)
                                  0.000000    0.000000   clock source latency
     2    0.097852    0.706251    0.509263    0.509263 ^ gpio_in[38] (in)
                                                         gpio_in[38] (net)
                      0.709941    0.000000    0.509263 ^ clkbuf_0_gpio_in[38]/A (sky130_fd_sc_hd__clkbuf_16)
     5    0.064484    0.134284    0.534576    1.043839 ^ clkbuf_0_gpio_in[38]/X (sky130_fd_sc_hd__clkbuf_16)
                                                         clknet_0_gpio_in[38] (net)
                      0.134531    0.005076    1.048915 ^ clkbuf_1_1__f_gpio_in[38]/A (sky130_fd_sc_hd__clkbuf_16)
    19    0.069682    0.134044    0.308046    1.356961 ^ clkbuf_1_1__f_gpio_in[38]/X (sky130_fd_sc_hd__clkbuf_16)
                                                         clknet_1_1__leaf_gpio_in[38] (net)
                      0.135940    0.012378    1.369340 ^ _093_/CLK (sky130_fd_sc_hd__dfrtp_1)
     3    0.010203    0.168185    0.749183    2.118523 ^ _093_/Q (sky130_fd_sc_hd__dfrtp_1)
                                                         gpio_22_37_output[24].cfg.gpio_out_val (net)
                      0.168185    0.000262    2.118785 ^ hold12/A (sky130_fd_sc_hd__dlygate4sd3_1)
     2    0.008100    0.162946    1.148799    3.267584 ^ hold12/X (sky130_fd_sc_hd__dlygate4sd3_1)
                                                         net587 (net)
                      0.162946    0.000260    3.267844 ^ _057_/A (sky130_fd_sc_hd__xor2_1)
     1    0.001604    0.058629    0.148377    3.416221 v _057_/X (sky130_fd_sc_hd__xor2_1)
                                                         _016_ (net)
                      0.058629    0.000030    3.416251 v hold13/A (sky130_fd_sc_hd__dlygate4sd3_1)
     1    0.003337    0.111790    1.127553    4.543804 v hold13/X (sky130_fd_sc_hd__dlygate4sd3_1)
                                                         net588 (net)
                      0.111790    0.000109    4.543913 v _093_/D (sky130_fd_sc_hd__dfrtp_1)
                                              4.543913   data arrival time

                                  0.000000    0.000000   clock gpio_in[38] (rise edge)
                                  0.000000    0.000000   clock source latency
     2    0.097852    0.706251    0.509263    0.509263 ^ gpio_in[38] (in)
                                                         gpio_in[38] (net)
                      0.709941    0.000000    0.509263 ^ clkbuf_0_gpio_in[38]/A (sky130_fd_sc_hd__clkbuf_16)
     5    0.064484    0.134284    0.534576    1.043839 ^ clkbuf_0_gpio_in[38]/X (sky130_fd_sc_hd__clkbuf_16)
                                                         clknet_0_gpio_in[38] (net)
                      0.134531    0.005076    1.048915 ^ clkbuf_1_1__f_gpio_in[38]/A (sky130_fd_sc_hd__clkbuf_16)
    19    0.069682    0.134044    0.308046    1.356961 ^ clkbuf_1_1__f_gpio_in[38]/X (sky130_fd_sc_hd__clkbuf_16)
                                                         clknet_1_1__leaf_gpio_in[38] (net)
                      0.135940    0.012378    1.369340 ^ _093_/CLK (sky130_fd_sc_hd__dfrtp_1)
                                  0.250000    1.619340   clock uncertainty
                                  0.000000    1.619340   clock reconvergence pessimism
                                 -0.096714    1.522626   library hold time
                                              1.522626   data required time
---------------------------------------------------------------------------------------------
                                              1.522626   data required time
                                             -4.543913   data arrival time
---------------------------------------------------------------------------------------------
                                              3.021287   slack (MET)


Startpoint: _091_ (rising edge-triggered flip-flop clocked by gpio_in[38])
Endpoint: _091_ (rising edge-triggered flip-flop clocked by gpio_in[38])
Path Group: gpio_in[38]
Path Type: min

Fanout         Cap        Slew       Delay        Time   Description
---------------------------------------------------------------------------------------------
                                  0.000000    0.000000   clock gpio_in[38] (rise edge)
                                  0.000000    0.000000   clock source latency
     2    0.097852    0.706251    0.509263    0.509263 ^ gpio_in[38] (in)
                                                         gpio_in[38] (net)
                      0.709941    0.000000    0.509263 ^ clkbuf_0_gpio_in[38]/A (sky130_fd_sc_hd__clkbuf_16)
     5    0.064484    0.134284    0.534576    1.043839 ^ clkbuf_0_gpio_in[38]/X (sky130_fd_sc_hd__clkbuf_16)
                                                         clknet_0_gpio_in[38] (net)
                      0.134531    0.005076    1.048915 ^ clkbuf_1_1__f_gpio_in[38]/A (sky130_fd_sc_hd__clkbuf_16)
    19    0.069682    0.134044    0.308046    1.356961 ^ clkbuf_1_1__f_gpio_in[38]/X (sky130_fd_sc_hd__clkbuf_16)
                                                         clknet_1_1__leaf_gpio_in[38] (net)
                      0.135935    0.012362    1.369324 ^ _091_/CLK (sky130_fd_sc_hd__dfrtp_1)
     3    0.008543    0.147485    0.731713    2.101037 ^ _091_/Q (sky130_fd_sc_hd__dfrtp_1)
                                                         gpio_22_37_output[22].cfg.gpio_out_val (net)
                      0.147485    0.000174    2.101210 ^ hold20/A (sky130_fd_sc_hd__dlygate4sd3_1)
     3    0.010977    0.203050    1.175218    3.276428 ^ hold20/X (sky130_fd_sc_hd__dlygate4sd3_1)
                                                         net595 (net)
                      0.203050    0.000156    3.276584 ^ _052_/A (sky130_fd_sc_hd__xor2_1)
     1    0.002025    0.061928    0.168332    3.444916 v _052_/X (sky130_fd_sc_hd__xor2_1)
                                                         _014_ (net)
                      0.061928    0.000059    3.444975 v hold21/A (sky130_fd_sc_hd__dlygate4sd3_1)
     1    0.002100    0.099979    1.108103    4.553078 v hold21/X (sky130_fd_sc_hd__dlygate4sd3_1)
                                                         net596 (net)
                      0.099979    0.000041    4.553119 v _091_/D (sky130_fd_sc_hd__dfrtp_1)
                                              4.553119   data arrival time

                                  0.000000    0.000000   clock gpio_in[38] (rise edge)
                                  0.000000    0.000000   clock source latency
     2    0.097852    0.706251    0.509263    0.509263 ^ gpio_in[38] (in)
                                                         gpio_in[38] (net)
                      0.709941    0.000000    0.509263 ^ clkbuf_0_gpio_in[38]/A (sky130_fd_sc_hd__clkbuf_16)
     5    0.064484    0.134284    0.534576    1.043839 ^ clkbuf_0_gpio_in[38]/X (sky130_fd_sc_hd__clkbuf_16)
                                                         clknet_0_gpio_in[38] (net)
                      0.134531    0.005076    1.048915 ^ clkbuf_1_1__f_gpio_in[38]/A (sky130_fd_sc_hd__clkbuf_16)
    19    0.069682    0.134044    0.308046    1.356961 ^ clkbuf_1_1__f_gpio_in[38]/X (sky130_fd_sc_hd__clkbuf_16)
                                                         clknet_1_1__leaf_gpio_in[38] (net)
                      0.135935    0.012362    1.369324 ^ _091_/CLK (sky130_fd_sc_hd__dfrtp_1)
                                  0.250000    1.619324   clock uncertainty
                                  0.000000    1.619324   clock reconvergence pessimism
                                 -0.092330    1.526994   library hold time
                                              1.526994   data required time
---------------------------------------------------------------------------------------------
                                              1.526994   data required time
                                             -4.553119   data arrival time
---------------------------------------------------------------------------------------------
                                              3.026125   slack (MET)


Startpoint: _097_ (rising edge-triggered flip-flop clocked by gpio_in[38])
Endpoint: _097_ (rising edge-triggered flip-flop clocked by gpio_in[38])
Path Group: gpio_in[38]
Path Type: min

Fanout         Cap        Slew       Delay        Time   Description
---------------------------------------------------------------------------------------------
                                  0.000000    0.000000   clock gpio_in[38] (rise edge)
                                  0.000000    0.000000   clock source latency
     2    0.097852    0.706251    0.509263    0.509263 ^ gpio_in[38] (in)
                                                         gpio_in[38] (net)
                      0.709941    0.000000    0.509263 ^ clkbuf_0_gpio_in[38]/A (sky130_fd_sc_hd__clkbuf_16)
     5    0.064484    0.134284    0.534576    1.043839 ^ clkbuf_0_gpio_in[38]/X (sky130_fd_sc_hd__clkbuf_16)
                                                         clknet_0_gpio_in[38] (net)
                      0.134548    0.005218    1.049058 ^ clkbuf_1_0__f_gpio_in[38]/A (sky130_fd_sc_hd__clkbuf_16)
    25    0.081756    0.152072    0.317218    1.366275 ^ clkbuf_1_0__f_gpio_in[38]/X (sky130_fd_sc_hd__clkbuf_16)
                                                         clknet_1_0__leaf_gpio_in[38] (net)
                      0.155164    0.016876    1.383151 ^ _097_/CLK (sky130_fd_sc_hd__dfrtp_1)
     2    0.006335    0.120456    0.717358    2.100509 ^ _097_/Q (sky130_fd_sc_hd__dfrtp_1)
                                                         gpio_22_37_output[28].cfg.gpio_out_val (net)
                      0.120456    0.000150    2.100659 ^ hold6/A (sky130_fd_sc_hd__dlygate4sd3_1)
     3    0.013346    0.232514    1.192522    3.293180 ^ hold6/X (sky130_fd_sc_hd__dlygate4sd3_1)
                                                         net581 (net)
                      0.232514    0.000287    3.293468 ^ _066_/A (sky130_fd_sc_hd__xor2_1)
     1    0.001694    0.059227    0.174607    3.468075 v _066_/X (sky130_fd_sc_hd__xor2_1)
                                                         _001_ (net)
                      0.059227    0.000047    3.468122 v hold7/A (sky130_fd_sc_hd__dlygate4sd3_1)
     1    0.002386    0.102598    1.111758    4.579880 v hold7/X (sky130_fd_sc_hd__dlygate4sd3_1)
                                                         net582 (net)
                      0.102598    0.000068    4.579947 v _097_/D (sky130_fd_sc_hd__dfrtp_1)
                                              4.579947   data arrival time

                                  0.000000    0.000000   clock gpio_in[38] (rise edge)
                                  0.000000    0.000000   clock source latency
     2    0.097852    0.706251    0.509263    0.509263 ^ gpio_in[38] (in)
                                                         gpio_in[38] (net)
                      0.709941    0.000000    0.509263 ^ clkbuf_0_gpio_in[38]/A (sky130_fd_sc_hd__clkbuf_16)
     5    0.064484    0.134284    0.534576    1.043839 ^ clkbuf_0_gpio_in[38]/X (sky130_fd_sc_hd__clkbuf_16)
                                                         clknet_0_gpio_in[38] (net)
                      0.134548    0.005218    1.049058 ^ clkbuf_1_0__f_gpio_in[38]/A (sky130_fd_sc_hd__clkbuf_16)
    25    0.081756    0.152072    0.317218    1.366275 ^ clkbuf_1_0__f_gpio_in[38]/X (sky130_fd_sc_hd__clkbuf_16)
                                                         clknet_1_0__leaf_gpio_in[38] (net)
                      0.155164    0.016876    1.383151 ^ _097_/CLK (sky130_fd_sc_hd__dfrtp_1)
                                  0.250000    1.633151   clock uncertainty
                                  0.000000    1.633151   clock reconvergence pessimism
                                 -0.088627    1.544524   library hold time
                                              1.544524   data required time
---------------------------------------------------------------------------------------------
                                              1.544524   data required time
                                             -4.579947   data arrival time
---------------------------------------------------------------------------------------------
                                              3.035424   slack (MET)


Startpoint: _089_ (rising edge-triggered flip-flop clocked by gpio_in[38])
Endpoint: _089_ (rising edge-triggered flip-flop clocked by gpio_in[38])
Path Group: gpio_in[38]
Path Type: min

Fanout         Cap        Slew       Delay        Time   Description
---------------------------------------------------------------------------------------------
                                  0.000000    0.000000   clock gpio_in[38] (rise edge)
                                  0.000000    0.000000   clock source latency
     2    0.097852    0.706251    0.509263    0.509263 ^ gpio_in[38] (in)
                                                         gpio_in[38] (net)
                      0.709941    0.000000    0.509263 ^ clkbuf_0_gpio_in[38]/A (sky130_fd_sc_hd__clkbuf_16)
     5    0.064484    0.134284    0.534576    1.043839 ^ clkbuf_0_gpio_in[38]/X (sky130_fd_sc_hd__clkbuf_16)
                                                         clknet_0_gpio_in[38] (net)
                      0.134548    0.005218    1.049058 ^ clkbuf_1_0__f_gpio_in[38]/A (sky130_fd_sc_hd__clkbuf_16)
    25    0.081756    0.152072    0.317218    1.366275 ^ clkbuf_1_0__f_gpio_in[38]/X (sky130_fd_sc_hd__clkbuf_16)
                                                         clknet_1_0__leaf_gpio_in[38] (net)
                      0.155607    0.018072    1.384348 ^ _089_/CLK (sky130_fd_sc_hd__dfrtp_1)
     3    0.008332    0.144911    0.738655    2.123003 ^ _089_/Q (sky130_fd_sc_hd__dfrtp_1)
                                                         gpio_18_21_bidir[20].cfg.gpio_out_val (net)
                      0.144911    0.000168    2.123171 ^ hold23/A (sky130_fd_sc_hd__dlygate4sd3_1)
     3    0.013776    0.238573    1.206738    3.329908 ^ hold23/X (sky130_fd_sc_hd__dlygate4sd3_1)
                                                         net598 (net)
                      0.238573    0.000242    3.330150 ^ _048_/A (sky130_fd_sc_hd__xnor2_1)
     1    0.002500    0.070528    0.256422    3.586572 ^ _048_/Y (sky130_fd_sc_hd__xnor2_1)
                                                         _012_ (net)
                      0.070528    0.000054    3.586626 ^ hold24/A (sky130_fd_sc_hd__dlygate4sd3_1)
     1    0.002659    0.090019    1.038884    4.625510 ^ hold24/X (sky130_fd_sc_hd__dlygate4sd3_1)
                                                         net599 (net)
                      0.090019    0.000080    4.625590 ^ _089_/D (sky130_fd_sc_hd__dfrtp_1)
                                              4.625590   data arrival time

                                  0.000000    0.000000   clock gpio_in[38] (rise edge)
                                  0.000000    0.000000   clock source latency
     2    0.097852    0.706251    0.509263    0.509263 ^ gpio_in[38] (in)
                                                         gpio_in[38] (net)
                      0.709941    0.000000    0.509263 ^ clkbuf_0_gpio_in[38]/A (sky130_fd_sc_hd__clkbuf_16)
     5    0.064484    0.134284    0.534576    1.043839 ^ clkbuf_0_gpio_in[38]/X (sky130_fd_sc_hd__clkbuf_16)
                                                         clknet_0_gpio_in[38] (net)
                      0.134548    0.005218    1.049058 ^ clkbuf_1_0__f_gpio_in[38]/A (sky130_fd_sc_hd__clkbuf_16)
    25    0.081756    0.152072    0.317218    1.366275 ^ clkbuf_1_0__f_gpio_in[38]/X (sky130_fd_sc_hd__clkbuf_16)
                                                         clknet_1_0__leaf_gpio_in[38] (net)
                      0.155607    0.018072    1.384348 ^ _089_/CLK (sky130_fd_sc_hd__dfrtp_1)
                                  0.250000    1.634348   clock uncertainty
                                  0.000000    1.634348   clock reconvergence pessimism
                                 -0.067455    1.566893   library hold time
                                              1.566893   data required time
---------------------------------------------------------------------------------------------
                                              1.566893   data required time
                                             -4.625590   data arrival time
---------------------------------------------------------------------------------------------
                                              3.058697   slack (MET)


Startpoint: resetb_l (input port clocked by gpio_in[38])
Endpoint: _105_ (removal check against rising-edge clock gpio_in[38])
Path Group: asynchronous
Path Type: min

Fanout         Cap        Slew       Delay        Time   Description
---------------------------------------------------------------------------------------------
                                  0.000000    0.000000   clock gpio_in[38] (rise edge)
                                  0.000000    0.000000   clock network delay (propagated)
                                  5.000000    5.000000 ^ input external delay
     2    0.009019    0.074431    0.047553    5.047553 ^ resetb_l (in)
                                                         resetb_l (net)
                      0.074432    0.000000    5.047553 ^ input2/A (sky130_fd_sc_hd__buf_8)
    11    0.130838    0.331043    0.347578    5.395132 ^ input2/X (sky130_fd_sc_hd__buf_8)
                                                         net2 (net)
                      0.350795    0.062355    5.457487 ^ _105_/RESET_B (sky130_fd_sc_hd__dfrtp_1)
                                              5.457487   data arrival time

                                  0.000000    0.000000   clock gpio_in[38] (rise edge)
                                  0.000000    0.000000   clock source latency
     2    0.097852    0.706251    0.509263    0.509263 ^ gpio_in[38] (in)
                                                         gpio_in[38] (net)
                      0.709941    0.000000    0.509263 ^ clkbuf_0_gpio_in[38]/A (sky130_fd_sc_hd__clkbuf_16)
     5    0.064484    0.134284    0.534576    1.043839 ^ clkbuf_0_gpio_in[38]/X (sky130_fd_sc_hd__clkbuf_16)
                                                         clknet_0_gpio_in[38] (net)
                      0.134531    0.005076    1.048915 ^ clkbuf_1_1__f_gpio_in[38]/A (sky130_fd_sc_hd__clkbuf_16)
    19    0.069682    0.134044    0.308046    1.356961 ^ clkbuf_1_1__f_gpio_in[38]/X (sky130_fd_sc_hd__clkbuf_16)
                                                         clknet_1_1__leaf_gpio_in[38] (net)
                      0.135745    0.011687    1.368648 ^ _105_/CLK (sky130_fd_sc_hd__dfrtp_1)
                                  0.250000    1.618648   clock uncertainty
                                  0.000000    1.618648   clock reconvergence pessimism
                                  0.763476    2.382124   library removal time
                                              2.382124   data required time
---------------------------------------------------------------------------------------------
                                              2.382124   data required time
                                             -5.457487   data arrival time
---------------------------------------------------------------------------------------------
                                              3.075362   slack (MET)


Startpoint: resetb_l (input port clocked by gpio_in[38])
Endpoint: _103_ (removal check against rising-edge clock gpio_in[38])
Path Group: asynchronous
Path Type: min

Fanout         Cap        Slew       Delay        Time   Description
---------------------------------------------------------------------------------------------
                                  0.000000    0.000000   clock gpio_in[38] (rise edge)
                                  0.000000    0.000000   clock network delay (propagated)
                                  5.000000    5.000000 ^ input external delay
     2    0.009019    0.074431    0.047553    5.047553 ^ resetb_l (in)
                                                         resetb_l (net)
                      0.074432    0.000000    5.047553 ^ input2/A (sky130_fd_sc_hd__buf_8)
    11    0.130838    0.331043    0.347578    5.395132 ^ input2/X (sky130_fd_sc_hd__buf_8)
                                                         net2 (net)
                      0.350888    0.062502    5.457634 ^ _103_/RESET_B (sky130_fd_sc_hd__dfrtp_1)
                                              5.457634   data arrival time

                                  0.000000    0.000000   clock gpio_in[38] (rise edge)
                                  0.000000    0.000000   clock source latency
     2    0.097852    0.706251    0.509263    0.509263 ^ gpio_in[38] (in)
                                                         gpio_in[38] (net)
                      0.709941    0.000000    0.509263 ^ clkbuf_0_gpio_in[38]/A (sky130_fd_sc_hd__clkbuf_16)
     5    0.064484    0.134284    0.534576    1.043839 ^ clkbuf_0_gpio_in[38]/X (sky130_fd_sc_hd__clkbuf_16)
                                                         clknet_0_gpio_in[38] (net)
                      0.134531    0.005076    1.048915 ^ clkbuf_1_1__f_gpio_in[38]/A (sky130_fd_sc_hd__clkbuf_16)
    19    0.069682    0.134044    0.308046    1.356961 ^ clkbuf_1_1__f_gpio_in[38]/X (sky130_fd_sc_hd__clkbuf_16)
                                                         clknet_1_1__leaf_gpio_in[38] (net)
                      0.135737    0.011659    1.368621 ^ _103_/CLK (sky130_fd_sc_hd__dfrtp_1)
                                  0.250000    1.618621   clock uncertainty
                                  0.000000    1.618621   clock reconvergence pessimism
                                  0.763502    2.382123   library removal time
                                              2.382123   data required time
---------------------------------------------------------------------------------------------
                                              2.382123   data required time
                                             -5.457634   data arrival time
---------------------------------------------------------------------------------------------
                                              3.075511   slack (MET)


Startpoint: resetb_l (input port clocked by gpio_in[38])
Endpoint: _104_ (removal check against rising-edge clock gpio_in[38])
Path Group: asynchronous
Path Type: min

Fanout         Cap        Slew       Delay        Time   Description
---------------------------------------------------------------------------------------------
                                  0.000000    0.000000   clock gpio_in[38] (rise edge)
                                  0.000000    0.000000   clock network delay (propagated)
                                  5.000000    5.000000 ^ input external delay
     2    0.009019    0.074431    0.047553    5.047553 ^ resetb_l (in)
                                                         resetb_l (net)
                      0.074432    0.000000    5.047553 ^ input2/A (sky130_fd_sc_hd__buf_8)
    11    0.130838    0.331043    0.347578    5.395132 ^ input2/X (sky130_fd_sc_hd__buf_8)
                                                         net2 (net)
                      0.350899    0.062521    5.457652 ^ _104_/RESET_B (sky130_fd_sc_hd__dfrtp_1)
                                              5.457652   data arrival time

                                  0.000000    0.000000   clock gpio_in[38] (rise edge)
                                  0.000000    0.000000   clock source latency
     2    0.097852    0.706251    0.509263    0.509263 ^ gpio_in[38] (in)
                                                         gpio_in[38] (net)
                      0.709941    0.000000    0.509263 ^ clkbuf_0_gpio_in[38]/A (sky130_fd_sc_hd__clkbuf_16)
     5    0.064484    0.134284    0.534576    1.043839 ^ clkbuf_0_gpio_in[38]/X (sky130_fd_sc_hd__clkbuf_16)
                                                         clknet_0_gpio_in[38] (net)
                      0.134531    0.005076    1.048915 ^ clkbuf_1_1__f_gpio_in[38]/A (sky130_fd_sc_hd__clkbuf_16)
    19    0.069682    0.134044    0.308046    1.356961 ^ clkbuf_1_1__f_gpio_in[38]/X (sky130_fd_sc_hd__clkbuf_16)
                                                         clknet_1_1__leaf_gpio_in[38] (net)
                      0.135741    0.011674    1.368635 ^ _104_/CLK (sky130_fd_sc_hd__dfrtp_1)
                                  0.250000    1.618636   clock uncertainty
                                  0.000000    1.618636   clock reconvergence pessimism
                                  0.763507    2.382142   library removal time
                                              2.382142   data required time
---------------------------------------------------------------------------------------------
                                              2.382142   data required time
                                             -5.457652   data arrival time
---------------------------------------------------------------------------------------------
                                              3.075510   slack (MET)


Startpoint: resetb_l (input port clocked by gpio_in[38])
Endpoint: _106_ (removal check against rising-edge clock gpio_in[38])
Path Group: asynchronous
Path Type: min

Fanout         Cap        Slew       Delay        Time   Description
---------------------------------------------------------------------------------------------
                                  0.000000    0.000000   clock gpio_in[38] (rise edge)
                                  0.000000    0.000000   clock network delay (propagated)
                                  5.000000    5.000000 ^ input external delay
     2    0.009019    0.074431    0.047553    5.047553 ^ resetb_l (in)
                                                         resetb_l (net)
                      0.074432    0.000000    5.047553 ^ input2/A (sky130_fd_sc_hd__buf_8)
    11    0.130838    0.331043    0.347578    5.395132 ^ input2/X (sky130_fd_sc_hd__buf_8)
                                                         net2 (net)
                      0.350915    0.062546    5.457677 ^ _106_/RESET_B (sky130_fd_sc_hd__dfrtp_1)
                                              5.457677   data arrival time

                                  0.000000    0.000000   clock gpio_in[38] (rise edge)
                                  0.000000    0.000000   clock source latency
     2    0.097852    0.706251    0.509263    0.509263 ^ gpio_in[38] (in)
                                                         gpio_in[38] (net)
                      0.709941    0.000000    0.509263 ^ clkbuf_0_gpio_in[38]/A (sky130_fd_sc_hd__clkbuf_16)
     5    0.064484    0.134284    0.534576    1.043839 ^ clkbuf_0_gpio_in[38]/X (sky130_fd_sc_hd__clkbuf_16)
                                                         clknet_0_gpio_in[38] (net)
                      0.134531    0.005076    1.048915 ^ clkbuf_1_1__f_gpio_in[38]/A (sky130_fd_sc_hd__clkbuf_16)
    19    0.069682    0.134044    0.308046    1.356961 ^ clkbuf_1_1__f_gpio_in[38]/X (sky130_fd_sc_hd__clkbuf_16)
                                                         clknet_1_1__leaf_gpio_in[38] (net)
                      0.135737    0.011659    1.368621 ^ _106_/CLK (sky130_fd_sc_hd__dfrtp_1)
                                  0.250000    1.618621   clock uncertainty
                                  0.000000    1.618621   clock reconvergence pessimism
                                  0.763510    2.382131   library removal time
                                              2.382131   data required time
---------------------------------------------------------------------------------------------
                                              2.382131   data required time
                                             -5.457677   data arrival time
---------------------------------------------------------------------------------------------
                                              3.075546   slack (MET)


Startpoint: _088_ (rising edge-triggered flip-flop clocked by gpio_in[38])
Endpoint: _090_ (rising edge-triggered flip-flop clocked by gpio_in[38])
Path Group: gpio_in[38]
Path Type: min

Fanout         Cap        Slew       Delay        Time   Description
---------------------------------------------------------------------------------------------
                                  0.000000    0.000000   clock gpio_in[38] (rise edge)
                                  0.000000    0.000000   clock source latency
     2    0.097852    0.706251    0.509263    0.509263 ^ gpio_in[38] (in)
                                                         gpio_in[38] (net)
                      0.709941    0.000000    0.509263 ^ clkbuf_0_gpio_in[38]/A (sky130_fd_sc_hd__clkbuf_16)
     5    0.064484    0.134284    0.534576    1.043839 ^ clkbuf_0_gpio_in[38]/X (sky130_fd_sc_hd__clkbuf_16)
                                                         clknet_0_gpio_in[38] (net)
                      0.134548    0.005218    1.049058 ^ clkbuf_1_0__f_gpio_in[38]/A (sky130_fd_sc_hd__clkbuf_16)
    25    0.081756    0.152072    0.317218    1.366275 ^ clkbuf_1_0__f_gpio_in[38]/X (sky130_fd_sc_hd__clkbuf_16)
                                                         clknet_1_0__leaf_gpio_in[38] (net)
                      0.155354    0.017396    1.383672 ^ _088_/CLK (sky130_fd_sc_hd__dfrtp_1)
     5    0.013483    0.206844    0.792851    2.176523 ^ _088_/Q (sky130_fd_sc_hd__dfrtp_1)
                                                         gpio_18_21_bidir[19].cfg.gpio_out_val (net)
                      0.206844    0.000309    2.176832 ^ _050_/A2 (sky130_fd_sc_hd__a31o_1)
     1    0.001759    0.058377    0.319276    2.496109 ^ _050_/X (sky130_fd_sc_hd__a31o_1)
                                                         _023_ (net)
                      0.058377    0.000034    2.496142 ^ hold32/A (sky130_fd_sc_hd__dlygate4sd3_1)
     1    0.003891    0.106969    1.052503    3.548645 ^ hold32/X (sky130_fd_sc_hd__dlygate4sd3_1)
                                                         net607 (net)
                      0.106969    0.000139    3.548784 ^ _051_/B (sky130_fd_sc_hd__and2b_1)
     1    0.002800    0.071240    0.238476    3.787260 ^ _051_/X (sky130_fd_sc_hd__and2b_1)
                                                         _013_ (net)
                      0.071240    0.000086    3.787346 ^ hold33/A (sky130_fd_sc_hd__dlygate4sd3_1)
     1    0.002873    0.092494    1.042478    4.829823 ^ hold33/X (sky130_fd_sc_hd__dlygate4sd3_1)
                                                         net608 (net)
                      0.092494    0.000086    4.829909 ^ _090_/D (sky130_fd_sc_hd__dfrtp_1)
                                              4.829909   data arrival time

                                  0.000000    0.000000   clock gpio_in[38] (rise edge)
                                  0.000000    0.000000   clock source latency
     2    0.097852    0.706251    0.509263    0.509263 ^ gpio_in[38] (in)
                                                         gpio_in[38] (net)
                      0.709941    0.000000    0.509263 ^ clkbuf_0_gpio_in[38]/A (sky130_fd_sc_hd__clkbuf_16)
     5    0.064484    0.134284    0.534576    1.043839 ^ clkbuf_0_gpio_in[38]/X (sky130_fd_sc_hd__clkbuf_16)
                                                         clknet_0_gpio_in[38] (net)
                      0.134548    0.005218    1.049058 ^ clkbuf_1_0__f_gpio_in[38]/A (sky130_fd_sc_hd__clkbuf_16)
    25    0.081756    0.152072    0.317218    1.366275 ^ clkbuf_1_0__f_gpio_in[38]/X (sky130_fd_sc_hd__clkbuf_16)
                                                         clknet_1_0__leaf_gpio_in[38] (net)
                      0.155477    0.017729    1.384004 ^ _090_/CLK (sky130_fd_sc_hd__dfrtp_1)
                                  0.250000    1.634004   clock uncertainty
                                  0.000000    1.634004   clock reconvergence pessimism
                                 -0.068041    1.565963   library hold time
                                              1.565963   data required time
---------------------------------------------------------------------------------------------
                                              1.565963   data required time
                                             -4.829909   data arrival time
---------------------------------------------------------------------------------------------
                                              3.263946   slack (MET)


Startpoint: resetb_l (input port clocked by gpio_in[38])
Endpoint: _101_ (removal check against rising-edge clock gpio_in[38])
Path Group: asynchronous
Path Type: min

Fanout         Cap        Slew       Delay        Time   Description
---------------------------------------------------------------------------------------------
                                  0.000000    0.000000   clock gpio_in[38] (rise edge)
                                  0.000000    0.000000   clock network delay (propagated)
                                  5.000000    5.000000 ^ input external delay
     2    0.009019    0.074431    0.047553    5.047553 ^ resetb_l (in)
                                                         resetb_l (net)
                      0.074432    0.000000    5.047553 ^ input2/A (sky130_fd_sc_hd__buf_8)
    11    0.130838    0.331043    0.347578    5.395132 ^ input2/X (sky130_fd_sc_hd__buf_8)
                                                         net2 (net)
                      0.331051    0.001462    5.396594 ^ fanout31/A (sky130_fd_sc_hd__clkbuf_16)
    33    0.184965    0.294052    0.499632    5.896226 ^ fanout31/X (sky130_fd_sc_hd__clkbuf_16)
                                                         net31 (net)
                      0.294095    0.003070    5.899296 ^ _101_/RESET_B (sky130_fd_sc_hd__dfrtp_1)
                                              5.899296   data arrival time

                                  0.000000    0.000000   clock gpio_in[38] (rise edge)
                                  0.000000    0.000000   clock source latency
     2    0.097852    0.706251    0.509263    0.509263 ^ gpio_in[38] (in)
                                                         gpio_in[38] (net)
                      0.709941    0.000000    0.509263 ^ clkbuf_0_gpio_in[38]/A (sky130_fd_sc_hd__clkbuf_16)
     5    0.064484    0.134284    0.534576    1.043839 ^ clkbuf_0_gpio_in[38]/X (sky130_fd_sc_hd__clkbuf_16)
                                                         clknet_0_gpio_in[38] (net)
                      0.134548    0.005218    1.049058 ^ clkbuf_1_0__f_gpio_in[38]/A (sky130_fd_sc_hd__clkbuf_16)
    25    0.081756    0.152072    0.317218    1.366275 ^ clkbuf_1_0__f_gpio_in[38]/X (sky130_fd_sc_hd__clkbuf_16)
                                                         clknet_1_0__leaf_gpio_in[38] (net)
                      0.155752    0.018449    1.384725 ^ _101_/CLK (sky130_fd_sc_hd__dfrtp_1)
                                  0.250000    1.634725   clock uncertainty
                                  0.000000    1.634725   clock reconvergence pessimism
                                  0.752089    2.386813   library removal time
                                              2.386813   data required time
---------------------------------------------------------------------------------------------
                                              2.386813   data required time
                                             -5.899296   data arrival time
---------------------------------------------------------------------------------------------
                                              3.512483   slack (MET)


Startpoint: resetb_l (input port clocked by gpio_in[38])
Endpoint: _102_ (removal check against rising-edge clock gpio_in[38])
Path Group: asynchronous
Path Type: min

Fanout         Cap        Slew       Delay        Time   Description
---------------------------------------------------------------------------------------------
                                  0.000000    0.000000   clock gpio_in[38] (rise edge)
                                  0.000000    0.000000   clock network delay (propagated)
                                  5.000000    5.000000 ^ input external delay
     2    0.009019    0.074431    0.047553    5.047553 ^ resetb_l (in)
                                                         resetb_l (net)
                      0.074432    0.000000    5.047553 ^ input2/A (sky130_fd_sc_hd__buf_8)
    11    0.130838    0.331043    0.347578    5.395132 ^ input2/X (sky130_fd_sc_hd__buf_8)
                                                         net2 (net)
                      0.331051    0.001462    5.396594 ^ fanout31/A (sky130_fd_sc_hd__clkbuf_16)
    33    0.184965    0.294052    0.499632    5.896226 ^ fanout31/X (sky130_fd_sc_hd__clkbuf_16)
                                                         net31 (net)
                      0.294106    0.003455    5.899682 ^ _102_/RESET_B (sky130_fd_sc_hd__dfrtp_1)
                                              5.899682   data arrival time

                                  0.000000    0.000000   clock gpio_in[38] (rise edge)
                                  0.000000    0.000000   clock source latency
     2    0.097852    0.706251    0.509263    0.509263 ^ gpio_in[38] (in)
                                                         gpio_in[38] (net)
                      0.709941    0.000000    0.509263 ^ clkbuf_0_gpio_in[38]/A (sky130_fd_sc_hd__clkbuf_16)
     5    0.064484    0.134284    0.534576    1.043839 ^ clkbuf_0_gpio_in[38]/X (sky130_fd_sc_hd__clkbuf_16)
                                                         clknet_0_gpio_in[38] (net)
                      0.134548    0.005218    1.049058 ^ clkbuf_1_0__f_gpio_in[38]/A (sky130_fd_sc_hd__clkbuf_16)
    25    0.081756    0.152072    0.317218    1.366275 ^ clkbuf_1_0__f_gpio_in[38]/X (sky130_fd_sc_hd__clkbuf_16)
                                                         clknet_1_0__leaf_gpio_in[38] (net)
                      0.155717    0.018359    1.384634 ^ _102_/CLK (sky130_fd_sc_hd__dfrtp_1)
                                  0.250000    1.634634   clock uncertainty
                                  0.000000    1.634634   clock reconvergence pessimism
                                  0.752082    2.386716   library removal time
                                              2.386716   data required time
---------------------------------------------------------------------------------------------
                                              2.386716   data required time
                                             -5.899682   data arrival time
---------------------------------------------------------------------------------------------
                                              3.512966   slack (MET)


Startpoint: resetb_l (input port clocked by gpio_in[38])
Endpoint: _100_ (removal check against rising-edge clock gpio_in[38])
Path Group: asynchronous
Path Type: min

Fanout         Cap        Slew       Delay        Time   Description
---------------------------------------------------------------------------------------------
                                  0.000000    0.000000   clock gpio_in[38] (rise edge)
                                  0.000000    0.000000   clock network delay (propagated)
                                  5.000000    5.000000 ^ input external delay
     2    0.009019    0.074431    0.047553    5.047553 ^ resetb_l (in)
                                                         resetb_l (net)
                      0.074432    0.000000    5.047553 ^ input2/A (sky130_fd_sc_hd__buf_8)
    11    0.130838    0.331043    0.347578    5.395132 ^ input2/X (sky130_fd_sc_hd__buf_8)
                                                         net2 (net)
                      0.331051    0.001462    5.396594 ^ fanout31/A (sky130_fd_sc_hd__clkbuf_16)
    33    0.184965    0.294052    0.499632    5.896226 ^ fanout31/X (sky130_fd_sc_hd__clkbuf_16)
                                                         net31 (net)
                      0.294143    0.004436    5.900662 ^ _100_/RESET_B (sky130_fd_sc_hd__dfrtp_1)
                                              5.900662   data arrival time

                                  0.000000    0.000000   clock gpio_in[38] (rise edge)
                                  0.000000    0.000000   clock source latency
     2    0.097852    0.706251    0.509263    0.509263 ^ gpio_in[38] (in)
                                                         gpio_in[38] (net)
                      0.709941    0.000000    0.509263 ^ clkbuf_0_gpio_in[38]/A (sky130_fd_sc_hd__clkbuf_16)
     5    0.064484    0.134284    0.534576    1.043839 ^ clkbuf_0_gpio_in[38]/X (sky130_fd_sc_hd__clkbuf_16)
                                                         clknet_0_gpio_in[38] (net)
                      0.134548    0.005218    1.049058 ^ clkbuf_1_0__f_gpio_in[38]/A (sky130_fd_sc_hd__clkbuf_16)
    25    0.081756    0.152072    0.317218    1.366275 ^ clkbuf_1_0__f_gpio_in[38]/X (sky130_fd_sc_hd__clkbuf_16)
                                                         clknet_1_0__leaf_gpio_in[38] (net)
                      0.155771    0.018496    1.384771 ^ _100_/CLK (sky130_fd_sc_hd__dfrtp_1)
                                  0.250000    1.634771   clock uncertainty
                                  0.000000    1.634771   clock reconvergence pessimism
                                  0.752109    2.386880   library removal time
                                              2.386880   data required time
---------------------------------------------------------------------------------------------
                                              2.386880   data required time
                                             -5.900662   data arrival time
---------------------------------------------------------------------------------------------
                                              3.513782   slack (MET)


Startpoint: resetb_l (input port clocked by gpio_in[38])
Endpoint: _099_ (removal check against rising-edge clock gpio_in[38])
Path Group: asynchronous
Path Type: min

Fanout         Cap        Slew       Delay        Time   Description
---------------------------------------------------------------------------------------------
                                  0.000000    0.000000   clock gpio_in[38] (rise edge)
                                  0.000000    0.000000   clock network delay (propagated)
                                  5.000000    5.000000 ^ input external delay
     2    0.009019    0.074431    0.047553    5.047553 ^ resetb_l (in)
                                                         resetb_l (net)
                      0.074432    0.000000    5.047553 ^ input2/A (sky130_fd_sc_hd__buf_8)
    11    0.130838    0.331043    0.347578    5.395132 ^ input2/X (sky130_fd_sc_hd__buf_8)
                                                         net2 (net)
                      0.331051    0.001462    5.396594 ^ fanout31/A (sky130_fd_sc_hd__clkbuf_16)
    33    0.184965    0.294052    0.499632    5.896226 ^ fanout31/X (sky130_fd_sc_hd__clkbuf_16)
                                                         net31 (net)
                      0.294191    0.005455    5.901680 ^ _099_/RESET_B (sky130_fd_sc_hd__dfrtp_1)
                                              5.901680   data arrival time

                                  0.000000    0.000000   clock gpio_in[38] (rise edge)
                                  0.000000    0.000000   clock source latency
     2    0.097852    0.706251    0.509263    0.509263 ^ gpio_in[38] (in)
                                                         gpio_in[38] (net)
                      0.709941    0.000000    0.509263 ^ clkbuf_0_gpio_in[38]/A (sky130_fd_sc_hd__clkbuf_16)
     5    0.064484    0.134284    0.534576    1.043839 ^ clkbuf_0_gpio_in[38]/X (sky130_fd_sc_hd__clkbuf_16)
                                                         clknet_0_gpio_in[38] (net)
                      0.134548    0.005218    1.049058 ^ clkbuf_1_0__f_gpio_in[38]/A (sky130_fd_sc_hd__clkbuf_16)
    25    0.081756    0.152072    0.317218    1.366275 ^ clkbuf_1_0__f_gpio_in[38]/X (sky130_fd_sc_hd__clkbuf_16)
                                                         clknet_1_0__leaf_gpio_in[38] (net)
                      0.155699    0.018312    1.384588 ^ _099_/CLK (sky130_fd_sc_hd__dfrtp_1)
                                  0.250000    1.634588   clock uncertainty
                                  0.000000    1.634588   clock reconvergence pessimism
                                  0.752102    2.386690   library removal time
                                              2.386690   data required time
---------------------------------------------------------------------------------------------
                                              2.386690   data required time
                                             -5.901680   data arrival time
---------------------------------------------------------------------------------------------
                                              3.514991   slack (MET)


Startpoint: resetb_l (input port clocked by gpio_in[38])
Endpoint: _089_ (removal check against rising-edge clock gpio_in[38])
Path Group: asynchronous
Path Type: min

Fanout         Cap        Slew       Delay        Time   Description
---------------------------------------------------------------------------------------------
                                  0.000000    0.000000   clock gpio_in[38] (rise edge)
                                  0.000000    0.000000   clock network delay (propagated)
                                  5.000000    5.000000 ^ input external delay
     2    0.009019    0.074431    0.047553    5.047553 ^ resetb_l (in)
                                                         resetb_l (net)
                      0.074432    0.000000    5.047553 ^ input2/A (sky130_fd_sc_hd__buf_8)
    11    0.130838    0.331043    0.347578    5.395132 ^ input2/X (sky130_fd_sc_hd__buf_8)
                                                         net2 (net)
                      0.331051    0.001462    5.396594 ^ fanout31/A (sky130_fd_sc_hd__clkbuf_16)
    33    0.184965    0.294052    0.499632    5.896226 ^ fanout31/X (sky130_fd_sc_hd__clkbuf_16)
                                                         net31 (net)
                      0.294379    0.008228    5.904454 ^ _089_/RESET_B (sky130_fd_sc_hd__dfrtp_1)
                                              5.904454   data arrival time

                                  0.000000    0.000000   clock gpio_in[38] (rise edge)
                                  0.000000    0.000000   clock source latency
     2    0.097852    0.706251    0.509263    0.509263 ^ gpio_in[38] (in)
                                                         gpio_in[38] (net)
                      0.709941    0.000000    0.509263 ^ clkbuf_0_gpio_in[38]/A (sky130_fd_sc_hd__clkbuf_16)
     5    0.064484    0.134284    0.534576    1.043839 ^ clkbuf_0_gpio_in[38]/X (sky130_fd_sc_hd__clkbuf_16)
                                                         clknet_0_gpio_in[38] (net)
                      0.134548    0.005218    1.049058 ^ clkbuf_1_0__f_gpio_in[38]/A (sky130_fd_sc_hd__clkbuf_16)
    25    0.081756    0.152072    0.317218    1.366275 ^ clkbuf_1_0__f_gpio_in[38]/X (sky130_fd_sc_hd__clkbuf_16)
                                                         clknet_1_0__leaf_gpio_in[38] (net)
                      0.155607    0.018072    1.384348 ^ _089_/CLK (sky130_fd_sc_hd__dfrtp_1)
                                  0.250000    1.634348   clock uncertainty
                                  0.000000    1.634348   clock reconvergence pessimism
                                  0.752132    2.386480   library removal time
                                              2.386480   data required time
---------------------------------------------------------------------------------------------
                                              2.386480   data required time
                                             -5.904454   data arrival time
---------------------------------------------------------------------------------------------
                                              3.517974   slack (MET)


Startpoint: resetb_l (input port clocked by gpio_in[38])
Endpoint: _090_ (removal check against rising-edge clock gpio_in[38])
Path Group: asynchronous
Path Type: min

Fanout         Cap        Slew       Delay        Time   Description
---------------------------------------------------------------------------------------------
                                  0.000000    0.000000   clock gpio_in[38] (rise edge)
                                  0.000000    0.000000   clock network delay (propagated)
                                  5.000000    5.000000 ^ input external delay
     2    0.009019    0.074431    0.047553    5.047553 ^ resetb_l (in)
                                                         resetb_l (net)
                      0.074432    0.000000    5.047553 ^ input2/A (sky130_fd_sc_hd__buf_8)
    11    0.130838    0.331043    0.347578    5.395132 ^ input2/X (sky130_fd_sc_hd__buf_8)
                                                         net2 (net)
                      0.331051    0.001462    5.396594 ^ fanout31/A (sky130_fd_sc_hd__clkbuf_16)
    33    0.184965    0.294052    0.499632    5.896226 ^ fanout31/X (sky130_fd_sc_hd__clkbuf_16)
                                                         net31 (net)
                      0.294542    0.009947    5.906173 ^ _090_/RESET_B (sky130_fd_sc_hd__dfrtp_1)
                                              5.906173   data arrival time

                                  0.000000    0.000000   clock gpio_in[38] (rise edge)
                                  0.000000    0.000000   clock source latency
     2    0.097852    0.706251    0.509263    0.509263 ^ gpio_in[38] (in)
                                                         gpio_in[38] (net)
                      0.709941    0.000000    0.509263 ^ clkbuf_0_gpio_in[38]/A (sky130_fd_sc_hd__clkbuf_16)
     5    0.064484    0.134284    0.534576    1.043839 ^ clkbuf_0_gpio_in[38]/X (sky130_fd_sc_hd__clkbuf_16)
                                                         clknet_0_gpio_in[38] (net)
                      0.134548    0.005218    1.049058 ^ clkbuf_1_0__f_gpio_in[38]/A (sky130_fd_sc_hd__clkbuf_16)
    25    0.081756    0.152072    0.317218    1.366275 ^ clkbuf_1_0__f_gpio_in[38]/X (sky130_fd_sc_hd__clkbuf_16)
                                                         clknet_1_0__leaf_gpio_in[38] (net)
                      0.155477    0.017729    1.384004 ^ _090_/CLK (sky130_fd_sc_hd__dfrtp_1)
                                  0.250000    1.634004   clock uncertainty
                                  0.000000    1.634004   clock reconvergence pessimism
                                  0.752143    2.386147   library removal time
                                              2.386147   data required time
---------------------------------------------------------------------------------------------
                                              2.386147   data required time
                                             -5.906173   data arrival time
---------------------------------------------------------------------------------------------
                                              3.520026   slack (MET)


Startpoint: resetb_l (input port clocked by gpio_in[38])
Endpoint: _088_ (removal check against rising-edge clock gpio_in[38])
Path Group: asynchronous
Path Type: min

Fanout         Cap        Slew       Delay        Time   Description
---------------------------------------------------------------------------------------------
                                  0.000000    0.000000   clock gpio_in[38] (rise edge)
                                  0.000000    0.000000   clock network delay (propagated)
                                  5.000000    5.000000 ^ input external delay
     2    0.009019    0.074431    0.047553    5.047553 ^ resetb_l (in)
                                                         resetb_l (net)
                      0.074432    0.000000    5.047553 ^ input2/A (sky130_fd_sc_hd__buf_8)
    11    0.130838    0.331043    0.347578    5.395132 ^ input2/X (sky130_fd_sc_hd__buf_8)
                                                         net2 (net)
                      0.331051    0.001462    5.396594 ^ fanout31/A (sky130_fd_sc_hd__clkbuf_16)
    33    0.184965    0.294052    0.499632    5.896226 ^ fanout31/X (sky130_fd_sc_hd__clkbuf_16)
                                                         net31 (net)
                      0.294785    0.011987    5.908213 ^ _088_/RESET_B (sky130_fd_sc_hd__dfrtp_1)
                                              5.908213   data arrival time

                                  0.000000    0.000000   clock gpio_in[38] (rise edge)
                                  0.000000    0.000000   clock source latency
     2    0.097852    0.706251    0.509263    0.509263 ^ gpio_in[38] (in)
                                                         gpio_in[38] (net)
                      0.709941    0.000000    0.509263 ^ clkbuf_0_gpio_in[38]/A (sky130_fd_sc_hd__clkbuf_16)
     5    0.064484    0.134284    0.534576    1.043839 ^ clkbuf_0_gpio_in[38]/X (sky130_fd_sc_hd__clkbuf_16)
                                                         clknet_0_gpio_in[38] (net)
                      0.134548    0.005218    1.049058 ^ clkbuf_1_0__f_gpio_in[38]/A (sky130_fd_sc_hd__clkbuf_16)
    25    0.081756    0.152072    0.317218    1.366275 ^ clkbuf_1_0__f_gpio_in[38]/X (sky130_fd_sc_hd__clkbuf_16)
                                                         clknet_1_0__leaf_gpio_in[38] (net)
                      0.155354    0.017396    1.383672 ^ _088_/CLK (sky130_fd_sc_hd__dfrtp_1)
                                  0.250000    1.633672   clock uncertainty
                                  0.000000    1.633672   clock reconvergence pessimism
                                  0.752180    2.385852   library removal time
                                              2.385852   data required time
---------------------------------------------------------------------------------------------
                                              2.385852   data required time
                                             -5.908213   data arrival time
---------------------------------------------------------------------------------------------
                                              3.522361   slack (MET)


Startpoint: resetb_l (input port clocked by gpio_in[38])
Endpoint: _087_ (removal check against rising-edge clock gpio_in[38])
Path Group: asynchronous
Path Type: min

Fanout         Cap        Slew       Delay        Time   Description
---------------------------------------------------------------------------------------------
                                  0.000000    0.000000   clock gpio_in[38] (rise edge)
                                  0.000000    0.000000   clock network delay (propagated)
                                  5.000000    5.000000 ^ input external delay
     2    0.009019    0.074431    0.047553    5.047553 ^ resetb_l (in)
                                                         resetb_l (net)
                      0.074432    0.000000    5.047553 ^ input2/A (sky130_fd_sc_hd__buf_8)
    11    0.130838    0.331043    0.347578    5.395132 ^ input2/X (sky130_fd_sc_hd__buf_8)
                                                         net2 (net)
                      0.331051    0.001462    5.396594 ^ fanout31/A (sky130_fd_sc_hd__clkbuf_16)
    33    0.184965    0.294052    0.499632    5.896226 ^ fanout31/X (sky130_fd_sc_hd__clkbuf_16)
                                                         net31 (net)
                      0.294960    0.013231    5.909457 ^ _087_/RESET_B (sky130_fd_sc_hd__dfrtp_2)
                                              5.909457   data arrival time

                                  0.000000    0.000000   clock gpio_in[38] (rise edge)
                                  0.000000    0.000000   clock source latency
     2    0.097852    0.706251    0.509263    0.509263 ^ gpio_in[38] (in)
                                                         gpio_in[38] (net)
                      0.709941    0.000000    0.509263 ^ clkbuf_0_gpio_in[38]/A (sky130_fd_sc_hd__clkbuf_16)
     5    0.064484    0.134284    0.534576    1.043839 ^ clkbuf_0_gpio_in[38]/X (sky130_fd_sc_hd__clkbuf_16)
                                                         clknet_0_gpio_in[38] (net)
                      0.134548    0.005218    1.049058 ^ clkbuf_1_0__f_gpio_in[38]/A (sky130_fd_sc_hd__clkbuf_16)
    25    0.081756    0.152072    0.317218    1.366275 ^ clkbuf_1_0__f_gpio_in[38]/X (sky130_fd_sc_hd__clkbuf_16)
                                                         clknet_1_0__leaf_gpio_in[38] (net)
                      0.155254    0.017125    1.383400 ^ _087_/CLK (sky130_fd_sc_hd__dfrtp_2)
                                  0.250000    1.633400   clock uncertainty
                                  0.000000    1.633400   clock reconvergence pessimism
                                  0.752019    2.385419   library removal time
                                              2.385419   data required time
---------------------------------------------------------------------------------------------
                                              2.385419   data required time
                                             -5.909457   data arrival time
---------------------------------------------------------------------------------------------
                                              3.524038   slack (MET)


Startpoint: resetb_l (input port clocked by gpio_in[38])
Endpoint: _096_ (removal check against rising-edge clock gpio_in[38])
Path Group: asynchronous
Path Type: min

Fanout         Cap        Slew       Delay        Time   Description
---------------------------------------------------------------------------------------------
                                  0.000000    0.000000   clock gpio_in[38] (rise edge)
                                  0.000000    0.000000   clock network delay (propagated)
                                  5.000000    5.000000 ^ input external delay
     2    0.009019    0.074431    0.047553    5.047553 ^ resetb_l (in)
                                                         resetb_l (net)
                      0.074432    0.000000    5.047553 ^ input2/A (sky130_fd_sc_hd__buf_8)
    11    0.130838    0.331043    0.347578    5.395132 ^ input2/X (sky130_fd_sc_hd__buf_8)
                                                         net2 (net)
                      0.331051    0.001462    5.396594 ^ fanout31/A (sky130_fd_sc_hd__clkbuf_16)
    33    0.184965    0.294052    0.499632    5.896226 ^ fanout31/X (sky130_fd_sc_hd__clkbuf_16)
                                                         net31 (net)
                      0.295306    0.015342    5.911567 ^ _096_/RESET_B (sky130_fd_sc_hd__dfrtp_1)
                                              5.911567   data arrival time

                                  0.000000    0.000000   clock gpio_in[38] (rise edge)
                                  0.000000    0.000000   clock source latency
     2    0.097852    0.706251    0.509263    0.509263 ^ gpio_in[38] (in)
                                                         gpio_in[38] (net)
                      0.709941    0.000000    0.509263 ^ clkbuf_0_gpio_in[38]/A (sky130_fd_sc_hd__clkbuf_16)
     5    0.064484    0.134284    0.534576    1.043839 ^ clkbuf_0_gpio_in[38]/X (sky130_fd_sc_hd__clkbuf_16)
                                                         clknet_0_gpio_in[38] (net)
                      0.134548    0.005218    1.049058 ^ clkbuf_1_0__f_gpio_in[38]/A (sky130_fd_sc_hd__clkbuf_16)
    25    0.081756    0.152072    0.317218    1.366275 ^ clkbuf_1_0__f_gpio_in[38]/X (sky130_fd_sc_hd__clkbuf_16)
                                                         clknet_1_0__leaf_gpio_in[38] (net)
                      0.155172    0.016899    1.383175 ^ _096_/CLK (sky130_fd_sc_hd__dfrtp_1)
                                  0.250000    1.633175   clock uncertainty
                                  0.000000    1.633175   clock reconvergence pessimism
                                  0.752286    2.385461   library removal time
                                              2.385461   data required time
---------------------------------------------------------------------------------------------
                                              2.385461   data required time
                                             -5.911567   data arrival time
---------------------------------------------------------------------------------------------
                                              3.526107   slack (MET)


Startpoint: resetb_l (input port clocked by gpio_in[38])
Endpoint: _097_ (removal check against rising-edge clock gpio_in[38])
Path Group: asynchronous
Path Type: min

Fanout         Cap        Slew       Delay        Time   Description
---------------------------------------------------------------------------------------------
                                  0.000000    0.000000   clock gpio_in[38] (rise edge)
                                  0.000000    0.000000   clock network delay (propagated)
                                  5.000000    5.000000 ^ input external delay
     2    0.009019    0.074431    0.047553    5.047553 ^ resetb_l (in)
                                                         resetb_l (net)
                      0.074432    0.000000    5.047553 ^ input2/A (sky130_fd_sc_hd__buf_8)
    11    0.130838    0.331043    0.347578    5.395132 ^ input2/X (sky130_fd_sc_hd__buf_8)
                                                         net2 (net)
                      0.331051    0.001462    5.396594 ^ fanout31/A (sky130_fd_sc_hd__clkbuf_16)
    33    0.184965    0.294052    0.499632    5.896226 ^ fanout31/X (sky130_fd_sc_hd__clkbuf_16)
                                                         net31 (net)
                      0.295315    0.015392    5.911618 ^ _097_/RESET_B (sky130_fd_sc_hd__dfrtp_1)
                                              5.911618   data arrival time

                                  0.000000    0.000000   clock gpio_in[38] (rise edge)
                                  0.000000    0.000000   clock source latency
     2    0.097852    0.706251    0.509263    0.509263 ^ gpio_in[38] (in)
                                                         gpio_in[38] (net)
                      0.709941    0.000000    0.509263 ^ clkbuf_0_gpio_in[38]/A (sky130_fd_sc_hd__clkbuf_16)
     5    0.064484    0.134284    0.534576    1.043839 ^ clkbuf_0_gpio_in[38]/X (sky130_fd_sc_hd__clkbuf_16)
                                                         clknet_0_gpio_in[38] (net)
                      0.134548    0.005218    1.049058 ^ clkbuf_1_0__f_gpio_in[38]/A (sky130_fd_sc_hd__clkbuf_16)
    25    0.081756    0.152072    0.317218    1.366275 ^ clkbuf_1_0__f_gpio_in[38]/X (sky130_fd_sc_hd__clkbuf_16)
                                                         clknet_1_0__leaf_gpio_in[38] (net)
                      0.155164    0.016876    1.383151 ^ _097_/CLK (sky130_fd_sc_hd__dfrtp_1)
                                  0.250000    1.633151   clock uncertainty
                                  0.000000    1.633151   clock reconvergence pessimism
                                  0.752286    2.385437   library removal time
                                              2.385437   data required time
---------------------------------------------------------------------------------------------
                                              2.385437   data required time
                                             -5.911618   data arrival time
---------------------------------------------------------------------------------------------
                                              3.526181   slack (MET)


Startpoint: resetb_l (input port clocked by gpio_in[38])
Endpoint: _098_ (removal check against rising-edge clock gpio_in[38])
Path Group: asynchronous
Path Type: min

Fanout         Cap        Slew       Delay        Time   Description
---------------------------------------------------------------------------------------------
                                  0.000000    0.000000   clock gpio_in[38] (rise edge)
                                  0.000000    0.000000   clock network delay (propagated)
                                  5.000000    5.000000 ^ input external delay
     2    0.009019    0.074431    0.047553    5.047553 ^ resetb_l (in)
                                                         resetb_l (net)
                      0.074432    0.000000    5.047553 ^ input2/A (sky130_fd_sc_hd__buf_8)
    11    0.130838    0.331043    0.347578    5.395132 ^ input2/X (sky130_fd_sc_hd__buf_8)
                                                         net2 (net)
                      0.331051    0.001462    5.396594 ^ fanout31/A (sky130_fd_sc_hd__clkbuf_16)
    33    0.184965    0.294052    0.499632    5.896226 ^ fanout31/X (sky130_fd_sc_hd__clkbuf_16)
                                                         net31 (net)
                      0.295298    0.015295    5.911521 ^ _098_/RESET_B (sky130_fd_sc_hd__dfrtp_1)
                                              5.911521   data arrival time

                                  0.000000    0.000000   clock gpio_in[38] (rise edge)
                                  0.000000    0.000000   clock source latency
     2    0.097852    0.706251    0.509263    0.509263 ^ gpio_in[38] (in)
                                                         gpio_in[38] (net)
                      0.709941    0.000000    0.509263 ^ clkbuf_0_gpio_in[38]/A (sky130_fd_sc_hd__clkbuf_16)
     5    0.064484    0.134284    0.534576    1.043839 ^ clkbuf_0_gpio_in[38]/X (sky130_fd_sc_hd__clkbuf_16)
                                                         clknet_0_gpio_in[38] (net)
                      0.134548    0.005218    1.049058 ^ clkbuf_1_0__f_gpio_in[38]/A (sky130_fd_sc_hd__clkbuf_16)
    25    0.081756    0.152072    0.317218    1.366275 ^ clkbuf_1_0__f_gpio_in[38]/X (sky130_fd_sc_hd__clkbuf_16)
                                                         clknet_1_0__leaf_gpio_in[38] (net)
                      0.155039    0.016526    1.382801 ^ _098_/CLK (sky130_fd_sc_hd__dfrtp_1)
                                  0.250000    1.632802   clock uncertainty
                                  0.000000    1.632802   clock reconvergence pessimism
                                  0.752243    2.385045   library removal time
                                              2.385045   data required time
---------------------------------------------------------------------------------------------
                                              2.385045   data required time
                                             -5.911521   data arrival time
---------------------------------------------------------------------------------------------
                                              3.526477   slack (MET)


Startpoint: resetb_l (input port clocked by gpio_in[38])
Endpoint: _095_ (removal check against rising-edge clock gpio_in[38])
Path Group: asynchronous
Path Type: min

Fanout         Cap        Slew       Delay        Time   Description
---------------------------------------------------------------------------------------------
                                  0.000000    0.000000   clock gpio_in[38] (rise edge)
                                  0.000000    0.000000   clock network delay (propagated)
                                  5.000000    5.000000 ^ input external delay
     2    0.009019    0.074431    0.047553    5.047553 ^ resetb_l (in)
                                                         resetb_l (net)
                      0.074432    0.000000    5.047553 ^ input2/A (sky130_fd_sc_hd__buf_8)
    11    0.130838    0.331043    0.347578    5.395132 ^ input2/X (sky130_fd_sc_hd__buf_8)
                                                         net2 (net)
                      0.331051    0.001462    5.396594 ^ fanout31/A (sky130_fd_sc_hd__clkbuf_16)
    33    0.184965    0.294052    0.499632    5.896226 ^ fanout31/X (sky130_fd_sc_hd__clkbuf_16)
                                                         net31 (net)
                      0.295909    0.018376    5.914602 ^ _095_/RESET_B (sky130_fd_sc_hd__dfrtp_2)
                                              5.914602   data arrival time

                                  0.000000    0.000000   clock gpio_in[38] (rise edge)
                                  0.000000    0.000000   clock source latency
     2    0.097852    0.706251    0.509263    0.509263 ^ gpio_in[38] (in)
                                                         gpio_in[38] (net)
                      0.709941    0.000000    0.509263 ^ clkbuf_0_gpio_in[38]/A (sky130_fd_sc_hd__clkbuf_16)
     5    0.064484    0.134284    0.534576    1.043839 ^ clkbuf_0_gpio_in[38]/X (sky130_fd_sc_hd__clkbuf_16)
                                                         clknet_0_gpio_in[38] (net)
                      0.134548    0.005218    1.049058 ^ clkbuf_1_0__f_gpio_in[38]/A (sky130_fd_sc_hd__clkbuf_16)
    25    0.081756    0.152072    0.317218    1.366275 ^ clkbuf_1_0__f_gpio_in[38]/X (sky130_fd_sc_hd__clkbuf_16)
                                                         clknet_1_0__leaf_gpio_in[38] (net)
                      0.154536    0.015043    1.381319 ^ _095_/CLK (sky130_fd_sc_hd__dfrtp_2)
                                  0.250000    1.631319   clock uncertainty
                                  0.000000    1.631319   clock reconvergence pessimism
                                  0.752093    2.383412   library removal time
                                              2.383412   data required time
---------------------------------------------------------------------------------------------
                                              2.383412   data required time
                                             -5.914602   data arrival time
---------------------------------------------------------------------------------------------
                                              3.531190   slack (MET)


Startpoint: resetb_l (input port clocked by gpio_in[38])
Endpoint: _093_ (removal check against rising-edge clock gpio_in[38])
Path Group: asynchronous
Path Type: min

Fanout         Cap        Slew       Delay        Time   Description
---------------------------------------------------------------------------------------------
                                  0.000000    0.000000   clock gpio_in[38] (rise edge)
                                  0.000000    0.000000   clock network delay (propagated)
                                  5.000000    5.000000 ^ input external delay
     2    0.009019    0.074431    0.047553    5.047553 ^ resetb_l (in)
                                                         resetb_l (net)
                      0.074432    0.000000    5.047553 ^ input2/A (sky130_fd_sc_hd__buf_8)
    11    0.130838    0.331043    0.347578    5.395132 ^ input2/X (sky130_fd_sc_hd__buf_8)
                                                         net2 (net)
                      0.331051    0.001462    5.396594 ^ fanout31/A (sky130_fd_sc_hd__clkbuf_16)
    33    0.184965    0.294052    0.499632    5.896226 ^ fanout31/X (sky130_fd_sc_hd__clkbuf_16)
                                                         net31 (net)
                      0.320942    0.068774    5.965000 ^ _093_/RESET_B (sky130_fd_sc_hd__dfrtp_1)
                                              5.965000   data arrival time

                                  0.000000    0.000000   clock gpio_in[38] (rise edge)
                                  0.000000    0.000000   clock source latency
     2    0.097852    0.706251    0.509263    0.509263 ^ gpio_in[38] (in)
                                                         gpio_in[38] (net)
                      0.709941    0.000000    0.509263 ^ clkbuf_0_gpio_in[38]/A (sky130_fd_sc_hd__clkbuf_16)
     5    0.064484    0.134284    0.534576    1.043839 ^ clkbuf_0_gpio_in[38]/X (sky130_fd_sc_hd__clkbuf_16)
                                                         clknet_0_gpio_in[38] (net)
                      0.134531    0.005076    1.048915 ^ clkbuf_1_1__f_gpio_in[38]/A (sky130_fd_sc_hd__clkbuf_16)
    19    0.069682    0.134044    0.308046    1.356961 ^ clkbuf_1_1__f_gpio_in[38]/X (sky130_fd_sc_hd__clkbuf_16)
                                                         clknet_1_1__leaf_gpio_in[38] (net)
                      0.135940    0.012378    1.369340 ^ _093_/CLK (sky130_fd_sc_hd__dfrtp_1)
                                  0.250000    1.619340   clock uncertainty
                                  0.000000    1.619340   clock reconvergence pessimism
                                  0.754372    2.373712   library removal time
                                              2.373712   data required time
---------------------------------------------------------------------------------------------
                                              2.373712   data required time
                                             -5.965000   data arrival time
---------------------------------------------------------------------------------------------
                                              3.591288   slack (MET)


Startpoint: resetb_l (input port clocked by gpio_in[38])
Endpoint: _091_ (removal check against rising-edge clock gpio_in[38])
Path Group: asynchronous
Path Type: min

Fanout         Cap        Slew       Delay        Time   Description
---------------------------------------------------------------------------------------------
                                  0.000000    0.000000   clock gpio_in[38] (rise edge)
                                  0.000000    0.000000   clock network delay (propagated)
                                  5.000000    5.000000 ^ input external delay
     2    0.009019    0.074431    0.047553    5.047553 ^ resetb_l (in)
                                                         resetb_l (net)
                      0.074432    0.000000    5.047553 ^ input2/A (sky130_fd_sc_hd__buf_8)
    11    0.130838    0.331043    0.347578    5.395132 ^ input2/X (sky130_fd_sc_hd__buf_8)
                                                         net2 (net)
                      0.331051    0.001462    5.396594 ^ fanout31/A (sky130_fd_sc_hd__clkbuf_16)
    33    0.184965    0.294052    0.499632    5.896226 ^ fanout31/X (sky130_fd_sc_hd__clkbuf_16)
                                                         net31 (net)
                      0.321019    0.068879    5.965105 ^ _091_/RESET_B (sky130_fd_sc_hd__dfrtp_1)
                                              5.965105   data arrival time

                                  0.000000    0.000000   clock gpio_in[38] (rise edge)
                                  0.000000    0.000000   clock source latency
     2    0.097852    0.706251    0.509263    0.509263 ^ gpio_in[38] (in)
                                                         gpio_in[38] (net)
                      0.709941    0.000000    0.509263 ^ clkbuf_0_gpio_in[38]/A (sky130_fd_sc_hd__clkbuf_16)
     5    0.064484    0.134284    0.534576    1.043839 ^ clkbuf_0_gpio_in[38]/X (sky130_fd_sc_hd__clkbuf_16)
                                                         clknet_0_gpio_in[38] (net)
                      0.134531    0.005076    1.048915 ^ clkbuf_1_1__f_gpio_in[38]/A (sky130_fd_sc_hd__clkbuf_16)
    19    0.069682    0.134044    0.308046    1.356961 ^ clkbuf_1_1__f_gpio_in[38]/X (sky130_fd_sc_hd__clkbuf_16)
                                                         clknet_1_1__leaf_gpio_in[38] (net)
                      0.135935    0.012362    1.369324 ^ _091_/CLK (sky130_fd_sc_hd__dfrtp_1)
                                  0.250000    1.619324   clock uncertainty
                                  0.000000    1.619324   clock reconvergence pessimism
                                  0.754394    2.373718   library removal time
                                              2.373718   data required time
---------------------------------------------------------------------------------------------
                                              2.373718   data required time
                                             -5.965105   data arrival time
---------------------------------------------------------------------------------------------
                                              3.591386   slack (MET)


Startpoint: resetb_l (input port clocked by gpio_in[38])
Endpoint: _092_ (removal check against rising-edge clock gpio_in[38])
Path Group: asynchronous
Path Type: min

Fanout         Cap        Slew       Delay        Time   Description
---------------------------------------------------------------------------------------------
                                  0.000000    0.000000   clock gpio_in[38] (rise edge)
                                  0.000000    0.000000   clock network delay (propagated)
                                  5.000000    5.000000 ^ input external delay
     2    0.009019    0.074431    0.047553    5.047553 ^ resetb_l (in)
                                                         resetb_l (net)
                      0.074432    0.000000    5.047553 ^ input2/A (sky130_fd_sc_hd__buf_8)
    11    0.130838    0.331043    0.347578    5.395132 ^ input2/X (sky130_fd_sc_hd__buf_8)
                                                         net2 (net)
                      0.331051    0.001462    5.396594 ^ fanout31/A (sky130_fd_sc_hd__clkbuf_16)
    33    0.184965    0.294052    0.499632    5.896226 ^ fanout31/X (sky130_fd_sc_hd__clkbuf_16)
                                                         net31 (net)
                      0.321054    0.068925    5.965151 ^ _092_/RESET_B (sky130_fd_sc_hd__dfrtp_1)
                                              5.965151   data arrival time

                                  0.000000    0.000000   clock gpio_in[38] (rise edge)
                                  0.000000    0.000000   clock source latency
     2    0.097852    0.706251    0.509263    0.509263 ^ gpio_in[38] (in)
                                                         gpio_in[38] (net)
                      0.709941    0.000000    0.509263 ^ clkbuf_0_gpio_in[38]/A (sky130_fd_sc_hd__clkbuf_16)
     5    0.064484    0.134284    0.534576    1.043839 ^ clkbuf_0_gpio_in[38]/X (sky130_fd_sc_hd__clkbuf_16)
                                                         clknet_0_gpio_in[38] (net)
                      0.134531    0.005076    1.048915 ^ clkbuf_1_1__f_gpio_in[38]/A (sky130_fd_sc_hd__clkbuf_16)
    19    0.069682    0.134044    0.308046    1.356961 ^ clkbuf_1_1__f_gpio_in[38]/X (sky130_fd_sc_hd__clkbuf_16)
                                                         clknet_1_1__leaf_gpio_in[38] (net)
                      0.135937    0.012366    1.369328 ^ _092_/CLK (sky130_fd_sc_hd__dfrtp_1)
                                  0.250000    1.619328   clock uncertainty
                                  0.000000    1.619328   clock reconvergence pessimism
                                  0.754405    2.373733   library removal time
                                              2.373733   data required time
---------------------------------------------------------------------------------------------
                                              2.373733   data required time
                                             -5.965151   data arrival time
---------------------------------------------------------------------------------------------
                                              3.591418   slack (MET)


Startpoint: resetb_l (input port clocked by gpio_in[38])
Endpoint: _094_ (removal check against rising-edge clock gpio_in[38])
Path Group: asynchronous
Path Type: min

Fanout         Cap        Slew       Delay        Time   Description
---------------------------------------------------------------------------------------------
                                  0.000000    0.000000   clock gpio_in[38] (rise edge)
                                  0.000000    0.000000   clock network delay (propagated)
                                  5.000000    5.000000 ^ input external delay
     2    0.009019    0.074431    0.047553    5.047553 ^ resetb_l (in)
                                                         resetb_l (net)
                      0.074432    0.000000    5.047553 ^ input2/A (sky130_fd_sc_hd__buf_8)
    11    0.130838    0.331043    0.347578    5.395132 ^ input2/X (sky130_fd_sc_hd__buf_8)
                                                         net2 (net)
                      0.331051    0.001462    5.396594 ^ fanout31/A (sky130_fd_sc_hd__clkbuf_16)
    33    0.184965    0.294052    0.499632    5.896226 ^ fanout31/X (sky130_fd_sc_hd__clkbuf_16)
                                                         net31 (net)
                      0.321037    0.068903    5.965128 ^ _094_/RESET_B (sky130_fd_sc_hd__dfrtp_1)
                                              5.965128   data arrival time

                                  0.000000    0.000000   clock gpio_in[38] (rise edge)
                                  0.000000    0.000000   clock source latency
     2    0.097852    0.706251    0.509263    0.509263 ^ gpio_in[38] (in)
                                                         gpio_in[38] (net)
                      0.709941    0.000000    0.509263 ^ clkbuf_0_gpio_in[38]/A (sky130_fd_sc_hd__clkbuf_16)
     5    0.064484    0.134284    0.534576    1.043839 ^ clkbuf_0_gpio_in[38]/X (sky130_fd_sc_hd__clkbuf_16)
                                                         clknet_0_gpio_in[38] (net)
                      0.134531    0.005076    1.048915 ^ clkbuf_1_1__f_gpio_in[38]/A (sky130_fd_sc_hd__clkbuf_16)
    19    0.069682    0.134044    0.308046    1.356961 ^ clkbuf_1_1__f_gpio_in[38]/X (sky130_fd_sc_hd__clkbuf_16)
                                                         clknet_1_1__leaf_gpio_in[38] (net)
                      0.135913    0.012284    1.369246 ^ _094_/CLK (sky130_fd_sc_hd__dfrtp_1)
                                  0.250000    1.619246   clock uncertainty
                                  0.000000    1.619246   clock reconvergence pessimism
                                  0.754393    2.373639   library removal time
                                              2.373639   data required time
---------------------------------------------------------------------------------------------
                                              2.373639   data required time
                                             -5.965128   data arrival time
---------------------------------------------------------------------------------------------
                                              3.591490   slack (MET)


Startpoint: _106_ (rising edge-triggered flip-flop clocked by gpio_in[38])
Endpoint: gpio_out[37] (output port clocked by gpio_in[38])
Path Group: gpio_in[38]
Path Type: min

Fanout         Cap        Slew       Delay        Time   Description
---------------------------------------------------------------------------------------------
                                  0.000000    0.000000   clock gpio_in[38] (rise edge)
                                  0.000000    0.000000   clock source latency
     2    0.097852    0.706251    0.509263    0.509263 ^ gpio_in[38] (in)
                                                         gpio_in[38] (net)
                      0.709941    0.000000    0.509263 ^ clkbuf_0_gpio_in[38]/A (sky130_fd_sc_hd__clkbuf_16)
     5    0.064484    0.134284    0.534576    1.043839 ^ clkbuf_0_gpio_in[38]/X (sky130_fd_sc_hd__clkbuf_16)
                                                         clknet_0_gpio_in[38] (net)
                      0.134531    0.005076    1.048915 ^ clkbuf_1_1__f_gpio_in[38]/A (sky130_fd_sc_hd__clkbuf_16)
    19    0.069682    0.134044    0.308046    1.356961 ^ clkbuf_1_1__f_gpio_in[38]/X (sky130_fd_sc_hd__clkbuf_16)
                                                         clknet_1_1__leaf_gpio_in[38] (net)
                      0.135737    0.011659    1.368621 ^ _106_/CLK (sky130_fd_sc_hd__dfrtp_1)
     2    0.005848    0.114629    0.703157    2.071778 ^ _106_/Q (sky130_fd_sc_hd__dfrtp_1)
                                                         gpio_22_37_output[37].cfg.gpio_out_val (net)
                      0.114629    0.000168    2.071946 ^ _678_/A (sky130_fd_sc_hd__clkbuf_1)
     1    0.001940    0.058387    0.157402    2.229348 ^ _678_/X (sky130_fd_sc_hd__clkbuf_1)
                                                         net27 (net)
                      0.058387    0.000054    2.229402 ^ output27/A (sky130_fd_sc_hd__buf_2)
     1    0.034483    0.273755    0.339213    2.568616 ^ output27/X (sky130_fd_sc_hd__buf_2)
                                                         gpio_out[37] (net)
                      0.273755    0.000821    2.569437 ^ gpio_out[37] (out)
                                              2.569437   data arrival time

                                  0.000000    0.000000   clock gpio_in[38] (rise edge)
                                  0.000000    0.000000   clock network delay (propagated)
                                  0.250000    0.250000   clock uncertainty
                                  0.000000    0.250000   clock reconvergence pessimism
                                 -5.000000   -4.750000   output external delay
                                             -4.750000   data required time
---------------------------------------------------------------------------------------------
                                             -4.750000   data required time
                                             -2.569437   data arrival time
---------------------------------------------------------------------------------------------
                                              7.319437   slack (MET)


Startpoint: _094_ (rising edge-triggered flip-flop clocked by gpio_in[38])
Endpoint: gpio_out[25] (output port clocked by gpio_in[38])
Path Group: gpio_in[38]
Path Type: min

Fanout         Cap        Slew       Delay        Time   Description
---------------------------------------------------------------------------------------------
                                  0.000000    0.000000   clock gpio_in[38] (rise edge)
                                  0.000000    0.000000   clock source latency
     2    0.097852    0.706251    0.509263    0.509263 ^ gpio_in[38] (in)
                                                         gpio_in[38] (net)
                      0.709941    0.000000    0.509263 ^ clkbuf_0_gpio_in[38]/A (sky130_fd_sc_hd__clkbuf_16)
     5    0.064484    0.134284    0.534576    1.043839 ^ clkbuf_0_gpio_in[38]/X (sky130_fd_sc_hd__clkbuf_16)
                                                         clknet_0_gpio_in[38] (net)
                      0.134531    0.005076    1.048915 ^ clkbuf_1_1__f_gpio_in[38]/A (sky130_fd_sc_hd__clkbuf_16)
    19    0.069682    0.134044    0.308046    1.356961 ^ clkbuf_1_1__f_gpio_in[38]/X (sky130_fd_sc_hd__clkbuf_16)
                                                         clknet_1_1__leaf_gpio_in[38] (net)
                      0.135913    0.012284    1.369246 ^ _094_/CLK (sky130_fd_sc_hd__dfrtp_1)
     3    0.007558    0.135356    0.721291    2.090536 ^ _094_/Q (sky130_fd_sc_hd__dfrtp_1)
                                                         gpio_22_37_output[25].cfg.gpio_out_val (net)
                      0.135356    0.000158    2.090694 ^ _666_/A (sky130_fd_sc_hd__clkbuf_1)
     1    0.002337    0.065137    0.171337    2.262031 ^ _666_/X (sky130_fd_sc_hd__clkbuf_1)
                                                         net14 (net)
                      0.065137    0.000067    2.262098 ^ output14/A (sky130_fd_sc_hd__buf_2)
     1    0.034517    0.274022    0.342484    2.604582 ^ output14/X (sky130_fd_sc_hd__buf_2)
                                                         gpio_out[25] (net)
                      0.274022    0.000825    2.605407 ^ gpio_out[25] (out)
                                              2.605407   data arrival time

                                  0.000000    0.000000   clock gpio_in[38] (rise edge)
                                  0.000000    0.000000   clock network delay (propagated)
                                  0.250000    0.250000   clock uncertainty
                                  0.000000    0.250000   clock reconvergence pessimism
                                 -5.000000   -4.750000   output external delay
                                             -4.750000   data required time
---------------------------------------------------------------------------------------------
                                             -4.750000   data required time
                                             -2.605407   data arrival time
---------------------------------------------------------------------------------------------
                                              7.355407   slack (MET)


Startpoint: _091_ (rising edge-triggered flip-flop clocked by gpio_in[38])
Endpoint: gpio_out[22] (output port clocked by gpio_in[38])
Path Group: gpio_in[38]
Path Type: min

Fanout         Cap        Slew       Delay        Time   Description
---------------------------------------------------------------------------------------------
                                  0.000000    0.000000   clock gpio_in[38] (rise edge)
                                  0.000000    0.000000   clock source latency
     2    0.097852    0.706251    0.509263    0.509263 ^ gpio_in[38] (in)
                                                         gpio_in[38] (net)
                      0.709941    0.000000    0.509263 ^ clkbuf_0_gpio_in[38]/A (sky130_fd_sc_hd__clkbuf_16)
     5    0.064484    0.134284    0.534576    1.043839 ^ clkbuf_0_gpio_in[38]/X (sky130_fd_sc_hd__clkbuf_16)
                                                         clknet_0_gpio_in[38] (net)
                      0.134531    0.005076    1.048915 ^ clkbuf_1_1__f_gpio_in[38]/A (sky130_fd_sc_hd__clkbuf_16)
    19    0.069682    0.134044    0.308046    1.356961 ^ clkbuf_1_1__f_gpio_in[38]/X (sky130_fd_sc_hd__clkbuf_16)
                                                         clknet_1_1__leaf_gpio_in[38] (net)
                      0.135935    0.012362    1.369324 ^ _091_/CLK (sky130_fd_sc_hd__dfrtp_1)
     3    0.008543    0.147485    0.731713    2.101037 ^ _091_/Q (sky130_fd_sc_hd__dfrtp_1)
                                                         gpio_22_37_output[22].cfg.gpio_out_val (net)
                      0.147485    0.000177    2.101213 ^ _663_/A (sky130_fd_sc_hd__clkbuf_1)
     1    0.002216    0.063242    0.174689    2.275902 ^ _663_/X (sky130_fd_sc_hd__clkbuf_1)
                                                         net11 (net)
                      0.063242    0.000063    2.275965 ^ output11/A (sky130_fd_sc_hd__buf_2)
     1    0.034443    0.273462    0.341235    2.617200 ^ output11/X (sky130_fd_sc_hd__buf_2)
                                                         gpio_out[22] (net)
                      0.273462    0.000806    2.618007 ^ gpio_out[22] (out)
                                              2.618007   data arrival time

                                  0.000000    0.000000   clock gpio_in[38] (rise edge)
                                  0.000000    0.000000   clock network delay (propagated)
                                  0.250000    0.250000   clock uncertainty
                                  0.000000    0.250000   clock reconvergence pessimism
                                 -5.000000   -4.750000   output external delay
                                             -4.750000   data required time
---------------------------------------------------------------------------------------------
                                             -4.750000   data required time
                                             -2.618007   data arrival time
---------------------------------------------------------------------------------------------
                                              7.368007   slack (MET)


Startpoint: _090_ (rising edge-triggered flip-flop clocked by gpio_in[38])
Endpoint: gpio_out[21] (output port clocked by gpio_in[38])
Path Group: gpio_in[38]
Path Type: min

Fanout         Cap        Slew       Delay        Time   Description
---------------------------------------------------------------------------------------------
                                  0.000000    0.000000   clock gpio_in[38] (rise edge)
                                  0.000000    0.000000   clock source latency
     2    0.097852    0.706251    0.509263    0.509263 ^ gpio_in[38] (in)
                                                         gpio_in[38] (net)
                      0.709941    0.000000    0.509263 ^ clkbuf_0_gpio_in[38]/A (sky130_fd_sc_hd__clkbuf_16)
     5    0.064484    0.134284    0.534576    1.043839 ^ clkbuf_0_gpio_in[38]/X (sky130_fd_sc_hd__clkbuf_16)
                                                         clknet_0_gpio_in[38] (net)
                      0.134548    0.005218    1.049058 ^ clkbuf_1_0__f_gpio_in[38]/A (sky130_fd_sc_hd__clkbuf_16)
    25    0.081756    0.152072    0.317218    1.366275 ^ clkbuf_1_0__f_gpio_in[38]/X (sky130_fd_sc_hd__clkbuf_16)
                                                         clknet_1_0__leaf_gpio_in[38] (net)
                      0.155477    0.017729    1.384004 ^ _090_/CLK (sky130_fd_sc_hd__dfrtp_1)
     3    0.007727    0.137478    0.732204    2.116208 ^ _090_/Q (sky130_fd_sc_hd__dfrtp_1)
                                                         gpio_18_21_bidir[21].cfg.gpio_out_val (net)
                      0.137478    0.000232    2.116440 ^ _662_/A (sky130_fd_sc_hd__clkbuf_1)
     1    0.001893    0.057879    0.166195    2.282635 ^ _662_/X (sky130_fd_sc_hd__clkbuf_1)
                                                         net10 (net)
                      0.057879    0.000036    2.282671 ^ output10/A (sky130_fd_sc_hd__buf_2)
     1    0.034323    0.272546    0.338191    2.620862 ^ output10/X (sky130_fd_sc_hd__buf_2)
                                                         gpio_out[21] (net)
                      0.272546    0.000733    2.621595 ^ gpio_out[21] (out)
                                              2.621595   data arrival time

                                  0.000000    0.000000   clock gpio_in[38] (rise edge)
                                  0.000000    0.000000   clock network delay (propagated)
                                  0.250000    0.250000   clock uncertainty
                                  0.000000    0.250000   clock reconvergence pessimism
                                 -5.000000   -4.750000   output external delay
                                             -4.750000   data required time
---------------------------------------------------------------------------------------------
                                             -4.750000   data required time
                                             -2.621595   data arrival time
---------------------------------------------------------------------------------------------
                                              7.371595   slack (MET)


Startpoint: _089_ (rising edge-triggered flip-flop clocked by gpio_in[38])
Endpoint: gpio_out[4] (output port clocked by gpio_in[38])
Path Group: gpio_in[38]
Path Type: min

Fanout         Cap        Slew       Delay        Time   Description
---------------------------------------------------------------------------------------------
                                  0.000000    0.000000   clock gpio_in[38] (rise edge)
                                  0.000000    0.000000   clock source latency
     2    0.097852    0.706251    0.509263    0.509263 ^ gpio_in[38] (in)
                                                         gpio_in[38] (net)
                      0.709941    0.000000    0.509263 ^ clkbuf_0_gpio_in[38]/A (sky130_fd_sc_hd__clkbuf_16)
     5    0.064484    0.134284    0.534576    1.043839 ^ clkbuf_0_gpio_in[38]/X (sky130_fd_sc_hd__clkbuf_16)
                                                         clknet_0_gpio_in[38] (net)
                      0.134548    0.005218    1.049058 ^ clkbuf_1_0__f_gpio_in[38]/A (sky130_fd_sc_hd__clkbuf_16)
    25    0.081756    0.152072    0.317218    1.366275 ^ clkbuf_1_0__f_gpio_in[38]/X (sky130_fd_sc_hd__clkbuf_16)
                                                         clknet_1_0__leaf_gpio_in[38] (net)
                      0.155607    0.018072    1.384348 ^ _089_/CLK (sky130_fd_sc_hd__dfrtp_1)
     3    0.008332    0.144911    0.738655    2.123003 ^ _089_/Q (sky130_fd_sc_hd__dfrtp_1)
                                                         gpio_18_21_bidir[20].cfg.gpio_out_val (net)
                      0.144911    0.000204    2.123207 ^ _657_/A (sky130_fd_sc_hd__clkbuf_1)
     1    0.002166    0.062404    0.172953    2.296159 ^ _657_/X (sky130_fd_sc_hd__clkbuf_1)
                                                         net29 (net)
                      0.062404    0.000061    2.296220 ^ output29/A (sky130_fd_sc_hd__buf_2)
     1    0.034323    0.272554    0.340265    2.636485 ^ output29/X (sky130_fd_sc_hd__buf_2)
                                                         gpio_out[4] (net)
                      0.272554    0.000733    2.637218 ^ gpio_out[4] (out)
                                              2.637218   data arrival time

                                  0.000000    0.000000   clock gpio_in[38] (rise edge)
                                  0.000000    0.000000   clock network delay (propagated)
                                  0.250000    0.250000   clock uncertainty
                                  0.000000    0.250000   clock reconvergence pessimism
                                 -5.000000   -4.750000   output external delay
                                             -4.750000   data required time
---------------------------------------------------------------------------------------------
                                             -4.750000   data required time
                                             -2.637218   data arrival time
---------------------------------------------------------------------------------------------
                                              7.387218   slack (MET)


Startpoint: _089_ (rising edge-triggered flip-flop clocked by gpio_in[38])
Endpoint: gpio_out[20] (output port clocked by gpio_in[38])
Path Group: gpio_in[38]
Path Type: min

Fanout         Cap        Slew       Delay        Time   Description
---------------------------------------------------------------------------------------------
                                  0.000000    0.000000   clock gpio_in[38] (rise edge)
                                  0.000000    0.000000   clock source latency
     2    0.097852    0.706251    0.509263    0.509263 ^ gpio_in[38] (in)
                                                         gpio_in[38] (net)
                      0.709941    0.000000    0.509263 ^ clkbuf_0_gpio_in[38]/A (sky130_fd_sc_hd__clkbuf_16)
     5    0.064484    0.134284    0.534576    1.043839 ^ clkbuf_0_gpio_in[38]/X (sky130_fd_sc_hd__clkbuf_16)
                                                         clknet_0_gpio_in[38] (net)
                      0.134548    0.005218    1.049058 ^ clkbuf_1_0__f_gpio_in[38]/A (sky130_fd_sc_hd__clkbuf_16)
    25    0.081756    0.152072    0.317218    1.366275 ^ clkbuf_1_0__f_gpio_in[38]/X (sky130_fd_sc_hd__clkbuf_16)
                                                         clknet_1_0__leaf_gpio_in[38] (net)
                      0.155607    0.018072    1.384348 ^ _089_/CLK (sky130_fd_sc_hd__dfrtp_1)
     3    0.008332    0.144911    0.738655    2.123003 ^ _089_/Q (sky130_fd_sc_hd__dfrtp_1)
                                                         gpio_18_21_bidir[20].cfg.gpio_out_val (net)
                      0.144911    0.000209    2.123212 ^ _661_/A (sky130_fd_sc_hd__clkbuf_1)
     1    0.002171    0.062487    0.173022    2.296233 ^ _661_/X (sky130_fd_sc_hd__clkbuf_1)
                                                         net9 (net)
                      0.062487    0.000061    2.296294 ^ output9/A (sky130_fd_sc_hd__buf_2)
     1    0.034323    0.272554    0.340303    2.636597 ^ output9/X (sky130_fd_sc_hd__buf_2)
                                                         gpio_out[20] (net)
                      0.272554    0.000733    2.637330 ^ gpio_out[20] (out)
                                              2.637330   data arrival time

                                  0.000000    0.000000   clock gpio_in[38] (rise edge)
                                  0.000000    0.000000   clock network delay (propagated)
                                  0.250000    0.250000   clock uncertainty
                                  0.000000    0.250000   clock reconvergence pessimism
                                 -5.000000   -4.750000   output external delay
                                             -4.750000   data required time
---------------------------------------------------------------------------------------------
                                             -4.750000   data required time
                                             -2.637330   data arrival time
---------------------------------------------------------------------------------------------
                                              7.387330   slack (MET)


Startpoint: _092_ (rising edge-triggered flip-flop clocked by gpio_in[38])
Endpoint: gpio_out[23] (output port clocked by gpio_in[38])
Path Group: gpio_in[38]
Path Type: min

Fanout         Cap        Slew       Delay        Time   Description
---------------------------------------------------------------------------------------------
                                  0.000000    0.000000   clock gpio_in[38] (rise edge)
                                  0.000000    0.000000   clock source latency
     2    0.097852    0.706251    0.509263    0.509263 ^ gpio_in[38] (in)
                                                         gpio_in[38] (net)
                      0.709941    0.000000    0.509263 ^ clkbuf_0_gpio_in[38]/A (sky130_fd_sc_hd__clkbuf_16)
     5    0.064484    0.134284    0.534576    1.043839 ^ clkbuf_0_gpio_in[38]/X (sky130_fd_sc_hd__clkbuf_16)
                                                         clknet_0_gpio_in[38] (net)
                      0.134531    0.005076    1.048915 ^ clkbuf_1_1__f_gpio_in[38]/A (sky130_fd_sc_hd__clkbuf_16)
    19    0.069682    0.134044    0.308046    1.356961 ^ clkbuf_1_1__f_gpio_in[38]/X (sky130_fd_sc_hd__clkbuf_16)
                                                         clknet_1_1__leaf_gpio_in[38] (net)
                      0.135937    0.012366    1.369328 ^ _092_/CLK (sky130_fd_sc_hd__dfrtp_1)
     3    0.010368    0.170253    0.750916    2.120244 ^ _092_/Q (sky130_fd_sc_hd__dfrtp_1)
                                                         gpio_22_37_output[23].cfg.gpio_out_val (net)
                      0.170253    0.000340    2.120584 ^ _664_/A (sky130_fd_sc_hd__clkbuf_1)
     1    0.002275    0.064439    0.184880    2.305464 ^ _664_/X (sky130_fd_sc_hd__clkbuf_1)
                                                         net12 (net)
                      0.064439    0.000066    2.305530 ^ output12/A (sky130_fd_sc_hd__buf_2)
     1    0.034483    0.273765    0.341987    2.647517 ^ output12/X (sky130_fd_sc_hd__buf_2)
                                                         gpio_out[23] (net)
                      0.273765    0.000821    2.648338 ^ gpio_out[23] (out)
                                              2.648338   data arrival time

                                  0.000000    0.000000   clock gpio_in[38] (rise edge)
                                  0.000000    0.000000   clock network delay (propagated)
                                  0.250000    0.250000   clock uncertainty
                                  0.000000    0.250000   clock reconvergence pessimism
                                 -5.000000   -4.750000   output external delay
                                             -4.750000   data required time
---------------------------------------------------------------------------------------------
                                             -4.750000   data required time
                                             -2.648338   data arrival time
---------------------------------------------------------------------------------------------
                                              7.398338   slack (MET)


Startpoint: _087_ (rising edge-triggered flip-flop clocked by gpio_in[38])
Endpoint: gpio_out[18] (output port clocked by gpio_in[38])
Path Group: gpio_in[38]
Path Type: min

Fanout         Cap        Slew       Delay        Time   Description
---------------------------------------------------------------------------------------------
                                  0.000000    0.000000   clock gpio_in[38] (rise edge)
                                  0.000000    0.000000   clock source latency
     2    0.097852    0.706251    0.509263    0.509263 ^ gpio_in[38] (in)
                                                         gpio_in[38] (net)
                      0.709941    0.000000    0.509263 ^ clkbuf_0_gpio_in[38]/A (sky130_fd_sc_hd__clkbuf_16)
     5    0.064484    0.134284    0.534576    1.043839 ^ clkbuf_0_gpio_in[38]/X (sky130_fd_sc_hd__clkbuf_16)
                                                         clknet_0_gpio_in[38] (net)
                      0.134548    0.005218    1.049058 ^ clkbuf_1_0__f_gpio_in[38]/A (sky130_fd_sc_hd__clkbuf_16)
    25    0.081756    0.152072    0.317218    1.366275 ^ clkbuf_1_0__f_gpio_in[38]/X (sky130_fd_sc_hd__clkbuf_16)
                                                         clknet_1_0__leaf_gpio_in[38] (net)
                      0.155254    0.017125    1.383400 ^ _087_/CLK (sky130_fd_sc_hd__dfrtp_2)
     3    0.009294    0.113470    0.765484    2.148884 ^ _087_/Q (sky130_fd_sc_hd__dfrtp_2)
                                                         gpio_18_21_bidir[18].cfg.gpio_out_val (net)
                      0.113470    0.000252    2.149136 ^ _659_/A (sky130_fd_sc_hd__clkbuf_1)
     1    0.002166    0.062090    0.159992    2.309129 ^ _659_/X (sky130_fd_sc_hd__clkbuf_1)
                                                         net7 (net)
                      0.062090    0.000061    2.309189 ^ output7/A (sky130_fd_sc_hd__buf_2)
     1    0.034393    0.273076    0.340483    2.649672 ^ output7/X (sky130_fd_sc_hd__buf_2)
                                                         gpio_out[18] (net)
                      0.273076    0.000748    2.650419 ^ gpio_out[18] (out)
                                              2.650419   data arrival time

                                  0.000000    0.000000   clock gpio_in[38] (rise edge)
                                  0.000000    0.000000   clock network delay (propagated)
                                  0.250000    0.250000   clock uncertainty
                                  0.000000    0.250000   clock reconvergence pessimism
                                 -5.000000   -4.750000   output external delay
                                             -4.750000   data required time
---------------------------------------------------------------------------------------------
                                             -4.750000   data required time
                                             -2.650419   data arrival time
---------------------------------------------------------------------------------------------
                                              7.400419   slack (MET)


Startpoint: _098_ (rising edge-triggered flip-flop clocked by gpio_in[38])
Endpoint: gpio_out[29] (output port clocked by gpio_in[38])
Path Group: gpio_in[38]
Path Type: min

Fanout         Cap        Slew       Delay        Time   Description
---------------------------------------------------------------------------------------------
                                  0.000000    0.000000   clock gpio_in[38] (rise edge)
                                  0.000000    0.000000   clock source latency
     2    0.097852    0.706251    0.509263    0.509263 ^ gpio_in[38] (in)
                                                         gpio_in[38] (net)
                      0.709941    0.000000    0.509263 ^ clkbuf_0_gpio_in[38]/A (sky130_fd_sc_hd__clkbuf_16)
     5    0.064484    0.134284    0.534576    1.043839 ^ clkbuf_0_gpio_in[38]/X (sky130_fd_sc_hd__clkbuf_16)
                                                         clknet_0_gpio_in[38] (net)
                      0.134548    0.005218    1.049058 ^ clkbuf_1_0__f_gpio_in[38]/A (sky130_fd_sc_hd__clkbuf_16)
    25    0.081756    0.152072    0.317218    1.366275 ^ clkbuf_1_0__f_gpio_in[38]/X (sky130_fd_sc_hd__clkbuf_16)
                                                         clknet_1_0__leaf_gpio_in[38] (net)
                      0.155039    0.016526    1.382801 ^ _098_/CLK (sky130_fd_sc_hd__dfrtp_1)
     2    0.006017    0.116654    0.713959    2.096761 ^ _098_/Q (sky130_fd_sc_hd__dfrtp_1)
                                                         gpio_22_37_output[29].cfg.gpio_out_val (net)
                      0.116654    0.000147    2.096908 ^ _670_/A (sky130_fd_sc_hd__clkbuf_1)
     1    0.004571    0.103399    0.193593    2.290501 ^ _670_/X (sky130_fd_sc_hd__clkbuf_1)
                                                         net18 (net)
                      0.103399    0.000171    2.290672 ^ output18/A (sky130_fd_sc_hd__buf_2)
     1    0.034323    0.272625    0.359312    2.649984 ^ output18/X (sky130_fd_sc_hd__buf_2)
                                                         gpio_out[29] (net)
                      0.272625    0.000733    2.650717 ^ gpio_out[29] (out)
                                              2.650717   data arrival time

                                  0.000000    0.000000   clock gpio_in[38] (rise edge)
                                  0.000000    0.000000   clock network delay (propagated)
                                  0.250000    0.250000   clock uncertainty
                                  0.000000    0.250000   clock reconvergence pessimism
                                 -5.000000   -4.750000   output external delay
                                             -4.750000   data required time
---------------------------------------------------------------------------------------------
                                             -4.750000   data required time
                                             -2.650717   data arrival time
---------------------------------------------------------------------------------------------
                                              7.400717   slack (MET)


Startpoint: _087_ (rising edge-triggered flip-flop clocked by gpio_in[38])
Endpoint: gpio_out[2] (output port clocked by gpio_in[38])
Path Group: gpio_in[38]
Path Type: min

Fanout         Cap        Slew       Delay        Time   Description
---------------------------------------------------------------------------------------------
                                  0.000000    0.000000   clock gpio_in[38] (rise edge)
                                  0.000000    0.000000   clock source latency
     2    0.097852    0.706251    0.509263    0.509263 ^ gpio_in[38] (in)
                                                         gpio_in[38] (net)
                      0.709941    0.000000    0.509263 ^ clkbuf_0_gpio_in[38]/A (sky130_fd_sc_hd__clkbuf_16)
     5    0.064484    0.134284    0.534576    1.043839 ^ clkbuf_0_gpio_in[38]/X (sky130_fd_sc_hd__clkbuf_16)
                                                         clknet_0_gpio_in[38] (net)
                      0.134548    0.005218    1.049058 ^ clkbuf_1_0__f_gpio_in[38]/A (sky130_fd_sc_hd__clkbuf_16)
    25    0.081756    0.152072    0.317218    1.366275 ^ clkbuf_1_0__f_gpio_in[38]/X (sky130_fd_sc_hd__clkbuf_16)
                                                         clknet_1_0__leaf_gpio_in[38] (net)
                      0.155254    0.017125    1.383400 ^ _087_/CLK (sky130_fd_sc_hd__dfrtp_2)
     3    0.009294    0.113470    0.765484    2.148884 ^ _087_/Q (sky130_fd_sc_hd__dfrtp_2)
                                                         gpio_18_21_bidir[18].cfg.gpio_out_val (net)
                      0.113470    0.000267    2.149151 ^ _655_/A (sky130_fd_sc_hd__clkbuf_1)
     1    0.002273    0.063858    0.161438    2.310589 ^ _655_/X (sky130_fd_sc_hd__clkbuf_1)
                                                         net19 (net)
                      0.063858    0.000065    2.310654 ^ output19/A (sky130_fd_sc_hd__buf_2)
     1    0.034388    0.273045    0.341269    2.651923 ^ output19/X (sky130_fd_sc_hd__buf_2)
                                                         gpio_out[2] (net)
                      0.273045    0.000748    2.652670 ^ gpio_out[2] (out)
                                              2.652670   data arrival time

                                  0.000000    0.000000   clock gpio_in[38] (rise edge)
                                  0.000000    0.000000   clock network delay (propagated)
                                  0.250000    0.250000   clock uncertainty
                                  0.000000    0.250000   clock reconvergence pessimism
                                 -5.000000   -4.750000   output external delay
                                             -4.750000   data required time
---------------------------------------------------------------------------------------------
                                             -4.750000   data required time
                                             -2.652670   data arrival time
---------------------------------------------------------------------------------------------
                                              7.402671   slack (MET)


Startpoint: _102_ (rising edge-triggered flip-flop clocked by gpio_in[38])
Endpoint: gpio_out[33] (output port clocked by gpio_in[38])
Path Group: gpio_in[38]
Path Type: min

Fanout         Cap        Slew       Delay        Time   Description
---------------------------------------------------------------------------------------------
                                  0.000000    0.000000   clock gpio_in[38] (rise edge)
                                  0.000000    0.000000   clock source latency
     2    0.097852    0.706251    0.509263    0.509263 ^ gpio_in[38] (in)
                                                         gpio_in[38] (net)
                      0.709941    0.000000    0.509263 ^ clkbuf_0_gpio_in[38]/A (sky130_fd_sc_hd__clkbuf_16)
     5    0.064484    0.134284    0.534576    1.043839 ^ clkbuf_0_gpio_in[38]/X (sky130_fd_sc_hd__clkbuf_16)
                                                         clknet_0_gpio_in[38] (net)
                      0.134548    0.005218    1.049058 ^ clkbuf_1_0__f_gpio_in[38]/A (sky130_fd_sc_hd__clkbuf_16)
    25    0.081756    0.152072    0.317218    1.366275 ^ clkbuf_1_0__f_gpio_in[38]/X (sky130_fd_sc_hd__clkbuf_16)
                                                         clknet_1_0__leaf_gpio_in[38] (net)
                      0.155717    0.018359    1.384634 ^ _102_/CLK (sky130_fd_sc_hd__dfrtp_1)
     3    0.008755    0.150146    0.743181    2.127815 ^ _102_/Q (sky130_fd_sc_hd__dfrtp_1)
                                                         gpio_22_37_output[33].cfg.gpio_out_val (net)
                      0.150146    0.000210    2.128026 ^ _674_/A (sky130_fd_sc_hd__clkbuf_1)
     1    0.003522    0.085306    0.193498    2.321524 ^ _674_/X (sky130_fd_sc_hd__clkbuf_1)
                                                         net23 (net)
                      0.085306    0.000115    2.321639 ^ output23/A (sky130_fd_sc_hd__buf_2)
     1    0.034323    0.272591    0.350826    2.672465 ^ output23/X (sky130_fd_sc_hd__buf_2)
                                                         gpio_out[33] (net)
                      0.272591    0.000733    2.673198 ^ gpio_out[33] (out)
                                              2.673198   data arrival time

                                  0.000000    0.000000   clock gpio_in[38] (rise edge)
                                  0.000000    0.000000   clock network delay (propagated)
                                  0.250000    0.250000   clock uncertainty
                                  0.000000    0.250000   clock reconvergence pessimism
                                 -5.000000   -4.750000   output external delay
                                             -4.750000   data required time
---------------------------------------------------------------------------------------------
                                             -4.750000   data required time
                                             -2.673198   data arrival time
---------------------------------------------------------------------------------------------
                                              7.423197   slack (MET)


Startpoint: _099_ (rising edge-triggered flip-flop clocked by gpio_in[38])
Endpoint: gpio_out[30] (output port clocked by gpio_in[38])
Path Group: gpio_in[38]
Path Type: min

Fanout         Cap        Slew       Delay        Time   Description
---------------------------------------------------------------------------------------------
                                  0.000000    0.000000   clock gpio_in[38] (rise edge)
                                  0.000000    0.000000   clock source latency
     2    0.097852    0.706251    0.509263    0.509263 ^ gpio_in[38] (in)
                                                         gpio_in[38] (net)
                      0.709941    0.000000    0.509263 ^ clkbuf_0_gpio_in[38]/A (sky130_fd_sc_hd__clkbuf_16)
     5    0.064484    0.134284    0.534576    1.043839 ^ clkbuf_0_gpio_in[38]/X (sky130_fd_sc_hd__clkbuf_16)
                                                         clknet_0_gpio_in[38] (net)
                      0.134548    0.005218    1.049058 ^ clkbuf_1_0__f_gpio_in[38]/A (sky130_fd_sc_hd__clkbuf_16)
    25    0.081756    0.152072    0.317218    1.366275 ^ clkbuf_1_0__f_gpio_in[38]/X (sky130_fd_sc_hd__clkbuf_16)
                                                         clknet_1_0__leaf_gpio_in[38] (net)
                      0.155699    0.018312    1.384588 ^ _099_/CLK (sky130_fd_sc_hd__dfrtp_1)
     5    0.011376    0.182950    0.770836    2.155423 ^ _099_/Q (sky130_fd_sc_hd__dfrtp_1)
                                                         gpio_22_37_output[30].cfg.gpio_out_val (net)
                      0.182950    0.000223    2.155647 ^ _671_/A (sky130_fd_sc_hd__clkbuf_1)
     1    0.003731    0.089046    0.209909    2.365556 ^ _671_/X (sky130_fd_sc_hd__clkbuf_1)
                                                         net20 (net)
                      0.089046    0.000118    2.365674 ^ output20/A (sky130_fd_sc_hd__buf_2)
     1    0.034787    0.276064    0.354981    2.720655 ^ output20/X (sky130_fd_sc_hd__buf_2)
                                                         gpio_out[30] (net)
                      0.276064    0.000824    2.721479 ^ gpio_out[30] (out)
                                              2.721479   data arrival time

                                  0.000000    0.000000   clock gpio_in[38] (rise edge)
                                  0.000000    0.000000   clock network delay (propagated)
                                  0.250000    0.250000   clock uncertainty
                                  0.000000    0.250000   clock reconvergence pessimism
                                 -5.000000   -4.750000   output external delay
                                             -4.750000   data required time
---------------------------------------------------------------------------------------------
                                             -4.750000   data required time
                                             -2.721479   data arrival time
---------------------------------------------------------------------------------------------
                                              7.471479   slack (MET)


Startpoint: _090_ (rising edge-triggered flip-flop clocked by gpio_in[38])
Endpoint: gpio_out[5] (output port clocked by gpio_in[38])
Path Group: gpio_in[38]
Path Type: min

Fanout         Cap        Slew       Delay        Time   Description
---------------------------------------------------------------------------------------------
                                  0.000000    0.000000   clock gpio_in[38] (rise edge)
                                  0.000000    0.000000   clock source latency
     2    0.097852    0.706251    0.509263    0.509263 ^ gpio_in[38] (in)
                                                         gpio_in[38] (net)
                      0.709941    0.000000    0.509263 ^ clkbuf_0_gpio_in[38]/A (sky130_fd_sc_hd__clkbuf_16)
     5    0.064484    0.134284    0.534576    1.043839 ^ clkbuf_0_gpio_in[38]/X (sky130_fd_sc_hd__clkbuf_16)
                                                         clknet_0_gpio_in[38] (net)
                      0.134548    0.005218    1.049058 ^ clkbuf_1_0__f_gpio_in[38]/A (sky130_fd_sc_hd__clkbuf_16)
    25    0.081756    0.152072    0.317218    1.366275 ^ clkbuf_1_0__f_gpio_in[38]/X (sky130_fd_sc_hd__clkbuf_16)
                                                         clknet_1_0__leaf_gpio_in[38] (net)
                      0.155477    0.017729    1.384004 ^ _090_/CLK (sky130_fd_sc_hd__dfrtp_1)
     3    0.007727    0.137478    0.732204    2.116208 ^ _090_/Q (sky130_fd_sc_hd__dfrtp_1)
                                                         gpio_18_21_bidir[21].cfg.gpio_out_val (net)
                      0.137478    0.000192    2.116400 ^ _658_/A (sky130_fd_sc_hd__clkbuf_1)
     1    0.006638    0.140556    0.229143    2.345543 ^ _658_/X (sky130_fd_sc_hd__clkbuf_1)
                                                         net30 (net)
                      0.140556    0.000228    2.345771 ^ output30/A (sky130_fd_sc_hd__buf_2)
     1    0.034388    0.273184    0.377079    2.722851 ^ output30/X (sky130_fd_sc_hd__buf_2)
                                                         gpio_out[5] (net)
                      0.273184    0.000748    2.723598 ^ gpio_out[5] (out)
                                              2.723598   data arrival time

                                  0.000000    0.000000   clock gpio_in[38] (rise edge)
                                  0.000000    0.000000   clock network delay (propagated)
                                  0.250000    0.250000   clock uncertainty
                                  0.000000    0.250000   clock reconvergence pessimism
                                 -5.000000   -4.750000   output external delay
                                             -4.750000   data required time
---------------------------------------------------------------------------------------------
                                             -4.750000   data required time
                                             -2.723598   data arrival time
---------------------------------------------------------------------------------------------
                                              7.473598   slack (MET)


Startpoint: _088_ (rising edge-triggered flip-flop clocked by gpio_in[38])
Endpoint: gpio_out[19] (output port clocked by gpio_in[38])
Path Group: gpio_in[38]
Path Type: min

Fanout         Cap        Slew       Delay        Time   Description
---------------------------------------------------------------------------------------------
                                  0.000000    0.000000   clock gpio_in[38] (rise edge)
                                  0.000000    0.000000   clock source latency
     2    0.097852    0.706251    0.509263    0.509263 ^ gpio_in[38] (in)
                                                         gpio_in[38] (net)
                      0.709941    0.000000    0.509263 ^ clkbuf_0_gpio_in[38]/A (sky130_fd_sc_hd__clkbuf_16)
     5    0.064484    0.134284    0.534576    1.043839 ^ clkbuf_0_gpio_in[38]/X (sky130_fd_sc_hd__clkbuf_16)
                                                         clknet_0_gpio_in[38] (net)
                      0.134548    0.005218    1.049058 ^ clkbuf_1_0__f_gpio_in[38]/A (sky130_fd_sc_hd__clkbuf_16)
    25    0.081756    0.152072    0.317218    1.366275 ^ clkbuf_1_0__f_gpio_in[38]/X (sky130_fd_sc_hd__clkbuf_16)
                                                         clknet_1_0__leaf_gpio_in[38] (net)
                      0.155354    0.017396    1.383672 ^ _088_/CLK (sky130_fd_sc_hd__dfrtp_1)
     5    0.013483    0.206844    0.792851    2.176523 ^ _088_/Q (sky130_fd_sc_hd__dfrtp_1)
                                                         gpio_18_21_bidir[19].cfg.gpio_out_val (net)
                      0.206844    0.000359    2.176882 ^ _660_/A (sky130_fd_sc_hd__clkbuf_1)
     1    0.002525    0.068889    0.203366    2.380248 ^ _660_/X (sky130_fd_sc_hd__clkbuf_1)
                                                         net8 (net)
                      0.068889    0.000074    2.380322 ^ output8/A (sky130_fd_sc_hd__buf_2)
     1    0.034393    0.273087    0.343599    2.723921 ^ output8/X (sky130_fd_sc_hd__buf_2)
                                                         gpio_out[19] (net)
                      0.273087    0.000748    2.724669 ^ gpio_out[19] (out)
                                              2.724669   data arrival time

                                  0.000000    0.000000   clock gpio_in[38] (rise edge)
                                  0.000000    0.000000   clock network delay (propagated)
                                  0.250000    0.250000   clock uncertainty
                                  0.000000    0.250000   clock reconvergence pessimism
                                 -5.000000   -4.750000   output external delay
                                             -4.750000   data required time
---------------------------------------------------------------------------------------------
                                             -4.750000   data required time
                                             -2.724669   data arrival time
---------------------------------------------------------------------------------------------
                                              7.474669   slack (MET)


Startpoint: _100_ (rising edge-triggered flip-flop clocked by gpio_in[38])
Endpoint: gpio_out[31] (output port clocked by gpio_in[38])
Path Group: gpio_in[38]
Path Type: min

Fanout         Cap        Slew       Delay        Time   Description
---------------------------------------------------------------------------------------------
                                  0.000000    0.000000   clock gpio_in[38] (rise edge)
                                  0.000000    0.000000   clock source latency
     2    0.097852    0.706251    0.509263    0.509263 ^ gpio_in[38] (in)
                                                         gpio_in[38] (net)
                      0.709941    0.000000    0.509263 ^ clkbuf_0_gpio_in[38]/A (sky130_fd_sc_hd__clkbuf_16)
     5    0.064484    0.134284    0.534576    1.043839 ^ clkbuf_0_gpio_in[38]/X (sky130_fd_sc_hd__clkbuf_16)
                                                         clknet_0_gpio_in[38] (net)
                      0.134548    0.005218    1.049058 ^ clkbuf_1_0__f_gpio_in[38]/A (sky130_fd_sc_hd__clkbuf_16)
    25    0.081756    0.152072    0.317218    1.366275 ^ clkbuf_1_0__f_gpio_in[38]/X (sky130_fd_sc_hd__clkbuf_16)
                                                         clknet_1_0__leaf_gpio_in[38] (net)
                      0.155771    0.018496    1.384771 ^ _100_/CLK (sky130_fd_sc_hd__dfrtp_1)
     4    0.013483    0.206832    0.793108    2.177880 ^ _100_/Q (sky130_fd_sc_hd__dfrtp_1)
                                                         gpio_22_37_output[31].cfg.gpio_out_val (net)
                      0.206832    0.000214    2.178094 ^ _672_/A (sky130_fd_sc_hd__clkbuf_1)
     1    0.002723    0.072185    0.206048    2.384142 ^ _672_/X (sky130_fd_sc_hd__clkbuf_1)
                                                         net21 (net)
                      0.072185    0.000083    2.384225 ^ output21/A (sky130_fd_sc_hd__buf_2)
     1    0.034680    0.275241    0.346584    2.730808 ^ output21/X (sky130_fd_sc_hd__buf_2)
                                                         gpio_out[31] (net)
                      0.275241    0.000822    2.731630 ^ gpio_out[31] (out)
                                              2.731630   data arrival time

                                  0.000000    0.000000   clock gpio_in[38] (rise edge)
                                  0.000000    0.000000   clock network delay (propagated)
                                  0.250000    0.250000   clock uncertainty
                                  0.000000    0.250000   clock reconvergence pessimism
                                 -5.000000   -4.750000   output external delay
                                             -4.750000   data required time
---------------------------------------------------------------------------------------------
                                             -4.750000   data required time
                                             -2.731630   data arrival time
---------------------------------------------------------------------------------------------
                                              7.481631   slack (MET)


Startpoint: _093_ (rising edge-triggered flip-flop clocked by gpio_in[38])
Endpoint: gpio_out[24] (output port clocked by gpio_in[38])
Path Group: gpio_in[38]
Path Type: min

Fanout         Cap        Slew       Delay        Time   Description
---------------------------------------------------------------------------------------------
                                  0.000000    0.000000   clock gpio_in[38] (rise edge)
                                  0.000000    0.000000   clock source latency
     2    0.097852    0.706251    0.509263    0.509263 ^ gpio_in[38] (in)
                                                         gpio_in[38] (net)
                      0.709941    0.000000    0.509263 ^ clkbuf_0_gpio_in[38]/A (sky130_fd_sc_hd__clkbuf_16)
     5    0.064484    0.134284    0.534576    1.043839 ^ clkbuf_0_gpio_in[38]/X (sky130_fd_sc_hd__clkbuf_16)
                                                         clknet_0_gpio_in[38] (net)
                      0.134531    0.005076    1.048915 ^ clkbuf_1_1__f_gpio_in[38]/A (sky130_fd_sc_hd__clkbuf_16)
    19    0.069682    0.134044    0.308046    1.356961 ^ clkbuf_1_1__f_gpio_in[38]/X (sky130_fd_sc_hd__clkbuf_16)
                                                         clknet_1_1__leaf_gpio_in[38] (net)
                      0.135940    0.012378    1.369340 ^ _093_/CLK (sky130_fd_sc_hd__dfrtp_1)
     3    0.010203    0.168185    0.749183    2.118523 ^ _093_/Q (sky130_fd_sc_hd__dfrtp_1)
                                                         gpio_22_37_output[24].cfg.gpio_out_val (net)
                      0.168185    0.000314    2.118837 ^ _665_/A (sky130_fd_sc_hd__buf_1)
     1    0.008465    0.173424    0.265553    2.384390 ^ _665_/X (sky130_fd_sc_hd__buf_1)
                                                         net13 (net)
                      0.173424    0.000457    2.384847 ^ output13/A (sky130_fd_sc_hd__buf_2)
     1    0.034443    0.273665    0.392746    2.777593 ^ output13/X (sky130_fd_sc_hd__buf_2)
                                                         gpio_out[24] (net)
                      0.273665    0.000806    2.778399 ^ gpio_out[24] (out)
                                              2.778399   data arrival time

                                  0.000000    0.000000   clock gpio_in[38] (rise edge)
                                  0.000000    0.000000   clock network delay (propagated)
                                  0.250000    0.250000   clock uncertainty
                                  0.000000    0.250000   clock reconvergence pessimism
                                 -5.000000   -4.750000   output external delay
                                             -4.750000   data required time
---------------------------------------------------------------------------------------------
                                             -4.750000   data required time
                                             -2.778399   data arrival time
---------------------------------------------------------------------------------------------
                                              7.528399   slack (MET)


Startpoint: _101_ (rising edge-triggered flip-flop clocked by gpio_in[38])
Endpoint: gpio_out[32] (output port clocked by gpio_in[38])
Path Group: gpio_in[38]
Path Type: min

Fanout         Cap        Slew       Delay        Time   Description
---------------------------------------------------------------------------------------------
                                  0.000000    0.000000   clock gpio_in[38] (rise edge)
                                  0.000000    0.000000   clock source latency
     2    0.097852    0.706251    0.509263    0.509263 ^ gpio_in[38] (in)
                                                         gpio_in[38] (net)
                      0.709941    0.000000    0.509263 ^ clkbuf_0_gpio_in[38]/A (sky130_fd_sc_hd__clkbuf_16)
     5    0.064484    0.134284    0.534576    1.043839 ^ clkbuf_0_gpio_in[38]/X (sky130_fd_sc_hd__clkbuf_16)
                                                         clknet_0_gpio_in[38] (net)
                      0.134548    0.005218    1.049058 ^ clkbuf_1_0__f_gpio_in[38]/A (sky130_fd_sc_hd__clkbuf_16)
    25    0.081756    0.152072    0.317218    1.366275 ^ clkbuf_1_0__f_gpio_in[38]/X (sky130_fd_sc_hd__clkbuf_16)
                                                         clknet_1_0__leaf_gpio_in[38] (net)
                      0.155752    0.018449    1.384725 ^ _101_/CLK (sky130_fd_sc_hd__dfrtp_1)
     4    0.014537    0.219636    0.803294    2.188019 ^ _101_/Q (sky130_fd_sc_hd__dfrtp_1)
                                                         gpio_22_37_output[32].cfg.gpio_out_val (net)
                      0.219636    0.000320    2.188339 ^ _673_/A (sky130_fd_sc_hd__clkbuf_1)
     1    0.007704    0.160013    0.277123    2.465462 ^ _673_/X (sky130_fd_sc_hd__clkbuf_1)
                                                         net22 (net)
                      0.160013    0.000304    2.465766 ^ output22/A (sky130_fd_sc_hd__buf_2)
     1    0.034388    0.273221    0.386206    2.851972 ^ output22/X (sky130_fd_sc_hd__buf_2)
                                                         gpio_out[32] (net)
                      0.273221    0.000748    2.852720 ^ gpio_out[32] (out)
                                              2.852720   data arrival time

                                  0.000000    0.000000   clock gpio_in[38] (rise edge)
                                  0.000000    0.000000   clock network delay (propagated)
                                  0.250000    0.250000   clock uncertainty
                                  0.000000    0.250000   clock reconvergence pessimism
                                 -5.000000   -4.750000   output external delay
                                             -4.750000   data required time
---------------------------------------------------------------------------------------------
                                             -4.750000   data required time
                                             -2.852720   data arrival time
---------------------------------------------------------------------------------------------
                                              7.602720   slack (MET)


Startpoint: _097_ (rising edge-triggered flip-flop clocked by gpio_in[38])
Endpoint: gpio_out[28] (output port clocked by gpio_in[38])
Path Group: gpio_in[38]
Path Type: min

Fanout         Cap        Slew       Delay        Time   Description
---------------------------------------------------------------------------------------------
                                  0.000000    0.000000   clock gpio_in[38] (rise edge)
                                  0.000000    0.000000   clock source latency
     2    0.097852    0.706251    0.509263    0.509263 ^ gpio_in[38] (in)
                                                         gpio_in[38] (net)
                      0.709941    0.000000    0.509263 ^ clkbuf_0_gpio_in[38]/A (sky130_fd_sc_hd__clkbuf_16)
     5    0.064484    0.134284    0.534576    1.043839 ^ clkbuf_0_gpio_in[38]/X (sky130_fd_sc_hd__clkbuf_16)
                                                         clknet_0_gpio_in[38] (net)
                      0.134548    0.005218    1.049058 ^ clkbuf_1_0__f_gpio_in[38]/A (sky130_fd_sc_hd__clkbuf_16)
    25    0.081756    0.152072    0.317218    1.366275 ^ clkbuf_1_0__f_gpio_in[38]/X (sky130_fd_sc_hd__clkbuf_16)
                                                         clknet_1_0__leaf_gpio_in[38] (net)
                      0.155164    0.016876    1.383151 ^ _097_/CLK (sky130_fd_sc_hd__dfrtp_1)
     2    0.006088    0.104101    0.806405    2.189556 v _097_/Q (sky130_fd_sc_hd__dfrtp_1)
                                                         gpio_22_37_output[28].cfg.gpio_out_val (net)
                      0.104101    0.000194    2.189749 v _669_/A (sky130_fd_sc_hd__buf_1)
     1    0.014349    0.170514    0.272313    2.462063 v _669_/X (sky130_fd_sc_hd__buf_1)
                                                         net17 (net)
                      0.170516    0.000908    2.462971 v output17/A (sky130_fd_sc_hd__buf_2)
     1    0.034318    0.166207    0.392931    2.855901 v output17/X (sky130_fd_sc_hd__buf_2)
                                                         gpio_out[28] (net)
                      0.166207    0.000733    2.856634 v gpio_out[28] (out)
                                              2.856634   data arrival time

                                  0.000000    0.000000   clock gpio_in[38] (rise edge)
                                  0.000000    0.000000   clock network delay (propagated)
                                  0.250000    0.250000   clock uncertainty
                                  0.000000    0.250000   clock reconvergence pessimism
                                 -5.000000   -4.750000   output external delay
                                             -4.750000   data required time
---------------------------------------------------------------------------------------------
                                             -4.750000   data required time
                                             -2.856634   data arrival time
---------------------------------------------------------------------------------------------
                                              7.606635   slack (MET)


Startpoint: _103_ (rising edge-triggered flip-flop clocked by gpio_in[38])
Endpoint: gpio_out[34] (output port clocked by gpio_in[38])
Path Group: gpio_in[38]
Path Type: min

Fanout         Cap        Slew       Delay        Time   Description
---------------------------------------------------------------------------------------------
                                  0.000000    0.000000   clock gpio_in[38] (rise edge)
                                  0.000000    0.000000   clock source latency
     2    0.097852    0.706251    0.509263    0.509263 ^ gpio_in[38] (in)
                                                         gpio_in[38] (net)
                      0.709941    0.000000    0.509263 ^ clkbuf_0_gpio_in[38]/A (sky130_fd_sc_hd__clkbuf_16)
     5    0.064484    0.134284    0.534576    1.043839 ^ clkbuf_0_gpio_in[38]/X (sky130_fd_sc_hd__clkbuf_16)
                                                         clknet_0_gpio_in[38] (net)
                      0.134531    0.005076    1.048915 ^ clkbuf_1_1__f_gpio_in[38]/A (sky130_fd_sc_hd__clkbuf_16)
    19    0.069682    0.134044    0.308046    1.356961 ^ clkbuf_1_1__f_gpio_in[38]/X (sky130_fd_sc_hd__clkbuf_16)
                                                         clknet_1_1__leaf_gpio_in[38] (net)
                      0.135737    0.011659    1.368621 ^ _103_/CLK (sky130_fd_sc_hd__dfrtp_1)
     3    0.009007    0.153263    0.736435    2.105056 ^ _103_/Q (sky130_fd_sc_hd__dfrtp_1)
                                                         gpio_22_37_output[34].cfg.gpio_out_val (net)
                      0.153263    0.000312    2.105367 ^ _675_/A (sky130_fd_sc_hd__clkbuf_2)
     3    0.026422    0.231273    0.345722    2.451089 ^ _675_/X (sky130_fd_sc_hd__clkbuf_2)
                                                         net24 (net)
                      0.231299    0.002589    2.453678 ^ output24/A (sky130_fd_sc_hd__buf_2)
     1    0.034483    0.274097    0.419475    2.873154 ^ output24/X (sky130_fd_sc_hd__buf_2)
                                                         gpio_out[34] (net)
                      0.274097    0.000821    2.873975 ^ gpio_out[34] (out)
                                              2.873975   data arrival time

                                  0.000000    0.000000   clock gpio_in[38] (rise edge)
                                  0.000000    0.000000   clock network delay (propagated)
                                  0.250000    0.250000   clock uncertainty
                                  0.000000    0.250000   clock reconvergence pessimism
                                 -5.000000   -4.750000   output external delay
                                             -4.750000   data required time
---------------------------------------------------------------------------------------------
                                             -4.750000   data required time
                                             -2.873975   data arrival time
---------------------------------------------------------------------------------------------
                                              7.623974   slack (MET)


Startpoint: _104_ (rising edge-triggered flip-flop clocked by gpio_in[38])
Endpoint: gpio_out[35] (output port clocked by gpio_in[38])
Path Group: gpio_in[38]
Path Type: min

Fanout         Cap        Slew       Delay        Time   Description
---------------------------------------------------------------------------------------------
                                  0.000000    0.000000   clock gpio_in[38] (rise edge)
                                  0.000000    0.000000   clock source latency
     2    0.097852    0.706251    0.509263    0.509263 ^ gpio_in[38] (in)
                                                         gpio_in[38] (net)
                      0.709941    0.000000    0.509263 ^ clkbuf_0_gpio_in[38]/A (sky130_fd_sc_hd__clkbuf_16)
     5    0.064484    0.134284    0.534576    1.043839 ^ clkbuf_0_gpio_in[38]/X (sky130_fd_sc_hd__clkbuf_16)
                                                         clknet_0_gpio_in[38] (net)
                      0.134531    0.005076    1.048915 ^ clkbuf_1_1__f_gpio_in[38]/A (sky130_fd_sc_hd__clkbuf_16)
    19    0.069682    0.134044    0.308046    1.356961 ^ clkbuf_1_1__f_gpio_in[38]/X (sky130_fd_sc_hd__clkbuf_16)
                                                         clknet_1_1__leaf_gpio_in[38] (net)
                      0.135741    0.011674    1.368635 ^ _104_/CLK (sky130_fd_sc_hd__dfrtp_1)
     3    0.008605    0.148253    0.732249    2.100884 ^ _104_/Q (sky130_fd_sc_hd__dfrtp_1)
                                                         gpio_22_37_output[35].cfg.gpio_out_val (net)
                      0.148253    0.000198    2.101082 ^ _676_/A (sky130_fd_sc_hd__clkbuf_2)
     3    0.030204    0.262029    0.364270    2.465353 ^ _676_/X (sky130_fd_sc_hd__clkbuf_2)
                                                         net25 (net)
                      0.262180    0.003340    2.468692 ^ output25/A (sky130_fd_sc_hd__buf_2)
     1    0.034521    0.274523    0.431663    2.900355 ^ output25/X (sky130_fd_sc_hd__buf_2)
                                                         gpio_out[35] (net)
                      0.274523    0.000826    2.901181 ^ gpio_out[35] (out)
                                              2.901181   data arrival time

                                  0.000000    0.000000   clock gpio_in[38] (rise edge)
                                  0.000000    0.000000   clock network delay (propagated)
                                  0.250000    0.250000   clock uncertainty
                                  0.000000    0.250000   clock reconvergence pessimism
                                 -5.000000   -4.750000   output external delay
                                             -4.750000   data required time
---------------------------------------------------------------------------------------------
                                             -4.750000   data required time
                                             -2.901181   data arrival time
---------------------------------------------------------------------------------------------
                                              7.651181   slack (MET)


Startpoint: _096_ (rising edge-triggered flip-flop clocked by gpio_in[38])
Endpoint: gpio_out[27] (output port clocked by gpio_in[38])
Path Group: gpio_in[38]
Path Type: min

Fanout         Cap        Slew       Delay        Time   Description
---------------------------------------------------------------------------------------------
                                  0.000000    0.000000   clock gpio_in[38] (rise edge)
                                  0.000000    0.000000   clock source latency
     2    0.097852    0.706251    0.509263    0.509263 ^ gpio_in[38] (in)
                                                         gpio_in[38] (net)
                      0.709941    0.000000    0.509263 ^ clkbuf_0_gpio_in[38]/A (sky130_fd_sc_hd__clkbuf_16)
     5    0.064484    0.134284    0.534576    1.043839 ^ clkbuf_0_gpio_in[38]/X (sky130_fd_sc_hd__clkbuf_16)
                                                         clknet_0_gpio_in[38] (net)
                      0.134548    0.005218    1.049058 ^ clkbuf_1_0__f_gpio_in[38]/A (sky130_fd_sc_hd__clkbuf_16)
    25    0.081756    0.152072    0.317218    1.366275 ^ clkbuf_1_0__f_gpio_in[38]/X (sky130_fd_sc_hd__clkbuf_16)
                                                         clknet_1_0__leaf_gpio_in[38] (net)
                      0.155172    0.016899    1.383175 ^ _096_/CLK (sky130_fd_sc_hd__dfrtp_1)
     4    0.010580    0.143670    0.847670    2.230844 v _096_/Q (sky130_fd_sc_hd__dfrtp_1)
                                                         gpio_22_37_output[27].cfg.gpio_out_val (net)
                      0.143670    0.000247    2.231092 v _668_/A (sky130_fd_sc_hd__buf_1)
     1    0.013928    0.165980    0.288042    2.519134 v _668_/X (sky130_fd_sc_hd__buf_1)
                                                         net16 (net)
                      0.165982    0.000886    2.520020 v output16/A (sky130_fd_sc_hd__buf_2)
     1    0.034318    0.166201    0.390744    2.910764 v output16/X (sky130_fd_sc_hd__buf_2)
                                                         gpio_out[27] (net)
                      0.166201    0.000733    2.911497 v gpio_out[27] (out)
                                              2.911497   data arrival time

                                  0.000000    0.000000   clock gpio_in[38] (rise edge)
                                  0.000000    0.000000   clock network delay (propagated)
                                  0.250000    0.250000   clock uncertainty
                                  0.000000    0.250000   clock reconvergence pessimism
                                 -5.000000   -4.750000   output external delay
                                             -4.750000   data required time
---------------------------------------------------------------------------------------------
                                             -4.750000   data required time
                                             -2.911497   data arrival time
---------------------------------------------------------------------------------------------
                                              7.661498   slack (MET)


Startpoint: _105_ (rising edge-triggered flip-flop clocked by gpio_in[38])
Endpoint: gpio_out[36] (output port clocked by gpio_in[38])
Path Group: gpio_in[38]
Path Type: min

Fanout         Cap        Slew       Delay        Time   Description
---------------------------------------------------------------------------------------------
                                  0.000000    0.000000   clock gpio_in[38] (rise edge)
                                  0.000000    0.000000   clock source latency
     2    0.097852    0.706251    0.509263    0.509263 ^ gpio_in[38] (in)
                                                         gpio_in[38] (net)
                      0.709941    0.000000    0.509263 ^ clkbuf_0_gpio_in[38]/A (sky130_fd_sc_hd__clkbuf_16)
     5    0.064484    0.134284    0.534576    1.043839 ^ clkbuf_0_gpio_in[38]/X (sky130_fd_sc_hd__clkbuf_16)
                                                         clknet_0_gpio_in[38] (net)
                      0.134531    0.005076    1.048915 ^ clkbuf_1_1__f_gpio_in[38]/A (sky130_fd_sc_hd__clkbuf_16)
    19    0.069682    0.134044    0.308046    1.356961 ^ clkbuf_1_1__f_gpio_in[38]/X (sky130_fd_sc_hd__clkbuf_16)
                                                         clknet_1_1__leaf_gpio_in[38] (net)
                      0.135745    0.011687    1.368648 ^ _105_/CLK (sky130_fd_sc_hd__dfrtp_1)
     3    0.008844    0.127679    0.822777    2.191425 v _105_/Q (sky130_fd_sc_hd__dfrtp_1)
                                                         gpio_22_37_output[36].cfg.gpio_out_val (net)
                      0.127850    0.000236    2.191662 v _677_/A (sky130_fd_sc_hd__clkbuf_1)
     3    0.022714    0.261710    0.349195    2.540857 v _677_/X (sky130_fd_sc_hd__clkbuf_1)
                                                         net26 (net)
                      0.261723    0.002071    2.542927 v output26/A (sky130_fd_sc_hd__buf_2)
     1    0.034537    0.167355    0.437216    2.980143 v output26/X (sky130_fd_sc_hd__buf_2)
                                                         gpio_out[36] (net)
                      0.167356    0.000826    2.980969 v gpio_out[36] (out)
                                              2.980969   data arrival time

                                  0.000000    0.000000   clock gpio_in[38] (rise edge)
                                  0.000000    0.000000   clock network delay (propagated)
                                  0.250000    0.250000   clock uncertainty
                                  0.000000    0.250000   clock reconvergence pessimism
                                 -5.000000   -4.750000   output external delay
                                             -4.750000   data required time
---------------------------------------------------------------------------------------------
                                             -4.750000   data required time
                                             -2.980969   data arrival time
---------------------------------------------------------------------------------------------
                                              7.730969   slack (MET)


Startpoint: _088_ (rising edge-triggered flip-flop clocked by gpio_in[38])
Endpoint: gpio_out[3] (output port clocked by gpio_in[38])
Path Group: gpio_in[38]
Path Type: min

Fanout         Cap        Slew       Delay        Time   Description
---------------------------------------------------------------------------------------------
                                  0.000000    0.000000   clock gpio_in[38] (rise edge)
                                  0.000000    0.000000   clock source latency
     2    0.097852    0.706251    0.509263    0.509263 ^ gpio_in[38] (in)
                                                         gpio_in[38] (net)
                      0.709941    0.000000    0.509263 ^ clkbuf_0_gpio_in[38]/A (sky130_fd_sc_hd__clkbuf_16)
     5    0.064484    0.134284    0.534576    1.043839 ^ clkbuf_0_gpio_in[38]/X (sky130_fd_sc_hd__clkbuf_16)
                                                         clknet_0_gpio_in[38] (net)
                      0.134548    0.005218    1.049058 ^ clkbuf_1_0__f_gpio_in[38]/A (sky130_fd_sc_hd__clkbuf_16)
    25    0.081756    0.152072    0.317218    1.366275 ^ clkbuf_1_0__f_gpio_in[38]/X (sky130_fd_sc_hd__clkbuf_16)
                                                         clknet_1_0__leaf_gpio_in[38] (net)
                      0.155354    0.017396    1.383672 ^ _088_/CLK (sky130_fd_sc_hd__dfrtp_1)
     5    0.012828    0.163547    0.868322    2.251993 v _088_/Q (sky130_fd_sc_hd__dfrtp_1)
                                                         gpio_18_21_bidir[19].cfg.gpio_out_val (net)
                      0.163547    0.000352    2.252345 v _656_/A (sky130_fd_sc_hd__buf_1)
     1    0.017353    0.203248    0.324492    2.576838 v _656_/X (sky130_fd_sc_hd__buf_1)
                                                         net28 (net)
                      0.203253    0.001331    2.578169 v output28/A (sky130_fd_sc_hd__buf_2)
     1    0.034323    0.166269    0.408731    2.986900 v output28/X (sky130_fd_sc_hd__buf_2)
                                                         gpio_out[3] (net)
                      0.166270    0.000733    2.987633 v gpio_out[3] (out)
                                              2.987633   data arrival time

                                  0.000000    0.000000   clock gpio_in[38] (rise edge)
                                  0.000000    0.000000   clock network delay (propagated)
                                  0.250000    0.250000   clock uncertainty
                                  0.000000    0.250000   clock reconvergence pessimism
                                 -5.000000   -4.750000   output external delay
                                             -4.750000   data required time
---------------------------------------------------------------------------------------------
                                             -4.750000   data required time
                                             -2.987633   data arrival time
---------------------------------------------------------------------------------------------
                                              7.737633   slack (MET)


Startpoint: _095_ (rising edge-triggered flip-flop clocked by gpio_in[38])
Endpoint: gpio_out[26] (output port clocked by gpio_in[38])
Path Group: gpio_in[38]
Path Type: min

Fanout         Cap        Slew       Delay        Time   Description
---------------------------------------------------------------------------------------------
                                  0.000000    0.000000   clock gpio_in[38] (rise edge)
                                  0.000000    0.000000   clock source latency
     2    0.097852    0.706251    0.509263    0.509263 ^ gpio_in[38] (in)
                                                         gpio_in[38] (net)
                      0.709941    0.000000    0.509263 ^ clkbuf_0_gpio_in[38]/A (sky130_fd_sc_hd__clkbuf_16)
     5    0.064484    0.134284    0.534576    1.043839 ^ clkbuf_0_gpio_in[38]/X (sky130_fd_sc_hd__clkbuf_16)
                                                         clknet_0_gpio_in[38] (net)
                      0.134548    0.005218    1.049058 ^ clkbuf_1_0__f_gpio_in[38]/A (sky130_fd_sc_hd__clkbuf_16)
    25    0.081756    0.152072    0.317218    1.366275 ^ clkbuf_1_0__f_gpio_in[38]/X (sky130_fd_sc_hd__clkbuf_16)
                                                         clknet_1_0__leaf_gpio_in[38] (net)
                      0.154536    0.015043    1.381319 ^ _095_/CLK (sky130_fd_sc_hd__dfrtp_2)
     3    0.011096    0.113653    0.891012    2.272330 v _095_/Q (sky130_fd_sc_hd__dfrtp_2)
                                                         gpio_22_37_output[26].cfg.gpio_out_val (net)
                      0.113653    0.000277    2.272607 v _667_/A (sky130_fd_sc_hd__buf_6)
     3    0.103463    0.173254    0.328142    2.600749 v _667_/X (sky130_fd_sc_hd__buf_6)
                                                         net15 (net)
                      0.193928    0.045551    2.646301 v output15/A (sky130_fd_sc_hd__buf_2)
     1    0.034443    0.166753    0.404570    3.050870 v output15/X (sky130_fd_sc_hd__buf_2)
                                                         gpio_out[26] (net)
                      0.166755    0.000806    3.051676 v gpio_out[26] (out)
                                              3.051676   data arrival time

                                  0.000000    0.000000   clock gpio_in[38] (rise edge)
                                  0.000000    0.000000   clock network delay (propagated)
                                  0.250000    0.250000   clock uncertainty
                                  0.000000    0.250000   clock reconvergence pessimism
                                 -5.000000   -4.750000   output external delay
                                             -4.750000   data required time
---------------------------------------------------------------------------------------------
                                             -4.750000   data required time
                                             -3.051676   data arrival time
---------------------------------------------------------------------------------------------
                                              7.801676   slack (MET)


Startpoint: gpio_in[0] (input port clocked by gpio_in[38])
Endpoint: gpio_oeb[19] (output port clocked by gpio_in[38])
Path Group: gpio_in[38]
Path Type: min

Fanout         Cap        Slew       Delay        Time   Description
---------------------------------------------------------------------------------------------
                                  0.000000    0.000000   clock gpio_in[38] (rise edge)
                                  0.000000    0.000000   clock network delay (propagated)
                                  5.000000    5.000000 ^ input external delay
     2    0.004309    0.042435    0.023744    5.023744 ^ gpio_in[0] (in)
                                                         gpio_in[0] (net)
                      0.042435    0.000000    5.023744 ^ input1/A (sky130_fd_sc_hd__clkbuf_4)
     3    0.047871    0.239537    0.355777    5.379520 ^ input1/X (sky130_fd_sc_hd__clkbuf_4)
                                                         net1 (net)
                      0.240218    0.010344    5.389864 ^ _044_/A (sky130_fd_sc_hd__inv_2)
     9    0.046905    0.209909    0.265228    5.655093 v _044_/Y (sky130_fd_sc_hd__inv_2)
                                                         bidir_oeb (net)
                      0.210506    0.009216    5.664308 v _652_/A (sky130_fd_sc_hd__clkbuf_1)
     1    0.001963    0.042975    0.218470    5.882778 v _652_/X (sky130_fd_sc_hd__clkbuf_1)
                                                         net4 (net)
                      0.042975    0.000055    5.882833 v output4/A (sky130_fd_sc_hd__buf_2)
     1    0.034323    0.166278    0.332315    6.215147 v output4/X (sky130_fd_sc_hd__buf_2)
                                                         gpio_oeb[19] (net)
                      0.166279    0.000733    6.215880 v gpio_oeb[19] (out)
                                              6.215880   data arrival time

                                  0.000000    0.000000   clock gpio_in[38] (rise edge)
                                  0.000000    0.000000   clock network delay (propagated)
                                  0.250000    0.250000   clock uncertainty
                                  0.000000    0.250000   clock reconvergence pessimism
                                 -5.000000   -4.750000   output external delay
                                             -4.750000   data required time
---------------------------------------------------------------------------------------------
                                             -4.750000   data required time
                                             -6.215880   data arrival time
---------------------------------------------------------------------------------------------
                                             10.965880   slack (MET)


Startpoint: gpio_in[0] (input port clocked by gpio_in[38])
Endpoint: gpio_oeb[20] (output port clocked by gpio_in[38])
Path Group: gpio_in[38]
Path Type: min

Fanout         Cap        Slew       Delay        Time   Description
---------------------------------------------------------------------------------------------
                                  0.000000    0.000000   clock gpio_in[38] (rise edge)
                                  0.000000    0.000000   clock network delay (propagated)
                                  5.000000    5.000000 ^ input external delay
     2    0.004309    0.042435    0.023744    5.023744 ^ gpio_in[0] (in)
                                                         gpio_in[0] (net)
                      0.042435    0.000000    5.023744 ^ input1/A (sky130_fd_sc_hd__clkbuf_4)
     3    0.047871    0.239537    0.355777    5.379520 ^ input1/X (sky130_fd_sc_hd__clkbuf_4)
                                                         net1 (net)
                      0.240218    0.010344    5.389864 ^ _044_/A (sky130_fd_sc_hd__inv_2)
     9    0.046905    0.209909    0.265228    5.655093 v _044_/Y (sky130_fd_sc_hd__inv_2)
                                                         bidir_oeb (net)
                      0.210501    0.009181    5.664273 v _653_/A (sky130_fd_sc_hd__clkbuf_1)
     1    0.001965    0.042995    0.218488    5.882761 v _653_/X (sky130_fd_sc_hd__clkbuf_1)
                                                         net5 (net)
                      0.042995    0.000055    5.882816 v output5/A (sky130_fd_sc_hd__buf_2)
     1    0.034388    0.166541    0.332523    6.215339 v output5/X (sky130_fd_sc_hd__buf_2)
                                                         gpio_oeb[20] (net)
                      0.166542    0.000747    6.216086 v gpio_oeb[20] (out)
                                              6.216086   data arrival time

                                  0.000000    0.000000   clock gpio_in[38] (rise edge)
                                  0.000000    0.000000   clock network delay (propagated)
                                  0.250000    0.250000   clock uncertainty
                                  0.000000    0.250000   clock reconvergence pessimism
                                 -5.000000   -4.750000   output external delay
                                             -4.750000   data required time
---------------------------------------------------------------------------------------------
                                             -4.750000   data required time
                                             -6.216086   data arrival time
---------------------------------------------------------------------------------------------
                                             10.966087   slack (MET)


Startpoint: gpio_in[0] (input port clocked by gpio_in[38])
Endpoint: gpio_oeb[18] (output port clocked by gpio_in[38])
Path Group: gpio_in[38]
Path Type: min

Fanout         Cap        Slew       Delay        Time   Description
---------------------------------------------------------------------------------------------
                                  0.000000    0.000000   clock gpio_in[38] (rise edge)
                                  0.000000    0.000000   clock network delay (propagated)
                                  5.000000    5.000000 ^ input external delay
     2    0.004309    0.042435    0.023744    5.023744 ^ gpio_in[0] (in)
                                                         gpio_in[0] (net)
                      0.042435    0.000000    5.023744 ^ input1/A (sky130_fd_sc_hd__clkbuf_4)
     3    0.047871    0.239537    0.355777    5.379520 ^ input1/X (sky130_fd_sc_hd__clkbuf_4)
                                                         net1 (net)
                      0.240218    0.010344    5.389864 ^ _044_/A (sky130_fd_sc_hd__inv_2)
     9    0.046905    0.209909    0.265228    5.655093 v _044_/Y (sky130_fd_sc_hd__inv_2)
                                                         bidir_oeb (net)
                      0.210434    0.008666    5.663758 v _651_/A (sky130_fd_sc_hd__clkbuf_1)
     1    0.002375    0.046830    0.222458    5.886216 v _651_/X (sky130_fd_sc_hd__clkbuf_1)
                                                         net3 (net)
                      0.046830    0.000067    5.886283 v output3/A (sky130_fd_sc_hd__buf_2)
     1    0.034393    0.166541    0.334295    6.220578 v output3/X (sky130_fd_sc_hd__buf_2)
                                                         gpio_oeb[18] (net)
                      0.166542    0.000747    6.221325 v gpio_oeb[18] (out)
                                              6.221325   data arrival time

                                  0.000000    0.000000   clock gpio_in[38] (rise edge)
                                  0.000000    0.000000   clock network delay (propagated)
                                  0.250000    0.250000   clock uncertainty
                                  0.000000    0.250000   clock reconvergence pessimism
                                 -5.000000   -4.750000   output external delay
                                             -4.750000   data required time
---------------------------------------------------------------------------------------------
                                             -4.750000   data required time
                                             -6.221325   data arrival time
---------------------------------------------------------------------------------------------
                                             10.971326   slack (MET)


Startpoint: gpio_in[0] (input port clocked by gpio_in[38])
Endpoint: gpio_oeb[21] (output port clocked by gpio_in[38])
Path Group: gpio_in[38]
Path Type: min

Fanout         Cap        Slew       Delay        Time   Description
---------------------------------------------------------------------------------------------
                                  0.000000    0.000000   clock gpio_in[38] (rise edge)
                                  0.000000    0.000000   clock network delay (propagated)
                                  5.000000    5.000000 ^ input external delay
     2    0.004309    0.042435    0.023744    5.023744 ^ gpio_in[0] (in)
                                                         gpio_in[0] (net)
                      0.042435    0.000000    5.023744 ^ input1/A (sky130_fd_sc_hd__clkbuf_4)
     3    0.047871    0.239537    0.355777    5.379520 ^ input1/X (sky130_fd_sc_hd__clkbuf_4)
                                                         net1 (net)
                      0.240218    0.010344    5.389864 ^ _044_/A (sky130_fd_sc_hd__inv_2)
     9    0.046905    0.209909    0.265228    5.655093 v _044_/Y (sky130_fd_sc_hd__inv_2)
                                                         bidir_oeb (net)
                      0.210506    0.009218    5.664310 v _654_/A (sky130_fd_sc_hd__clkbuf_1)
     1    0.005833    0.081491    0.253759    5.918069 v _654_/X (sky130_fd_sc_hd__clkbuf_1)
                                                         net6 (net)
                      0.081491    0.000211    5.918280 v output6/A (sky130_fd_sc_hd__buf_2)
     1    0.034393    0.166387    0.350231    6.268511 v output6/X (sky130_fd_sc_hd__buf_2)
                                                         gpio_oeb[21] (net)
                      0.166387    0.000747    6.269258 v gpio_oeb[21] (out)
                                              6.269258   data arrival time

                                  0.000000    0.000000   clock gpio_in[38] (rise edge)
                                  0.000000    0.000000   clock network delay (propagated)
                                  0.250000    0.250000   clock uncertainty
                                  0.000000    0.250000   clock reconvergence pessimism
                                 -5.000000   -4.750000   output external delay
                                             -4.750000   data required time
---------------------------------------------------------------------------------------------
                                             -4.750000   data required time
                                             -6.269258   data arrival time
---------------------------------------------------------------------------------------------
                                             11.019258   slack (MET)



