
===========================================================================
report_checks -path_delay max (Setup)
============================================================================
======================= min_tt_025C_1v80 Corner ===================================

Startpoint: gpio_in[0] (input port clocked by gpio_in[38])
Endpoint: gpio_oeb[21] (output port clocked by gpio_in[38])
Path Group: gpio_in[38]
Path Type: max

Fanout         Cap        Slew       Delay        Time   Description
---------------------------------------------------------------------------------------------
                                  0.000000    0.000000   clock gpio_in[38] (rise edge)
                                  0.000000    0.000000   clock network delay (propagated)
                                  5.000000    5.000000 v input external delay
     2    0.003837    0.011034    0.006160    5.006160 v gpio_in[0] (in)
                                                         gpio_in[0] (net)
                      0.011034    0.000000    5.006160 v input1/A (sky130_fd_sc_hd__clkbuf_4)
     3    0.044266    0.099013    0.179876    5.186035 v input1/X (sky130_fd_sc_hd__clkbuf_4)
                                                         net1 (net)
                      0.099899    0.007596    5.193631 v _044_/A (sky130_fd_sc_hd__inv_2)
     9    0.044521    0.204466    0.192567    5.386199 ^ _044_/Y (sky130_fd_sc_hd__inv_2)
                                                         bidir_oeb (net)
                      0.204827    0.007059    5.393257 ^ _654_/A (sky130_fd_sc_hd__clkbuf_1)
     1    0.005599    0.076002    0.135993    5.529251 ^ _654_/X (sky130_fd_sc_hd__clkbuf_1)
                                                         net6 (net)
                      0.076002    0.000121    5.529372 ^ output6/A (sky130_fd_sc_hd__buf_2)
     1    0.034319    0.170504    0.209893    5.739264 ^ output6/X (sky130_fd_sc_hd__buf_2)
                                                         gpio_oeb[21] (net)
                      0.170504    0.000357    5.739621 ^ gpio_oeb[21] (out)
                                              5.739621   data arrival time

                                 25.000000   25.000000   clock gpio_in[38] (rise edge)
                                  0.000000   25.000000   clock network delay (propagated)
                                 -0.250000   24.750000   clock uncertainty
                                  0.000000   24.750000   clock reconvergence pessimism
                                 -5.000000   19.750000   output external delay
                                             19.750000   data required time
---------------------------------------------------------------------------------------------
                                             19.750000   data required time
                                             -5.739621   data arrival time
---------------------------------------------------------------------------------------------
                                             14.010379   slack (MET)


Startpoint: gpio_in[0] (input port clocked by gpio_in[38])
Endpoint: gpio_oeb[18] (output port clocked by gpio_in[38])
Path Group: gpio_in[38]
Path Type: max

Fanout         Cap        Slew       Delay        Time   Description
---------------------------------------------------------------------------------------------
                                  0.000000    0.000000   clock gpio_in[38] (rise edge)
                                  0.000000    0.000000   clock network delay (propagated)
                                  5.000000    5.000000 v input external delay
     2    0.003837    0.011034    0.006160    5.006160 v gpio_in[0] (in)
                                                         gpio_in[0] (net)
                      0.011034    0.000000    5.006160 v input1/A (sky130_fd_sc_hd__clkbuf_4)
     3    0.044266    0.099013    0.179876    5.186035 v input1/X (sky130_fd_sc_hd__clkbuf_4)
                                                         net1 (net)
                      0.099899    0.007596    5.193631 v _044_/A (sky130_fd_sc_hd__inv_2)
     9    0.044521    0.204466    0.192567    5.386199 ^ _044_/Y (sky130_fd_sc_hd__inv_2)
                                                         bidir_oeb (net)
                      0.204780    0.006600    5.392799 ^ _651_/A (sky130_fd_sc_hd__clkbuf_1)
     1    0.002480    0.042478    0.110732    5.503531 ^ _651_/X (sky130_fd_sc_hd__clkbuf_1)
                                                         net3 (net)
                      0.042478    0.000024    5.503555 ^ output3/A (sky130_fd_sc_hd__buf_2)
     1    0.034319    0.170358    0.197385    5.700940 ^ output3/X (sky130_fd_sc_hd__buf_2)
                                                         gpio_oeb[18] (net)
                      0.170358    0.000357    5.701297 ^ gpio_oeb[18] (out)
                                              5.701297   data arrival time

                                 25.000000   25.000000   clock gpio_in[38] (rise edge)
                                  0.000000   25.000000   clock network delay (propagated)
                                 -0.250000   24.750000   clock uncertainty
                                  0.000000   24.750000   clock reconvergence pessimism
                                 -5.000000   19.750000   output external delay
                                             19.750000   data required time
---------------------------------------------------------------------------------------------
                                             19.750000   data required time
                                             -5.701297   data arrival time
---------------------------------------------------------------------------------------------
                                             14.048702   slack (MET)


Startpoint: gpio_in[0] (input port clocked by gpio_in[38])
Endpoint: gpio_oeb[20] (output port clocked by gpio_in[38])
Path Group: gpio_in[38]
Path Type: max

Fanout         Cap        Slew       Delay        Time   Description
---------------------------------------------------------------------------------------------
                                  0.000000    0.000000   clock gpio_in[38] (rise edge)
                                  0.000000    0.000000   clock network delay (propagated)
                                  5.000000    5.000000 v input external delay
     2    0.003837    0.011034    0.006160    5.006160 v gpio_in[0] (in)
                                                         gpio_in[0] (net)
                      0.011034    0.000000    5.006160 v input1/A (sky130_fd_sc_hd__clkbuf_4)
     3    0.044266    0.099013    0.179876    5.186035 v input1/X (sky130_fd_sc_hd__clkbuf_4)
                                                         net1 (net)
                      0.099899    0.007596    5.193631 v _044_/A (sky130_fd_sc_hd__inv_2)
     9    0.044521    0.204466    0.192567    5.386199 ^ _044_/Y (sky130_fd_sc_hd__inv_2)
                                                         bidir_oeb (net)
                      0.204824    0.007027    5.393225 ^ _653_/A (sky130_fd_sc_hd__clkbuf_1)
     1    0.002113    0.038807    0.107635    5.500860 ^ _653_/X (sky130_fd_sc_hd__clkbuf_1)
                                                         net5 (net)
                      0.038807    0.000018    5.500879 ^ output5/A (sky130_fd_sc_hd__buf_2)
     1    0.034315    0.170351    0.195967    5.696846 ^ output5/X (sky130_fd_sc_hd__buf_2)
                                                         gpio_oeb[20] (net)
                      0.170351    0.000357    5.697202 ^ gpio_oeb[20] (out)
                                              5.697202   data arrival time

                                 25.000000   25.000000   clock gpio_in[38] (rise edge)
                                  0.000000   25.000000   clock network delay (propagated)
                                 -0.250000   24.750000   clock uncertainty
                                  0.000000   24.750000   clock reconvergence pessimism
                                 -5.000000   19.750000   output external delay
                                             19.750000   data required time
---------------------------------------------------------------------------------------------
                                             19.750000   data required time
                                             -5.697202   data arrival time
---------------------------------------------------------------------------------------------
                                             14.052796   slack (MET)


Startpoint: gpio_in[0] (input port clocked by gpio_in[38])
Endpoint: gpio_oeb[19] (output port clocked by gpio_in[38])
Path Group: gpio_in[38]
Path Type: max

Fanout         Cap        Slew       Delay        Time   Description
---------------------------------------------------------------------------------------------
                                  0.000000    0.000000   clock gpio_in[38] (rise edge)
                                  0.000000    0.000000   clock network delay (propagated)
                                  5.000000    5.000000 v input external delay
     2    0.003837    0.011034    0.006160    5.006160 v gpio_in[0] (in)
                                                         gpio_in[0] (net)
                      0.011034    0.000000    5.006160 v input1/A (sky130_fd_sc_hd__clkbuf_4)
     3    0.044266    0.099013    0.179876    5.186035 v input1/X (sky130_fd_sc_hd__clkbuf_4)
                                                         net1 (net)
                      0.099899    0.007596    5.193631 v _044_/A (sky130_fd_sc_hd__inv_2)
     9    0.044521    0.204466    0.192567    5.386199 ^ _044_/Y (sky130_fd_sc_hd__inv_2)
                                                         bidir_oeb (net)
                      0.204827    0.007057    5.393255 ^ _652_/A (sky130_fd_sc_hd__clkbuf_1)
     1    0.002112    0.038795    0.107625    5.500880 ^ _652_/X (sky130_fd_sc_hd__clkbuf_1)
                                                         net4 (net)
                      0.038795    0.000018    5.500898 ^ output4/A (sky130_fd_sc_hd__buf_2)
     1    0.034256    0.170072    0.195774    5.696672 ^ output4/X (sky130_fd_sc_hd__buf_2)
                                                         gpio_oeb[19] (net)
                      0.170072    0.000345    5.697017 ^ gpio_oeb[19] (out)
                                              5.697017   data arrival time

                                 25.000000   25.000000   clock gpio_in[38] (rise edge)
                                  0.000000   25.000000   clock network delay (propagated)
                                 -0.250000   24.750000   clock uncertainty
                                  0.000000   24.750000   clock reconvergence pessimism
                                 -5.000000   19.750000   output external delay
                                             19.750000   data required time
---------------------------------------------------------------------------------------------
                                             19.750000   data required time
                                             -5.697017   data arrival time
---------------------------------------------------------------------------------------------
                                             14.052983   slack (MET)


Startpoint: _095_ (rising edge-triggered flip-flop clocked by gpio_in[38])
Endpoint: gpio_out[26] (output port clocked by gpio_in[38])
Path Group: gpio_in[38]
Path Type: max

Fanout         Cap        Slew       Delay        Time   Description
---------------------------------------------------------------------------------------------
                                  0.000000    0.000000   clock gpio_in[38] (rise edge)
                                  0.000000    0.000000   clock source latency
     2    0.090726    0.412544    0.299203    0.299203 ^ gpio_in[38] (in)
                                                         gpio_in[38] (net)
                      0.416241    0.000000    0.299203 ^ clkbuf_0_gpio_in[38]/A (sky130_fd_sc_hd__clkbuf_16)
     5    0.060592    0.084005    0.257875    0.557078 ^ clkbuf_0_gpio_in[38]/X (sky130_fd_sc_hd__clkbuf_16)
                                                         clknet_0_gpio_in[38] (net)
                      0.084390    0.003672    0.560750 ^ clkbuf_1_0__f_gpio_in[38]/A (sky130_fd_sc_hd__clkbuf_16)
    25    0.077277    0.095564    0.177631    0.738381 ^ clkbuf_1_0__f_gpio_in[38]/X (sky130_fd_sc_hd__clkbuf_16)
                                                         clknet_1_0__leaf_gpio_in[38] (net)
                      0.097740    0.011242    0.749623 ^ _095_/CLK (sky130_fd_sc_hd__dfrtp_2)
     3    0.011497    0.075723    0.389836    1.139459 ^ _095_/Q (sky130_fd_sc_hd__dfrtp_2)
                                                         gpio_22_37_output[26].cfg.gpio_out_val (net)
                      0.075723    0.000107    1.139566 ^ _667_/A (sky130_fd_sc_hd__buf_6)
     3    0.095892    0.191742    0.204921    1.344487 ^ _667_/X (sky130_fd_sc_hd__buf_6)
                                                         net15 (net)
                      0.202922    0.035807    1.380294 ^ output15/A (sky130_fd_sc_hd__buf_2)
     1    0.034382    0.171179    0.248949    1.629243 ^ output15/X (sky130_fd_sc_hd__buf_2)
                                                         gpio_out[26] (net)
                      0.171179    0.000406    1.629649 ^ gpio_out[26] (out)
                                              1.629649   data arrival time

                                 25.000000   25.000000   clock gpio_in[38] (rise edge)
                                  0.000000   25.000000   clock network delay (propagated)
                                 -0.250000   24.750000   clock uncertainty
                                  0.000000   24.750000   clock reconvergence pessimism
                                 -5.000000   19.750000   output external delay
                                             19.750000   data required time
---------------------------------------------------------------------------------------------
                                             19.750000   data required time
                                             -1.629649   data arrival time
---------------------------------------------------------------------------------------------
                                             18.120350   slack (MET)


Startpoint: _105_ (rising edge-triggered flip-flop clocked by gpio_in[38])
Endpoint: gpio_out[36] (output port clocked by gpio_in[38])
Path Group: gpio_in[38]
Path Type: max

Fanout         Cap        Slew       Delay        Time   Description
---------------------------------------------------------------------------------------------
                                  0.000000    0.000000   clock gpio_in[38] (rise edge)
                                  0.000000    0.000000   clock source latency
     2    0.090726    0.412544    0.299203    0.299203 ^ gpio_in[38] (in)
                                                         gpio_in[38] (net)
                      0.416241    0.000000    0.299203 ^ clkbuf_0_gpio_in[38]/A (sky130_fd_sc_hd__clkbuf_16)
     5    0.060592    0.084005    0.257875    0.557078 ^ clkbuf_0_gpio_in[38]/X (sky130_fd_sc_hd__clkbuf_16)
                                                         clknet_0_gpio_in[38] (net)
                      0.084375    0.003561    0.560638 ^ clkbuf_1_1__f_gpio_in[38]/A (sky130_fd_sc_hd__clkbuf_16)
    19    0.066215    0.083993    0.172486    0.733124 ^ clkbuf_1_1__f_gpio_in[38]/X (sky130_fd_sc_hd__clkbuf_16)
                                                         clknet_1_1__leaf_gpio_in[38] (net)
                      0.085511    0.008767    0.741891 ^ _105_/CLK (sky130_fd_sc_hd__dfrtp_1)
     3    0.008921    0.092059    0.371437    1.113328 ^ _105_/Q (sky130_fd_sc_hd__dfrtp_1)
                                                         gpio_22_37_output[36].cfg.gpio_out_val (net)
                      0.092059    0.000110    1.113437 ^ _677_/A (sky130_fd_sc_hd__clkbuf_1)
     3    0.020754    0.247754    0.235782    1.349219 ^ _677_/X (sky130_fd_sc_hd__clkbuf_1)
                                                         net26 (net)
                      0.247765    0.001442    1.350661 ^ output26/A (sky130_fd_sc_hd__buf_2)
     1    0.034468    0.171631    0.261349    1.612010 ^ output26/X (sky130_fd_sc_hd__buf_2)
                                                         gpio_out[36] (net)
                      0.171631    0.000422    1.612431 ^ gpio_out[36] (out)
                                              1.612431   data arrival time

                                 25.000000   25.000000   clock gpio_in[38] (rise edge)
                                  0.000000   25.000000   clock network delay (propagated)
                                 -0.250000   24.750000   clock uncertainty
                                  0.000000   24.750000   clock reconvergence pessimism
                                 -5.000000   19.750000   output external delay
                                             19.750000   data required time
---------------------------------------------------------------------------------------------
                                             19.750000   data required time
                                             -1.612431   data arrival time
---------------------------------------------------------------------------------------------
                                             18.137568   slack (MET)


Startpoint: _088_ (rising edge-triggered flip-flop clocked by gpio_in[38])
Endpoint: gpio_out[3] (output port clocked by gpio_in[38])
Path Group: gpio_in[38]
Path Type: max

Fanout         Cap        Slew       Delay        Time   Description
---------------------------------------------------------------------------------------------
                                  0.000000    0.000000   clock gpio_in[38] (rise edge)
                                  0.000000    0.000000   clock source latency
     2    0.090726    0.412544    0.299203    0.299203 ^ gpio_in[38] (in)
                                                         gpio_in[38] (net)
                      0.416241    0.000000    0.299203 ^ clkbuf_0_gpio_in[38]/A (sky130_fd_sc_hd__clkbuf_16)
     5    0.060592    0.084005    0.257875    0.557078 ^ clkbuf_0_gpio_in[38]/X (sky130_fd_sc_hd__clkbuf_16)
                                                         clknet_0_gpio_in[38] (net)
                      0.084390    0.003672    0.560750 ^ clkbuf_1_0__f_gpio_in[38]/A (sky130_fd_sc_hd__clkbuf_16)
    25    0.077277    0.095564    0.177631    0.738381 ^ clkbuf_1_0__f_gpio_in[38]/X (sky130_fd_sc_hd__clkbuf_16)
                                                         clknet_1_0__leaf_gpio_in[38] (net)
                      0.098399    0.012828    0.751209 ^ _088_/CLK (sky130_fd_sc_hd__dfrtp_1)
     5    0.013464    0.128619    0.404062    1.155271 ^ _088_/Q (sky130_fd_sc_hd__dfrtp_1)
                                                         gpio_18_21_bidir[19].cfg.gpio_out_val (net)
                      0.128619    0.000166    1.155437 ^ _656_/A (sky130_fd_sc_hd__buf_1)
     1    0.015972    0.193385    0.207464    1.362900 ^ _656_/X (sky130_fd_sc_hd__buf_1)
                                                         net28 (net)
                      0.193391    0.000926    1.363826 ^ output28/A (sky130_fd_sc_hd__buf_2)
     1    0.034256    0.170569    0.245996    1.609822 ^ output28/X (sky130_fd_sc_hd__buf_2)
                                                         gpio_out[3] (net)
                      0.170569    0.000345    1.610167 ^ gpio_out[3] (out)
                                              1.610167   data arrival time

                                 25.000000   25.000000   clock gpio_in[38] (rise edge)
                                  0.000000   25.000000   clock network delay (propagated)
                                 -0.250000   24.750000   clock uncertainty
                                  0.000000   24.750000   clock reconvergence pessimism
                                 -5.000000   19.750000   output external delay
                                             19.750000   data required time
---------------------------------------------------------------------------------------------
                                             19.750000   data required time
                                             -1.610167   data arrival time
---------------------------------------------------------------------------------------------
                                             18.139833   slack (MET)


Startpoint: _096_ (rising edge-triggered flip-flop clocked by gpio_in[38])
Endpoint: gpio_out[27] (output port clocked by gpio_in[38])
Path Group: gpio_in[38]
Path Type: max

Fanout         Cap        Slew       Delay        Time   Description
---------------------------------------------------------------------------------------------
                                  0.000000    0.000000   clock gpio_in[38] (rise edge)
                                  0.000000    0.000000   clock source latency
     2    0.090726    0.412544    0.299203    0.299203 ^ gpio_in[38] (in)
                                                         gpio_in[38] (net)
                      0.416241    0.000000    0.299203 ^ clkbuf_0_gpio_in[38]/A (sky130_fd_sc_hd__clkbuf_16)
     5    0.060592    0.084005    0.257875    0.557078 ^ clkbuf_0_gpio_in[38]/X (sky130_fd_sc_hd__clkbuf_16)
                                                         clknet_0_gpio_in[38] (net)
                      0.084390    0.003672    0.560750 ^ clkbuf_1_0__f_gpio_in[38]/A (sky130_fd_sc_hd__clkbuf_16)
    25    0.077277    0.095564    0.177631    0.738381 ^ clkbuf_1_0__f_gpio_in[38]/X (sky130_fd_sc_hd__clkbuf_16)
                                                         clknet_1_0__leaf_gpio_in[38] (net)
                      0.098248    0.012480    0.750861 ^ _096_/CLK (sky130_fd_sc_hd__dfrtp_1)
     4    0.010882    0.107474    0.388396    1.139257 ^ _096_/Q (sky130_fd_sc_hd__dfrtp_1)
                                                         gpio_22_37_output[27].cfg.gpio_out_val (net)
                      0.107474    0.000096    1.139353 ^ _668_/A (sky130_fd_sc_hd__buf_1)
     1    0.013064    0.159982    0.179605    1.318957 ^ _668_/X (sky130_fd_sc_hd__buf_1)
                                                         net16 (net)
                      0.159985    0.000599    1.319556 ^ output16/A (sky130_fd_sc_hd__buf_2)
     1    0.034253    0.170512    0.236950    1.556507 ^ output16/X (sky130_fd_sc_hd__buf_2)
                                                         gpio_out[27] (net)
                      0.170512    0.000345    1.556851 ^ gpio_out[27] (out)
                                              1.556851   data arrival time

                                 25.000000   25.000000   clock gpio_in[38] (rise edge)
                                  0.000000   25.000000   clock network delay (propagated)
                                 -0.250000   24.750000   clock uncertainty
                                  0.000000   24.750000   clock reconvergence pessimism
                                 -5.000000   19.750000   output external delay
                                             19.750000   data required time
---------------------------------------------------------------------------------------------
                                             19.750000   data required time
                                             -1.556851   data arrival time
---------------------------------------------------------------------------------------------
                                             18.193150   slack (MET)


Startpoint: _104_ (rising edge-triggered flip-flop clocked by gpio_in[38])
Endpoint: gpio_out[35] (output port clocked by gpio_in[38])
Path Group: gpio_in[38]
Path Type: max

Fanout         Cap        Slew       Delay        Time   Description
---------------------------------------------------------------------------------------------
                                  0.000000    0.000000   clock gpio_in[38] (rise edge)
                                  0.000000    0.000000   clock source latency
     2    0.090726    0.412544    0.299203    0.299203 ^ gpio_in[38] (in)
                                                         gpio_in[38] (net)
                      0.416241    0.000000    0.299203 ^ clkbuf_0_gpio_in[38]/A (sky130_fd_sc_hd__clkbuf_16)
     5    0.060592    0.084005    0.257875    0.557078 ^ clkbuf_0_gpio_in[38]/X (sky130_fd_sc_hd__clkbuf_16)
                                                         clknet_0_gpio_in[38] (net)
                      0.084375    0.003561    0.560638 ^ clkbuf_1_1__f_gpio_in[38]/A (sky130_fd_sc_hd__clkbuf_16)
    19    0.066215    0.083993    0.172486    0.733124 ^ clkbuf_1_1__f_gpio_in[38]/X (sky130_fd_sc_hd__clkbuf_16)
                                                         clknet_1_1__leaf_gpio_in[38] (net)
                      0.085507    0.008757    0.741881 ^ _104_/CLK (sky130_fd_sc_hd__dfrtp_1)
     3    0.008463    0.088930    0.368370    1.110251 ^ _104_/Q (sky130_fd_sc_hd__dfrtp_1)
                                                         gpio_22_37_output[35].cfg.gpio_out_val (net)
                      0.088930    0.000070    1.110321 ^ _676_/A (sky130_fd_sc_hd__clkbuf_2)
     3    0.026901    0.150356    0.195093    1.305414 ^ _676_/X (sky130_fd_sc_hd__clkbuf_2)
                                                         net25 (net)
                      0.150408    0.002310    1.307724 ^ output25/A (sky130_fd_sc_hd__buf_2)
     1    0.034453    0.171449    0.234973    1.542696 ^ output25/X (sky130_fd_sc_hd__buf_2)
                                                         gpio_out[35] (net)
                      0.171449    0.000422    1.543118 ^ gpio_out[35] (out)
                                              1.543118   data arrival time

                                 25.000000   25.000000   clock gpio_in[38] (rise edge)
                                  0.000000   25.000000   clock network delay (propagated)
                                 -0.250000   24.750000   clock uncertainty
                                  0.000000   24.750000   clock reconvergence pessimism
                                 -5.000000   19.750000   output external delay
                                             19.750000   data required time
---------------------------------------------------------------------------------------------
                                             19.750000   data required time
                                             -1.543118   data arrival time
---------------------------------------------------------------------------------------------
                                             18.206882   slack (MET)


Startpoint: _103_ (rising edge-triggered flip-flop clocked by gpio_in[38])
Endpoint: gpio_out[34] (output port clocked by gpio_in[38])
Path Group: gpio_in[38]
Path Type: max

Fanout         Cap        Slew       Delay        Time   Description
---------------------------------------------------------------------------------------------
                                  0.000000    0.000000   clock gpio_in[38] (rise edge)
                                  0.000000    0.000000   clock source latency
     2    0.090726    0.412544    0.299203    0.299203 ^ gpio_in[38] (in)
                                                         gpio_in[38] (net)
                      0.416241    0.000000    0.299203 ^ clkbuf_0_gpio_in[38]/A (sky130_fd_sc_hd__clkbuf_16)
     5    0.060592    0.084005    0.257875    0.557078 ^ clkbuf_0_gpio_in[38]/X (sky130_fd_sc_hd__clkbuf_16)
                                                         clknet_0_gpio_in[38] (net)
                      0.084375    0.003561    0.560638 ^ clkbuf_1_1__f_gpio_in[38]/A (sky130_fd_sc_hd__clkbuf_16)
    19    0.066215    0.083993    0.172486    0.733124 ^ clkbuf_1_1__f_gpio_in[38]/X (sky130_fd_sc_hd__clkbuf_16)
                                                         clknet_1_1__leaf_gpio_in[38] (net)
                      0.085503    0.008745    0.741869 ^ _103_/CLK (sky130_fd_sc_hd__dfrtp_1)
     3    0.008815    0.091342    0.370694    1.112563 ^ _103_/Q (sky130_fd_sc_hd__dfrtp_1)
                                                         gpio_22_37_output[34].cfg.gpio_out_val (net)
                      0.091342    0.000147    1.112710 ^ _675_/A (sky130_fd_sc_hd__clkbuf_2)
     3    0.024046    0.135923    0.186063    1.298773 ^ _675_/X (sky130_fd_sc_hd__clkbuf_2)
                                                         net24 (net)
                      0.135959    0.001804    1.300577 ^ output24/A (sky130_fd_sc_hd__buf_2)
     1    0.034420    0.171277    0.230958    1.531535 ^ output24/X (sky130_fd_sc_hd__buf_2)
                                                         gpio_out[34] (net)
                      0.171277    0.000418    1.531953 ^ gpio_out[34] (out)
                                              1.531953   data arrival time

                                 25.000000   25.000000   clock gpio_in[38] (rise edge)
                                  0.000000   25.000000   clock network delay (propagated)
                                 -0.250000   24.750000   clock uncertainty
                                  0.000000   24.750000   clock reconvergence pessimism
                                 -5.000000   19.750000   output external delay
                                             19.750000   data required time
---------------------------------------------------------------------------------------------
                                             19.750000   data required time
                                             -1.531953   data arrival time
---------------------------------------------------------------------------------------------
                                             18.218046   slack (MET)


Startpoint: _097_ (rising edge-triggered flip-flop clocked by gpio_in[38])
Endpoint: gpio_out[28] (output port clocked by gpio_in[38])
Path Group: gpio_in[38]
Path Type: max

Fanout         Cap        Slew       Delay        Time   Description
---------------------------------------------------------------------------------------------
                                  0.000000    0.000000   clock gpio_in[38] (rise edge)
                                  0.000000    0.000000   clock source latency
     2    0.090726    0.412544    0.299203    0.299203 ^ gpio_in[38] (in)
                                                         gpio_in[38] (net)
                      0.416241    0.000000    0.299203 ^ clkbuf_0_gpio_in[38]/A (sky130_fd_sc_hd__clkbuf_16)
     5    0.060592    0.084005    0.257875    0.557078 ^ clkbuf_0_gpio_in[38]/X (sky130_fd_sc_hd__clkbuf_16)
                                                         clknet_0_gpio_in[38] (net)
                      0.084390    0.003672    0.560750 ^ clkbuf_1_0__f_gpio_in[38]/A (sky130_fd_sc_hd__clkbuf_16)
    25    0.077277    0.095564    0.177631    0.738381 ^ clkbuf_1_0__f_gpio_in[38]/X (sky130_fd_sc_hd__clkbuf_16)
                                                         clknet_1_0__leaf_gpio_in[38] (net)
                      0.098243    0.012468    0.750849 ^ _097_/CLK (sky130_fd_sc_hd__dfrtp_1)
     2    0.006206    0.071135    0.357884    1.108732 ^ _097_/Q (sky130_fd_sc_hd__dfrtp_1)
                                                         gpio_22_37_output[28].cfg.gpio_out_val (net)
                      0.071135    0.000086    1.108818 ^ _669_/A (sky130_fd_sc_hd__buf_1)
     1    0.013212    0.161574    0.171088    1.279906 ^ _669_/X (sky130_fd_sc_hd__buf_1)
                                                         net17 (net)
                      0.161577    0.000567    1.280473 ^ output17/A (sky130_fd_sc_hd__buf_2)
     1    0.034253    0.170514    0.237381    1.517854 ^ output17/X (sky130_fd_sc_hd__buf_2)
                                                         gpio_out[28] (net)
                      0.170514    0.000345    1.518199 ^ gpio_out[28] (out)
                                              1.518199   data arrival time

                                 25.000000   25.000000   clock gpio_in[38] (rise edge)
                                  0.000000   25.000000   clock network delay (propagated)
                                 -0.250000   24.750000   clock uncertainty
                                  0.000000   24.750000   clock reconvergence pessimism
                                 -5.000000   19.750000   output external delay
                                             19.750000   data required time
---------------------------------------------------------------------------------------------
                                             19.750000   data required time
                                             -1.518199   data arrival time
---------------------------------------------------------------------------------------------
                                             18.231800   slack (MET)


Startpoint: _101_ (rising edge-triggered flip-flop clocked by gpio_in[38])
Endpoint: gpio_out[32] (output port clocked by gpio_in[38])
Path Group: gpio_in[38]
Path Type: max

Fanout         Cap        Slew       Delay        Time   Description
---------------------------------------------------------------------------------------------
                                  0.000000    0.000000   clock gpio_in[38] (rise edge)
                                  0.000000    0.000000   clock source latency
     2    0.090726    0.412544    0.299203    0.299203 ^ gpio_in[38] (in)
                                                         gpio_in[38] (net)
                      0.416241    0.000000    0.299203 ^ clkbuf_0_gpio_in[38]/A (sky130_fd_sc_hd__clkbuf_16)
     5    0.060592    0.084005    0.257875    0.557078 ^ clkbuf_0_gpio_in[38]/X (sky130_fd_sc_hd__clkbuf_16)
                                                         clknet_0_gpio_in[38] (net)
                      0.084390    0.003672    0.560750 ^ clkbuf_1_0__f_gpio_in[38]/A (sky130_fd_sc_hd__clkbuf_16)
    25    0.077277    0.095564    0.177631    0.738381 ^ clkbuf_1_0__f_gpio_in[38]/X (sky130_fd_sc_hd__clkbuf_16)
                                                         clknet_1_0__leaf_gpio_in[38] (net)
                      0.098704    0.013508    0.751889 ^ _101_/CLK (sky130_fd_sc_hd__dfrtp_1)
     4    0.014029    0.133248    0.407623    1.159512 ^ _101_/Q (sky130_fd_sc_hd__dfrtp_1)
                                                         gpio_22_37_output[32].cfg.gpio_out_val (net)
                      0.133248    0.000119    1.159632 ^ _673_/A (sky130_fd_sc_hd__clkbuf_1)
     1    0.007339    0.094868    0.139612    1.299244 ^ _673_/X (sky130_fd_sc_hd__clkbuf_1)
                                                         net22 (net)
                      0.094868    0.000212    1.299456 ^ output22/A (sky130_fd_sc_hd__buf_2)
     1    0.034315    0.170598    0.216833    1.516289 ^ output22/X (sky130_fd_sc_hd__buf_2)
                                                         gpio_out[32] (net)
                      0.170598    0.000357    1.516646 ^ gpio_out[32] (out)
                                              1.516646   data arrival time

                                 25.000000   25.000000   clock gpio_in[38] (rise edge)
                                  0.000000   25.000000   clock network delay (propagated)
                                 -0.250000   24.750000   clock uncertainty
                                  0.000000   24.750000   clock reconvergence pessimism
                                 -5.000000   19.750000   output external delay
                                             19.750000   data required time
---------------------------------------------------------------------------------------------
                                             19.750000   data required time
                                             -1.516646   data arrival time
---------------------------------------------------------------------------------------------
                                             18.233353   slack (MET)


Startpoint: _093_ (rising edge-triggered flip-flop clocked by gpio_in[38])
Endpoint: gpio_out[24] (output port clocked by gpio_in[38])
Path Group: gpio_in[38]
Path Type: max

Fanout         Cap        Slew       Delay        Time   Description
---------------------------------------------------------------------------------------------
                                  0.000000    0.000000   clock gpio_in[38] (rise edge)
                                  0.000000    0.000000   clock source latency
     2    0.090726    0.412544    0.299203    0.299203 ^ gpio_in[38] (in)
                                                         gpio_in[38] (net)
                      0.416241    0.000000    0.299203 ^ clkbuf_0_gpio_in[38]/A (sky130_fd_sc_hd__clkbuf_16)
     5    0.060592    0.084005    0.257875    0.557078 ^ clkbuf_0_gpio_in[38]/X (sky130_fd_sc_hd__clkbuf_16)
                                                         clknet_0_gpio_in[38] (net)
                      0.084375    0.003561    0.560638 ^ clkbuf_1_1__f_gpio_in[38]/A (sky130_fd_sc_hd__clkbuf_16)
    19    0.066215    0.083993    0.172486    0.733124 ^ clkbuf_1_1__f_gpio_in[38]/X (sky130_fd_sc_hd__clkbuf_16)
                                                         clknet_1_1__leaf_gpio_in[38] (net)
                      0.085666    0.009221    0.742345 ^ _093_/CLK (sky130_fd_sc_hd__dfrtp_1)
     3    0.009982    0.100140    0.378225    1.120571 ^ _093_/Q (sky130_fd_sc_hd__dfrtp_1)
                                                         gpio_22_37_output[24].cfg.gpio_out_val (net)
                      0.100140    0.000148    1.120719 ^ _665_/A (sky130_fd_sc_hd__buf_1)
     1    0.008079    0.102967    0.138053    1.258772 ^ _665_/X (sky130_fd_sc_hd__buf_1)
                                                         net13 (net)
                      0.102967    0.000288    1.259059 ^ output13/A (sky130_fd_sc_hd__buf_2)
     1    0.034382    0.170968    0.220005    1.479065 ^ output13/X (sky130_fd_sc_hd__buf_2)
                                                         gpio_out[24] (net)
                      0.170968    0.000406    1.479471 ^ gpio_out[24] (out)
                                              1.479471   data arrival time

                                 25.000000   25.000000   clock gpio_in[38] (rise edge)
                                  0.000000   25.000000   clock network delay (propagated)
                                 -0.250000   24.750000   clock uncertainty
                                  0.000000   24.750000   clock reconvergence pessimism
                                 -5.000000   19.750000   output external delay
                                             19.750000   data required time
---------------------------------------------------------------------------------------------
                                             19.750000   data required time
                                             -1.479471   data arrival time
---------------------------------------------------------------------------------------------
                                             18.270529   slack (MET)


Startpoint: _100_ (rising edge-triggered flip-flop clocked by gpio_in[38])
Endpoint: gpio_out[31] (output port clocked by gpio_in[38])
Path Group: gpio_in[38]
Path Type: max

Fanout         Cap        Slew       Delay        Time   Description
---------------------------------------------------------------------------------------------
                                  0.000000    0.000000   clock gpio_in[38] (rise edge)
                                  0.000000    0.000000   clock source latency
     2    0.090726    0.412544    0.299203    0.299203 ^ gpio_in[38] (in)
                                                         gpio_in[38] (net)
                      0.416241    0.000000    0.299203 ^ clkbuf_0_gpio_in[38]/A (sky130_fd_sc_hd__clkbuf_16)
     5    0.060592    0.084005    0.257875    0.557078 ^ clkbuf_0_gpio_in[38]/X (sky130_fd_sc_hd__clkbuf_16)
                                                         clknet_0_gpio_in[38] (net)
                      0.084390    0.003672    0.560750 ^ clkbuf_1_0__f_gpio_in[38]/A (sky130_fd_sc_hd__clkbuf_16)
    25    0.077277    0.095564    0.177631    0.738381 ^ clkbuf_1_0__f_gpio_in[38]/X (sky130_fd_sc_hd__clkbuf_16)
                                                         clknet_1_0__leaf_gpio_in[38] (net)
                      0.098716    0.013534    0.751915 ^ _100_/CLK (sky130_fd_sc_hd__dfrtp_1)
     4    0.013058    0.125278    0.401750    1.153665 ^ _100_/Q (sky130_fd_sc_hd__dfrtp_1)
                                                         gpio_22_37_output[31].cfg.gpio_out_val (net)
                      0.125278    0.000064    1.153729 ^ _672_/A (sky130_fd_sc_hd__clkbuf_1)
     1    0.002659    0.043393    0.100851    1.254580 ^ _672_/X (sky130_fd_sc_hd__clkbuf_1)
                                                         net21 (net)
                      0.043393    0.000028    1.254608 ^ output21/A (sky130_fd_sc_hd__buf_2)
     1    0.034585    0.171603    0.198576    1.453184 ^ output21/X (sky130_fd_sc_hd__buf_2)
                                                         gpio_out[31] (net)
                      0.171603    0.000417    1.453601 ^ gpio_out[31] (out)
                                              1.453601   data arrival time

                                 25.000000   25.000000   clock gpio_in[38] (rise edge)
                                  0.000000   25.000000   clock network delay (propagated)
                                 -0.250000   24.750000   clock uncertainty
                                  0.000000   24.750000   clock reconvergence pessimism
                                 -5.000000   19.750000   output external delay
                                             19.750000   data required time
---------------------------------------------------------------------------------------------
                                             19.750000   data required time
                                             -1.453601   data arrival time
---------------------------------------------------------------------------------------------
                                             18.296398   slack (MET)


Startpoint: _088_ (rising edge-triggered flip-flop clocked by gpio_in[38])
Endpoint: gpio_out[19] (output port clocked by gpio_in[38])
Path Group: gpio_in[38]
Path Type: max

Fanout         Cap        Slew       Delay        Time   Description
---------------------------------------------------------------------------------------------
                                  0.000000    0.000000   clock gpio_in[38] (rise edge)
                                  0.000000    0.000000   clock source latency
     2    0.090726    0.412544    0.299203    0.299203 ^ gpio_in[38] (in)
                                                         gpio_in[38] (net)
                      0.416241    0.000000    0.299203 ^ clkbuf_0_gpio_in[38]/A (sky130_fd_sc_hd__clkbuf_16)
     5    0.060592    0.084005    0.257875    0.557078 ^ clkbuf_0_gpio_in[38]/X (sky130_fd_sc_hd__clkbuf_16)
                                                         clknet_0_gpio_in[38] (net)
                      0.084390    0.003672    0.560750 ^ clkbuf_1_0__f_gpio_in[38]/A (sky130_fd_sc_hd__clkbuf_16)
    25    0.077277    0.095564    0.177631    0.738381 ^ clkbuf_1_0__f_gpio_in[38]/X (sky130_fd_sc_hd__clkbuf_16)
                                                         clknet_1_0__leaf_gpio_in[38] (net)
                      0.098399    0.012828    0.751209 ^ _088_/CLK (sky130_fd_sc_hd__dfrtp_1)
     5    0.013464    0.128619    0.404062    1.155271 ^ _088_/Q (sky130_fd_sc_hd__dfrtp_1)
                                                         gpio_18_21_bidir[19].cfg.gpio_out_val (net)
                      0.128619    0.000158    1.155429 ^ _660_/A (sky130_fd_sc_hd__clkbuf_1)
     1    0.002503    0.041799    0.100018    1.255447 ^ _660_/X (sky130_fd_sc_hd__clkbuf_1)
                                                         net8 (net)
                      0.041799    0.000026    1.255472 ^ output8/A (sky130_fd_sc_hd__buf_2)
     1    0.034319    0.170360    0.197125    1.452597 ^ output8/X (sky130_fd_sc_hd__buf_2)
                                                         gpio_out[19] (net)
                      0.170360    0.000357    1.452954 ^ gpio_out[19] (out)
                                              1.452954   data arrival time

                                 25.000000   25.000000   clock gpio_in[38] (rise edge)
                                  0.000000   25.000000   clock network delay (propagated)
                                 -0.250000   24.750000   clock uncertainty
                                  0.000000   24.750000   clock reconvergence pessimism
                                 -5.000000   19.750000   output external delay
                                             19.750000   data required time
---------------------------------------------------------------------------------------------
                                             19.750000   data required time
                                             -1.452954   data arrival time
---------------------------------------------------------------------------------------------
                                             18.297047   slack (MET)


Startpoint: _090_ (rising edge-triggered flip-flop clocked by gpio_in[38])
Endpoint: gpio_out[5] (output port clocked by gpio_in[38])
Path Group: gpio_in[38]
Path Type: max

Fanout         Cap        Slew       Delay        Time   Description
---------------------------------------------------------------------------------------------
                                  0.000000    0.000000   clock gpio_in[38] (rise edge)
                                  0.000000    0.000000   clock source latency
     2    0.090726    0.412544    0.299203    0.299203 ^ gpio_in[38] (in)
                                                         gpio_in[38] (net)
                      0.416241    0.000000    0.299203 ^ clkbuf_0_gpio_in[38]/A (sky130_fd_sc_hd__clkbuf_16)
     5    0.060592    0.084005    0.257875    0.557078 ^ clkbuf_0_gpio_in[38]/X (sky130_fd_sc_hd__clkbuf_16)
                                                         clknet_0_gpio_in[38] (net)
                      0.084390    0.003672    0.560750 ^ clkbuf_1_0__f_gpio_in[38]/A (sky130_fd_sc_hd__clkbuf_16)
    25    0.077277    0.095564    0.177631    0.738381 ^ clkbuf_1_0__f_gpio_in[38]/X (sky130_fd_sc_hd__clkbuf_16)
                                                         clknet_1_0__leaf_gpio_in[38] (net)
                      0.098514    0.013089    0.751470 ^ _090_/CLK (sky130_fd_sc_hd__dfrtp_1)
     3    0.007770    0.083519    0.368532    1.120003 ^ _090_/Q (sky130_fd_sc_hd__dfrtp_1)
                                                         gpio_18_21_bidir[21].cfg.gpio_out_val (net)
                      0.083519    0.000074    1.120077 ^ _658_/A (sky130_fd_sc_hd__clkbuf_1)
     1    0.006254    0.082545    0.119039    1.239115 ^ _658_/X (sky130_fd_sc_hd__clkbuf_1)
                                                         net30 (net)
                      0.082545    0.000146    1.239261 ^ output30/A (sky130_fd_sc_hd__buf_2)
     1    0.034315    0.170527    0.212293    1.451554 ^ output30/X (sky130_fd_sc_hd__buf_2)
                                                         gpio_out[5] (net)
                      0.170527    0.000357    1.451911 ^ gpio_out[5] (out)
                                              1.451911   data arrival time

                                 25.000000   25.000000   clock gpio_in[38] (rise edge)
                                  0.000000   25.000000   clock network delay (propagated)
                                 -0.250000   24.750000   clock uncertainty
                                  0.000000   24.750000   clock reconvergence pessimism
                                 -5.000000   19.750000   output external delay
                                             19.750000   data required time
---------------------------------------------------------------------------------------------
                                             19.750000   data required time
                                             -1.451911   data arrival time
---------------------------------------------------------------------------------------------
                                             18.298088   slack (MET)


Startpoint: _099_ (rising edge-triggered flip-flop clocked by gpio_in[38])
Endpoint: gpio_out[30] (output port clocked by gpio_in[38])
Path Group: gpio_in[38]
Path Type: max

Fanout         Cap        Slew       Delay        Time   Description
---------------------------------------------------------------------------------------------
                                  0.000000    0.000000   clock gpio_in[38] (rise edge)
                                  0.000000    0.000000   clock source latency
     2    0.090726    0.412544    0.299203    0.299203 ^ gpio_in[38] (in)
                                                         gpio_in[38] (net)
                      0.416241    0.000000    0.299203 ^ clkbuf_0_gpio_in[38]/A (sky130_fd_sc_hd__clkbuf_16)
     5    0.060592    0.084005    0.257875    0.557078 ^ clkbuf_0_gpio_in[38]/X (sky130_fd_sc_hd__clkbuf_16)
                                                         clknet_0_gpio_in[38] (net)
                      0.084390    0.003672    0.560750 ^ clkbuf_1_0__f_gpio_in[38]/A (sky130_fd_sc_hd__clkbuf_16)
    25    0.077277    0.095564    0.177631    0.738381 ^ clkbuf_1_0__f_gpio_in[38]/X (sky130_fd_sc_hd__clkbuf_16)
                                                         clknet_1_0__leaf_gpio_in[38] (net)
                      0.098660    0.013412    0.751793 ^ _099_/CLK (sky130_fd_sc_hd__dfrtp_1)
     5    0.011419    0.111865    0.391806    1.143599 ^ _099_/Q (sky130_fd_sc_hd__dfrtp_1)
                                                         gpio_22_37_output[30].cfg.gpio_out_val (net)
                      0.111865    0.000078    1.143677 ^ _671_/A (sky130_fd_sc_hd__clkbuf_1)
     1    0.003570    0.052980    0.105124    1.248801 ^ _671_/X (sky130_fd_sc_hd__clkbuf_1)
                                                         net20 (net)
                      0.052980    0.000050    1.248851 ^ output20/A (sky130_fd_sc_hd__buf_2)
     1    0.034669    0.172019    0.202530    1.451381 ^ output20/X (sky130_fd_sc_hd__buf_2)
                                                         gpio_out[30] (net)
                      0.172019    0.000418    1.451799 ^ gpio_out[30] (out)
                                              1.451799   data arrival time

                                 25.000000   25.000000   clock gpio_in[38] (rise edge)
                                  0.000000   25.000000   clock network delay (propagated)
                                 -0.250000   24.750000   clock uncertainty
                                  0.000000   24.750000   clock reconvergence pessimism
                                 -5.000000   19.750000   output external delay
                                             19.750000   data required time
---------------------------------------------------------------------------------------------
                                             19.750000   data required time
                                             -1.451799   data arrival time
---------------------------------------------------------------------------------------------
                                             18.298201   slack (MET)


Startpoint: _087_ (rising edge-triggered flip-flop clocked by gpio_in[38])
Endpoint: gpio_out[2] (output port clocked by gpio_in[38])
Path Group: gpio_in[38]
Path Type: max

Fanout         Cap        Slew       Delay        Time   Description
---------------------------------------------------------------------------------------------
                                  0.000000    0.000000   clock gpio_in[38] (rise edge)
                                  0.000000    0.000000   clock source latency
     2    0.090726    0.412544    0.299203    0.299203 ^ gpio_in[38] (in)
                                                         gpio_in[38] (net)
                      0.416241    0.000000    0.299203 ^ clkbuf_0_gpio_in[38]/A (sky130_fd_sc_hd__clkbuf_16)
     5    0.060592    0.084005    0.257875    0.557078 ^ clkbuf_0_gpio_in[38]/X (sky130_fd_sc_hd__clkbuf_16)
                                                         clknet_0_gpio_in[38] (net)
                      0.084390    0.003672    0.560750 ^ clkbuf_1_0__f_gpio_in[38]/A (sky130_fd_sc_hd__clkbuf_16)
    25    0.077277    0.095564    0.177631    0.738381 ^ clkbuf_1_0__f_gpio_in[38]/X (sky130_fd_sc_hd__clkbuf_16)
                                                         clknet_1_0__leaf_gpio_in[38] (net)
                      0.098329    0.012668    0.751049 ^ _087_/CLK (sky130_fd_sc_hd__dfrtp_2)
     3    0.008693    0.053821    0.422343    1.173391 v _087_/Q (sky130_fd_sc_hd__dfrtp_2)
                                                         gpio_18_21_bidir[18].cfg.gpio_out_val (net)
                      0.053821    0.000115    1.173507 v _655_/A (sky130_fd_sc_hd__clkbuf_1)
     1    0.002122    0.023086    0.087538    1.261045 v _655_/X (sky130_fd_sc_hd__clkbuf_1)
                                                         net19 (net)
                      0.023086    0.000020    1.261065 v output19/A (sky130_fd_sc_hd__buf_2)
     1    0.034315    0.089637    0.170990    1.432055 v output19/X (sky130_fd_sc_hd__buf_2)
                                                         gpio_out[2] (net)
                      0.089637    0.000357    1.432412 v gpio_out[2] (out)
                                              1.432412   data arrival time

                                 25.000000   25.000000   clock gpio_in[38] (rise edge)
                                  0.000000   25.000000   clock network delay (propagated)
                                 -0.250000   24.750000   clock uncertainty
                                  0.000000   24.750000   clock reconvergence pessimism
                                 -5.000000   19.750000   output external delay
                                             19.750000   data required time
---------------------------------------------------------------------------------------------
                                             19.750000   data required time
                                             -1.432412   data arrival time
---------------------------------------------------------------------------------------------
                                             18.317589   slack (MET)


Startpoint: _087_ (rising edge-triggered flip-flop clocked by gpio_in[38])
Endpoint: gpio_out[18] (output port clocked by gpio_in[38])
Path Group: gpio_in[38]
Path Type: max

Fanout         Cap        Slew       Delay        Time   Description
---------------------------------------------------------------------------------------------
                                  0.000000    0.000000   clock gpio_in[38] (rise edge)
                                  0.000000    0.000000   clock source latency
     2    0.090726    0.412544    0.299203    0.299203 ^ gpio_in[38] (in)
                                                         gpio_in[38] (net)
                      0.416241    0.000000    0.299203 ^ clkbuf_0_gpio_in[38]/A (sky130_fd_sc_hd__clkbuf_16)
     5    0.060592    0.084005    0.257875    0.557078 ^ clkbuf_0_gpio_in[38]/X (sky130_fd_sc_hd__clkbuf_16)
                                                         clknet_0_gpio_in[38] (net)
                      0.084390    0.003672    0.560750 ^ clkbuf_1_0__f_gpio_in[38]/A (sky130_fd_sc_hd__clkbuf_16)
    25    0.077277    0.095564    0.177631    0.738381 ^ clkbuf_1_0__f_gpio_in[38]/X (sky130_fd_sc_hd__clkbuf_16)
                                                         clknet_1_0__leaf_gpio_in[38] (net)
                      0.098329    0.012668    0.751049 ^ _087_/CLK (sky130_fd_sc_hd__dfrtp_2)
     3    0.008693    0.053821    0.422343    1.173391 v _087_/Q (sky130_fd_sc_hd__dfrtp_2)
                                                         gpio_18_21_bidir[18].cfg.gpio_out_val (net)
                      0.053821    0.000107    1.173498 v _659_/A (sky130_fd_sc_hd__clkbuf_1)
     1    0.002020    0.022566    0.086973    1.260472 v _659_/X (sky130_fd_sc_hd__clkbuf_1)
                                                         net7 (net)
                      0.022566    0.000018    1.260489 v output7/A (sky130_fd_sc_hd__buf_2)
     1    0.034319    0.089639    0.170785    1.431274 v output7/X (sky130_fd_sc_hd__buf_2)
                                                         gpio_out[18] (net)
                      0.089640    0.000357    1.431631 v gpio_out[18] (out)
                                              1.431631   data arrival time

                                 25.000000   25.000000   clock gpio_in[38] (rise edge)
                                  0.000000   25.000000   clock network delay (propagated)
                                 -0.250000   24.750000   clock uncertainty
                                  0.000000   24.750000   clock reconvergence pessimism
                                 -5.000000   19.750000   output external delay
                                             19.750000   data required time
---------------------------------------------------------------------------------------------
                                             19.750000   data required time
                                             -1.431631   data arrival time
---------------------------------------------------------------------------------------------
                                             18.318367   slack (MET)


Startpoint: _102_ (rising edge-triggered flip-flop clocked by gpio_in[38])
Endpoint: gpio_out[33] (output port clocked by gpio_in[38])
Path Group: gpio_in[38]
Path Type: max

Fanout         Cap        Slew       Delay        Time   Description
---------------------------------------------------------------------------------------------
                                  0.000000    0.000000   clock gpio_in[38] (rise edge)
                                  0.000000    0.000000   clock source latency
     2    0.090726    0.412544    0.299203    0.299203 ^ gpio_in[38] (in)
                                                         gpio_in[38] (net)
                      0.416241    0.000000    0.299203 ^ clkbuf_0_gpio_in[38]/A (sky130_fd_sc_hd__clkbuf_16)
     5    0.060592    0.084005    0.257875    0.557078 ^ clkbuf_0_gpio_in[38]/X (sky130_fd_sc_hd__clkbuf_16)
                                                         clknet_0_gpio_in[38] (net)
                      0.084390    0.003672    0.560750 ^ clkbuf_1_0__f_gpio_in[38]/A (sky130_fd_sc_hd__clkbuf_16)
    25    0.077277    0.095564    0.177631    0.738381 ^ clkbuf_1_0__f_gpio_in[38]/X (sky130_fd_sc_hd__clkbuf_16)
                                                         clknet_1_0__leaf_gpio_in[38] (net)
                      0.098674    0.013443    0.751824 ^ _102_/CLK (sky130_fd_sc_hd__dfrtp_1)
     3    0.008180    0.064533    0.402694    1.154518 v _102_/Q (sky130_fd_sc_hd__dfrtp_1)
                                                         gpio_22_37_output[33].cfg.gpio_out_val (net)
                      0.064533    0.000078    1.154597 v _674_/A (sky130_fd_sc_hd__clkbuf_1)
     1    0.003231    0.028907    0.098343    1.252940 v _674_/X (sky130_fd_sc_hd__clkbuf_1)
                                                         net23 (net)
                      0.028907    0.000044    1.252984 v output23/A (sky130_fd_sc_hd__buf_2)
     1    0.034256    0.089462    0.173396    1.426380 v output23/X (sky130_fd_sc_hd__buf_2)
                                                         gpio_out[33] (net)
                      0.089462    0.000345    1.426725 v gpio_out[33] (out)
                                              1.426725   data arrival time

                                 25.000000   25.000000   clock gpio_in[38] (rise edge)
                                  0.000000   25.000000   clock network delay (propagated)
                                 -0.250000   24.750000   clock uncertainty
                                  0.000000   24.750000   clock reconvergence pessimism
                                 -5.000000   19.750000   output external delay
                                             19.750000   data required time
---------------------------------------------------------------------------------------------
                                             19.750000   data required time
                                             -1.426725   data arrival time
---------------------------------------------------------------------------------------------
                                             18.323275   slack (MET)


Startpoint: _089_ (rising edge-triggered flip-flop clocked by gpio_in[38])
Endpoint: gpio_out[20] (output port clocked by gpio_in[38])
Path Group: gpio_in[38]
Path Type: max

Fanout         Cap        Slew       Delay        Time   Description
---------------------------------------------------------------------------------------------
                                  0.000000    0.000000   clock gpio_in[38] (rise edge)
                                  0.000000    0.000000   clock source latency
     2    0.090726    0.412544    0.299203    0.299203 ^ gpio_in[38] (in)
                                                         gpio_in[38] (net)
                      0.416241    0.000000    0.299203 ^ clkbuf_0_gpio_in[38]/A (sky130_fd_sc_hd__clkbuf_16)
     5    0.060592    0.084005    0.257875    0.557078 ^ clkbuf_0_gpio_in[38]/X (sky130_fd_sc_hd__clkbuf_16)
                                                         clknet_0_gpio_in[38] (net)
                      0.084390    0.003672    0.560750 ^ clkbuf_1_0__f_gpio_in[38]/A (sky130_fd_sc_hd__clkbuf_16)
    25    0.077277    0.095564    0.177631    0.738381 ^ clkbuf_1_0__f_gpio_in[38]/X (sky130_fd_sc_hd__clkbuf_16)
                                                         clknet_1_0__leaf_gpio_in[38] (net)
                      0.098594    0.013266    0.751647 ^ _089_/CLK (sky130_fd_sc_hd__dfrtp_1)
     3    0.007804    0.062622    0.400636    1.152283 v _089_/Q (sky130_fd_sc_hd__dfrtp_1)
                                                         gpio_18_21_bidir[20].cfg.gpio_out_val (net)
                      0.062622    0.000080    1.152363 v _661_/A (sky130_fd_sc_hd__clkbuf_1)
     1    0.002024    0.022693    0.090855    1.243217 v _661_/X (sky130_fd_sc_hd__clkbuf_1)
                                                         net9 (net)
                      0.022693    0.000018    1.243235 v output9/A (sky130_fd_sc_hd__buf_2)
     1    0.034256    0.089500    0.170729    1.413964 v output9/X (sky130_fd_sc_hd__buf_2)
                                                         gpio_out[20] (net)
                      0.089501    0.000345    1.414309 v gpio_out[20] (out)
                                              1.414309   data arrival time

                                 25.000000   25.000000   clock gpio_in[38] (rise edge)
                                  0.000000   25.000000   clock network delay (propagated)
                                 -0.250000   24.750000   clock uncertainty
                                  0.000000   24.750000   clock reconvergence pessimism
                                 -5.000000   19.750000   output external delay
                                             19.750000   data required time
---------------------------------------------------------------------------------------------
                                             19.750000   data required time
                                             -1.414309   data arrival time
---------------------------------------------------------------------------------------------
                                             18.335691   slack (MET)


Startpoint: _089_ (rising edge-triggered flip-flop clocked by gpio_in[38])
Endpoint: gpio_out[4] (output port clocked by gpio_in[38])
Path Group: gpio_in[38]
Path Type: max

Fanout         Cap        Slew       Delay        Time   Description
---------------------------------------------------------------------------------------------
                                  0.000000    0.000000   clock gpio_in[38] (rise edge)
                                  0.000000    0.000000   clock source latency
     2    0.090726    0.412544    0.299203    0.299203 ^ gpio_in[38] (in)
                                                         gpio_in[38] (net)
                      0.416241    0.000000    0.299203 ^ clkbuf_0_gpio_in[38]/A (sky130_fd_sc_hd__clkbuf_16)
     5    0.060592    0.084005    0.257875    0.557078 ^ clkbuf_0_gpio_in[38]/X (sky130_fd_sc_hd__clkbuf_16)
                                                         clknet_0_gpio_in[38] (net)
                      0.084390    0.003672    0.560750 ^ clkbuf_1_0__f_gpio_in[38]/A (sky130_fd_sc_hd__clkbuf_16)
    25    0.077277    0.095564    0.177631    0.738381 ^ clkbuf_1_0__f_gpio_in[38]/X (sky130_fd_sc_hd__clkbuf_16)
                                                         clknet_1_0__leaf_gpio_in[38] (net)
                      0.098594    0.013266    0.751647 ^ _089_/CLK (sky130_fd_sc_hd__dfrtp_1)
     3    0.007804    0.062622    0.400636    1.152283 v _089_/Q (sky130_fd_sc_hd__dfrtp_1)
                                                         gpio_18_21_bidir[20].cfg.gpio_out_val (net)
                      0.062622    0.000077    1.152360 v _657_/A (sky130_fd_sc_hd__clkbuf_1)
     1    0.002020    0.022674    0.090833    1.243193 v _657_/X (sky130_fd_sc_hd__clkbuf_1)
                                                         net29 (net)
                      0.022674    0.000018    1.243211 v output29/A (sky130_fd_sc_hd__buf_2)
     1    0.034256    0.089500    0.170721    1.413932 v output29/X (sky130_fd_sc_hd__buf_2)
                                                         gpio_out[4] (net)
                      0.089501    0.000345    1.414276 v gpio_out[4] (out)
                                              1.414276   data arrival time

                                 25.000000   25.000000   clock gpio_in[38] (rise edge)
                                  0.000000   25.000000   clock network delay (propagated)
                                 -0.250000   24.750000   clock uncertainty
                                  0.000000   24.750000   clock reconvergence pessimism
                                 -5.000000   19.750000   output external delay
                                             19.750000   data required time
---------------------------------------------------------------------------------------------
                                             19.750000   data required time
                                             -1.414276   data arrival time
---------------------------------------------------------------------------------------------
                                             18.335722   slack (MET)


Startpoint: _092_ (rising edge-triggered flip-flop clocked by gpio_in[38])
Endpoint: gpio_out[23] (output port clocked by gpio_in[38])
Path Group: gpio_in[38]
Path Type: max

Fanout         Cap        Slew       Delay        Time   Description
---------------------------------------------------------------------------------------------
                                  0.000000    0.000000   clock gpio_in[38] (rise edge)
                                  0.000000    0.000000   clock source latency
     2    0.090726    0.412544    0.299203    0.299203 ^ gpio_in[38] (in)
                                                         gpio_in[38] (net)
                      0.416241    0.000000    0.299203 ^ clkbuf_0_gpio_in[38]/A (sky130_fd_sc_hd__clkbuf_16)
     5    0.060592    0.084005    0.257875    0.557078 ^ clkbuf_0_gpio_in[38]/X (sky130_fd_sc_hd__clkbuf_16)
                                                         clknet_0_gpio_in[38] (net)
                      0.084375    0.003561    0.560638 ^ clkbuf_1_1__f_gpio_in[38]/A (sky130_fd_sc_hd__clkbuf_16)
    19    0.066215    0.083993    0.172486    0.733124 ^ clkbuf_1_1__f_gpio_in[38]/X (sky130_fd_sc_hd__clkbuf_16)
                                                         clknet_1_1__leaf_gpio_in[38] (net)
                      0.085662    0.009210    0.742335 ^ _092_/CLK (sky130_fd_sc_hd__dfrtp_1)
     3    0.009660    0.069075    0.405448    1.147782 v _092_/Q (sky130_fd_sc_hd__dfrtp_1)
                                                         gpio_22_37_output[23].cfg.gpio_out_val (net)
                      0.069075    0.000153    1.147935 v _664_/A (sky130_fd_sc_hd__clkbuf_1)
     1    0.002125    0.023285    0.094246    1.242181 v _664_/X (sky130_fd_sc_hd__clkbuf_1)
                                                         net12 (net)
                      0.023285    0.000021    1.242202 v output12/A (sky130_fd_sc_hd__buf_2)
     1    0.034420    0.089889    0.171223    1.413425 v output12/X (sky130_fd_sc_hd__buf_2)
                                                         gpio_out[23] (net)
                      0.089890    0.000418    1.413843 v gpio_out[23] (out)
                                              1.413843   data arrival time

                                 25.000000   25.000000   clock gpio_in[38] (rise edge)
                                  0.000000   25.000000   clock network delay (propagated)
                                 -0.250000   24.750000   clock uncertainty
                                  0.000000   24.750000   clock reconvergence pessimism
                                 -5.000000   19.750000   output external delay
                                             19.750000   data required time
---------------------------------------------------------------------------------------------
                                             19.750000   data required time
                                             -1.413843   data arrival time
---------------------------------------------------------------------------------------------
                                             18.336157   slack (MET)


Startpoint: _098_ (rising edge-triggered flip-flop clocked by gpio_in[38])
Endpoint: gpio_out[29] (output port clocked by gpio_in[38])
Path Group: gpio_in[38]
Path Type: max

Fanout         Cap        Slew       Delay        Time   Description
---------------------------------------------------------------------------------------------
                                  0.000000    0.000000   clock gpio_in[38] (rise edge)
                                  0.000000    0.000000   clock source latency
     2    0.090726    0.412544    0.299203    0.299203 ^ gpio_in[38] (in)
                                                         gpio_in[38] (net)
                      0.416241    0.000000    0.299203 ^ clkbuf_0_gpio_in[38]/A (sky130_fd_sc_hd__clkbuf_16)
     5    0.060592    0.084005    0.257875    0.557078 ^ clkbuf_0_gpio_in[38]/X (sky130_fd_sc_hd__clkbuf_16)
                                                         clknet_0_gpio_in[38] (net)
                      0.084390    0.003672    0.560750 ^ clkbuf_1_0__f_gpio_in[38]/A (sky130_fd_sc_hd__clkbuf_16)
    25    0.077277    0.095564    0.177631    0.738381 ^ clkbuf_1_0__f_gpio_in[38]/X (sky130_fd_sc_hd__clkbuf_16)
                                                         clknet_1_0__leaf_gpio_in[38] (net)
                      0.098158    0.012269    0.750650 ^ _098_/CLK (sky130_fd_sc_hd__dfrtp_1)
     2    0.005588    0.051710    0.388521    1.139171 v _098_/Q (sky130_fd_sc_hd__dfrtp_1)
                                                         gpio_22_37_output[29].cfg.gpio_out_val (net)
                      0.051710    0.000048    1.139219 v _670_/A (sky130_fd_sc_hd__clkbuf_1)
     1    0.004183    0.033702    0.097070    1.236289 v _670_/X (sky130_fd_sc_hd__clkbuf_1)
                                                         net18 (net)
                      0.033702    0.000073    1.236363 v output18/A (sky130_fd_sc_hd__buf_2)
     1    0.034256    0.089428    0.175462    1.411824 v output18/X (sky130_fd_sc_hd__buf_2)
                                                         gpio_out[29] (net)
                      0.089428    0.000345    1.412169 v gpio_out[29] (out)
                                              1.412169   data arrival time

                                 25.000000   25.000000   clock gpio_in[38] (rise edge)
                                  0.000000   25.000000   clock network delay (propagated)
                                 -0.250000   24.750000   clock uncertainty
                                  0.000000   24.750000   clock reconvergence pessimism
                                 -5.000000   19.750000   output external delay
                                             19.750000   data required time
---------------------------------------------------------------------------------------------
                                             19.750000   data required time
                                             -1.412169   data arrival time
---------------------------------------------------------------------------------------------
                                             18.337831   slack (MET)


Startpoint: _090_ (rising edge-triggered flip-flop clocked by gpio_in[38])
Endpoint: gpio_out[21] (output port clocked by gpio_in[38])
Path Group: gpio_in[38]
Path Type: max

Fanout         Cap        Slew       Delay        Time   Description
---------------------------------------------------------------------------------------------
                                  0.000000    0.000000   clock gpio_in[38] (rise edge)
                                  0.000000    0.000000   clock source latency
     2    0.090726    0.412544    0.299203    0.299203 ^ gpio_in[38] (in)
                                                         gpio_in[38] (net)
                      0.416241    0.000000    0.299203 ^ clkbuf_0_gpio_in[38]/A (sky130_fd_sc_hd__clkbuf_16)
     5    0.060592    0.084005    0.257875    0.557078 ^ clkbuf_0_gpio_in[38]/X (sky130_fd_sc_hd__clkbuf_16)
                                                         clknet_0_gpio_in[38] (net)
                      0.084390    0.003672    0.560750 ^ clkbuf_1_0__f_gpio_in[38]/A (sky130_fd_sc_hd__clkbuf_16)
    25    0.077277    0.095564    0.177631    0.738381 ^ clkbuf_1_0__f_gpio_in[38]/X (sky130_fd_sc_hd__clkbuf_16)
                                                         clknet_1_0__leaf_gpio_in[38] (net)
                      0.098514    0.013089    0.751470 ^ _090_/CLK (sky130_fd_sc_hd__dfrtp_1)
     3    0.007253    0.059760    0.397625    1.149095 v _090_/Q (sky130_fd_sc_hd__dfrtp_1)
                                                         gpio_18_21_bidir[21].cfg.gpio_out_val (net)
                      0.059848    0.000092    1.149187 v _662_/A (sky130_fd_sc_hd__clkbuf_1)
     1    0.001778    0.021451    0.088279    1.237466 v _662_/X (sky130_fd_sc_hd__clkbuf_1)
                                                         net10 (net)
                      0.021451    0.000007    1.237473 v output10/A (sky130_fd_sc_hd__buf_2)
     1    0.034256    0.089489    0.170227    1.407700 v output10/X (sky130_fd_sc_hd__buf_2)
                                                         gpio_out[21] (net)
                      0.089489    0.000345    1.408045 v gpio_out[21] (out)
                                              1.408045   data arrival time

                                 25.000000   25.000000   clock gpio_in[38] (rise edge)
                                  0.000000   25.000000   clock network delay (propagated)
                                 -0.250000   24.750000   clock uncertainty
                                  0.000000   24.750000   clock reconvergence pessimism
                                 -5.000000   19.750000   output external delay
                                             19.750000   data required time
---------------------------------------------------------------------------------------------
                                             19.750000   data required time
                                             -1.408045   data arrival time
---------------------------------------------------------------------------------------------
                                             18.341955   slack (MET)


Startpoint: _091_ (rising edge-triggered flip-flop clocked by gpio_in[38])
Endpoint: gpio_out[22] (output port clocked by gpio_in[38])
Path Group: gpio_in[38]
Path Type: max

Fanout         Cap        Slew       Delay        Time   Description
---------------------------------------------------------------------------------------------
                                  0.000000    0.000000   clock gpio_in[38] (rise edge)
                                  0.000000    0.000000   clock source latency
     2    0.090726    0.412544    0.299203    0.299203 ^ gpio_in[38] (in)
                                                         gpio_in[38] (net)
                      0.416241    0.000000    0.299203 ^ clkbuf_0_gpio_in[38]/A (sky130_fd_sc_hd__clkbuf_16)
     5    0.060592    0.084005    0.257875    0.557078 ^ clkbuf_0_gpio_in[38]/X (sky130_fd_sc_hd__clkbuf_16)
                                                         clknet_0_gpio_in[38] (net)
                      0.084375    0.003561    0.560638 ^ clkbuf_1_1__f_gpio_in[38]/A (sky130_fd_sc_hd__clkbuf_16)
    19    0.066215    0.083993    0.172486    0.733124 ^ clkbuf_1_1__f_gpio_in[38]/X (sky130_fd_sc_hd__clkbuf_16)
                                                         clknet_1_1__leaf_gpio_in[38] (net)
                      0.085662    0.009211    0.742335 ^ _091_/CLK (sky130_fd_sc_hd__dfrtp_1)
     3    0.008006    0.063574    0.396956    1.139291 v _091_/Q (sky130_fd_sc_hd__dfrtp_1)
                                                         gpio_22_37_output[22].cfg.gpio_out_val (net)
                      0.063574    0.000060    1.139351 v _663_/A (sky130_fd_sc_hd__clkbuf_1)
     1    0.002069    0.022933    0.091524    1.230875 v _663_/X (sky130_fd_sc_hd__clkbuf_1)
                                                         net11 (net)
                      0.022933    0.000020    1.230895 v output11/A (sky130_fd_sc_hd__buf_2)
     1    0.034382    0.089802    0.171013    1.401908 v output11/X (sky130_fd_sc_hd__buf_2)
                                                         gpio_out[22] (net)
                      0.089803    0.000406    1.402314 v gpio_out[22] (out)
                                              1.402314   data arrival time

                                 25.000000   25.000000   clock gpio_in[38] (rise edge)
                                  0.000000   25.000000   clock network delay (propagated)
                                 -0.250000   24.750000   clock uncertainty
                                  0.000000   24.750000   clock reconvergence pessimism
                                 -5.000000   19.750000   output external delay
                                             19.750000   data required time
---------------------------------------------------------------------------------------------
                                             19.750000   data required time
                                             -1.402314   data arrival time
---------------------------------------------------------------------------------------------
                                             18.347685   slack (MET)


Startpoint: _094_ (rising edge-triggered flip-flop clocked by gpio_in[38])
Endpoint: gpio_out[25] (output port clocked by gpio_in[38])
Path Group: gpio_in[38]
Path Type: max

Fanout         Cap        Slew       Delay        Time   Description
---------------------------------------------------------------------------------------------
                                  0.000000    0.000000   clock gpio_in[38] (rise edge)
                                  0.000000    0.000000   clock source latency
     2    0.090726    0.412544    0.299203    0.299203 ^ gpio_in[38] (in)
                                                         gpio_in[38] (net)
                      0.416241    0.000000    0.299203 ^ clkbuf_0_gpio_in[38]/A (sky130_fd_sc_hd__clkbuf_16)
     5    0.060592    0.084005    0.257875    0.557078 ^ clkbuf_0_gpio_in[38]/X (sky130_fd_sc_hd__clkbuf_16)
                                                         clknet_0_gpio_in[38] (net)
                      0.084375    0.003561    0.560638 ^ clkbuf_1_1__f_gpio_in[38]/A (sky130_fd_sc_hd__clkbuf_16)
    19    0.066215    0.083993    0.172486    0.733124 ^ clkbuf_1_1__f_gpio_in[38]/X (sky130_fd_sc_hd__clkbuf_16)
                                                         clknet_1_1__leaf_gpio_in[38] (net)
                      0.085645    0.009161    0.742285 ^ _094_/CLK (sky130_fd_sc_hd__dfrtp_1)
     3    0.007004    0.058475    0.391543    1.133828 v _094_/Q (sky130_fd_sc_hd__dfrtp_1)
                                                         gpio_22_37_output[25].cfg.gpio_out_val (net)
                      0.058475    0.000051    1.133878 v _666_/A (sky130_fd_sc_hd__clkbuf_1)
     1    0.002181    0.023443    0.089906    1.223784 v _666_/X (sky130_fd_sc_hd__clkbuf_1)
                                                         net14 (net)
                      0.023443    0.000022    1.223806 v output14/A (sky130_fd_sc_hd__buf_2)
     1    0.034464    0.089983    0.171370    1.395176 v output14/X (sky130_fd_sc_hd__buf_2)
                                                         gpio_out[25] (net)
                      0.089984    0.000420    1.395596 v gpio_out[25] (out)
                                              1.395596   data arrival time

                                 25.000000   25.000000   clock gpio_in[38] (rise edge)
                                  0.000000   25.000000   clock network delay (propagated)
                                 -0.250000   24.750000   clock uncertainty
                                  0.000000   24.750000   clock reconvergence pessimism
                                 -5.000000   19.750000   output external delay
                                             19.750000   data required time
---------------------------------------------------------------------------------------------
                                             19.750000   data required time
                                             -1.395596   data arrival time
---------------------------------------------------------------------------------------------
                                             18.354403   slack (MET)


Startpoint: _106_ (rising edge-triggered flip-flop clocked by gpio_in[38])
Endpoint: gpio_out[37] (output port clocked by gpio_in[38])
Path Group: gpio_in[38]
Path Type: max

Fanout         Cap        Slew       Delay        Time   Description
---------------------------------------------------------------------------------------------
                                  0.000000    0.000000   clock gpio_in[38] (rise edge)
                                  0.000000    0.000000   clock source latency
     2    0.090726    0.412544    0.299203    0.299203 ^ gpio_in[38] (in)
                                                         gpio_in[38] (net)
                      0.416241    0.000000    0.299203 ^ clkbuf_0_gpio_in[38]/A (sky130_fd_sc_hd__clkbuf_16)
     5    0.060592    0.084005    0.257875    0.557078 ^ clkbuf_0_gpio_in[38]/X (sky130_fd_sc_hd__clkbuf_16)
                                                         clknet_0_gpio_in[38] (net)
                      0.084375    0.003561    0.560638 ^ clkbuf_1_1__f_gpio_in[38]/A (sky130_fd_sc_hd__clkbuf_16)
    19    0.066215    0.083993    0.172486    0.733124 ^ clkbuf_1_1__f_gpio_in[38]/X (sky130_fd_sc_hd__clkbuf_16)
                                                         clknet_1_1__leaf_gpio_in[38] (net)
                      0.085500    0.008736    0.741860 ^ _106_/CLK (sky130_fd_sc_hd__dfrtp_1)
     2    0.005477    0.051211    0.383239    1.125100 v _106_/Q (sky130_fd_sc_hd__dfrtp_1)
                                                         gpio_22_37_output[37].cfg.gpio_out_val (net)
                      0.051211    0.000072    1.125172 v _678_/A (sky130_fd_sc_hd__clkbuf_1)
     1    0.001817    0.021560    0.084701    1.209873 v _678_/X (sky130_fd_sc_hd__clkbuf_1)
                                                         net27 (net)
                      0.021560    0.000015    1.209888 v output27/A (sky130_fd_sc_hd__buf_2)
     1    0.034420    0.089877    0.170521    1.380409 v output27/X (sky130_fd_sc_hd__buf_2)
                                                         gpio_out[37] (net)
                      0.089878    0.000418    1.380826 v gpio_out[37] (out)
                                              1.380826   data arrival time

                                 25.000000   25.000000   clock gpio_in[38] (rise edge)
                                  0.000000   25.000000   clock network delay (propagated)
                                 -0.250000   24.750000   clock uncertainty
                                  0.000000   24.750000   clock reconvergence pessimism
                                 -5.000000   19.750000   output external delay
                                             19.750000   data required time
---------------------------------------------------------------------------------------------
                                             19.750000   data required time
                                             -1.380826   data arrival time
---------------------------------------------------------------------------------------------
                                             18.369173   slack (MET)


Startpoint: resetb_l (input port clocked by gpio_in[38])
Endpoint: _094_ (recovery check against rising-edge clock gpio_in[38])
Path Group: asynchronous
Path Type: max

Fanout         Cap        Slew       Delay        Time   Description
---------------------------------------------------------------------------------------------
                                  0.000000    0.000000   clock gpio_in[38] (rise edge)
                                  0.000000    0.000000   clock network delay (propagated)
                                  5.000000    5.000000 ^ input external delay
     2    0.009036    0.047121    0.030886    5.030886 ^ resetb_l (in)
                                                         resetb_l (net)
                      0.047122    0.000000    5.030886 ^ input2/A (sky130_fd_sc_hd__buf_8)
    11    0.124235    0.198818    0.195091    5.225976 ^ input2/X (sky130_fd_sc_hd__buf_8)
                                                         net2 (net)
                      0.198818    0.000316    5.226293 ^ fanout31/A (sky130_fd_sc_hd__clkbuf_16)
    33    0.179300    0.188425    0.277834    5.504126 ^ fanout31/X (sky130_fd_sc_hd__clkbuf_16)
                                                         net31 (net)
                      0.211762    0.051202    5.555328 ^ _094_/RESET_B (sky130_fd_sc_hd__dfrtp_1)
                                              5.555328   data arrival time

                                 25.000000   25.000000   clock gpio_in[38] (rise edge)
                                  0.000000   25.000000   clock source latency
     2    0.090726    0.412544    0.299202   25.299202 ^ gpio_in[38] (in)
                                                         gpio_in[38] (net)
                      0.416241    0.000000   25.299202 ^ clkbuf_0_gpio_in[38]/A (sky130_fd_sc_hd__clkbuf_16)
     5    0.060592    0.084005    0.257876   25.557077 ^ clkbuf_0_gpio_in[38]/X (sky130_fd_sc_hd__clkbuf_16)
                                                         clknet_0_gpio_in[38] (net)
                      0.084375    0.003560   25.560637 ^ clkbuf_1_1__f_gpio_in[38]/A (sky130_fd_sc_hd__clkbuf_16)
    19    0.066215    0.083993    0.172486   25.733124 ^ clkbuf_1_1__f_gpio_in[38]/X (sky130_fd_sc_hd__clkbuf_16)
                                                         clknet_1_1__leaf_gpio_in[38] (net)
                      0.085645    0.009161   25.742283 ^ _094_/CLK (sky130_fd_sc_hd__dfrtp_1)
                                 -0.250000   25.492285   clock uncertainty
                                  0.000000   25.492285   clock reconvergence pessimism
                                  0.199895   25.692181   library recovery time
                                             25.692181   data required time
---------------------------------------------------------------------------------------------
                                             25.692181   data required time
                                             -5.555328   data arrival time
---------------------------------------------------------------------------------------------
                                             20.136850   slack (MET)


Startpoint: resetb_l (input port clocked by gpio_in[38])
Endpoint: _092_ (recovery check against rising-edge clock gpio_in[38])
Path Group: asynchronous
Path Type: max

Fanout         Cap        Slew       Delay        Time   Description
---------------------------------------------------------------------------------------------
                                  0.000000    0.000000   clock gpio_in[38] (rise edge)
                                  0.000000    0.000000   clock network delay (propagated)
                                  5.000000    5.000000 ^ input external delay
     2    0.009036    0.047121    0.030886    5.030886 ^ resetb_l (in)
                                                         resetb_l (net)
                      0.047122    0.000000    5.030886 ^ input2/A (sky130_fd_sc_hd__buf_8)
    11    0.124235    0.198818    0.195091    5.225976 ^ input2/X (sky130_fd_sc_hd__buf_8)
                                                         net2 (net)
                      0.198818    0.000316    5.226293 ^ fanout31/A (sky130_fd_sc_hd__clkbuf_16)
    33    0.179300    0.188425    0.277834    5.504126 ^ fanout31/X (sky130_fd_sc_hd__clkbuf_16)
                                                         net31 (net)
                      0.211778    0.051221    5.555347 ^ _092_/RESET_B (sky130_fd_sc_hd__dfrtp_1)
                                              5.555347   data arrival time

                                 25.000000   25.000000   clock gpio_in[38] (rise edge)
                                  0.000000   25.000000   clock source latency
     2    0.090726    0.412544    0.299202   25.299202 ^ gpio_in[38] (in)
                                                         gpio_in[38] (net)
                      0.416241    0.000000   25.299202 ^ clkbuf_0_gpio_in[38]/A (sky130_fd_sc_hd__clkbuf_16)
     5    0.060592    0.084005    0.257876   25.557077 ^ clkbuf_0_gpio_in[38]/X (sky130_fd_sc_hd__clkbuf_16)
                                                         clknet_0_gpio_in[38] (net)
                      0.084375    0.003560   25.560637 ^ clkbuf_1_1__f_gpio_in[38]/A (sky130_fd_sc_hd__clkbuf_16)
    19    0.066215    0.083993    0.172486   25.733124 ^ clkbuf_1_1__f_gpio_in[38]/X (sky130_fd_sc_hd__clkbuf_16)
                                                         clknet_1_1__leaf_gpio_in[38] (net)
                      0.085662    0.009210   25.742334 ^ _092_/CLK (sky130_fd_sc_hd__dfrtp_1)
                                 -0.250000   25.492334   clock uncertainty
                                  0.000000   25.492334   clock reconvergence pessimism
                                  0.199897   25.692232   library recovery time
                                             25.692232   data required time
---------------------------------------------------------------------------------------------
                                             25.692232   data required time
                                             -5.555347   data arrival time
---------------------------------------------------------------------------------------------
                                             20.136885   slack (MET)


Startpoint: resetb_l (input port clocked by gpio_in[38])
Endpoint: _091_ (recovery check against rising-edge clock gpio_in[38])
Path Group: asynchronous
Path Type: max

Fanout         Cap        Slew       Delay        Time   Description
---------------------------------------------------------------------------------------------
                                  0.000000    0.000000   clock gpio_in[38] (rise edge)
                                  0.000000    0.000000   clock network delay (propagated)
                                  5.000000    5.000000 ^ input external delay
     2    0.009036    0.047121    0.030886    5.030886 ^ resetb_l (in)
                                                         resetb_l (net)
                      0.047122    0.000000    5.030886 ^ input2/A (sky130_fd_sc_hd__buf_8)
    11    0.124235    0.198818    0.195091    5.225976 ^ input2/X (sky130_fd_sc_hd__buf_8)
                                                         net2 (net)
                      0.198818    0.000316    5.226293 ^ fanout31/A (sky130_fd_sc_hd__clkbuf_16)
    33    0.179300    0.188425    0.277834    5.504126 ^ fanout31/X (sky130_fd_sc_hd__clkbuf_16)
                                                         net31 (net)
                      0.211745    0.051181    5.555307 ^ _091_/RESET_B (sky130_fd_sc_hd__dfrtp_1)
                                              5.555307   data arrival time

                                 25.000000   25.000000   clock gpio_in[38] (rise edge)
                                  0.000000   25.000000   clock source latency
     2    0.090726    0.412544    0.299202   25.299202 ^ gpio_in[38] (in)
                                                         gpio_in[38] (net)
                      0.416241    0.000000   25.299202 ^ clkbuf_0_gpio_in[38]/A (sky130_fd_sc_hd__clkbuf_16)
     5    0.060592    0.084005    0.257876   25.557077 ^ clkbuf_0_gpio_in[38]/X (sky130_fd_sc_hd__clkbuf_16)
                                                         clknet_0_gpio_in[38] (net)
                      0.084375    0.003560   25.560637 ^ clkbuf_1_1__f_gpio_in[38]/A (sky130_fd_sc_hd__clkbuf_16)
    19    0.066215    0.083993    0.172486   25.733124 ^ clkbuf_1_1__f_gpio_in[38]/X (sky130_fd_sc_hd__clkbuf_16)
                                                         clknet_1_1__leaf_gpio_in[38] (net)
                      0.085662    0.009210   25.742334 ^ _091_/CLK (sky130_fd_sc_hd__dfrtp_1)
                                 -0.250000   25.492334   clock uncertainty
                                  0.000000   25.492334   clock reconvergence pessimism
                                  0.199905   25.692240   library recovery time
                                             25.692240   data required time
---------------------------------------------------------------------------------------------
                                             25.692240   data required time
                                             -5.555307   data arrival time
---------------------------------------------------------------------------------------------
                                             20.136932   slack (MET)


Startpoint: resetb_l (input port clocked by gpio_in[38])
Endpoint: _093_ (recovery check against rising-edge clock gpio_in[38])
Path Group: asynchronous
Path Type: max

Fanout         Cap        Slew       Delay        Time   Description
---------------------------------------------------------------------------------------------
                                  0.000000    0.000000   clock gpio_in[38] (rise edge)
                                  0.000000    0.000000   clock network delay (propagated)
                                  5.000000    5.000000 ^ input external delay
     2    0.009036    0.047121    0.030886    5.030886 ^ resetb_l (in)
                                                         resetb_l (net)
                      0.047122    0.000000    5.030886 ^ input2/A (sky130_fd_sc_hd__buf_8)
    11    0.124235    0.198818    0.195091    5.225976 ^ input2/X (sky130_fd_sc_hd__buf_8)
                                                         net2 (net)
                      0.198818    0.000316    5.226293 ^ fanout31/A (sky130_fd_sc_hd__clkbuf_16)
    33    0.179300    0.188425    0.277834    5.504126 ^ fanout31/X (sky130_fd_sc_hd__clkbuf_16)
                                                         net31 (net)
                      0.211694    0.051120    5.555246 ^ _093_/RESET_B (sky130_fd_sc_hd__dfrtp_1)
                                              5.555246   data arrival time

                                 25.000000   25.000000   clock gpio_in[38] (rise edge)
                                  0.000000   25.000000   clock source latency
     2    0.090726    0.412544    0.299202   25.299202 ^ gpio_in[38] (in)
                                                         gpio_in[38] (net)
                      0.416241    0.000000   25.299202 ^ clkbuf_0_gpio_in[38]/A (sky130_fd_sc_hd__clkbuf_16)
     5    0.060592    0.084005    0.257876   25.557077 ^ clkbuf_0_gpio_in[38]/X (sky130_fd_sc_hd__clkbuf_16)
                                                         clknet_0_gpio_in[38] (net)
                      0.084375    0.003560   25.560637 ^ clkbuf_1_1__f_gpio_in[38]/A (sky130_fd_sc_hd__clkbuf_16)
    19    0.066215    0.083993    0.172486   25.733124 ^ clkbuf_1_1__f_gpio_in[38]/X (sky130_fd_sc_hd__clkbuf_16)
                                                         clknet_1_1__leaf_gpio_in[38] (net)
                      0.085666    0.009221   25.742344 ^ _093_/CLK (sky130_fd_sc_hd__dfrtp_1)
                                 -0.250000   25.492346   clock uncertainty
                                  0.000000   25.492346   clock reconvergence pessimism
                                  0.199919   25.692265   library recovery time
                                             25.692265   data required time
---------------------------------------------------------------------------------------------
                                             25.692265   data required time
                                             -5.555246   data arrival time
---------------------------------------------------------------------------------------------
                                             20.137020   slack (MET)


Startpoint: resetb_l (input port clocked by gpio_in[38])
Endpoint: _095_ (recovery check against rising-edge clock gpio_in[38])
Path Group: asynchronous
Path Type: max

Fanout         Cap        Slew       Delay        Time   Description
---------------------------------------------------------------------------------------------
                                  0.000000    0.000000   clock gpio_in[38] (rise edge)
                                  0.000000    0.000000   clock network delay (propagated)
                                  5.000000    5.000000 ^ input external delay
     2    0.009036    0.047121    0.030886    5.030886 ^ resetb_l (in)
                                                         resetb_l (net)
                      0.047122    0.000000    5.030886 ^ input2/A (sky130_fd_sc_hd__buf_8)
    11    0.124235    0.198818    0.195091    5.225976 ^ input2/X (sky130_fd_sc_hd__buf_8)
                                                         net2 (net)
                      0.198818    0.000316    5.226293 ^ fanout31/A (sky130_fd_sc_hd__clkbuf_16)
    33    0.179300    0.188425    0.277834    5.504126 ^ fanout31/X (sky130_fd_sc_hd__clkbuf_16)
                                                         net31 (net)
                      0.189565    0.011184    5.515310 ^ _095_/RESET_B (sky130_fd_sc_hd__dfrtp_2)
                                              5.515310   data arrival time

                                 25.000000   25.000000   clock gpio_in[38] (rise edge)
                                  0.000000   25.000000   clock source latency
     2    0.090726    0.412544    0.299202   25.299202 ^ gpio_in[38] (in)
                                                         gpio_in[38] (net)
                      0.416241    0.000000   25.299202 ^ clkbuf_0_gpio_in[38]/A (sky130_fd_sc_hd__clkbuf_16)
     5    0.060592    0.084005    0.257876   25.557077 ^ clkbuf_0_gpio_in[38]/X (sky130_fd_sc_hd__clkbuf_16)
                                                         clknet_0_gpio_in[38] (net)
                      0.084390    0.003672   25.560749 ^ clkbuf_1_0__f_gpio_in[38]/A (sky130_fd_sc_hd__clkbuf_16)
    25    0.077277    0.095564    0.177632   25.738380 ^ clkbuf_1_0__f_gpio_in[38]/X (sky130_fd_sc_hd__clkbuf_16)
                                                         clknet_1_0__leaf_gpio_in[38] (net)
                      0.097740    0.011241   25.749622 ^ _095_/CLK (sky130_fd_sc_hd__dfrtp_2)
                                 -0.250000   25.499622   clock uncertainty
                                  0.000000   25.499622   clock reconvergence pessimism
                                  0.192622   25.692244   library recovery time
                                             25.692244   data required time
---------------------------------------------------------------------------------------------
                                             25.692244   data required time
                                             -5.515310   data arrival time
---------------------------------------------------------------------------------------------
                                             20.176935   slack (MET)


Startpoint: resetb_l (input port clocked by gpio_in[38])
Endpoint: _087_ (recovery check against rising-edge clock gpio_in[38])
Path Group: asynchronous
Path Type: max

Fanout         Cap        Slew       Delay        Time   Description
---------------------------------------------------------------------------------------------
                                  0.000000    0.000000   clock gpio_in[38] (rise edge)
                                  0.000000    0.000000   clock network delay (propagated)
                                  5.000000    5.000000 ^ input external delay
     2    0.009036    0.047121    0.030886    5.030886 ^ resetb_l (in)
                                                         resetb_l (net)
                      0.047122    0.000000    5.030886 ^ input2/A (sky130_fd_sc_hd__buf_8)
    11    0.124235    0.198818    0.195091    5.225976 ^ input2/X (sky130_fd_sc_hd__buf_8)
                                                         net2 (net)
                      0.198818    0.000316    5.226293 ^ fanout31/A (sky130_fd_sc_hd__clkbuf_16)
    33    0.179300    0.188425    0.277834    5.504126 ^ fanout31/X (sky130_fd_sc_hd__clkbuf_16)
                                                         net31 (net)
                      0.188904    0.007485    5.511611 ^ _087_/RESET_B (sky130_fd_sc_hd__dfrtp_2)
                                              5.511611   data arrival time

                                 25.000000   25.000000   clock gpio_in[38] (rise edge)
                                  0.000000   25.000000   clock source latency
     2    0.090726    0.412544    0.299202   25.299202 ^ gpio_in[38] (in)
                                                         gpio_in[38] (net)
                      0.416241    0.000000   25.299202 ^ clkbuf_0_gpio_in[38]/A (sky130_fd_sc_hd__clkbuf_16)
     5    0.060592    0.084005    0.257876   25.557077 ^ clkbuf_0_gpio_in[38]/X (sky130_fd_sc_hd__clkbuf_16)
                                                         clknet_0_gpio_in[38] (net)
                      0.084390    0.003672   25.560749 ^ clkbuf_1_0__f_gpio_in[38]/A (sky130_fd_sc_hd__clkbuf_16)
    25    0.077277    0.095564    0.177632   25.738380 ^ clkbuf_1_0__f_gpio_in[38]/X (sky130_fd_sc_hd__clkbuf_16)
                                                         clknet_1_0__leaf_gpio_in[38] (net)
                      0.098329    0.012667   25.751049 ^ _087_/CLK (sky130_fd_sc_hd__dfrtp_2)
                                 -0.250000   25.501049   clock uncertainty
                                  0.000000   25.501049   clock reconvergence pessimism
                                  0.193002   25.694052   library recovery time
                                             25.694052   data required time
---------------------------------------------------------------------------------------------
                                             25.694052   data required time
                                             -5.511611   data arrival time
---------------------------------------------------------------------------------------------
                                             20.182442   slack (MET)


Startpoint: resetb_l (input port clocked by gpio_in[38])
Endpoint: _098_ (recovery check against rising-edge clock gpio_in[38])
Path Group: asynchronous
Path Type: max

Fanout         Cap        Slew       Delay        Time   Description
---------------------------------------------------------------------------------------------
                                  0.000000    0.000000   clock gpio_in[38] (rise edge)
                                  0.000000    0.000000   clock network delay (propagated)
                                  5.000000    5.000000 ^ input external delay
     2    0.009036    0.047121    0.030886    5.030886 ^ resetb_l (in)
                                                         resetb_l (net)
                      0.047122    0.000000    5.030886 ^ input2/A (sky130_fd_sc_hd__buf_8)
    11    0.124235    0.198818    0.195091    5.225976 ^ input2/X (sky130_fd_sc_hd__buf_8)
                                                         net2 (net)
                      0.198818    0.000316    5.226293 ^ fanout31/A (sky130_fd_sc_hd__clkbuf_16)
    33    0.179300    0.188425    0.277834    5.504126 ^ fanout31/X (sky130_fd_sc_hd__clkbuf_16)
                                                         net31 (net)
                      0.189122    0.008902    5.513028 ^ _098_/RESET_B (sky130_fd_sc_hd__dfrtp_1)
                                              5.513028   data arrival time

                                 25.000000   25.000000   clock gpio_in[38] (rise edge)
                                  0.000000   25.000000   clock source latency
     2    0.090726    0.412544    0.299202   25.299202 ^ gpio_in[38] (in)
                                                         gpio_in[38] (net)
                      0.416241    0.000000   25.299202 ^ clkbuf_0_gpio_in[38]/A (sky130_fd_sc_hd__clkbuf_16)
     5    0.060592    0.084005    0.257876   25.557077 ^ clkbuf_0_gpio_in[38]/X (sky130_fd_sc_hd__clkbuf_16)
                                                         clknet_0_gpio_in[38] (net)
                      0.084390    0.003672   25.560749 ^ clkbuf_1_0__f_gpio_in[38]/A (sky130_fd_sc_hd__clkbuf_16)
    25    0.077277    0.095564    0.177632   25.738380 ^ clkbuf_1_0__f_gpio_in[38]/X (sky130_fd_sc_hd__clkbuf_16)
                                                         clknet_1_0__leaf_gpio_in[38] (net)
                      0.098158    0.012268   25.750648 ^ _098_/CLK (sky130_fd_sc_hd__dfrtp_1)
                                 -0.250000   25.500648   clock uncertainty
                                  0.000000   25.500648   clock reconvergence pessimism
                                  0.209629   25.710279   library recovery time
                                             25.710279   data required time
---------------------------------------------------------------------------------------------
                                             25.710279   data required time
                                             -5.513028   data arrival time
---------------------------------------------------------------------------------------------
                                             20.197250   slack (MET)


Startpoint: resetb_l (input port clocked by gpio_in[38])
Endpoint: _097_ (recovery check against rising-edge clock gpio_in[38])
Path Group: asynchronous
Path Type: max

Fanout         Cap        Slew       Delay        Time   Description
---------------------------------------------------------------------------------------------
                                  0.000000    0.000000   clock gpio_in[38] (rise edge)
                                  0.000000    0.000000   clock network delay (propagated)
                                  5.000000    5.000000 ^ input external delay
     2    0.009036    0.047121    0.030886    5.030886 ^ resetb_l (in)
                                                         resetb_l (net)
                      0.047122    0.000000    5.030886 ^ input2/A (sky130_fd_sc_hd__buf_8)
    11    0.124235    0.198818    0.195091    5.225976 ^ input2/X (sky130_fd_sc_hd__buf_8)
                                                         net2 (net)
                      0.198818    0.000316    5.226293 ^ fanout31/A (sky130_fd_sc_hd__clkbuf_16)
    33    0.179300    0.188425    0.277834    5.504126 ^ fanout31/X (sky130_fd_sc_hd__clkbuf_16)
                                                         net31 (net)
                      0.189134    0.008972    5.513099 ^ _097_/RESET_B (sky130_fd_sc_hd__dfrtp_1)
                                              5.513099   data arrival time

                                 25.000000   25.000000   clock gpio_in[38] (rise edge)
                                  0.000000   25.000000   clock source latency
     2    0.090726    0.412544    0.299202   25.299202 ^ gpio_in[38] (in)
                                                         gpio_in[38] (net)
                      0.416241    0.000000   25.299202 ^ clkbuf_0_gpio_in[38]/A (sky130_fd_sc_hd__clkbuf_16)
     5    0.060592    0.084005    0.257876   25.557077 ^ clkbuf_0_gpio_in[38]/X (sky130_fd_sc_hd__clkbuf_16)
                                                         clknet_0_gpio_in[38] (net)
                      0.084390    0.003672   25.560749 ^ clkbuf_1_0__f_gpio_in[38]/A (sky130_fd_sc_hd__clkbuf_16)
    25    0.077277    0.095564    0.177632   25.738380 ^ clkbuf_1_0__f_gpio_in[38]/X (sky130_fd_sc_hd__clkbuf_16)
                                                         clknet_1_0__leaf_gpio_in[38] (net)
                      0.098243    0.012466   25.750847 ^ _097_/CLK (sky130_fd_sc_hd__dfrtp_1)
                                 -0.250000   25.500849   clock uncertainty
                                  0.000000   25.500849   clock reconvergence pessimism
                                  0.209652   25.710501   library recovery time
                                             25.710501   data required time
---------------------------------------------------------------------------------------------
                                             25.710501   data required time
                                             -5.513099   data arrival time
---------------------------------------------------------------------------------------------
                                             20.197401   slack (MET)


Startpoint: resetb_l (input port clocked by gpio_in[38])
Endpoint: _096_ (recovery check against rising-edge clock gpio_in[38])
Path Group: asynchronous
Path Type: max

Fanout         Cap        Slew       Delay        Time   Description
---------------------------------------------------------------------------------------------
                                  0.000000    0.000000   clock gpio_in[38] (rise edge)
                                  0.000000    0.000000   clock network delay (propagated)
                                  5.000000    5.000000 ^ input external delay
     2    0.009036    0.047121    0.030886    5.030886 ^ resetb_l (in)
                                                         resetb_l (net)
                      0.047122    0.000000    5.030886 ^ input2/A (sky130_fd_sc_hd__buf_8)
    11    0.124235    0.198818    0.195091    5.225976 ^ input2/X (sky130_fd_sc_hd__buf_8)
                                                         net2 (net)
                      0.198818    0.000316    5.226293 ^ fanout31/A (sky130_fd_sc_hd__clkbuf_16)
    33    0.179300    0.188425    0.277834    5.504126 ^ fanout31/X (sky130_fd_sc_hd__clkbuf_16)
                                                         net31 (net)
                      0.189129    0.008943    5.513069 ^ _096_/RESET_B (sky130_fd_sc_hd__dfrtp_1)
                                              5.513069   data arrival time

                                 25.000000   25.000000   clock gpio_in[38] (rise edge)
                                  0.000000   25.000000   clock source latency
     2    0.090726    0.412544    0.299202   25.299202 ^ gpio_in[38] (in)
                                                         gpio_in[38] (net)
                      0.416241    0.000000   25.299202 ^ clkbuf_0_gpio_in[38]/A (sky130_fd_sc_hd__clkbuf_16)
     5    0.060592    0.084005    0.257876   25.557077 ^ clkbuf_0_gpio_in[38]/X (sky130_fd_sc_hd__clkbuf_16)
                                                         clknet_0_gpio_in[38] (net)
                      0.084390    0.003672   25.560749 ^ clkbuf_1_0__f_gpio_in[38]/A (sky130_fd_sc_hd__clkbuf_16)
    25    0.077277    0.095564    0.177632   25.738380 ^ clkbuf_1_0__f_gpio_in[38]/X (sky130_fd_sc_hd__clkbuf_16)
                                                         clknet_1_0__leaf_gpio_in[38] (net)
                      0.098248    0.012479   25.750860 ^ _096_/CLK (sky130_fd_sc_hd__dfrtp_1)
                                 -0.250000   25.500860   clock uncertainty
                                  0.000000   25.500860   clock reconvergence pessimism
                                  0.209655   25.710516   library recovery time
                                             25.710516   data required time
---------------------------------------------------------------------------------------------
                                             25.710516   data required time
                                             -5.513069   data arrival time
---------------------------------------------------------------------------------------------
                                             20.197447   slack (MET)


Startpoint: resetb_l (input port clocked by gpio_in[38])
Endpoint: _088_ (recovery check against rising-edge clock gpio_in[38])
Path Group: asynchronous
Path Type: max

Fanout         Cap        Slew       Delay        Time   Description
---------------------------------------------------------------------------------------------
                                  0.000000    0.000000   clock gpio_in[38] (rise edge)
                                  0.000000    0.000000   clock network delay (propagated)
                                  5.000000    5.000000 ^ input external delay
     2    0.009036    0.047121    0.030886    5.030886 ^ resetb_l (in)
                                                         resetb_l (net)
                      0.047122    0.000000    5.030886 ^ input2/A (sky130_fd_sc_hd__buf_8)
    11    0.124235    0.198818    0.195091    5.225976 ^ input2/X (sky130_fd_sc_hd__buf_8)
                                                         net2 (net)
                      0.198818    0.000316    5.226293 ^ fanout31/A (sky130_fd_sc_hd__clkbuf_16)
    33    0.179300    0.188425    0.277834    5.504126 ^ fanout31/X (sky130_fd_sc_hd__clkbuf_16)
                                                         net31 (net)
                      0.188803    0.006710    5.510836 ^ _088_/RESET_B (sky130_fd_sc_hd__dfrtp_1)
                                              5.510836   data arrival time

                                 25.000000   25.000000   clock gpio_in[38] (rise edge)
                                  0.000000   25.000000   clock source latency
     2    0.090726    0.412544    0.299202   25.299202 ^ gpio_in[38] (in)
                                                         gpio_in[38] (net)
                      0.416241    0.000000   25.299202 ^ clkbuf_0_gpio_in[38]/A (sky130_fd_sc_hd__clkbuf_16)
     5    0.060592    0.084005    0.257876   25.557077 ^ clkbuf_0_gpio_in[38]/X (sky130_fd_sc_hd__clkbuf_16)
                                                         clknet_0_gpio_in[38] (net)
                      0.084390    0.003672   25.560749 ^ clkbuf_1_0__f_gpio_in[38]/A (sky130_fd_sc_hd__clkbuf_16)
    25    0.077277    0.095564    0.177632   25.738380 ^ clkbuf_1_0__f_gpio_in[38]/X (sky130_fd_sc_hd__clkbuf_16)
                                                         clknet_1_0__leaf_gpio_in[38] (net)
                      0.098399    0.012827   25.751207 ^ _088_/CLK (sky130_fd_sc_hd__dfrtp_1)
                                 -0.250000   25.501209   clock uncertainty
                                  0.000000   25.501209   clock reconvergence pessimism
                                  0.209786   25.710995   library recovery time
                                             25.710995   data required time
---------------------------------------------------------------------------------------------
                                             25.710995   data required time
                                             -5.510836   data arrival time
---------------------------------------------------------------------------------------------
                                             20.200159   slack (MET)


Startpoint: resetb_l (input port clocked by gpio_in[38])
Endpoint: _090_ (recovery check against rising-edge clock gpio_in[38])
Path Group: asynchronous
Path Type: max

Fanout         Cap        Slew       Delay        Time   Description
---------------------------------------------------------------------------------------------
                                  0.000000    0.000000   clock gpio_in[38] (rise edge)
                                  0.000000    0.000000   clock network delay (propagated)
                                  5.000000    5.000000 ^ input external delay
     2    0.009036    0.047121    0.030886    5.030886 ^ resetb_l (in)
                                                         resetb_l (net)
                      0.047122    0.000000    5.030886 ^ input2/A (sky130_fd_sc_hd__buf_8)
    11    0.124235    0.198818    0.195091    5.225976 ^ input2/X (sky130_fd_sc_hd__buf_8)
                                                         net2 (net)
                      0.198818    0.000316    5.226293 ^ fanout31/A (sky130_fd_sc_hd__clkbuf_16)
    33    0.179300    0.188425    0.277834    5.504126 ^ fanout31/X (sky130_fd_sc_hd__clkbuf_16)
                                                         net31 (net)
                      0.188677    0.005544    5.509671 ^ _090_/RESET_B (sky130_fd_sc_hd__dfrtp_1)
                                              5.509671   data arrival time

                                 25.000000   25.000000   clock gpio_in[38] (rise edge)
                                  0.000000   25.000000   clock source latency
     2    0.090726    0.412544    0.299202   25.299202 ^ gpio_in[38] (in)
                                                         gpio_in[38] (net)
                      0.416241    0.000000   25.299202 ^ clkbuf_0_gpio_in[38]/A (sky130_fd_sc_hd__clkbuf_16)
     5    0.060592    0.084005    0.257876   25.557077 ^ clkbuf_0_gpio_in[38]/X (sky130_fd_sc_hd__clkbuf_16)
                                                         clknet_0_gpio_in[38] (net)
                      0.084390    0.003672   25.560749 ^ clkbuf_1_0__f_gpio_in[38]/A (sky130_fd_sc_hd__clkbuf_16)
    25    0.077277    0.095564    0.177632   25.738380 ^ clkbuf_1_0__f_gpio_in[38]/X (sky130_fd_sc_hd__clkbuf_16)
                                                         clknet_1_0__leaf_gpio_in[38] (net)
                      0.098514    0.013088   25.751469 ^ _090_/CLK (sky130_fd_sc_hd__dfrtp_1)
                                 -0.250000   25.501471   clock uncertainty
                                  0.000000   25.501471   clock reconvergence pessimism
                                  0.209855   25.711325   library recovery time
                                             25.711325   data required time
---------------------------------------------------------------------------------------------
                                             25.711325   data required time
                                             -5.509671   data arrival time
---------------------------------------------------------------------------------------------
                                             20.201654   slack (MET)


Startpoint: resetb_l (input port clocked by gpio_in[38])
Endpoint: _089_ (recovery check against rising-edge clock gpio_in[38])
Path Group: asynchronous
Path Type: max

Fanout         Cap        Slew       Delay        Time   Description
---------------------------------------------------------------------------------------------
                                  0.000000    0.000000   clock gpio_in[38] (rise edge)
                                  0.000000    0.000000   clock network delay (propagated)
                                  5.000000    5.000000 ^ input external delay
     2    0.009036    0.047121    0.030886    5.030886 ^ resetb_l (in)
                                                         resetb_l (net)
                      0.047122    0.000000    5.030886 ^ input2/A (sky130_fd_sc_hd__buf_8)
    11    0.124235    0.198818    0.195091    5.225976 ^ input2/X (sky130_fd_sc_hd__buf_8)
                                                         net2 (net)
                      0.198818    0.000316    5.226293 ^ fanout31/A (sky130_fd_sc_hd__clkbuf_16)
    33    0.179300    0.188425    0.277834    5.504126 ^ fanout31/X (sky130_fd_sc_hd__clkbuf_16)
                                                         net31 (net)
                      0.188581    0.004418    5.508544 ^ _089_/RESET_B (sky130_fd_sc_hd__dfrtp_1)
                                              5.508544   data arrival time

                                 25.000000   25.000000   clock gpio_in[38] (rise edge)
                                  0.000000   25.000000   clock source latency
     2    0.090726    0.412544    0.299202   25.299202 ^ gpio_in[38] (in)
                                                         gpio_in[38] (net)
                      0.416241    0.000000   25.299202 ^ clkbuf_0_gpio_in[38]/A (sky130_fd_sc_hd__clkbuf_16)
     5    0.060592    0.084005    0.257876   25.557077 ^ clkbuf_0_gpio_in[38]/X (sky130_fd_sc_hd__clkbuf_16)
                                                         clknet_0_gpio_in[38] (net)
                      0.084390    0.003672   25.560749 ^ clkbuf_1_0__f_gpio_in[38]/A (sky130_fd_sc_hd__clkbuf_16)
    25    0.077277    0.095564    0.177632   25.738380 ^ clkbuf_1_0__f_gpio_in[38]/X (sky130_fd_sc_hd__clkbuf_16)
                                                         clknet_1_0__leaf_gpio_in[38] (net)
                      0.098594    0.013264   25.751646 ^ _089_/CLK (sky130_fd_sc_hd__dfrtp_1)
                                 -0.250000   25.501646   clock uncertainty
                                  0.000000   25.501646   clock reconvergence pessimism
                                  0.209904   25.711550   library recovery time
                                             25.711550   data required time
---------------------------------------------------------------------------------------------
                                             25.711550   data required time
                                             -5.508544   data arrival time
---------------------------------------------------------------------------------------------
                                             20.203005   slack (MET)


Startpoint: resetb_l (input port clocked by gpio_in[38])
Endpoint: _099_ (recovery check against rising-edge clock gpio_in[38])
Path Group: asynchronous
Path Type: max

Fanout         Cap        Slew       Delay        Time   Description
---------------------------------------------------------------------------------------------
                                  0.000000    0.000000   clock gpio_in[38] (rise edge)
                                  0.000000    0.000000   clock network delay (propagated)
                                  5.000000    5.000000 ^ input external delay
     2    0.009036    0.047121    0.030886    5.030886 ^ resetb_l (in)
                                                         resetb_l (net)
                      0.047122    0.000000    5.030886 ^ input2/A (sky130_fd_sc_hd__buf_8)
    11    0.124235    0.198818    0.195091    5.225976 ^ input2/X (sky130_fd_sc_hd__buf_8)
                                                         net2 (net)
                      0.198818    0.000316    5.226293 ^ fanout31/A (sky130_fd_sc_hd__clkbuf_16)
    33    0.179300    0.188425    0.277834    5.504126 ^ fanout31/X (sky130_fd_sc_hd__clkbuf_16)
                                                         net31 (net)
                      0.188481    0.002711    5.506837 ^ _099_/RESET_B (sky130_fd_sc_hd__dfrtp_1)
                                              5.506837   data arrival time

                                 25.000000   25.000000   clock gpio_in[38] (rise edge)
                                  0.000000   25.000000   clock source latency
     2    0.090726    0.412544    0.299202   25.299202 ^ gpio_in[38] (in)
                                                         gpio_in[38] (net)
                      0.416241    0.000000   25.299202 ^ clkbuf_0_gpio_in[38]/A (sky130_fd_sc_hd__clkbuf_16)
     5    0.060592    0.084005    0.257876   25.557077 ^ clkbuf_0_gpio_in[38]/X (sky130_fd_sc_hd__clkbuf_16)
                                                         clknet_0_gpio_in[38] (net)
                      0.084390    0.003672   25.560749 ^ clkbuf_1_0__f_gpio_in[38]/A (sky130_fd_sc_hd__clkbuf_16)
    25    0.077277    0.095564    0.177632   25.738380 ^ clkbuf_1_0__f_gpio_in[38]/X (sky130_fd_sc_hd__clkbuf_16)
                                                         clknet_1_0__leaf_gpio_in[38] (net)
                      0.098660    0.013411   25.751793 ^ _099_/CLK (sky130_fd_sc_hd__dfrtp_1)
                                 -0.250000   25.501793   clock uncertainty
                                  0.000000   25.501793   clock reconvergence pessimism
                                  0.209950   25.711744   library recovery time
                                             25.711744   data required time
---------------------------------------------------------------------------------------------
                                             25.711744   data required time
                                             -5.506837   data arrival time
---------------------------------------------------------------------------------------------
                                             20.204908   slack (MET)


Startpoint: resetb_l (input port clocked by gpio_in[38])
Endpoint: _100_ (recovery check against rising-edge clock gpio_in[38])
Path Group: asynchronous
Path Type: max

Fanout         Cap        Slew       Delay        Time   Description
---------------------------------------------------------------------------------------------
                                  0.000000    0.000000   clock gpio_in[38] (rise edge)
                                  0.000000    0.000000   clock network delay (propagated)
                                  5.000000    5.000000 ^ input external delay
     2    0.009036    0.047121    0.030886    5.030886 ^ resetb_l (in)
                                                         resetb_l (net)
                      0.047122    0.000000    5.030886 ^ input2/A (sky130_fd_sc_hd__buf_8)
    11    0.124235    0.198818    0.195091    5.225976 ^ input2/X (sky130_fd_sc_hd__buf_8)
                                                         net2 (net)
                      0.198818    0.000316    5.226293 ^ fanout31/A (sky130_fd_sc_hd__clkbuf_16)
    33    0.179300    0.188425    0.277834    5.504126 ^ fanout31/X (sky130_fd_sc_hd__clkbuf_16)
                                                         net31 (net)
                      0.188452    0.001882    5.506009 ^ _100_/RESET_B (sky130_fd_sc_hd__dfrtp_1)
                                              5.506009   data arrival time

                                 25.000000   25.000000   clock gpio_in[38] (rise edge)
                                  0.000000   25.000000   clock source latency
     2    0.090726    0.412544    0.299202   25.299202 ^ gpio_in[38] (in)
                                                         gpio_in[38] (net)
                      0.416241    0.000000   25.299202 ^ clkbuf_0_gpio_in[38]/A (sky130_fd_sc_hd__clkbuf_16)
     5    0.060592    0.084005    0.257876   25.557077 ^ clkbuf_0_gpio_in[38]/X (sky130_fd_sc_hd__clkbuf_16)
                                                         clknet_0_gpio_in[38] (net)
                      0.084390    0.003672   25.560749 ^ clkbuf_1_0__f_gpio_in[38]/A (sky130_fd_sc_hd__clkbuf_16)
    25    0.077277    0.095564    0.177632   25.738380 ^ clkbuf_1_0__f_gpio_in[38]/X (sky130_fd_sc_hd__clkbuf_16)
                                                         clknet_1_0__leaf_gpio_in[38] (net)
                      0.098716    0.013532   25.751913 ^ _100_/CLK (sky130_fd_sc_hd__dfrtp_1)
                                 -0.250000   25.501915   clock uncertainty
                                  0.000000   25.501915   clock reconvergence pessimism
                                  0.209975   25.711891   library recovery time
                                             25.711891   data required time
---------------------------------------------------------------------------------------------
                                             25.711891   data required time
                                             -5.506009   data arrival time
---------------------------------------------------------------------------------------------
                                             20.205881   slack (MET)


Startpoint: resetb_l (input port clocked by gpio_in[38])
Endpoint: _102_ (recovery check against rising-edge clock gpio_in[38])
Path Group: asynchronous
Path Type: max

Fanout         Cap        Slew       Delay        Time   Description
---------------------------------------------------------------------------------------------
                                  0.000000    0.000000   clock gpio_in[38] (rise edge)
                                  0.000000    0.000000   clock network delay (propagated)
                                  5.000000    5.000000 ^ input external delay
     2    0.009036    0.047121    0.030886    5.030886 ^ resetb_l (in)
                                                         resetb_l (net)
                      0.047122    0.000000    5.030886 ^ input2/A (sky130_fd_sc_hd__buf_8)
    11    0.124235    0.198818    0.195091    5.225976 ^ input2/X (sky130_fd_sc_hd__buf_8)
                                                         net2 (net)
                      0.198818    0.000316    5.226293 ^ fanout31/A (sky130_fd_sc_hd__clkbuf_16)
    33    0.179300    0.188425    0.277834    5.504126 ^ fanout31/X (sky130_fd_sc_hd__clkbuf_16)
                                                         net31 (net)
                      0.188439    0.001380    5.505506 ^ _102_/RESET_B (sky130_fd_sc_hd__dfrtp_1)
                                              5.505506   data arrival time

                                 25.000000   25.000000   clock gpio_in[38] (rise edge)
                                  0.000000   25.000000   clock source latency
     2    0.090726    0.412544    0.299202   25.299202 ^ gpio_in[38] (in)
                                                         gpio_in[38] (net)
                      0.416241    0.000000   25.299202 ^ clkbuf_0_gpio_in[38]/A (sky130_fd_sc_hd__clkbuf_16)
     5    0.060592    0.084005    0.257876   25.557077 ^ clkbuf_0_gpio_in[38]/X (sky130_fd_sc_hd__clkbuf_16)
                                                         clknet_0_gpio_in[38] (net)
                      0.084390    0.003672   25.560749 ^ clkbuf_1_0__f_gpio_in[38]/A (sky130_fd_sc_hd__clkbuf_16)
    25    0.077277    0.095564    0.177632   25.738380 ^ clkbuf_1_0__f_gpio_in[38]/X (sky130_fd_sc_hd__clkbuf_16)
                                                         clknet_1_0__leaf_gpio_in[38] (net)
                      0.098674    0.013442   25.751823 ^ _102_/CLK (sky130_fd_sc_hd__dfrtp_1)
                                 -0.250000   25.501823   clock uncertainty
                                  0.000000   25.501823   clock reconvergence pessimism
                                  0.209966   25.711788   library recovery time
                                             25.711788   data required time
---------------------------------------------------------------------------------------------
                                             25.711788   data required time
                                             -5.505506   data arrival time
---------------------------------------------------------------------------------------------
                                             20.206284   slack (MET)


Startpoint: resetb_l (input port clocked by gpio_in[38])
Endpoint: _101_ (recovery check against rising-edge clock gpio_in[38])
Path Group: asynchronous
Path Type: max

Fanout         Cap        Slew       Delay        Time   Description
---------------------------------------------------------------------------------------------
                                  0.000000    0.000000   clock gpio_in[38] (rise edge)
                                  0.000000    0.000000   clock network delay (propagated)
                                  5.000000    5.000000 ^ input external delay
     2    0.009036    0.047121    0.030886    5.030886 ^ resetb_l (in)
                                                         resetb_l (net)
                      0.047122    0.000000    5.030886 ^ input2/A (sky130_fd_sc_hd__buf_8)
    11    0.124235    0.198818    0.195091    5.225976 ^ input2/X (sky130_fd_sc_hd__buf_8)
                                                         net2 (net)
                      0.198818    0.000316    5.226293 ^ fanout31/A (sky130_fd_sc_hd__clkbuf_16)
    33    0.179300    0.188425    0.277834    5.504126 ^ fanout31/X (sky130_fd_sc_hd__clkbuf_16)
                                                         net31 (net)
                      0.188433    0.001060    5.505187 ^ _101_/RESET_B (sky130_fd_sc_hd__dfrtp_1)
                                              5.505187   data arrival time

                                 25.000000   25.000000   clock gpio_in[38] (rise edge)
                                  0.000000   25.000000   clock source latency
     2    0.090726    0.412544    0.299202   25.299202 ^ gpio_in[38] (in)
                                                         gpio_in[38] (net)
                      0.416241    0.000000   25.299202 ^ clkbuf_0_gpio_in[38]/A (sky130_fd_sc_hd__clkbuf_16)
     5    0.060592    0.084005    0.257876   25.557077 ^ clkbuf_0_gpio_in[38]/X (sky130_fd_sc_hd__clkbuf_16)
                                                         clknet_0_gpio_in[38] (net)
                      0.084390    0.003672   25.560749 ^ clkbuf_1_0__f_gpio_in[38]/A (sky130_fd_sc_hd__clkbuf_16)
    25    0.077277    0.095564    0.177632   25.738380 ^ clkbuf_1_0__f_gpio_in[38]/X (sky130_fd_sc_hd__clkbuf_16)
                                                         clknet_1_0__leaf_gpio_in[38] (net)
                      0.098704    0.013507   25.751888 ^ _101_/CLK (sky130_fd_sc_hd__dfrtp_1)
                                 -0.250000   25.501890   clock uncertainty
                                  0.000000   25.501890   clock reconvergence pessimism
                                  0.209976   25.711864   library recovery time
                                             25.711864   data required time
---------------------------------------------------------------------------------------------
                                             25.711864   data required time
                                             -5.505187   data arrival time
---------------------------------------------------------------------------------------------
                                             20.206678   slack (MET)


Startpoint: resetb_l (input port clocked by gpio_in[38])
Endpoint: _106_ (recovery check against rising-edge clock gpio_in[38])
Path Group: asynchronous
Path Type: max

Fanout         Cap        Slew       Delay        Time   Description
---------------------------------------------------------------------------------------------
                                  0.000000    0.000000   clock gpio_in[38] (rise edge)
                                  0.000000    0.000000   clock network delay (propagated)
                                  5.000000    5.000000 ^ input external delay
     2    0.009036    0.047121    0.030886    5.030886 ^ resetb_l (in)
                                                         resetb_l (net)
                      0.047122    0.000000    5.030886 ^ input2/A (sky130_fd_sc_hd__buf_8)
    11    0.124235    0.198818    0.195091    5.225976 ^ input2/X (sky130_fd_sc_hd__buf_8)
                                                         net2 (net)
                      0.219120    0.048241    5.274217 ^ _106_/RESET_B (sky130_fd_sc_hd__dfrtp_1)
                                              5.274217   data arrival time

                                 25.000000   25.000000   clock gpio_in[38] (rise edge)
                                  0.000000   25.000000   clock source latency
     2    0.090726    0.412544    0.299202   25.299202 ^ gpio_in[38] (in)
                                                         gpio_in[38] (net)
                      0.416241    0.000000   25.299202 ^ clkbuf_0_gpio_in[38]/A (sky130_fd_sc_hd__clkbuf_16)
     5    0.060592    0.084005    0.257876   25.557077 ^ clkbuf_0_gpio_in[38]/X (sky130_fd_sc_hd__clkbuf_16)
                                                         clknet_0_gpio_in[38] (net)
                      0.084375    0.003560   25.560637 ^ clkbuf_1_1__f_gpio_in[38]/A (sky130_fd_sc_hd__clkbuf_16)
    19    0.066215    0.083993    0.172486   25.733124 ^ clkbuf_1_1__f_gpio_in[38]/X (sky130_fd_sc_hd__clkbuf_16)
                                                         clknet_1_1__leaf_gpio_in[38] (net)
                      0.085500    0.008736   25.741859 ^ _106_/CLK (sky130_fd_sc_hd__dfrtp_1)
                                 -0.250000   25.491859   clock uncertainty
                                  0.000000   25.491859   clock reconvergence pessimism
                                  0.197957   25.689817   library recovery time
                                             25.689817   data required time
---------------------------------------------------------------------------------------------
                                             25.689817   data required time
                                             -5.274217   data arrival time
---------------------------------------------------------------------------------------------
                                             20.415600   slack (MET)


Startpoint: resetb_l (input port clocked by gpio_in[38])
Endpoint: _103_ (recovery check against rising-edge clock gpio_in[38])
Path Group: asynchronous
Path Type: max

Fanout         Cap        Slew       Delay        Time   Description
---------------------------------------------------------------------------------------------
                                  0.000000    0.000000   clock gpio_in[38] (rise edge)
                                  0.000000    0.000000   clock network delay (propagated)
                                  5.000000    5.000000 ^ input external delay
     2    0.009036    0.047121    0.030886    5.030886 ^ resetb_l (in)
                                                         resetb_l (net)
                      0.047122    0.000000    5.030886 ^ input2/A (sky130_fd_sc_hd__buf_8)
    11    0.124235    0.198818    0.195091    5.225976 ^ input2/X (sky130_fd_sc_hd__buf_8)
                                                         net2 (net)
                      0.219098    0.048213    5.274189 ^ _103_/RESET_B (sky130_fd_sc_hd__dfrtp_1)
                                              5.274189   data arrival time

                                 25.000000   25.000000   clock gpio_in[38] (rise edge)
                                  0.000000   25.000000   clock source latency
     2    0.090726    0.412544    0.299202   25.299202 ^ gpio_in[38] (in)
                                                         gpio_in[38] (net)
                      0.416241    0.000000   25.299202 ^ clkbuf_0_gpio_in[38]/A (sky130_fd_sc_hd__clkbuf_16)
     5    0.060592    0.084005    0.257876   25.557077 ^ clkbuf_0_gpio_in[38]/X (sky130_fd_sc_hd__clkbuf_16)
                                                         clknet_0_gpio_in[38] (net)
                      0.084375    0.003560   25.560637 ^ clkbuf_1_1__f_gpio_in[38]/A (sky130_fd_sc_hd__clkbuf_16)
    19    0.066215    0.083993    0.172486   25.733124 ^ clkbuf_1_1__f_gpio_in[38]/X (sky130_fd_sc_hd__clkbuf_16)
                                                         clknet_1_1__leaf_gpio_in[38] (net)
                      0.085503    0.008745   25.741869 ^ _103_/CLK (sky130_fd_sc_hd__dfrtp_1)
                                 -0.250000   25.491869   clock uncertainty
                                  0.000000   25.491869   clock reconvergence pessimism
                                  0.197964   25.689833   library recovery time
                                             25.689833   data required time
---------------------------------------------------------------------------------------------
                                             25.689833   data required time
                                             -5.274189   data arrival time
---------------------------------------------------------------------------------------------
                                             20.415644   slack (MET)


Startpoint: resetb_l (input port clocked by gpio_in[38])
Endpoint: _104_ (recovery check against rising-edge clock gpio_in[38])
Path Group: asynchronous
Path Type: max

Fanout         Cap        Slew       Delay        Time   Description
---------------------------------------------------------------------------------------------
                                  0.000000    0.000000   clock gpio_in[38] (rise edge)
                                  0.000000    0.000000   clock network delay (propagated)
                                  5.000000    5.000000 ^ input external delay
     2    0.009036    0.047121    0.030886    5.030886 ^ resetb_l (in)
                                                         resetb_l (net)
                      0.047122    0.000000    5.030886 ^ input2/A (sky130_fd_sc_hd__buf_8)
    11    0.124235    0.198818    0.195091    5.225976 ^ input2/X (sky130_fd_sc_hd__buf_8)
                                                         net2 (net)
                      0.219103    0.048219    5.274196 ^ _104_/RESET_B (sky130_fd_sc_hd__dfrtp_1)
                                              5.274196   data arrival time

                                 25.000000   25.000000   clock gpio_in[38] (rise edge)
                                  0.000000   25.000000   clock source latency
     2    0.090726    0.412544    0.299202   25.299202 ^ gpio_in[38] (in)
                                                         gpio_in[38] (net)
                      0.416241    0.000000   25.299202 ^ clkbuf_0_gpio_in[38]/A (sky130_fd_sc_hd__clkbuf_16)
     5    0.060592    0.084005    0.257876   25.557077 ^ clkbuf_0_gpio_in[38]/X (sky130_fd_sc_hd__clkbuf_16)
                                                         clknet_0_gpio_in[38] (net)
                      0.084375    0.003560   25.560637 ^ clkbuf_1_1__f_gpio_in[38]/A (sky130_fd_sc_hd__clkbuf_16)
    19    0.066215    0.083993    0.172486   25.733124 ^ clkbuf_1_1__f_gpio_in[38]/X (sky130_fd_sc_hd__clkbuf_16)
                                                         clknet_1_1__leaf_gpio_in[38] (net)
                      0.085507    0.008757   25.741880 ^ _104_/CLK (sky130_fd_sc_hd__dfrtp_1)
                                 -0.250000   25.491880   clock uncertainty
                                  0.000000   25.491880   clock reconvergence pessimism
                                  0.197964   25.689846   library recovery time
                                             25.689846   data required time
---------------------------------------------------------------------------------------------
                                             25.689846   data required time
                                             -5.274196   data arrival time
---------------------------------------------------------------------------------------------
                                             20.415649   slack (MET)


Startpoint: resetb_l (input port clocked by gpio_in[38])
Endpoint: _105_ (recovery check against rising-edge clock gpio_in[38])
Path Group: asynchronous
Path Type: max

Fanout         Cap        Slew       Delay        Time   Description
---------------------------------------------------------------------------------------------
                                  0.000000    0.000000   clock gpio_in[38] (rise edge)
                                  0.000000    0.000000   clock network delay (propagated)
                                  5.000000    5.000000 ^ input external delay
     2    0.009036    0.047121    0.030886    5.030886 ^ resetb_l (in)
                                                         resetb_l (net)
                      0.047122    0.000000    5.030886 ^ input2/A (sky130_fd_sc_hd__buf_8)
    11    0.124235    0.198818    0.195091    5.225976 ^ input2/X (sky130_fd_sc_hd__buf_8)
                                                         net2 (net)
                      0.219018    0.048114    5.274090 ^ _105_/RESET_B (sky130_fd_sc_hd__dfrtp_1)
                                              5.274090   data arrival time

                                 25.000000   25.000000   clock gpio_in[38] (rise edge)
                                  0.000000   25.000000   clock source latency
     2    0.090726    0.412544    0.299202   25.299202 ^ gpio_in[38] (in)
                                                         gpio_in[38] (net)
                      0.416241    0.000000   25.299202 ^ clkbuf_0_gpio_in[38]/A (sky130_fd_sc_hd__clkbuf_16)
     5    0.060592    0.084005    0.257876   25.557077 ^ clkbuf_0_gpio_in[38]/X (sky130_fd_sc_hd__clkbuf_16)
                                                         clknet_0_gpio_in[38] (net)
                      0.084375    0.003560   25.560637 ^ clkbuf_1_1__f_gpio_in[38]/A (sky130_fd_sc_hd__clkbuf_16)
    19    0.066215    0.083993    0.172486   25.733124 ^ clkbuf_1_1__f_gpio_in[38]/X (sky130_fd_sc_hd__clkbuf_16)
                                                         clknet_1_1__leaf_gpio_in[38] (net)
                      0.085511    0.008766   25.741890 ^ _105_/CLK (sky130_fd_sc_hd__dfrtp_1)
                                 -0.250000   25.491890   clock uncertainty
                                  0.000000   25.491890   clock reconvergence pessimism
                                  0.197987   25.689878   library recovery time
                                             25.689878   data required time
---------------------------------------------------------------------------------------------
                                             25.689878   data required time
                                             -5.274090   data arrival time
---------------------------------------------------------------------------------------------
                                             20.415787   slack (MET)


Startpoint: _087_ (rising edge-triggered flip-flop clocked by gpio_in[38])
Endpoint: _106_ (rising edge-triggered flip-flop clocked by gpio_in[38])
Path Group: gpio_in[38]
Path Type: max

Fanout         Cap        Slew       Delay        Time   Description
---------------------------------------------------------------------------------------------
                                  0.000000    0.000000   clock gpio_in[38] (rise edge)
                                  0.000000    0.000000   clock source latency
     2    0.090726    0.412544    0.299203    0.299203 ^ gpio_in[38] (in)
                                                         gpio_in[38] (net)
                      0.416241    0.000000    0.299203 ^ clkbuf_0_gpio_in[38]/A (sky130_fd_sc_hd__clkbuf_16)
     5    0.060592    0.084005    0.257875    0.557078 ^ clkbuf_0_gpio_in[38]/X (sky130_fd_sc_hd__clkbuf_16)
                                                         clknet_0_gpio_in[38] (net)
                      0.084390    0.003672    0.560750 ^ clkbuf_1_0__f_gpio_in[38]/A (sky130_fd_sc_hd__clkbuf_16)
    25    0.077277    0.095564    0.177631    0.738381 ^ clkbuf_1_0__f_gpio_in[38]/X (sky130_fd_sc_hd__clkbuf_16)
                                                         clknet_1_0__leaf_gpio_in[38] (net)
                      0.098329    0.012668    0.751049 ^ _087_/CLK (sky130_fd_sc_hd__dfrtp_2)
     3    0.009210    0.065476    0.380219    1.131268 ^ _087_/Q (sky130_fd_sc_hd__dfrtp_2)
                                                         gpio_18_21_bidir[18].cfg.gpio_out_val (net)
                      0.065476    0.000057    1.131325 ^ hold3/A (sky130_fd_sc_hd__dlygate4sd3_1)
     5    0.019462    0.203311    0.661458    1.792783 ^ hold3/X (sky130_fd_sc_hd__dlygate4sd3_1)
                                                         net578 (net)
                      0.203311    0.000179    1.792962 ^ _049_/A (sky130_fd_sc_hd__and4_4)
    17    0.122941    0.365858    0.485594    2.278557 ^ _049_/X (sky130_fd_sc_hd__and4_4)
                                                         _022_ (net)
                      0.365875    0.002333    2.280889 ^ _078_/A (sky130_fd_sc_hd__and4_4)
    11    0.110752    0.333337    0.506260    2.787150 ^ _078_/X (sky130_fd_sc_hd__and4_4)
                                                         _039_ (net)
                      0.342989    0.044502    2.831652 ^ _084_/D (sky130_fd_sc_hd__and4_1)
     1    0.006386    0.086588    0.264081    3.095733 ^ _084_/X (sky130_fd_sc_hd__and4_1)
                                                         _042_ (net)
                      0.086588    0.000095    3.095828 ^ _086_/B (sky130_fd_sc_hd__xor2_1)
     1    0.002419    0.106696    0.139484    3.235312 ^ _086_/X (sky130_fd_sc_hd__xor2_1)
                                                         _010_ (net)
                      0.106696    0.000014    3.235326 ^ hold2/A (sky130_fd_sc_hd__dlygate4sd3_1)
     1    0.003023    0.054893    0.555024    3.790350 ^ hold2/X (sky130_fd_sc_hd__dlygate4sd3_1)
                                                         net577 (net)
                      0.054893    0.000033    3.790383 ^ _106_/D (sky130_fd_sc_hd__dfrtp_1)
                                              3.790383   data arrival time

                                 25.000000   25.000000   clock gpio_in[38] (rise edge)
                                  0.000000   25.000000   clock source latency
     2    0.090726    0.412544    0.299202   25.299202 ^ gpio_in[38] (in)
                                                         gpio_in[38] (net)
                      0.416241    0.000000   25.299202 ^ clkbuf_0_gpio_in[38]/A (sky130_fd_sc_hd__clkbuf_16)
     5    0.060592    0.084005    0.257876   25.557077 ^ clkbuf_0_gpio_in[38]/X (sky130_fd_sc_hd__clkbuf_16)
                                                         clknet_0_gpio_in[38] (net)
                      0.084375    0.003560   25.560637 ^ clkbuf_1_1__f_gpio_in[38]/A (sky130_fd_sc_hd__clkbuf_16)
    19    0.066215    0.083993    0.172486   25.733124 ^ clkbuf_1_1__f_gpio_in[38]/X (sky130_fd_sc_hd__clkbuf_16)
                                                         clknet_1_1__leaf_gpio_in[38] (net)
                      0.085500    0.008736   25.741859 ^ _106_/CLK (sky130_fd_sc_hd__dfrtp_1)
                                 -0.250000   25.491859   clock uncertainty
                                  0.000000   25.491859   clock reconvergence pessimism
                                 -0.056008   25.435852   library setup time
                                             25.435852   data required time
---------------------------------------------------------------------------------------------
                                             25.435852   data required time
                                             -3.790383   data arrival time
---------------------------------------------------------------------------------------------
                                             21.645468   slack (MET)


Startpoint: _087_ (rising edge-triggered flip-flop clocked by gpio_in[38])
Endpoint: _105_ (rising edge-triggered flip-flop clocked by gpio_in[38])
Path Group: gpio_in[38]
Path Type: max

Fanout         Cap        Slew       Delay        Time   Description
---------------------------------------------------------------------------------------------
                                  0.000000    0.000000   clock gpio_in[38] (rise edge)
                                  0.000000    0.000000   clock source latency
     2    0.090726    0.412544    0.299203    0.299203 ^ gpio_in[38] (in)
                                                         gpio_in[38] (net)
                      0.416241    0.000000    0.299203 ^ clkbuf_0_gpio_in[38]/A (sky130_fd_sc_hd__clkbuf_16)
     5    0.060592    0.084005    0.257875    0.557078 ^ clkbuf_0_gpio_in[38]/X (sky130_fd_sc_hd__clkbuf_16)
                                                         clknet_0_gpio_in[38] (net)
                      0.084390    0.003672    0.560750 ^ clkbuf_1_0__f_gpio_in[38]/A (sky130_fd_sc_hd__clkbuf_16)
    25    0.077277    0.095564    0.177631    0.738381 ^ clkbuf_1_0__f_gpio_in[38]/X (sky130_fd_sc_hd__clkbuf_16)
                                                         clknet_1_0__leaf_gpio_in[38] (net)
                      0.098329    0.012668    0.751049 ^ _087_/CLK (sky130_fd_sc_hd__dfrtp_2)
     3    0.009210    0.065476    0.380219    1.131268 ^ _087_/Q (sky130_fd_sc_hd__dfrtp_2)
                                                         gpio_18_21_bidir[18].cfg.gpio_out_val (net)
                      0.065476    0.000057    1.131325 ^ hold3/A (sky130_fd_sc_hd__dlygate4sd3_1)
     5    0.019462    0.203311    0.661458    1.792783 ^ hold3/X (sky130_fd_sc_hd__dlygate4sd3_1)
                                                         net578 (net)
                      0.203311    0.000179    1.792962 ^ _049_/A (sky130_fd_sc_hd__and4_4)
    17    0.122941    0.365858    0.485594    2.278557 ^ _049_/X (sky130_fd_sc_hd__and4_4)
                                                         _022_ (net)
                      0.365875    0.002333    2.280889 ^ _078_/A (sky130_fd_sc_hd__and4_4)
    11    0.110752    0.333337    0.506260    2.787150 ^ _078_/X (sky130_fd_sc_hd__and4_4)
                                                         _039_ (net)
                      0.342979    0.044479    2.831629 ^ _082_/C (sky130_fd_sc_hd__and3_1)
     2    0.010180    0.115031    0.258546    3.090174 ^ _082_/X (sky130_fd_sc_hd__and3_1)
                                                         _041_ (net)
                      0.115031    0.000136    3.090310 ^ _085_/B (sky130_fd_sc_hd__xor2_1)
     1    0.002216    0.102962    0.142255    3.232565 ^ _085_/X (sky130_fd_sc_hd__xor2_1)
                                                         _009_ (net)
                      0.102962    0.000012    3.232577 ^ hold5/A (sky130_fd_sc_hd__dlygate4sd3_1)
     1    0.002892    0.053746    0.552721    3.785298 ^ hold5/X (sky130_fd_sc_hd__dlygate4sd3_1)
                                                         net580 (net)
                      0.053746    0.000035    3.785333 ^ _105_/D (sky130_fd_sc_hd__dfrtp_1)
                                              3.785333   data arrival time

                                 25.000000   25.000000   clock gpio_in[38] (rise edge)
                                  0.000000   25.000000   clock source latency
     2    0.090726    0.412544    0.299202   25.299202 ^ gpio_in[38] (in)
                                                         gpio_in[38] (net)
                      0.416241    0.000000   25.299202 ^ clkbuf_0_gpio_in[38]/A (sky130_fd_sc_hd__clkbuf_16)
     5    0.060592    0.084005    0.257876   25.557077 ^ clkbuf_0_gpio_in[38]/X (sky130_fd_sc_hd__clkbuf_16)
                                                         clknet_0_gpio_in[38] (net)
                      0.084375    0.003560   25.560637 ^ clkbuf_1_1__f_gpio_in[38]/A (sky130_fd_sc_hd__clkbuf_16)
    19    0.066215    0.083993    0.172486   25.733124 ^ clkbuf_1_1__f_gpio_in[38]/X (sky130_fd_sc_hd__clkbuf_16)
                                                         clknet_1_1__leaf_gpio_in[38] (net)
                      0.085511    0.008766   25.741890 ^ _105_/CLK (sky130_fd_sc_hd__dfrtp_1)
                                 -0.250000   25.491890   clock uncertainty
                                  0.000000   25.491890   clock reconvergence pessimism
                                 -0.055744   25.436146   library setup time
                                             25.436146   data required time
---------------------------------------------------------------------------------------------
                                             25.436146   data required time
                                             -3.785333   data arrival time
---------------------------------------------------------------------------------------------
                                             21.650814   slack (MET)


Startpoint: _087_ (rising edge-triggered flip-flop clocked by gpio_in[38])
Endpoint: _097_ (rising edge-triggered flip-flop clocked by gpio_in[38])
Path Group: gpio_in[38]
Path Type: max

Fanout         Cap        Slew       Delay        Time   Description
---------------------------------------------------------------------------------------------
                                  0.000000    0.000000   clock gpio_in[38] (rise edge)
                                  0.000000    0.000000   clock source latency
     2    0.090726    0.412544    0.299203    0.299203 ^ gpio_in[38] (in)
                                                         gpio_in[38] (net)
                      0.416241    0.000000    0.299203 ^ clkbuf_0_gpio_in[38]/A (sky130_fd_sc_hd__clkbuf_16)
     5    0.060592    0.084005    0.257875    0.557078 ^ clkbuf_0_gpio_in[38]/X (sky130_fd_sc_hd__clkbuf_16)
                                                         clknet_0_gpio_in[38] (net)
                      0.084390    0.003672    0.560750 ^ clkbuf_1_0__f_gpio_in[38]/A (sky130_fd_sc_hd__clkbuf_16)
    25    0.077277    0.095564    0.177631    0.738381 ^ clkbuf_1_0__f_gpio_in[38]/X (sky130_fd_sc_hd__clkbuf_16)
                                                         clknet_1_0__leaf_gpio_in[38] (net)
                      0.098329    0.012668    0.751049 ^ _087_/CLK (sky130_fd_sc_hd__dfrtp_2)
     3    0.009210    0.065476    0.380219    1.131268 ^ _087_/Q (sky130_fd_sc_hd__dfrtp_2)
                                                         gpio_18_21_bidir[18].cfg.gpio_out_val (net)
                      0.065476    0.000057    1.131325 ^ hold3/A (sky130_fd_sc_hd__dlygate4sd3_1)
     5    0.019462    0.203311    0.661458    1.792783 ^ hold3/X (sky130_fd_sc_hd__dlygate4sd3_1)
                                                         net578 (net)
                      0.203311    0.000179    1.792962 ^ _049_/A (sky130_fd_sc_hd__and4_4)
    17    0.122941    0.365858    0.485594    2.278557 ^ _049_/X (sky130_fd_sc_hd__and4_4)
                                                         _022_ (net)
                      0.375548    0.046909    2.325465 ^ _059_/A (sky130_fd_sc_hd__and2_4)
     9    0.106247    0.306506    0.409710    2.735175 ^ _059_/X (sky130_fd_sc_hd__and2_4)
                                                         _028_ (net)
                      0.314866    0.039521    2.774696 ^ _062_/C (sky130_fd_sc_hd__and3_1)
     2    0.007185    0.089441    0.233273    3.007969 ^ _062_/X (sky130_fd_sc_hd__and3_1)
                                                         _029_ (net)
                      0.089441    0.000061    3.008030 ^ _066_/B (sky130_fd_sc_hd__xor2_1)
     1    0.001893    0.097060    0.132775    3.140805 ^ _066_/X (sky130_fd_sc_hd__xor2_1)
                                                         _001_ (net)
                      0.097060    0.000016    3.140820 ^ hold7/A (sky130_fd_sc_hd__dlygate4sd3_1)
     1    0.002495    0.050350    0.547299    3.688119 ^ hold7/X (sky130_fd_sc_hd__dlygate4sd3_1)
                                                         net582 (net)
                      0.050350    0.000022    3.688142 ^ _097_/D (sky130_fd_sc_hd__dfrtp_1)
                                              3.688142   data arrival time

                                 25.000000   25.000000   clock gpio_in[38] (rise edge)
                                  0.000000   25.000000   clock source latency
     2    0.090726    0.412544    0.299202   25.299202 ^ gpio_in[38] (in)
                                                         gpio_in[38] (net)
                      0.416241    0.000000   25.299202 ^ clkbuf_0_gpio_in[38]/A (sky130_fd_sc_hd__clkbuf_16)
     5    0.060592    0.084005    0.257876   25.557077 ^ clkbuf_0_gpio_in[38]/X (sky130_fd_sc_hd__clkbuf_16)
                                                         clknet_0_gpio_in[38] (net)
                      0.084390    0.003672   25.560749 ^ clkbuf_1_0__f_gpio_in[38]/A (sky130_fd_sc_hd__clkbuf_16)
    25    0.077277    0.095564    0.177632   25.738380 ^ clkbuf_1_0__f_gpio_in[38]/X (sky130_fd_sc_hd__clkbuf_16)
                                                         clknet_1_0__leaf_gpio_in[38] (net)
                      0.098243    0.012466   25.750847 ^ _097_/CLK (sky130_fd_sc_hd__dfrtp_1)
                                 -0.250000   25.500849   clock uncertainty
                                  0.000000   25.500849   clock reconvergence pessimism
                                 -0.053052   25.447796   library setup time
                                             25.447796   data required time
---------------------------------------------------------------------------------------------
                                             25.447796   data required time
                                             -3.688142   data arrival time
---------------------------------------------------------------------------------------------
                                             21.759655   slack (MET)


Startpoint: _087_ (rising edge-triggered flip-flop clocked by gpio_in[38])
Endpoint: _098_ (rising edge-triggered flip-flop clocked by gpio_in[38])
Path Group: gpio_in[38]
Path Type: max

Fanout         Cap        Slew       Delay        Time   Description
---------------------------------------------------------------------------------------------
                                  0.000000    0.000000   clock gpio_in[38] (rise edge)
                                  0.000000    0.000000   clock source latency
     2    0.090726    0.412544    0.299203    0.299203 ^ gpio_in[38] (in)
                                                         gpio_in[38] (net)
                      0.416241    0.000000    0.299203 ^ clkbuf_0_gpio_in[38]/A (sky130_fd_sc_hd__clkbuf_16)
     5    0.060592    0.084005    0.257875    0.557078 ^ clkbuf_0_gpio_in[38]/X (sky130_fd_sc_hd__clkbuf_16)
                                                         clknet_0_gpio_in[38] (net)
                      0.084390    0.003672    0.560750 ^ clkbuf_1_0__f_gpio_in[38]/A (sky130_fd_sc_hd__clkbuf_16)
    25    0.077277    0.095564    0.177631    0.738381 ^ clkbuf_1_0__f_gpio_in[38]/X (sky130_fd_sc_hd__clkbuf_16)
                                                         clknet_1_0__leaf_gpio_in[38] (net)
                      0.098329    0.012668    0.751049 ^ _087_/CLK (sky130_fd_sc_hd__dfrtp_2)
     3    0.009210    0.065476    0.380219    1.131268 ^ _087_/Q (sky130_fd_sc_hd__dfrtp_2)
                                                         gpio_18_21_bidir[18].cfg.gpio_out_val (net)
                      0.065476    0.000057    1.131325 ^ hold3/A (sky130_fd_sc_hd__dlygate4sd3_1)
     5    0.019462    0.203311    0.661458    1.792783 ^ hold3/X (sky130_fd_sc_hd__dlygate4sd3_1)
                                                         net578 (net)
                      0.203311    0.000179    1.792962 ^ _049_/A (sky130_fd_sc_hd__and4_4)
    17    0.122941    0.365858    0.485594    2.278557 ^ _049_/X (sky130_fd_sc_hd__and4_4)
                                                         _022_ (net)
                      0.375548    0.046909    2.325465 ^ _059_/A (sky130_fd_sc_hd__and2_4)
     9    0.106247    0.306506    0.409710    2.735175 ^ _059_/X (sky130_fd_sc_hd__and2_4)
                                                         _028_ (net)
                      0.314844    0.039468    2.774644 ^ _065_/D (sky130_fd_sc_hd__and4_1)
     1    0.003103    0.059068    0.233601    3.008245 ^ _065_/X (sky130_fd_sc_hd__and4_1)
                                                         _031_ (net)
                      0.059068    0.000029    3.008274 ^ _069_/A2 (sky130_fd_sc_hd__o21ba_1)
     1    0.001835    0.036630    0.104527    3.112801 ^ _069_/X (sky130_fd_sc_hd__o21ba_1)
                                                         _002_ (net)
                      0.036630    0.000007    3.112808 ^ hold15/A (sky130_fd_sc_hd__dlygate4sd3_1)
     1    0.002741    0.052409    0.531567    3.644374 ^ hold15/X (sky130_fd_sc_hd__dlygate4sd3_1)
                                                         net590 (net)
                      0.052409    0.000027    3.644401 ^ _098_/D (sky130_fd_sc_hd__dfrtp_1)
                                              3.644401   data arrival time

                                 25.000000   25.000000   clock gpio_in[38] (rise edge)
                                  0.000000   25.000000   clock source latency
     2    0.090726    0.412544    0.299202   25.299202 ^ gpio_in[38] (in)
                                                         gpio_in[38] (net)
                      0.416241    0.000000   25.299202 ^ clkbuf_0_gpio_in[38]/A (sky130_fd_sc_hd__clkbuf_16)
     5    0.060592    0.084005    0.257876   25.557077 ^ clkbuf_0_gpio_in[38]/X (sky130_fd_sc_hd__clkbuf_16)
                                                         clknet_0_gpio_in[38] (net)
                      0.084390    0.003672   25.560749 ^ clkbuf_1_0__f_gpio_in[38]/A (sky130_fd_sc_hd__clkbuf_16)
    25    0.077277    0.095564    0.177632   25.738380 ^ clkbuf_1_0__f_gpio_in[38]/X (sky130_fd_sc_hd__clkbuf_16)
                                                         clknet_1_0__leaf_gpio_in[38] (net)
                      0.098158    0.012268   25.750648 ^ _098_/CLK (sky130_fd_sc_hd__dfrtp_1)
                                 -0.250000   25.500648   clock uncertainty
                                  0.000000   25.500648   clock reconvergence pessimism
                                 -0.053534   25.447115   library setup time
                                             25.447115   data required time
---------------------------------------------------------------------------------------------
                                             25.447115   data required time
                                             -3.644401   data arrival time
---------------------------------------------------------------------------------------------
                                             21.802715   slack (MET)


Startpoint: _087_ (rising edge-triggered flip-flop clocked by gpio_in[38])
Endpoint: _102_ (rising edge-triggered flip-flop clocked by gpio_in[38])
Path Group: gpio_in[38]
Path Type: max

Fanout         Cap        Slew       Delay        Time   Description
---------------------------------------------------------------------------------------------
                                  0.000000    0.000000   clock gpio_in[38] (rise edge)
                                  0.000000    0.000000   clock source latency
     2    0.090726    0.412544    0.299203    0.299203 ^ gpio_in[38] (in)
                                                         gpio_in[38] (net)
                      0.416241    0.000000    0.299203 ^ clkbuf_0_gpio_in[38]/A (sky130_fd_sc_hd__clkbuf_16)
     5    0.060592    0.084005    0.257875    0.557078 ^ clkbuf_0_gpio_in[38]/X (sky130_fd_sc_hd__clkbuf_16)
                                                         clknet_0_gpio_in[38] (net)
                      0.084390    0.003672    0.560750 ^ clkbuf_1_0__f_gpio_in[38]/A (sky130_fd_sc_hd__clkbuf_16)
    25    0.077277    0.095564    0.177631    0.738381 ^ clkbuf_1_0__f_gpio_in[38]/X (sky130_fd_sc_hd__clkbuf_16)
                                                         clknet_1_0__leaf_gpio_in[38] (net)
                      0.098329    0.012668    0.751049 ^ _087_/CLK (sky130_fd_sc_hd__dfrtp_2)
     3    0.009210    0.065476    0.380219    1.131268 ^ _087_/Q (sky130_fd_sc_hd__dfrtp_2)
                                                         gpio_18_21_bidir[18].cfg.gpio_out_val (net)
                      0.065476    0.000057    1.131325 ^ hold3/A (sky130_fd_sc_hd__dlygate4sd3_1)
     5    0.019462    0.203311    0.661458    1.792783 ^ hold3/X (sky130_fd_sc_hd__dlygate4sd3_1)
                                                         net578 (net)
                      0.203311    0.000179    1.792962 ^ _049_/A (sky130_fd_sc_hd__and4_4)
    17    0.122941    0.365858    0.485594    2.278557 ^ _049_/X (sky130_fd_sc_hd__and4_4)
                                                         _022_ (net)
                      0.365875    0.002333    2.280889 ^ _078_/A (sky130_fd_sc_hd__and4_4)
    11    0.110752    0.333337    0.506260    2.787150 ^ _078_/X (sky130_fd_sc_hd__and4_4)
                                                         _039_ (net)
                      0.333340    0.001241    2.788390 ^ _079_/B1_N (sky130_fd_sc_hd__o21ba_1)
     1    0.002173    0.032244    0.192856    2.981247 v _079_/X (sky130_fd_sc_hd__o21ba_1)
                                                         _006_ (net)
                      0.032244    0.000012    2.981259 v hold9/A (sky130_fd_sc_hd__dlygate4sd3_1)
     1    0.002788    0.053064    0.543114    3.524373 v hold9/X (sky130_fd_sc_hd__dlygate4sd3_1)
                                                         net584 (net)
                      0.053064    0.000028    3.524401 v _102_/D (sky130_fd_sc_hd__dfrtp_1)
                                              3.524401   data arrival time

                                 25.000000   25.000000   clock gpio_in[38] (rise edge)
                                  0.000000   25.000000   clock source latency
     2    0.090726    0.412544    0.299202   25.299202 ^ gpio_in[38] (in)
                                                         gpio_in[38] (net)
                      0.416241    0.000000   25.299202 ^ clkbuf_0_gpio_in[38]/A (sky130_fd_sc_hd__clkbuf_16)
     5    0.060592    0.084005    0.257876   25.557077 ^ clkbuf_0_gpio_in[38]/X (sky130_fd_sc_hd__clkbuf_16)
                                                         clknet_0_gpio_in[38] (net)
                      0.084390    0.003672   25.560749 ^ clkbuf_1_0__f_gpio_in[38]/A (sky130_fd_sc_hd__clkbuf_16)
    25    0.077277    0.095564    0.177632   25.738380 ^ clkbuf_1_0__f_gpio_in[38]/X (sky130_fd_sc_hd__clkbuf_16)
                                                         clknet_1_0__leaf_gpio_in[38] (net)
                      0.098674    0.013442   25.751823 ^ _102_/CLK (sky130_fd_sc_hd__dfrtp_1)
                                 -0.250000   25.501823   clock uncertainty
                                  0.000000   25.501823   clock reconvergence pessimism
                                 -0.105499   25.396324   library setup time
                                             25.396324   data required time
---------------------------------------------------------------------------------------------
                                             25.396324   data required time
                                             -3.524401   data arrival time
---------------------------------------------------------------------------------------------
                                             21.871923   slack (MET)


Startpoint: _087_ (rising edge-triggered flip-flop clocked by gpio_in[38])
Endpoint: _094_ (rising edge-triggered flip-flop clocked by gpio_in[38])
Path Group: gpio_in[38]
Path Type: max

Fanout         Cap        Slew       Delay        Time   Description
---------------------------------------------------------------------------------------------
                                  0.000000    0.000000   clock gpio_in[38] (rise edge)
                                  0.000000    0.000000   clock source latency
     2    0.090726    0.412544    0.299203    0.299203 ^ gpio_in[38] (in)
                                                         gpio_in[38] (net)
                      0.416241    0.000000    0.299203 ^ clkbuf_0_gpio_in[38]/A (sky130_fd_sc_hd__clkbuf_16)
     5    0.060592    0.084005    0.257875    0.557078 ^ clkbuf_0_gpio_in[38]/X (sky130_fd_sc_hd__clkbuf_16)
                                                         clknet_0_gpio_in[38] (net)
                      0.084390    0.003672    0.560750 ^ clkbuf_1_0__f_gpio_in[38]/A (sky130_fd_sc_hd__clkbuf_16)
    25    0.077277    0.095564    0.177631    0.738381 ^ clkbuf_1_0__f_gpio_in[38]/X (sky130_fd_sc_hd__clkbuf_16)
                                                         clknet_1_0__leaf_gpio_in[38] (net)
                      0.098329    0.012668    0.751049 ^ _087_/CLK (sky130_fd_sc_hd__dfrtp_2)
     3    0.009210    0.065476    0.380219    1.131268 ^ _087_/Q (sky130_fd_sc_hd__dfrtp_2)
                                                         gpio_18_21_bidir[18].cfg.gpio_out_val (net)
                      0.065476    0.000057    1.131325 ^ hold3/A (sky130_fd_sc_hd__dlygate4sd3_1)
     5    0.019462    0.203311    0.661458    1.792783 ^ hold3/X (sky130_fd_sc_hd__dlygate4sd3_1)
                                                         net578 (net)
                      0.203311    0.000179    1.792962 ^ _049_/A (sky130_fd_sc_hd__and4_4)
    17    0.122941    0.365858    0.485594    2.278557 ^ _049_/X (sky130_fd_sc_hd__and4_4)
                                                         _022_ (net)
                      0.375548    0.046909    2.325465 ^ _059_/A (sky130_fd_sc_hd__and2_4)
     9    0.106247    0.306506    0.409710    2.735175 ^ _059_/X (sky130_fd_sc_hd__and2_4)
                                                         _028_ (net)
                      0.306506    0.000281    2.735457 ^ _060_/B1_N (sky130_fd_sc_hd__o21ba_1)
     1    0.004209    0.041624    0.201346    2.936802 v _060_/X (sky130_fd_sc_hd__o21ba_1)
                                                         _017_ (net)
                      0.041624    0.000073    2.936875 v hold17/A (sky130_fd_sc_hd__dlygate4sd3_1)
     1    0.002663    0.052221    0.545625    3.482500 v hold17/X (sky130_fd_sc_hd__dlygate4sd3_1)
                                                         net592 (net)
                      0.052221    0.000029    3.482529 v _094_/D (sky130_fd_sc_hd__dfrtp_1)
                                              3.482529   data arrival time

                                 25.000000   25.000000   clock gpio_in[38] (rise edge)
                                  0.000000   25.000000   clock source latency
     2    0.090726    0.412544    0.299202   25.299202 ^ gpio_in[38] (in)
                                                         gpio_in[38] (net)
                      0.416241    0.000000   25.299202 ^ clkbuf_0_gpio_in[38]/A (sky130_fd_sc_hd__clkbuf_16)
     5    0.060592    0.084005    0.257876   25.557077 ^ clkbuf_0_gpio_in[38]/X (sky130_fd_sc_hd__clkbuf_16)
                                                         clknet_0_gpio_in[38] (net)
                      0.084375    0.003560   25.560637 ^ clkbuf_1_1__f_gpio_in[38]/A (sky130_fd_sc_hd__clkbuf_16)
    19    0.066215    0.083993    0.172486   25.733124 ^ clkbuf_1_1__f_gpio_in[38]/X (sky130_fd_sc_hd__clkbuf_16)
                                                         clknet_1_1__leaf_gpio_in[38] (net)
                      0.085645    0.009161   25.742283 ^ _094_/CLK (sky130_fd_sc_hd__dfrtp_1)
                                 -0.250000   25.492285   clock uncertainty
                                  0.000000   25.492285   clock reconvergence pessimism
                                 -0.108116   25.384169   library setup time
                                             25.384169   data required time
---------------------------------------------------------------------------------------------
                                             25.384169   data required time
                                             -3.482529   data arrival time
---------------------------------------------------------------------------------------------
                                             21.901638   slack (MET)


Startpoint: _087_ (rising edge-triggered flip-flop clocked by gpio_in[38])
Endpoint: _100_ (rising edge-triggered flip-flop clocked by gpio_in[38])
Path Group: gpio_in[38]
Path Type: max

Fanout         Cap        Slew       Delay        Time   Description
---------------------------------------------------------------------------------------------
                                  0.000000    0.000000   clock gpio_in[38] (rise edge)
                                  0.000000    0.000000   clock source latency
     2    0.090726    0.412544    0.299203    0.299203 ^ gpio_in[38] (in)
                                                         gpio_in[38] (net)
                      0.416241    0.000000    0.299203 ^ clkbuf_0_gpio_in[38]/A (sky130_fd_sc_hd__clkbuf_16)
     5    0.060592    0.084005    0.257875    0.557078 ^ clkbuf_0_gpio_in[38]/X (sky130_fd_sc_hd__clkbuf_16)
                                                         clknet_0_gpio_in[38] (net)
                      0.084390    0.003672    0.560750 ^ clkbuf_1_0__f_gpio_in[38]/A (sky130_fd_sc_hd__clkbuf_16)
    25    0.077277    0.095564    0.177631    0.738381 ^ clkbuf_1_0__f_gpio_in[38]/X (sky130_fd_sc_hd__clkbuf_16)
                                                         clknet_1_0__leaf_gpio_in[38] (net)
                      0.098329    0.012668    0.751049 ^ _087_/CLK (sky130_fd_sc_hd__dfrtp_2)
     3    0.009210    0.065476    0.380219    1.131268 ^ _087_/Q (sky130_fd_sc_hd__dfrtp_2)
                                                         gpio_18_21_bidir[18].cfg.gpio_out_val (net)
                      0.065476    0.000057    1.131325 ^ hold3/A (sky130_fd_sc_hd__dlygate4sd3_1)
     5    0.019462    0.203311    0.661458    1.792783 ^ hold3/X (sky130_fd_sc_hd__dlygate4sd3_1)
                                                         net578 (net)
                      0.203311    0.000179    1.792962 ^ _049_/A (sky130_fd_sc_hd__and4_4)
    17    0.122941    0.365858    0.485594    2.278557 ^ _049_/X (sky130_fd_sc_hd__and4_4)
                                                         _022_ (net)
                      0.365861    0.001096    2.279653 ^ _068_/A (sky130_fd_sc_hd__and3_1)
     5    0.015646    0.164878    0.305971    2.585624 ^ _068_/X (sky130_fd_sc_hd__and3_1)
                                                         _033_ (net)
                      0.164878    0.000188    2.585812 ^ _073_/C (sky130_fd_sc_hd__and3_1)
     2    0.007436    0.089756    0.207722    2.793534 ^ _073_/X (sky130_fd_sc_hd__and3_1)
                                                         _036_ (net)
                      0.089756    0.000050    2.793583 ^ _074_/B1_N (sky130_fd_sc_hd__o21ba_1)
     1    0.003435    0.038510    0.153053    2.946637 v _074_/X (sky130_fd_sc_hd__o21ba_1)
                                                         _004_ (net)
                      0.038510    0.000041    2.946678 v hold27/A (sky130_fd_sc_hd__dlygate4sd3_1)
     1    0.002353    0.050518    0.541604    3.488282 v hold27/X (sky130_fd_sc_hd__dlygate4sd3_1)
                                                         net602 (net)
                      0.050518    0.000021    3.488303 v _100_/D (sky130_fd_sc_hd__dfrtp_1)
                                              3.488303   data arrival time

                                 25.000000   25.000000   clock gpio_in[38] (rise edge)
                                  0.000000   25.000000   clock source latency
     2    0.090726    0.412544    0.299202   25.299202 ^ gpio_in[38] (in)
                                                         gpio_in[38] (net)
                      0.416241    0.000000   25.299202 ^ clkbuf_0_gpio_in[38]/A (sky130_fd_sc_hd__clkbuf_16)
     5    0.060592    0.084005    0.257876   25.557077 ^ clkbuf_0_gpio_in[38]/X (sky130_fd_sc_hd__clkbuf_16)
                                                         clknet_0_gpio_in[38] (net)
                      0.084390    0.003672   25.560749 ^ clkbuf_1_0__f_gpio_in[38]/A (sky130_fd_sc_hd__clkbuf_16)
    25    0.077277    0.095564    0.177632   25.738380 ^ clkbuf_1_0__f_gpio_in[38]/X (sky130_fd_sc_hd__clkbuf_16)
                                                         clknet_1_0__leaf_gpio_in[38] (net)
                      0.098716    0.013532   25.751913 ^ _100_/CLK (sky130_fd_sc_hd__dfrtp_1)
                                 -0.250000   25.501915   clock uncertainty
                                  0.000000   25.501915   clock reconvergence pessimism
                                 -0.104382   25.397532   library setup time
                                             25.397532   data required time
---------------------------------------------------------------------------------------------
                                             25.397532   data required time
                                             -3.488303   data arrival time
---------------------------------------------------------------------------------------------
                                             21.909229   slack (MET)


Startpoint: _087_ (rising edge-triggered flip-flop clocked by gpio_in[38])
Endpoint: _101_ (rising edge-triggered flip-flop clocked by gpio_in[38])
Path Group: gpio_in[38]
Path Type: max

Fanout         Cap        Slew       Delay        Time   Description
---------------------------------------------------------------------------------------------
                                  0.000000    0.000000   clock gpio_in[38] (rise edge)
                                  0.000000    0.000000   clock source latency
     2    0.090726    0.412544    0.299203    0.299203 ^ gpio_in[38] (in)
                                                         gpio_in[38] (net)
                      0.416241    0.000000    0.299203 ^ clkbuf_0_gpio_in[38]/A (sky130_fd_sc_hd__clkbuf_16)
     5    0.060592    0.084005    0.257875    0.557078 ^ clkbuf_0_gpio_in[38]/X (sky130_fd_sc_hd__clkbuf_16)
                                                         clknet_0_gpio_in[38] (net)
                      0.084390    0.003672    0.560750 ^ clkbuf_1_0__f_gpio_in[38]/A (sky130_fd_sc_hd__clkbuf_16)
    25    0.077277    0.095564    0.177631    0.738381 ^ clkbuf_1_0__f_gpio_in[38]/X (sky130_fd_sc_hd__clkbuf_16)
                                                         clknet_1_0__leaf_gpio_in[38] (net)
                      0.098329    0.012668    0.751049 ^ _087_/CLK (sky130_fd_sc_hd__dfrtp_2)
     3    0.009210    0.065476    0.380219    1.131268 ^ _087_/Q (sky130_fd_sc_hd__dfrtp_2)
                                                         gpio_18_21_bidir[18].cfg.gpio_out_val (net)
                      0.065476    0.000057    1.131325 ^ hold3/A (sky130_fd_sc_hd__dlygate4sd3_1)
     5    0.019462    0.203311    0.661458    1.792783 ^ hold3/X (sky130_fd_sc_hd__dlygate4sd3_1)
                                                         net578 (net)
                      0.203311    0.000179    1.792962 ^ _049_/A (sky130_fd_sc_hd__and4_4)
    17    0.122941    0.365858    0.485594    2.278557 ^ _049_/X (sky130_fd_sc_hd__and4_4)
                                                         _022_ (net)
                      0.365861    0.001096    2.279653 ^ _068_/A (sky130_fd_sc_hd__and3_1)
     5    0.015646    0.164878    0.305971    2.585624 ^ _068_/X (sky130_fd_sc_hd__and3_1)
                                                         _033_ (net)
                      0.164878    0.000188    2.585812 ^ _073_/C (sky130_fd_sc_hd__and3_1)
     2    0.007436    0.089756    0.207722    2.793534 ^ _073_/X (sky130_fd_sc_hd__and3_1)
                                                         _036_ (net)
                      0.089756    0.000071    2.793605 ^ _076_/B (sky130_fd_sc_hd__xor2_1)
     1    0.003851    0.129781    0.159605    2.953210 ^ _076_/X (sky130_fd_sc_hd__xor2_1)
                                                         _005_ (net)
                      0.129781    0.000060    2.953270 ^ hold11/A (sky130_fd_sc_hd__dlygate4sd3_1)
     1    0.002294    0.048750    0.554297    3.507567 ^ hold11/X (sky130_fd_sc_hd__dlygate4sd3_1)
                                                         net586 (net)
                      0.048750    0.000020    3.507587 ^ _101_/D (sky130_fd_sc_hd__dfrtp_1)
                                              3.507587   data arrival time

                                 25.000000   25.000000   clock gpio_in[38] (rise edge)
                                  0.000000   25.000000   clock source latency
     2    0.090726    0.412544    0.299202   25.299202 ^ gpio_in[38] (in)
                                                         gpio_in[38] (net)
                      0.416241    0.000000   25.299202 ^ clkbuf_0_gpio_in[38]/A (sky130_fd_sc_hd__clkbuf_16)
     5    0.060592    0.084005    0.257876   25.557077 ^ clkbuf_0_gpio_in[38]/X (sky130_fd_sc_hd__clkbuf_16)
                                                         clknet_0_gpio_in[38] (net)
                      0.084390    0.003672   25.560749 ^ clkbuf_1_0__f_gpio_in[38]/A (sky130_fd_sc_hd__clkbuf_16)
    25    0.077277    0.095564    0.177632   25.738380 ^ clkbuf_1_0__f_gpio_in[38]/X (sky130_fd_sc_hd__clkbuf_16)
                                                         clknet_1_0__leaf_gpio_in[38] (net)
                      0.098704    0.013507   25.751888 ^ _101_/CLK (sky130_fd_sc_hd__dfrtp_1)
                                 -0.250000   25.501890   clock uncertainty
                                  0.000000   25.501890   clock reconvergence pessimism
                                 -0.052618   25.449272   library setup time
                                             25.449272   data required time
---------------------------------------------------------------------------------------------
                                             25.449272   data required time
                                             -3.507587   data arrival time
---------------------------------------------------------------------------------------------
                                             21.941685   slack (MET)


Startpoint: _087_ (rising edge-triggered flip-flop clocked by gpio_in[38])
Endpoint: _090_ (rising edge-triggered flip-flop clocked by gpio_in[38])
Path Group: gpio_in[38]
Path Type: max

Fanout         Cap        Slew       Delay        Time   Description
---------------------------------------------------------------------------------------------
                                  0.000000    0.000000   clock gpio_in[38] (rise edge)
                                  0.000000    0.000000   clock source latency
     2    0.090726    0.412544    0.299203    0.299203 ^ gpio_in[38] (in)
                                                         gpio_in[38] (net)
                      0.416241    0.000000    0.299203 ^ clkbuf_0_gpio_in[38]/A (sky130_fd_sc_hd__clkbuf_16)
     5    0.060592    0.084005    0.257875    0.557078 ^ clkbuf_0_gpio_in[38]/X (sky130_fd_sc_hd__clkbuf_16)
                                                         clknet_0_gpio_in[38] (net)
                      0.084390    0.003672    0.560750 ^ clkbuf_1_0__f_gpio_in[38]/A (sky130_fd_sc_hd__clkbuf_16)
    25    0.077277    0.095564    0.177631    0.738381 ^ clkbuf_1_0__f_gpio_in[38]/X (sky130_fd_sc_hd__clkbuf_16)
                                                         clknet_1_0__leaf_gpio_in[38] (net)
                      0.098329    0.012668    0.751049 ^ _087_/CLK (sky130_fd_sc_hd__dfrtp_2)
     3    0.008693    0.053821    0.422343    1.173391 v _087_/Q (sky130_fd_sc_hd__dfrtp_2)
                                                         gpio_18_21_bidir[18].cfg.gpio_out_val (net)
                      0.053821    0.000053    1.173445 v hold3/A (sky130_fd_sc_hd__dlygate4sd3_1)
     5    0.018577    0.125627    0.637737    1.811181 v hold3/X (sky130_fd_sc_hd__dlygate4sd3_1)
                                                         net578 (net)
                      0.125627    0.000221    1.811403 v _050_/A1 (sky130_fd_sc_hd__a31o_1)
     1    0.001674    0.032506    0.194379    2.005782 v _050_/X (sky130_fd_sc_hd__a31o_1)
                                                         _023_ (net)
                      0.032506    0.000006    2.005788 v hold32/A (sky130_fd_sc_hd__dlygate4sd3_1)
     1    0.003626    0.057788    0.550197    2.555985 v hold32/X (sky130_fd_sc_hd__dlygate4sd3_1)
                                                         net607 (net)
                      0.057788    0.000058    2.556043 v _051_/B (sky130_fd_sc_hd__and2b_1)
     1    0.002609    0.032674    0.154642    2.710685 v _051_/X (sky130_fd_sc_hd__and2b_1)
                                                         _013_ (net)
                      0.032674    0.000031    2.710716 v hold33/A (sky130_fd_sc_hd__dlygate4sd3_1)
     1    0.002866    0.053543    0.543988    3.254704 v hold33/X (sky130_fd_sc_hd__dlygate4sd3_1)
                                                         net608 (net)
                      0.053543    0.000032    3.254737 v _090_/D (sky130_fd_sc_hd__dfrtp_1)
                                              3.254737   data arrival time

                                 25.000000   25.000000   clock gpio_in[38] (rise edge)
                                  0.000000   25.000000   clock source latency
     2    0.090726    0.412544    0.299202   25.299202 ^ gpio_in[38] (in)
                                                         gpio_in[38] (net)
                      0.416241    0.000000   25.299202 ^ clkbuf_0_gpio_in[38]/A (sky130_fd_sc_hd__clkbuf_16)
     5    0.060592    0.084005    0.257876   25.557077 ^ clkbuf_0_gpio_in[38]/X (sky130_fd_sc_hd__clkbuf_16)
                                                         clknet_0_gpio_in[38] (net)
                      0.084390    0.003672   25.560749 ^ clkbuf_1_0__f_gpio_in[38]/A (sky130_fd_sc_hd__clkbuf_16)
    25    0.077277    0.095564    0.177632   25.738380 ^ clkbuf_1_0__f_gpio_in[38]/X (sky130_fd_sc_hd__clkbuf_16)
                                                         clknet_1_0__leaf_gpio_in[38] (net)
                      0.098514    0.013088   25.751469 ^ _090_/CLK (sky130_fd_sc_hd__dfrtp_1)
                                 -0.250000   25.501471   clock uncertainty
                                  0.000000   25.501471   clock reconvergence pessimism
                                 -0.105744   25.395725   library setup time
                                             25.395725   data required time
---------------------------------------------------------------------------------------------
                                             25.395725   data required time
                                             -3.254737   data arrival time
---------------------------------------------------------------------------------------------
                                             22.140987   slack (MET)


Startpoint: _087_ (rising edge-triggered flip-flop clocked by gpio_in[38])
Endpoint: _093_ (rising edge-triggered flip-flop clocked by gpio_in[38])
Path Group: gpio_in[38]
Path Type: max

Fanout         Cap        Slew       Delay        Time   Description
---------------------------------------------------------------------------------------------
                                  0.000000    0.000000   clock gpio_in[38] (rise edge)
                                  0.000000    0.000000   clock source latency
     2    0.090726    0.412544    0.299203    0.299203 ^ gpio_in[38] (in)
                                                         gpio_in[38] (net)
                      0.416241    0.000000    0.299203 ^ clkbuf_0_gpio_in[38]/A (sky130_fd_sc_hd__clkbuf_16)
     5    0.060592    0.084005    0.257875    0.557078 ^ clkbuf_0_gpio_in[38]/X (sky130_fd_sc_hd__clkbuf_16)
                                                         clknet_0_gpio_in[38] (net)
                      0.084390    0.003672    0.560750 ^ clkbuf_1_0__f_gpio_in[38]/A (sky130_fd_sc_hd__clkbuf_16)
    25    0.077277    0.095564    0.177631    0.738381 ^ clkbuf_1_0__f_gpio_in[38]/X (sky130_fd_sc_hd__clkbuf_16)
                                                         clknet_1_0__leaf_gpio_in[38] (net)
                      0.098329    0.012668    0.751049 ^ _087_/CLK (sky130_fd_sc_hd__dfrtp_2)
     3    0.009210    0.065476    0.380219    1.131268 ^ _087_/Q (sky130_fd_sc_hd__dfrtp_2)
                                                         gpio_18_21_bidir[18].cfg.gpio_out_val (net)
                      0.065476    0.000057    1.131325 ^ hold3/A (sky130_fd_sc_hd__dlygate4sd3_1)
     5    0.019462    0.203311    0.661458    1.792783 ^ hold3/X (sky130_fd_sc_hd__dlygate4sd3_1)
                                                         net578 (net)
                      0.203311    0.000179    1.792962 ^ _049_/A (sky130_fd_sc_hd__and4_4)
    17    0.122941    0.365858    0.485594    2.278557 ^ _049_/X (sky130_fd_sc_hd__and4_4)
                                                         _022_ (net)
                      0.375613    0.047063    2.325619 ^ _053_/C (sky130_fd_sc_hd__and3_1)
     3    0.010921    0.122017    0.267797    2.593416 ^ _053_/X (sky130_fd_sc_hd__and3_1)
                                                         _024_ (net)
                      0.122017    0.000119    2.593535 ^ _057_/B (sky130_fd_sc_hd__xor2_1)
     1    0.001810    0.095440    0.137975    2.731510 ^ _057_/X (sky130_fd_sc_hd__xor2_1)
                                                         _016_ (net)
                      0.095440    0.000006    2.731517 ^ hold13/A (sky130_fd_sc_hd__dlygate4sd3_1)
     1    0.003360    0.057889    0.554946    3.286463 ^ hold13/X (sky130_fd_sc_hd__dlygate4sd3_1)
                                                         net588 (net)
                      0.057889    0.000044    3.286506 ^ _093_/D (sky130_fd_sc_hd__dfrtp_1)
                                              3.286506   data arrival time

                                 25.000000   25.000000   clock gpio_in[38] (rise edge)
                                  0.000000   25.000000   clock source latency
     2    0.090726    0.412544    0.299202   25.299202 ^ gpio_in[38] (in)
                                                         gpio_in[38] (net)
                      0.416241    0.000000   25.299202 ^ clkbuf_0_gpio_in[38]/A (sky130_fd_sc_hd__clkbuf_16)
     5    0.060592    0.084005    0.257876   25.557077 ^ clkbuf_0_gpio_in[38]/X (sky130_fd_sc_hd__clkbuf_16)
                                                         clknet_0_gpio_in[38] (net)
                      0.084375    0.003560   25.560637 ^ clkbuf_1_1__f_gpio_in[38]/A (sky130_fd_sc_hd__clkbuf_16)
    19    0.066215    0.083993    0.172486   25.733124 ^ clkbuf_1_1__f_gpio_in[38]/X (sky130_fd_sc_hd__clkbuf_16)
                                                         clknet_1_1__leaf_gpio_in[38] (net)
                      0.085666    0.009221   25.742344 ^ _093_/CLK (sky130_fd_sc_hd__dfrtp_1)
                                 -0.250000   25.492346   clock uncertainty
                                  0.000000   25.492346   clock reconvergence pessimism
                                 -0.056668   25.435677   library setup time
                                             25.435677   data required time
---------------------------------------------------------------------------------------------
                                             25.435677   data required time
                                             -3.286506   data arrival time
---------------------------------------------------------------------------------------------
                                             22.149170   slack (MET)


Startpoint: _087_ (rising edge-triggered flip-flop clocked by gpio_in[38])
Endpoint: _099_ (rising edge-triggered flip-flop clocked by gpio_in[38])
Path Group: gpio_in[38]
Path Type: max

Fanout         Cap        Slew       Delay        Time   Description
---------------------------------------------------------------------------------------------
                                  0.000000    0.000000   clock gpio_in[38] (rise edge)
                                  0.000000    0.000000   clock source latency
     2    0.090726    0.412544    0.299203    0.299203 ^ gpio_in[38] (in)
                                                         gpio_in[38] (net)
                      0.416241    0.000000    0.299203 ^ clkbuf_0_gpio_in[38]/A (sky130_fd_sc_hd__clkbuf_16)
     5    0.060592    0.084005    0.257875    0.557078 ^ clkbuf_0_gpio_in[38]/X (sky130_fd_sc_hd__clkbuf_16)
                                                         clknet_0_gpio_in[38] (net)
                      0.084390    0.003672    0.560750 ^ clkbuf_1_0__f_gpio_in[38]/A (sky130_fd_sc_hd__clkbuf_16)
    25    0.077277    0.095564    0.177631    0.738381 ^ clkbuf_1_0__f_gpio_in[38]/X (sky130_fd_sc_hd__clkbuf_16)
                                                         clknet_1_0__leaf_gpio_in[38] (net)
                      0.098329    0.012668    0.751049 ^ _087_/CLK (sky130_fd_sc_hd__dfrtp_2)
     3    0.009210    0.065476    0.380219    1.131268 ^ _087_/Q (sky130_fd_sc_hd__dfrtp_2)
                                                         gpio_18_21_bidir[18].cfg.gpio_out_val (net)
                      0.065476    0.000057    1.131325 ^ hold3/A (sky130_fd_sc_hd__dlygate4sd3_1)
     5    0.019462    0.203311    0.661458    1.792783 ^ hold3/X (sky130_fd_sc_hd__dlygate4sd3_1)
                                                         net578 (net)
                      0.203311    0.000179    1.792962 ^ _049_/A (sky130_fd_sc_hd__and4_4)
    17    0.122941    0.365858    0.485594    2.278557 ^ _049_/X (sky130_fd_sc_hd__and4_4)
                                                         _022_ (net)
                      0.365861    0.001096    2.279653 ^ _068_/A (sky130_fd_sc_hd__and3_1)
     5    0.015646    0.164878    0.305971    2.585624 ^ _068_/X (sky130_fd_sc_hd__and3_1)
                                                         _033_ (net)
                      0.164878    0.000202    2.585826 ^ _071_/B (sky130_fd_sc_hd__nor2_1)
     1    0.002210    0.040032    0.053664    2.639490 v _071_/Y (sky130_fd_sc_hd__nor2_1)
                                                         _035_ (net)
                      0.040032    0.000021    2.639510 v hold29/A (sky130_fd_sc_hd__dlygate4sd3_1)
     1    0.003217    0.055786    0.550035    3.189545 v hold29/X (sky130_fd_sc_hd__dlygate4sd3_1)
                                                         net604 (net)
                      0.055786    0.000039    3.189584 v _072_/B (sky130_fd_sc_hd__nor2_1)
     1    0.002601    0.072849    0.082586    3.272170 ^ _072_/Y (sky130_fd_sc_hd__nor2_1)
                                                         _003_ (net)
                      0.072849    0.000025    3.272195 ^ _099_/D (sky130_fd_sc_hd__dfrtp_1)
                                              3.272195   data arrival time

                                 25.000000   25.000000   clock gpio_in[38] (rise edge)
                                  0.000000   25.000000   clock source latency
     2    0.090726    0.412544    0.299202   25.299202 ^ gpio_in[38] (in)
                                                         gpio_in[38] (net)
                      0.416241    0.000000   25.299202 ^ clkbuf_0_gpio_in[38]/A (sky130_fd_sc_hd__clkbuf_16)
     5    0.060592    0.084005    0.257876   25.557077 ^ clkbuf_0_gpio_in[38]/X (sky130_fd_sc_hd__clkbuf_16)
                                                         clknet_0_gpio_in[38] (net)
                      0.084390    0.003672   25.560749 ^ clkbuf_1_0__f_gpio_in[38]/A (sky130_fd_sc_hd__clkbuf_16)
    25    0.077277    0.095564    0.177632   25.738380 ^ clkbuf_1_0__f_gpio_in[38]/X (sky130_fd_sc_hd__clkbuf_16)
                                                         clknet_1_0__leaf_gpio_in[38] (net)
                      0.098660    0.013411   25.751793 ^ _099_/CLK (sky130_fd_sc_hd__dfrtp_1)
                                 -0.250000   25.501793   clock uncertainty
                                  0.000000   25.501793   clock reconvergence pessimism
                                 -0.058118   25.443676   library setup time
                                             25.443676   data required time
---------------------------------------------------------------------------------------------
                                             25.443676   data required time
                                             -3.272195   data arrival time
---------------------------------------------------------------------------------------------
                                             22.171482   slack (MET)


Startpoint: _087_ (rising edge-triggered flip-flop clocked by gpio_in[38])
Endpoint: _096_ (rising edge-triggered flip-flop clocked by gpio_in[38])
Path Group: gpio_in[38]
Path Type: max

Fanout         Cap        Slew       Delay        Time   Description
---------------------------------------------------------------------------------------------
                                  0.000000    0.000000   clock gpio_in[38] (rise edge)
                                  0.000000    0.000000   clock source latency
     2    0.090726    0.412544    0.299203    0.299203 ^ gpio_in[38] (in)
                                                         gpio_in[38] (net)
                      0.416241    0.000000    0.299203 ^ clkbuf_0_gpio_in[38]/A (sky130_fd_sc_hd__clkbuf_16)
     5    0.060592    0.084005    0.257875    0.557078 ^ clkbuf_0_gpio_in[38]/X (sky130_fd_sc_hd__clkbuf_16)
                                                         clknet_0_gpio_in[38] (net)
                      0.084390    0.003672    0.560750 ^ clkbuf_1_0__f_gpio_in[38]/A (sky130_fd_sc_hd__clkbuf_16)
    25    0.077277    0.095564    0.177631    0.738381 ^ clkbuf_1_0__f_gpio_in[38]/X (sky130_fd_sc_hd__clkbuf_16)
                                                         clknet_1_0__leaf_gpio_in[38] (net)
                      0.098329    0.012668    0.751049 ^ _087_/CLK (sky130_fd_sc_hd__dfrtp_2)
     3    0.009210    0.065476    0.380219    1.131268 ^ _087_/Q (sky130_fd_sc_hd__dfrtp_2)
                                                         gpio_18_21_bidir[18].cfg.gpio_out_val (net)
                      0.065476    0.000057    1.131325 ^ hold3/A (sky130_fd_sc_hd__dlygate4sd3_1)
     5    0.019462    0.203311    0.661458    1.792783 ^ hold3/X (sky130_fd_sc_hd__dlygate4sd3_1)
                                                         net578 (net)
                      0.203311    0.000179    1.792962 ^ _049_/A (sky130_fd_sc_hd__and4_4)
    17    0.122941    0.365858    0.485594    2.278557 ^ _049_/X (sky130_fd_sc_hd__and4_4)
                                                         _022_ (net)
                      0.375548    0.046909    2.325465 ^ _059_/A (sky130_fd_sc_hd__and2_4)
     9    0.106247    0.306506    0.409710    2.735175 ^ _059_/X (sky130_fd_sc_hd__and2_4)
                                                         _028_ (net)
                      0.314866    0.039521    2.774696 ^ _062_/C (sky130_fd_sc_hd__and3_1)
     2    0.007185    0.089441    0.233273    3.007969 ^ _062_/X (sky130_fd_sc_hd__and3_1)
                                                         _029_ (net)
                      0.089441    0.000060    3.008029 ^ _064_/A_N (sky130_fd_sc_hd__and2b_1)
     1    0.002188    0.031013    0.177059    3.185088 v _064_/X (sky130_fd_sc_hd__and2b_1)
                                                         _019_ (net)
                      0.031013    0.000018    3.185107 v _096_/D (sky130_fd_sc_hd__dfrtp_1)
                                              3.185107   data arrival time

                                 25.000000   25.000000   clock gpio_in[38] (rise edge)
                                  0.000000   25.000000   clock source latency
     2    0.090726    0.412544    0.299202   25.299202 ^ gpio_in[38] (in)
                                                         gpio_in[38] (net)
                      0.416241    0.000000   25.299202 ^ clkbuf_0_gpio_in[38]/A (sky130_fd_sc_hd__clkbuf_16)
     5    0.060592    0.084005    0.257876   25.557077 ^ clkbuf_0_gpio_in[38]/X (sky130_fd_sc_hd__clkbuf_16)
                                                         clknet_0_gpio_in[38] (net)
                      0.084390    0.003672   25.560749 ^ clkbuf_1_0__f_gpio_in[38]/A (sky130_fd_sc_hd__clkbuf_16)
    25    0.077277    0.095564    0.177632   25.738380 ^ clkbuf_1_0__f_gpio_in[38]/X (sky130_fd_sc_hd__clkbuf_16)
                                                         clknet_1_0__leaf_gpio_in[38] (net)
                      0.098248    0.012479   25.750860 ^ _096_/CLK (sky130_fd_sc_hd__dfrtp_1)
                                 -0.250000   25.500860   clock uncertainty
                                  0.000000   25.500860   clock reconvergence pessimism
                                 -0.096006   25.404856   library setup time
                                             25.404856   data required time
---------------------------------------------------------------------------------------------
                                             25.404856   data required time
                                             -3.185107   data arrival time
---------------------------------------------------------------------------------------------
                                             22.219748   slack (MET)


Startpoint: _087_ (rising edge-triggered flip-flop clocked by gpio_in[38])
Endpoint: _104_ (rising edge-triggered flip-flop clocked by gpio_in[38])
Path Group: gpio_in[38]
Path Type: max

Fanout         Cap        Slew       Delay        Time   Description
---------------------------------------------------------------------------------------------
                                  0.000000    0.000000   clock gpio_in[38] (rise edge)
                                  0.000000    0.000000   clock source latency
     2    0.090726    0.412544    0.299203    0.299203 ^ gpio_in[38] (in)
                                                         gpio_in[38] (net)
                      0.416241    0.000000    0.299203 ^ clkbuf_0_gpio_in[38]/A (sky130_fd_sc_hd__clkbuf_16)
     5    0.060592    0.084005    0.257875    0.557078 ^ clkbuf_0_gpio_in[38]/X (sky130_fd_sc_hd__clkbuf_16)
                                                         clknet_0_gpio_in[38] (net)
                      0.084390    0.003672    0.560750 ^ clkbuf_1_0__f_gpio_in[38]/A (sky130_fd_sc_hd__clkbuf_16)
    25    0.077277    0.095564    0.177631    0.738381 ^ clkbuf_1_0__f_gpio_in[38]/X (sky130_fd_sc_hd__clkbuf_16)
                                                         clknet_1_0__leaf_gpio_in[38] (net)
                      0.098329    0.012668    0.751049 ^ _087_/CLK (sky130_fd_sc_hd__dfrtp_2)
     3    0.009210    0.065476    0.380219    1.131268 ^ _087_/Q (sky130_fd_sc_hd__dfrtp_2)
                                                         gpio_18_21_bidir[18].cfg.gpio_out_val (net)
                      0.065476    0.000057    1.131325 ^ hold3/A (sky130_fd_sc_hd__dlygate4sd3_1)
     5    0.019462    0.203311    0.661458    1.792783 ^ hold3/X (sky130_fd_sc_hd__dlygate4sd3_1)
                                                         net578 (net)
                      0.203311    0.000179    1.792962 ^ _049_/A (sky130_fd_sc_hd__and4_4)
    17    0.122941    0.365858    0.485594    2.278557 ^ _049_/X (sky130_fd_sc_hd__and4_4)
                                                         _022_ (net)
                      0.365875    0.002333    2.280889 ^ _078_/A (sky130_fd_sc_hd__and4_4)
    11    0.110752    0.333337    0.506260    2.787150 ^ _078_/X (sky130_fd_sc_hd__and4_4)
                                                         _039_ (net)
                      0.342979    0.044479    2.831629 ^ _082_/C (sky130_fd_sc_hd__and3_1)
     2    0.010180    0.115031    0.258546    3.090174 ^ _082_/X (sky130_fd_sc_hd__and3_1)
                                                         _041_ (net)
                      0.115031    0.000075    3.090250 ^ _083_/B (sky130_fd_sc_hd__nor2_1)
     1    0.003506    0.048177    0.056007    3.146257 v _083_/Y (sky130_fd_sc_hd__nor2_1)
                                                         _008_ (net)
                      0.048177    0.000049    3.146306 v _104_/D (sky130_fd_sc_hd__dfrtp_1)
                                              3.146306   data arrival time

                                 25.000000   25.000000   clock gpio_in[38] (rise edge)
                                  0.000000   25.000000   clock source latency
     2    0.090726    0.412544    0.299202   25.299202 ^ gpio_in[38] (in)
                                                         gpio_in[38] (net)
                      0.416241    0.000000   25.299202 ^ clkbuf_0_gpio_in[38]/A (sky130_fd_sc_hd__clkbuf_16)
     5    0.060592    0.084005    0.257876   25.557077 ^ clkbuf_0_gpio_in[38]/X (sky130_fd_sc_hd__clkbuf_16)
                                                         clknet_0_gpio_in[38] (net)
                      0.084375    0.003560   25.560637 ^ clkbuf_1_1__f_gpio_in[38]/A (sky130_fd_sc_hd__clkbuf_16)
    19    0.066215    0.083993    0.172486   25.733124 ^ clkbuf_1_1__f_gpio_in[38]/X (sky130_fd_sc_hd__clkbuf_16)
                                                         clknet_1_1__leaf_gpio_in[38] (net)
                      0.085507    0.008757   25.741880 ^ _104_/CLK (sky130_fd_sc_hd__dfrtp_1)
                                 -0.250000   25.491880   clock uncertainty
                                  0.000000   25.491880   clock reconvergence pessimism
                                 -0.106388   25.385494   library setup time
                                             25.385494   data required time
---------------------------------------------------------------------------------------------
                                             25.385494   data required time
                                             -3.146306   data arrival time
---------------------------------------------------------------------------------------------
                                             22.239187   slack (MET)


Startpoint: _087_ (rising edge-triggered flip-flop clocked by gpio_in[38])
Endpoint: _091_ (rising edge-triggered flip-flop clocked by gpio_in[38])
Path Group: gpio_in[38]
Path Type: max

Fanout         Cap        Slew       Delay        Time   Description
---------------------------------------------------------------------------------------------
                                  0.000000    0.000000   clock gpio_in[38] (rise edge)
                                  0.000000    0.000000   clock source latency
     2    0.090726    0.412544    0.299203    0.299203 ^ gpio_in[38] (in)
                                                         gpio_in[38] (net)
                      0.416241    0.000000    0.299203 ^ clkbuf_0_gpio_in[38]/A (sky130_fd_sc_hd__clkbuf_16)
     5    0.060592    0.084005    0.257875    0.557078 ^ clkbuf_0_gpio_in[38]/X (sky130_fd_sc_hd__clkbuf_16)
                                                         clknet_0_gpio_in[38] (net)
                      0.084390    0.003672    0.560750 ^ clkbuf_1_0__f_gpio_in[38]/A (sky130_fd_sc_hd__clkbuf_16)
    25    0.077277    0.095564    0.177631    0.738381 ^ clkbuf_1_0__f_gpio_in[38]/X (sky130_fd_sc_hd__clkbuf_16)
                                                         clknet_1_0__leaf_gpio_in[38] (net)
                      0.098329    0.012668    0.751049 ^ _087_/CLK (sky130_fd_sc_hd__dfrtp_2)
     3    0.009210    0.065476    0.380219    1.131268 ^ _087_/Q (sky130_fd_sc_hd__dfrtp_2)
                                                         gpio_18_21_bidir[18].cfg.gpio_out_val (net)
                      0.065476    0.000057    1.131325 ^ hold3/A (sky130_fd_sc_hd__dlygate4sd3_1)
     5    0.019462    0.203311    0.661458    1.792783 ^ hold3/X (sky130_fd_sc_hd__dlygate4sd3_1)
                                                         net578 (net)
                      0.203311    0.000179    1.792962 ^ _049_/A (sky130_fd_sc_hd__and4_4)
    17    0.122941    0.365858    0.485594    2.278557 ^ _049_/X (sky130_fd_sc_hd__and4_4)
                                                         _022_ (net)
                      0.375626    0.047095    2.325651 ^ _052_/B (sky130_fd_sc_hd__xor2_1)
     1    0.002021    0.087376    0.104758    2.430410 v _052_/X (sky130_fd_sc_hd__xor2_1)
                                                         _014_ (net)
                      0.087376    0.000018    2.430428 v hold21/A (sky130_fd_sc_hd__dlygate4sd3_1)
     1    0.002186    0.051205    0.561354    2.991782 v hold21/X (sky130_fd_sc_hd__dlygate4sd3_1)
                                                         net596 (net)
                      0.051205    0.000010    2.991792 v _091_/D (sky130_fd_sc_hd__dfrtp_1)
                                              2.991792   data arrival time

                                 25.000000   25.000000   clock gpio_in[38] (rise edge)
                                  0.000000   25.000000   clock source latency
     2    0.090726    0.412544    0.299202   25.299202 ^ gpio_in[38] (in)
                                                         gpio_in[38] (net)
                      0.416241    0.000000   25.299202 ^ clkbuf_0_gpio_in[38]/A (sky130_fd_sc_hd__clkbuf_16)
     5    0.060592    0.084005    0.257876   25.557077 ^ clkbuf_0_gpio_in[38]/X (sky130_fd_sc_hd__clkbuf_16)
                                                         clknet_0_gpio_in[38] (net)
                      0.084375    0.003560   25.560637 ^ clkbuf_1_1__f_gpio_in[38]/A (sky130_fd_sc_hd__clkbuf_16)
    19    0.066215    0.083993    0.172486   25.733124 ^ clkbuf_1_1__f_gpio_in[38]/X (sky130_fd_sc_hd__clkbuf_16)
                                                         clknet_1_1__leaf_gpio_in[38] (net)
                      0.085662    0.009210   25.742334 ^ _091_/CLK (sky130_fd_sc_hd__dfrtp_1)
                                 -0.250000   25.492334   clock uncertainty
                                  0.000000   25.492334   clock reconvergence pessimism
                                 -0.107670   25.384665   library setup time
                                             25.384665   data required time
---------------------------------------------------------------------------------------------
                                             25.384665   data required time
                                             -2.991792   data arrival time
---------------------------------------------------------------------------------------------
                                             22.392872   slack (MET)


Startpoint: _087_ (rising edge-triggered flip-flop clocked by gpio_in[38])
Endpoint: _103_ (rising edge-triggered flip-flop clocked by gpio_in[38])
Path Group: gpio_in[38]
Path Type: max

Fanout         Cap        Slew       Delay        Time   Description
---------------------------------------------------------------------------------------------
                                  0.000000    0.000000   clock gpio_in[38] (rise edge)
                                  0.000000    0.000000   clock source latency
     2    0.090726    0.412544    0.299203    0.299203 ^ gpio_in[38] (in)
                                                         gpio_in[38] (net)
                      0.416241    0.000000    0.299203 ^ clkbuf_0_gpio_in[38]/A (sky130_fd_sc_hd__clkbuf_16)
     5    0.060592    0.084005    0.257875    0.557078 ^ clkbuf_0_gpio_in[38]/X (sky130_fd_sc_hd__clkbuf_16)
                                                         clknet_0_gpio_in[38] (net)
                      0.084390    0.003672    0.560750 ^ clkbuf_1_0__f_gpio_in[38]/A (sky130_fd_sc_hd__clkbuf_16)
    25    0.077277    0.095564    0.177631    0.738381 ^ clkbuf_1_0__f_gpio_in[38]/X (sky130_fd_sc_hd__clkbuf_16)
                                                         clknet_1_0__leaf_gpio_in[38] (net)
                      0.098329    0.012668    0.751049 ^ _087_/CLK (sky130_fd_sc_hd__dfrtp_2)
     3    0.009210    0.065476    0.380219    1.131268 ^ _087_/Q (sky130_fd_sc_hd__dfrtp_2)
                                                         gpio_18_21_bidir[18].cfg.gpio_out_val (net)
                      0.065476    0.000057    1.131325 ^ hold3/A (sky130_fd_sc_hd__dlygate4sd3_1)
     5    0.019462    0.203311    0.661458    1.792783 ^ hold3/X (sky130_fd_sc_hd__dlygate4sd3_1)
                                                         net578 (net)
                      0.203311    0.000179    1.792962 ^ _049_/A (sky130_fd_sc_hd__and4_4)
    17    0.122941    0.365858    0.485594    2.278557 ^ _049_/X (sky130_fd_sc_hd__and4_4)
                                                         _022_ (net)
                      0.365875    0.002333    2.280889 ^ _078_/A (sky130_fd_sc_hd__and4_4)
    11    0.110752    0.333337    0.506260    2.787150 ^ _078_/X (sky130_fd_sc_hd__and4_4)
                                                         _039_ (net)
                      0.342867    0.044224    2.831374 ^ _080_/B (sky130_fd_sc_hd__xor2_1)
     1    0.002319    0.104923    0.167827    2.999201 ^ _080_/X (sky130_fd_sc_hd__xor2_1)
                                                         _007_ (net)
                      0.104923    0.000012    2.999213 ^ _103_/D (sky130_fd_sc_hd__dfrtp_1)
                                              2.999213   data arrival time

                                 25.000000   25.000000   clock gpio_in[38] (rise edge)
                                  0.000000   25.000000   clock source latency
     2    0.090726    0.412544    0.299202   25.299202 ^ gpio_in[38] (in)
                                                         gpio_in[38] (net)
                      0.416241    0.000000   25.299202 ^ clkbuf_0_gpio_in[38]/A (sky130_fd_sc_hd__clkbuf_16)
     5    0.060592    0.084005    0.257876   25.557077 ^ clkbuf_0_gpio_in[38]/X (sky130_fd_sc_hd__clkbuf_16)
                                                         clknet_0_gpio_in[38] (net)
                      0.084375    0.003560   25.560637 ^ clkbuf_1_1__f_gpio_in[38]/A (sky130_fd_sc_hd__clkbuf_16)
    19    0.066215    0.083993    0.172486   25.733124 ^ clkbuf_1_1__f_gpio_in[38]/X (sky130_fd_sc_hd__clkbuf_16)
                                                         clknet_1_1__leaf_gpio_in[38] (net)
                      0.085503    0.008745   25.741869 ^ _103_/CLK (sky130_fd_sc_hd__dfrtp_1)
                                 -0.250000   25.491869   clock uncertainty
                                  0.000000   25.491869   clock reconvergence pessimism
                                 -0.067449   25.424419   library setup time
                                             25.424419   data required time
---------------------------------------------------------------------------------------------
                                             25.424419   data required time
                                             -2.999213   data arrival time
---------------------------------------------------------------------------------------------
                                             22.425205   slack (MET)


Startpoint: _087_ (rising edge-triggered flip-flop clocked by gpio_in[38])
Endpoint: _095_ (rising edge-triggered flip-flop clocked by gpio_in[38])
Path Group: gpio_in[38]
Path Type: max

Fanout         Cap        Slew       Delay        Time   Description
---------------------------------------------------------------------------------------------
                                  0.000000    0.000000   clock gpio_in[38] (rise edge)
                                  0.000000    0.000000   clock source latency
     2    0.090726    0.412544    0.299203    0.299203 ^ gpio_in[38] (in)
                                                         gpio_in[38] (net)
                      0.416241    0.000000    0.299203 ^ clkbuf_0_gpio_in[38]/A (sky130_fd_sc_hd__clkbuf_16)
     5    0.060592    0.084005    0.257875    0.557078 ^ clkbuf_0_gpio_in[38]/X (sky130_fd_sc_hd__clkbuf_16)
                                                         clknet_0_gpio_in[38] (net)
                      0.084390    0.003672    0.560750 ^ clkbuf_1_0__f_gpio_in[38]/A (sky130_fd_sc_hd__clkbuf_16)
    25    0.077277    0.095564    0.177631    0.738381 ^ clkbuf_1_0__f_gpio_in[38]/X (sky130_fd_sc_hd__clkbuf_16)
                                                         clknet_1_0__leaf_gpio_in[38] (net)
                      0.098329    0.012668    0.751049 ^ _087_/CLK (sky130_fd_sc_hd__dfrtp_2)
     3    0.009210    0.065476    0.380219    1.131268 ^ _087_/Q (sky130_fd_sc_hd__dfrtp_2)
                                                         gpio_18_21_bidir[18].cfg.gpio_out_val (net)
                      0.065476    0.000057    1.131325 ^ hold3/A (sky130_fd_sc_hd__dlygate4sd3_1)
     5    0.019462    0.203311    0.661458    1.792783 ^ hold3/X (sky130_fd_sc_hd__dlygate4sd3_1)
                                                         net578 (net)
                      0.203311    0.000179    1.792962 ^ _049_/A (sky130_fd_sc_hd__and4_4)
    17    0.122941    0.365858    0.485594    2.278557 ^ _049_/X (sky130_fd_sc_hd__and4_4)
                                                         _022_ (net)
                      0.375548    0.046909    2.325465 ^ _059_/A (sky130_fd_sc_hd__and2_4)
     9    0.106247    0.306506    0.409710    2.735175 ^ _059_/X (sky130_fd_sc_hd__and2_4)
                                                         _028_ (net)
                      0.314776    0.039307    2.774483 ^ _061_/B (sky130_fd_sc_hd__xor2_1)
     1    0.002393    0.104667    0.167441    2.941923 ^ _061_/X (sky130_fd_sc_hd__xor2_1)
                                                         _018_ (net)
                      0.104667    0.000022    2.941946 ^ _095_/D (sky130_fd_sc_hd__dfrtp_2)
                                              2.941946   data arrival time

                                 25.000000   25.000000   clock gpio_in[38] (rise edge)
                                  0.000000   25.000000   clock source latency
     2    0.090726    0.412544    0.299202   25.299202 ^ gpio_in[38] (in)
                                                         gpio_in[38] (net)
                      0.416241    0.000000   25.299202 ^ clkbuf_0_gpio_in[38]/A (sky130_fd_sc_hd__clkbuf_16)
     5    0.060592    0.084005    0.257876   25.557077 ^ clkbuf_0_gpio_in[38]/X (sky130_fd_sc_hd__clkbuf_16)
                                                         clknet_0_gpio_in[38] (net)
                      0.084390    0.003672   25.560749 ^ clkbuf_1_0__f_gpio_in[38]/A (sky130_fd_sc_hd__clkbuf_16)
    25    0.077277    0.095564    0.177632   25.738380 ^ clkbuf_1_0__f_gpio_in[38]/X (sky130_fd_sc_hd__clkbuf_16)
                                                         clknet_1_0__leaf_gpio_in[38] (net)
                      0.097740    0.011241   25.749622 ^ _095_/CLK (sky130_fd_sc_hd__dfrtp_2)
                                 -0.250000   25.499622   clock uncertainty
                                  0.000000   25.499622   clock reconvergence pessimism
                                 -0.069234   25.430389   library setup time
                                             25.430389   data required time
---------------------------------------------------------------------------------------------
                                             25.430389   data required time
                                             -2.941946   data arrival time
---------------------------------------------------------------------------------------------
                                             22.488443   slack (MET)


Startpoint: _087_ (rising edge-triggered flip-flop clocked by gpio_in[38])
Endpoint: _092_ (rising edge-triggered flip-flop clocked by gpio_in[38])
Path Group: gpio_in[38]
Path Type: max

Fanout         Cap        Slew       Delay        Time   Description
---------------------------------------------------------------------------------------------
                                  0.000000    0.000000   clock gpio_in[38] (rise edge)
                                  0.000000    0.000000   clock source latency
     2    0.090726    0.412544    0.299203    0.299203 ^ gpio_in[38] (in)
                                                         gpio_in[38] (net)
                      0.416241    0.000000    0.299203 ^ clkbuf_0_gpio_in[38]/A (sky130_fd_sc_hd__clkbuf_16)
     5    0.060592    0.084005    0.257875    0.557078 ^ clkbuf_0_gpio_in[38]/X (sky130_fd_sc_hd__clkbuf_16)
                                                         clknet_0_gpio_in[38] (net)
                      0.084390    0.003672    0.560750 ^ clkbuf_1_0__f_gpio_in[38]/A (sky130_fd_sc_hd__clkbuf_16)
    25    0.077277    0.095564    0.177631    0.738381 ^ clkbuf_1_0__f_gpio_in[38]/X (sky130_fd_sc_hd__clkbuf_16)
                                                         clknet_1_0__leaf_gpio_in[38] (net)
                      0.098329    0.012668    0.751049 ^ _087_/CLK (sky130_fd_sc_hd__dfrtp_2)
     3    0.009210    0.065476    0.380219    1.131268 ^ _087_/Q (sky130_fd_sc_hd__dfrtp_2)
                                                         gpio_18_21_bidir[18].cfg.gpio_out_val (net)
                      0.065476    0.000057    1.131325 ^ hold3/A (sky130_fd_sc_hd__dlygate4sd3_1)
     5    0.019462    0.203311    0.661458    1.792783 ^ hold3/X (sky130_fd_sc_hd__dlygate4sd3_1)
                                                         net578 (net)
                      0.203311    0.000179    1.792962 ^ _049_/A (sky130_fd_sc_hd__and4_4)
    17    0.122941    0.365858    0.485594    2.278557 ^ _049_/X (sky130_fd_sc_hd__and4_4)
                                                         _022_ (net)
                      0.375613    0.047063    2.325619 ^ _053_/C (sky130_fd_sc_hd__and3_1)
     3    0.010921    0.122017    0.267797    2.593416 ^ _053_/X (sky130_fd_sc_hd__and3_1)
                                                         _024_ (net)
                      0.122017    0.000085    2.593501 ^ _055_/A (sky130_fd_sc_hd__nor2_1)
     1    0.003606    0.043121    0.066080    2.659580 v _055_/Y (sky130_fd_sc_hd__nor2_1)
                                                         _015_ (net)
                      0.043121    0.000049    2.659630 v _092_/D (sky130_fd_sc_hd__dfrtp_1)
                                              2.659630   data arrival time

                                 25.000000   25.000000   clock gpio_in[38] (rise edge)
                                  0.000000   25.000000   clock source latency
     2    0.090726    0.412544    0.299202   25.299202 ^ gpio_in[38] (in)
                                                         gpio_in[38] (net)
                      0.416241    0.000000   25.299202 ^ clkbuf_0_gpio_in[38]/A (sky130_fd_sc_hd__clkbuf_16)
     5    0.060592    0.084005    0.257876   25.557077 ^ clkbuf_0_gpio_in[38]/X (sky130_fd_sc_hd__clkbuf_16)
                                                         clknet_0_gpio_in[38] (net)
                      0.084375    0.003560   25.560637 ^ clkbuf_1_1__f_gpio_in[38]/A (sky130_fd_sc_hd__clkbuf_16)
    19    0.066215    0.083993    0.172486   25.733124 ^ clkbuf_1_1__f_gpio_in[38]/X (sky130_fd_sc_hd__clkbuf_16)
                                                         clknet_1_1__leaf_gpio_in[38] (net)
                      0.085662    0.009210   25.742334 ^ _092_/CLK (sky130_fd_sc_hd__dfrtp_1)
                                 -0.250000   25.492334   clock uncertainty
                                  0.000000   25.492334   clock reconvergence pessimism
                                 -0.104151   25.388184   library setup time
                                             25.388184   data required time
---------------------------------------------------------------------------------------------
                                             25.388184   data required time
                                             -2.659630   data arrival time
---------------------------------------------------------------------------------------------
                                             22.728554   slack (MET)


Startpoint: _087_ (rising edge-triggered flip-flop clocked by gpio_in[38])
Endpoint: _089_ (rising edge-triggered flip-flop clocked by gpio_in[38])
Path Group: gpio_in[38]
Path Type: max

Fanout         Cap        Slew       Delay        Time   Description
---------------------------------------------------------------------------------------------
                                  0.000000    0.000000   clock gpio_in[38] (rise edge)
                                  0.000000    0.000000   clock source latency
     2    0.090726    0.412544    0.299203    0.299203 ^ gpio_in[38] (in)
                                                         gpio_in[38] (net)
                      0.416241    0.000000    0.299203 ^ clkbuf_0_gpio_in[38]/A (sky130_fd_sc_hd__clkbuf_16)
     5    0.060592    0.084005    0.257875    0.557078 ^ clkbuf_0_gpio_in[38]/X (sky130_fd_sc_hd__clkbuf_16)
                                                         clknet_0_gpio_in[38] (net)
                      0.084390    0.003672    0.560750 ^ clkbuf_1_0__f_gpio_in[38]/A (sky130_fd_sc_hd__clkbuf_16)
    25    0.077277    0.095564    0.177631    0.738381 ^ clkbuf_1_0__f_gpio_in[38]/X (sky130_fd_sc_hd__clkbuf_16)
                                                         clknet_1_0__leaf_gpio_in[38] (net)
                      0.098329    0.012668    0.751049 ^ _087_/CLK (sky130_fd_sc_hd__dfrtp_2)
     3    0.009210    0.065476    0.380219    1.131268 ^ _087_/Q (sky130_fd_sc_hd__dfrtp_2)
                                                         gpio_18_21_bidir[18].cfg.gpio_out_val (net)
                      0.065476    0.000057    1.131325 ^ hold3/A (sky130_fd_sc_hd__dlygate4sd3_1)
     5    0.019462    0.203311    0.661458    1.792783 ^ hold3/X (sky130_fd_sc_hd__dlygate4sd3_1)
                                                         net578 (net)
                      0.203311    0.000144    1.792927 ^ _045_/A (sky130_fd_sc_hd__nand2_1)
     2    0.008178    0.091013    0.117944    1.910872 v _045_/Y (sky130_fd_sc_hd__nand2_1)
                                                         _020_ (net)
                      0.091013    0.000035    1.910907 v _048_/B (sky130_fd_sc_hd__xnor2_1)
     1    0.002333    0.046947    0.134247    2.045154 v _048_/Y (sky130_fd_sc_hd__xnor2_1)
                                                         _012_ (net)
                      0.046947    0.000015    2.045169 v hold24/A (sky130_fd_sc_hd__dlygate4sd3_1)
     1    0.002675    0.052248    0.547807    2.592975 v hold24/X (sky130_fd_sc_hd__dlygate4sd3_1)
                                                         net599 (net)
                      0.052248    0.000028    2.593003 v _089_/D (sky130_fd_sc_hd__dfrtp_1)
                                              2.593003   data arrival time

                                 25.000000   25.000000   clock gpio_in[38] (rise edge)
                                  0.000000   25.000000   clock source latency
     2    0.090726    0.412544    0.299202   25.299202 ^ gpio_in[38] (in)
                                                         gpio_in[38] (net)
                      0.416241    0.000000   25.299202 ^ clkbuf_0_gpio_in[38]/A (sky130_fd_sc_hd__clkbuf_16)
     5    0.060592    0.084005    0.257876   25.557077 ^ clkbuf_0_gpio_in[38]/X (sky130_fd_sc_hd__clkbuf_16)
                                                         clknet_0_gpio_in[38] (net)
                      0.084390    0.003672   25.560749 ^ clkbuf_1_0__f_gpio_in[38]/A (sky130_fd_sc_hd__clkbuf_16)
    25    0.077277    0.095564    0.177632   25.738380 ^ clkbuf_1_0__f_gpio_in[38]/X (sky130_fd_sc_hd__clkbuf_16)
                                                         clknet_1_0__leaf_gpio_in[38] (net)
                      0.098594    0.013264   25.751646 ^ _089_/CLK (sky130_fd_sc_hd__dfrtp_1)
                                 -0.250000   25.501646   clock uncertainty
                                  0.000000   25.501646   clock reconvergence pessimism
                                 -0.105163   25.396484   library setup time
                                             25.396484   data required time
---------------------------------------------------------------------------------------------
                                             25.396484   data required time
                                             -2.593003   data arrival time
---------------------------------------------------------------------------------------------
                                             22.803480   slack (MET)


Startpoint: _087_ (rising edge-triggered flip-flop clocked by gpio_in[38])
Endpoint: _088_ (rising edge-triggered flip-flop clocked by gpio_in[38])
Path Group: gpio_in[38]
Path Type: max

Fanout         Cap        Slew       Delay        Time   Description
---------------------------------------------------------------------------------------------
                                  0.000000    0.000000   clock gpio_in[38] (rise edge)
                                  0.000000    0.000000   clock source latency
     2    0.090726    0.412544    0.299203    0.299203 ^ gpio_in[38] (in)
                                                         gpio_in[38] (net)
                      0.416241    0.000000    0.299203 ^ clkbuf_0_gpio_in[38]/A (sky130_fd_sc_hd__clkbuf_16)
     5    0.060592    0.084005    0.257875    0.557078 ^ clkbuf_0_gpio_in[38]/X (sky130_fd_sc_hd__clkbuf_16)
                                                         clknet_0_gpio_in[38] (net)
                      0.084390    0.003672    0.560750 ^ clkbuf_1_0__f_gpio_in[38]/A (sky130_fd_sc_hd__clkbuf_16)
    25    0.077277    0.095564    0.177631    0.738381 ^ clkbuf_1_0__f_gpio_in[38]/X (sky130_fd_sc_hd__clkbuf_16)
                                                         clknet_1_0__leaf_gpio_in[38] (net)
                      0.098329    0.012668    0.751049 ^ _087_/CLK (sky130_fd_sc_hd__dfrtp_2)
     3    0.008693    0.053821    0.422343    1.173391 v _087_/Q (sky130_fd_sc_hd__dfrtp_2)
                                                         gpio_18_21_bidir[18].cfg.gpio_out_val (net)
                      0.053821    0.000053    1.173445 v hold3/A (sky130_fd_sc_hd__dlygate4sd3_1)
     5    0.018577    0.125627    0.637737    1.811181 v hold3/X (sky130_fd_sc_hd__dlygate4sd3_1)
                                                         net578 (net)
                      0.125627    0.000213    1.811395 v _046_/A (sky130_fd_sc_hd__or2_1)
     1    0.004062    0.054268    0.258478    2.069873 v _046_/X (sky130_fd_sc_hd__or2_1)
                                                         _021_ (net)
                      0.054268    0.000066    2.069938 v _047_/B (sky130_fd_sc_hd__and2_1)
     1    0.002608    0.034278    0.152943    2.222882 v _047_/X (sky130_fd_sc_hd__and2_1)
                                                         _011_ (net)
                      0.034278    0.000025    2.222906 v _088_/D (sky130_fd_sc_hd__dfrtp_1)
                                              2.222906   data arrival time

                                 25.000000   25.000000   clock gpio_in[38] (rise edge)
                                  0.000000   25.000000   clock source latency
     2    0.090726    0.412544    0.299202   25.299202 ^ gpio_in[38] (in)
                                                         gpio_in[38] (net)
                      0.416241    0.000000   25.299202 ^ clkbuf_0_gpio_in[38]/A (sky130_fd_sc_hd__clkbuf_16)
     5    0.060592    0.084005    0.257876   25.557077 ^ clkbuf_0_gpio_in[38]/X (sky130_fd_sc_hd__clkbuf_16)
                                                         clknet_0_gpio_in[38] (net)
                      0.084390    0.003672   25.560749 ^ clkbuf_1_0__f_gpio_in[38]/A (sky130_fd_sc_hd__clkbuf_16)
    25    0.077277    0.095564    0.177632   25.738380 ^ clkbuf_1_0__f_gpio_in[38]/X (sky130_fd_sc_hd__clkbuf_16)
                                                         clknet_1_0__leaf_gpio_in[38] (net)
                      0.098399    0.012827   25.751207 ^ _088_/CLK (sky130_fd_sc_hd__dfrtp_1)
                                 -0.250000   25.501209   clock uncertainty
                                  0.000000   25.501209   clock reconvergence pessimism
                                 -0.097391   25.403816   library setup time
                                             25.403816   data required time
---------------------------------------------------------------------------------------------
                                             25.403816   data required time
                                             -2.222906   data arrival time
---------------------------------------------------------------------------------------------
                                             23.180910   slack (MET)


Startpoint: _087_ (rising edge-triggered flip-flop clocked by gpio_in[38])
Endpoint: _087_ (rising edge-triggered flip-flop clocked by gpio_in[38])
Path Group: gpio_in[38]
Path Type: max

Fanout         Cap        Slew       Delay        Time   Description
---------------------------------------------------------------------------------------------
                                  0.000000    0.000000   clock gpio_in[38] (rise edge)
                                  0.000000    0.000000   clock source latency
     2    0.090726    0.412544    0.299203    0.299203 ^ gpio_in[38] (in)
                                                         gpio_in[38] (net)
                      0.416241    0.000000    0.299203 ^ clkbuf_0_gpio_in[38]/A (sky130_fd_sc_hd__clkbuf_16)
     5    0.060592    0.084005    0.257875    0.557078 ^ clkbuf_0_gpio_in[38]/X (sky130_fd_sc_hd__clkbuf_16)
                                                         clknet_0_gpio_in[38] (net)
                      0.084390    0.003672    0.560750 ^ clkbuf_1_0__f_gpio_in[38]/A (sky130_fd_sc_hd__clkbuf_16)
    25    0.077277    0.095564    0.177631    0.738381 ^ clkbuf_1_0__f_gpio_in[38]/X (sky130_fd_sc_hd__clkbuf_16)
                                                         clknet_1_0__leaf_gpio_in[38] (net)
                      0.098329    0.012668    0.751049 ^ _087_/CLK (sky130_fd_sc_hd__dfrtp_2)
     3    0.009210    0.065476    0.380219    1.131268 ^ _087_/Q (sky130_fd_sc_hd__dfrtp_2)
                                                         gpio_18_21_bidir[18].cfg.gpio_out_val (net)
                      0.065476    0.000057    1.131325 ^ hold3/A (sky130_fd_sc_hd__dlygate4sd3_1)
     5    0.019462    0.203311    0.661458    1.792783 ^ hold3/X (sky130_fd_sc_hd__dlygate4sd3_1)
                                                         net578 (net)
                      0.203311    0.000269    1.793052 ^ _043_/A (sky130_fd_sc_hd__inv_2)
     1    0.002393    0.035355    0.038476    1.831528 v _043_/Y (sky130_fd_sc_hd__inv_2)
                                                         _000_ (net)
                      0.035355    0.000022    1.831550 v _087_/D (sky130_fd_sc_hd__dfrtp_2)
                                              1.831550   data arrival time

                                 25.000000   25.000000   clock gpio_in[38] (rise edge)
                                  0.000000   25.000000   clock source latency
     2    0.090726    0.412544    0.299202   25.299202 ^ gpio_in[38] (in)
                                                         gpio_in[38] (net)
                      0.416241    0.000000   25.299202 ^ clkbuf_0_gpio_in[38]/A (sky130_fd_sc_hd__clkbuf_16)
     5    0.060592    0.084005    0.257876   25.557077 ^ clkbuf_0_gpio_in[38]/X (sky130_fd_sc_hd__clkbuf_16)
                                                         clknet_0_gpio_in[38] (net)
                      0.084390    0.003672   25.560749 ^ clkbuf_1_0__f_gpio_in[38]/A (sky130_fd_sc_hd__clkbuf_16)
    25    0.077277    0.095564    0.177632   25.738380 ^ clkbuf_1_0__f_gpio_in[38]/X (sky130_fd_sc_hd__clkbuf_16)
                                                         clknet_1_0__leaf_gpio_in[38] (net)
                      0.098329    0.012667   25.751049 ^ _087_/CLK (sky130_fd_sc_hd__dfrtp_2)
                                 -0.250000   25.501049   clock uncertainty
                                  0.000000   25.501049   clock reconvergence pessimism
                                 -0.098939   25.402109   library setup time
                                             25.402109   data required time
---------------------------------------------------------------------------------------------
                                             25.402109   data required time
                                             -1.831550   data arrival time
---------------------------------------------------------------------------------------------
                                             23.570560   slack (MET)



