
===========================================================================
report_checks -path_delay min (Hold)
============================================================================
======================= min_tt_025C_1v80 Corner ===================================

Startpoint: _091_ (rising edge-triggered flip-flop clocked by gpio_in[38])
Endpoint: _096_ (rising edge-triggered flip-flop clocked by gpio_in[38])
Path Group: gpio_in[38]
Path Type: min

Fanout         Cap        Slew       Delay        Time   Description
---------------------------------------------------------------------------------------------
                                  0.000000    0.000000   clock gpio_in[38] (rise edge)
                                  0.000000    0.000000   clock source latency
     2    0.090726    0.412544    0.299203    0.299203 ^ gpio_in[38] (in)
                                                         gpio_in[38] (net)
                      0.416241    0.000000    0.299203 ^ clkbuf_0_gpio_in[38]/A (sky130_fd_sc_hd__clkbuf_16)
     5    0.060592    0.084005    0.257875    0.557078 ^ clkbuf_0_gpio_in[38]/X (sky130_fd_sc_hd__clkbuf_16)
                                                         clknet_0_gpio_in[38] (net)
                      0.084375    0.003561    0.560638 ^ clkbuf_1_1__f_gpio_in[38]/A (sky130_fd_sc_hd__clkbuf_16)
    19    0.066215    0.083993    0.172486    0.733124 ^ clkbuf_1_1__f_gpio_in[38]/X (sky130_fd_sc_hd__clkbuf_16)
                                                         clknet_1_1__leaf_gpio_in[38] (net)
                      0.085662    0.009211    0.742335 ^ _091_/CLK (sky130_fd_sc_hd__dfrtp_1)
     3    0.008006    0.063574    0.396956    1.139291 v _091_/Q (sky130_fd_sc_hd__dfrtp_1)
                                                         gpio_22_37_output[22].cfg.gpio_out_val (net)
                      0.063574    0.000026    1.139317 v _058_/A (sky130_fd_sc_hd__and4_4)
     9    0.102967    0.137604    0.244897    1.384213 v _058_/X (sky130_fd_sc_hd__and4_4)
                                                         _027_ (net)
                      0.155802    0.037726    1.421940 v _063_/A3 (sky130_fd_sc_hd__a31o_1)
     1    0.001873    0.029399    0.248117    1.670057 v _063_/X (sky130_fd_sc_hd__a31o_1)
                                                         _030_ (net)
                      0.029399    0.000016    1.670073 v _064_/B (sky130_fd_sc_hd__and2b_1)
     1    0.002188    0.030274    0.139778    1.809850 v _064_/X (sky130_fd_sc_hd__and2b_1)
                                                         _019_ (net)
                      0.030274    0.000018    1.809869 v _096_/D (sky130_fd_sc_hd__dfrtp_1)
                                              1.809869   data arrival time

                                  0.000000    0.000000   clock gpio_in[38] (rise edge)
                                  0.000000    0.000000   clock source latency
     2    0.090726    0.412544    0.299203    0.299203 ^ gpio_in[38] (in)
                                                         gpio_in[38] (net)
                      0.416241    0.000000    0.299203 ^ clkbuf_0_gpio_in[38]/A (sky130_fd_sc_hd__clkbuf_16)
     5    0.060592    0.084005    0.257875    0.557078 ^ clkbuf_0_gpio_in[38]/X (sky130_fd_sc_hd__clkbuf_16)
                                                         clknet_0_gpio_in[38] (net)
                      0.084390    0.003672    0.560750 ^ clkbuf_1_0__f_gpio_in[38]/A (sky130_fd_sc_hd__clkbuf_16)
    25    0.077277    0.095564    0.177631    0.738381 ^ clkbuf_1_0__f_gpio_in[38]/X (sky130_fd_sc_hd__clkbuf_16)
                                                         clknet_1_0__leaf_gpio_in[38] (net)
                      0.098248    0.012480    0.750861 ^ _096_/CLK (sky130_fd_sc_hd__dfrtp_1)
                                  0.250000    1.000861   clock uncertainty
                                  0.000000    1.000861   clock reconvergence pessimism
                                 -0.027638    0.973223   library hold time
                                              0.973223   data required time
---------------------------------------------------------------------------------------------
                                              0.973223   data required time
                                             -1.809869   data arrival time
---------------------------------------------------------------------------------------------
                                              0.836646   slack (MET)


Startpoint: _103_ (rising edge-triggered flip-flop clocked by gpio_in[38])
Endpoint: _103_ (rising edge-triggered flip-flop clocked by gpio_in[38])
Path Group: gpio_in[38]
Path Type: min

Fanout         Cap        Slew       Delay        Time   Description
---------------------------------------------------------------------------------------------
                                  0.000000    0.000000   clock gpio_in[38] (rise edge)
                                  0.000000    0.000000   clock source latency
     2    0.090726    0.412544    0.299203    0.299203 ^ gpio_in[38] (in)
                                                         gpio_in[38] (net)
                      0.416241    0.000000    0.299203 ^ clkbuf_0_gpio_in[38]/A (sky130_fd_sc_hd__clkbuf_16)
     5    0.060592    0.084005    0.257875    0.557078 ^ clkbuf_0_gpio_in[38]/X (sky130_fd_sc_hd__clkbuf_16)
                                                         clknet_0_gpio_in[38] (net)
                      0.084375    0.003561    0.560638 ^ clkbuf_1_1__f_gpio_in[38]/A (sky130_fd_sc_hd__clkbuf_16)
    19    0.066215    0.083993    0.172486    0.733124 ^ clkbuf_1_1__f_gpio_in[38]/X (sky130_fd_sc_hd__clkbuf_16)
                                                         clknet_1_1__leaf_gpio_in[38] (net)
                      0.085503    0.008745    0.741869 ^ _103_/CLK (sky130_fd_sc_hd__dfrtp_1)
     3    0.008815    0.091342    0.370694    1.112563 ^ _103_/Q (sky130_fd_sc_hd__dfrtp_1)
                                                         gpio_22_37_output[34].cfg.gpio_out_val (net)
                      0.091342    0.000102    1.112666 ^ hold19/A (sky130_fd_sc_hd__dlygate4sd3_1)
     3    0.012081    0.134902    0.618192    1.730857 ^ hold19/X (sky130_fd_sc_hd__dlygate4sd3_1)
                                                         net594 (net)
                      0.134902    0.000158    1.731015 ^ _080_/A (sky130_fd_sc_hd__xor2_1)
     1    0.002262    0.034031    0.079068    1.810083 v _080_/X (sky130_fd_sc_hd__xor2_1)
                                                         _007_ (net)
                      0.034031    0.000011    1.810094 v _103_/D (sky130_fd_sc_hd__dfrtp_1)
                                              1.810094   data arrival time

                                  0.000000    0.000000   clock gpio_in[38] (rise edge)
                                  0.000000    0.000000   clock source latency
     2    0.090726    0.412544    0.299203    0.299203 ^ gpio_in[38] (in)
                                                         gpio_in[38] (net)
                      0.416241    0.000000    0.299203 ^ clkbuf_0_gpio_in[38]/A (sky130_fd_sc_hd__clkbuf_16)
     5    0.060592    0.084005    0.257875    0.557078 ^ clkbuf_0_gpio_in[38]/X (sky130_fd_sc_hd__clkbuf_16)
                                                         clknet_0_gpio_in[38] (net)
                      0.084375    0.003561    0.560638 ^ clkbuf_1_1__f_gpio_in[38]/A (sky130_fd_sc_hd__clkbuf_16)
    19    0.066215    0.083993    0.172486    0.733124 ^ clkbuf_1_1__f_gpio_in[38]/X (sky130_fd_sc_hd__clkbuf_16)
                                                         clknet_1_1__leaf_gpio_in[38] (net)
                      0.085503    0.008745    0.741869 ^ _103_/CLK (sky130_fd_sc_hd__dfrtp_1)
                                  0.250000    0.991869   clock uncertainty
                                  0.000000    0.991869   clock reconvergence pessimism
                                 -0.032073    0.959796   library hold time
                                              0.959796   data required time
---------------------------------------------------------------------------------------------
                                              0.959796   data required time
                                             -1.810094   data arrival time
---------------------------------------------------------------------------------------------
                                              0.850298   slack (MET)


Startpoint: _087_ (rising edge-triggered flip-flop clocked by gpio_in[38])
Endpoint: _087_ (rising edge-triggered flip-flop clocked by gpio_in[38])
Path Group: gpio_in[38]
Path Type: min

Fanout         Cap        Slew       Delay        Time   Description
---------------------------------------------------------------------------------------------
                                  0.000000    0.000000   clock gpio_in[38] (rise edge)
                                  0.000000    0.000000   clock source latency
     2    0.090726    0.412544    0.299203    0.299203 ^ gpio_in[38] (in)
                                                         gpio_in[38] (net)
                      0.416241    0.000000    0.299203 ^ clkbuf_0_gpio_in[38]/A (sky130_fd_sc_hd__clkbuf_16)
     5    0.060592    0.084005    0.257875    0.557078 ^ clkbuf_0_gpio_in[38]/X (sky130_fd_sc_hd__clkbuf_16)
                                                         clknet_0_gpio_in[38] (net)
                      0.084390    0.003672    0.560750 ^ clkbuf_1_0__f_gpio_in[38]/A (sky130_fd_sc_hd__clkbuf_16)
    25    0.077277    0.095564    0.177631    0.738381 ^ clkbuf_1_0__f_gpio_in[38]/X (sky130_fd_sc_hd__clkbuf_16)
                                                         clknet_1_0__leaf_gpio_in[38] (net)
                      0.098329    0.012668    0.751049 ^ _087_/CLK (sky130_fd_sc_hd__dfrtp_2)
     3    0.009210    0.065476    0.380219    1.131268 ^ _087_/Q (sky130_fd_sc_hd__dfrtp_2)
                                                         gpio_18_21_bidir[18].cfg.gpio_out_val (net)
                      0.065476    0.000057    1.131325 ^ hold3/A (sky130_fd_sc_hd__dlygate4sd3_1)
     5    0.019462    0.203311    0.661458    1.792783 ^ hold3/X (sky130_fd_sc_hd__dlygate4sd3_1)
                                                         net578 (net)
                      0.203311    0.000269    1.793052 ^ _043_/A (sky130_fd_sc_hd__inv_2)
     1    0.002393    0.035355    0.038476    1.831528 v _043_/Y (sky130_fd_sc_hd__inv_2)
                                                         _000_ (net)
                      0.035355    0.000022    1.831550 v _087_/D (sky130_fd_sc_hd__dfrtp_2)
                                              1.831550   data arrival time

                                  0.000000    0.000000   clock gpio_in[38] (rise edge)
                                  0.000000    0.000000   clock source latency
     2    0.090726    0.412544    0.299203    0.299203 ^ gpio_in[38] (in)
                                                         gpio_in[38] (net)
                      0.416241    0.000000    0.299203 ^ clkbuf_0_gpio_in[38]/A (sky130_fd_sc_hd__clkbuf_16)
     5    0.060592    0.084005    0.257875    0.557078 ^ clkbuf_0_gpio_in[38]/X (sky130_fd_sc_hd__clkbuf_16)
                                                         clknet_0_gpio_in[38] (net)
                      0.084390    0.003672    0.560750 ^ clkbuf_1_0__f_gpio_in[38]/A (sky130_fd_sc_hd__clkbuf_16)
    25    0.077277    0.095564    0.177631    0.738381 ^ clkbuf_1_0__f_gpio_in[38]/X (sky130_fd_sc_hd__clkbuf_16)
                                                         clknet_1_0__leaf_gpio_in[38] (net)
                      0.098329    0.012668    0.751049 ^ _087_/CLK (sky130_fd_sc_hd__dfrtp_2)
                                  0.250000    1.001049   clock uncertainty
                                  0.000000    1.001049   clock reconvergence pessimism
                                 -0.026024    0.975024   library hold time
                                              0.975024   data required time
---------------------------------------------------------------------------------------------
                                              0.975024   data required time
                                             -1.831550   data arrival time
---------------------------------------------------------------------------------------------
                                              0.856525   slack (MET)


Startpoint: _095_ (rising edge-triggered flip-flop clocked by gpio_in[38])
Endpoint: _095_ (rising edge-triggered flip-flop clocked by gpio_in[38])
Path Group: gpio_in[38]
Path Type: min

Fanout         Cap        Slew       Delay        Time   Description
---------------------------------------------------------------------------------------------
                                  0.000000    0.000000   clock gpio_in[38] (rise edge)
                                  0.000000    0.000000   clock source latency
     2    0.090726    0.412544    0.299203    0.299203 ^ gpio_in[38] (in)
                                                         gpio_in[38] (net)
                      0.416241    0.000000    0.299203 ^ clkbuf_0_gpio_in[38]/A (sky130_fd_sc_hd__clkbuf_16)
     5    0.060592    0.084005    0.257875    0.557078 ^ clkbuf_0_gpio_in[38]/X (sky130_fd_sc_hd__clkbuf_16)
                                                         clknet_0_gpio_in[38] (net)
                      0.084390    0.003672    0.560750 ^ clkbuf_1_0__f_gpio_in[38]/A (sky130_fd_sc_hd__clkbuf_16)
    25    0.077277    0.095564    0.177631    0.738381 ^ clkbuf_1_0__f_gpio_in[38]/X (sky130_fd_sc_hd__clkbuf_16)
                                                         clknet_1_0__leaf_gpio_in[38] (net)
                      0.097740    0.011242    0.749623 ^ _095_/CLK (sky130_fd_sc_hd__dfrtp_2)
     3    0.011497    0.075723    0.389836    1.139459 ^ _095_/Q (sky130_fd_sc_hd__dfrtp_2)
                                                         gpio_22_37_output[26].cfg.gpio_out_val (net)
                      0.075723    0.000058    1.139516 ^ hold18/A (sky130_fd_sc_hd__dlygate4sd3_1)
     4    0.015308    0.164749    0.635875    1.775391 ^ hold18/X (sky130_fd_sc_hd__dlygate4sd3_1)
                                                         net593 (net)
                      0.164749    0.000060    1.775451 ^ _061_/A (sky130_fd_sc_hd__xor2_1)
     1    0.002337    0.034359    0.084644    1.860095 v _061_/X (sky130_fd_sc_hd__xor2_1)
                                                         _018_ (net)
                      0.034359    0.000022    1.860117 v _095_/D (sky130_fd_sc_hd__dfrtp_2)
                                              1.860117   data arrival time

                                  0.000000    0.000000   clock gpio_in[38] (rise edge)
                                  0.000000    0.000000   clock source latency
     2    0.090726    0.412544    0.299203    0.299203 ^ gpio_in[38] (in)
                                                         gpio_in[38] (net)
                      0.416241    0.000000    0.299203 ^ clkbuf_0_gpio_in[38]/A (sky130_fd_sc_hd__clkbuf_16)
     5    0.060592    0.084005    0.257875    0.557078 ^ clkbuf_0_gpio_in[38]/X (sky130_fd_sc_hd__clkbuf_16)
                                                         clknet_0_gpio_in[38] (net)
                      0.084390    0.003672    0.560750 ^ clkbuf_1_0__f_gpio_in[38]/A (sky130_fd_sc_hd__clkbuf_16)
    25    0.077277    0.095564    0.177631    0.738381 ^ clkbuf_1_0__f_gpio_in[38]/X (sky130_fd_sc_hd__clkbuf_16)
                                                         clknet_1_0__leaf_gpio_in[38] (net)
                      0.097740    0.011242    0.749623 ^ _095_/CLK (sky130_fd_sc_hd__dfrtp_2)
                                  0.250000    0.999623   clock uncertainty
                                  0.000000    0.999623   clock reconvergence pessimism
                                 -0.025754    0.973869   library hold time
                                              0.973869   data required time
---------------------------------------------------------------------------------------------
                                              0.973869   data required time
                                             -1.860117   data arrival time
---------------------------------------------------------------------------------------------
                                              0.886247   slack (MET)


Startpoint: _104_ (rising edge-triggered flip-flop clocked by gpio_in[38])
Endpoint: _104_ (rising edge-triggered flip-flop clocked by gpio_in[38])
Path Group: gpio_in[38]
Path Type: min

Fanout         Cap        Slew       Delay        Time   Description
---------------------------------------------------------------------------------------------
                                  0.000000    0.000000   clock gpio_in[38] (rise edge)
                                  0.000000    0.000000   clock source latency
     2    0.090726    0.412544    0.299203    0.299203 ^ gpio_in[38] (in)
                                                         gpio_in[38] (net)
                      0.416241    0.000000    0.299203 ^ clkbuf_0_gpio_in[38]/A (sky130_fd_sc_hd__clkbuf_16)
     5    0.060592    0.084005    0.257875    0.557078 ^ clkbuf_0_gpio_in[38]/X (sky130_fd_sc_hd__clkbuf_16)
                                                         clknet_0_gpio_in[38] (net)
                      0.084375    0.003561    0.560638 ^ clkbuf_1_1__f_gpio_in[38]/A (sky130_fd_sc_hd__clkbuf_16)
    19    0.066215    0.083993    0.172486    0.733124 ^ clkbuf_1_1__f_gpio_in[38]/X (sky130_fd_sc_hd__clkbuf_16)
                                                         clknet_1_1__leaf_gpio_in[38] (net)
                      0.085507    0.008757    0.741881 ^ _104_/CLK (sky130_fd_sc_hd__dfrtp_1)
     3    0.008463    0.088930    0.368370    1.110251 ^ _104_/Q (sky130_fd_sc_hd__dfrtp_1)
                                                         gpio_22_37_output[35].cfg.gpio_out_val (net)
                      0.088930    0.000054    1.110304 ^ hold25/A (sky130_fd_sc_hd__dlygate4sd3_1)
     2    0.006498    0.085159    0.577283    1.687588 ^ hold25/X (sky130_fd_sc_hd__dlygate4sd3_1)
                                                         net600 (net)
                      0.085159    0.000050    1.687638 ^ _081_/B1 (sky130_fd_sc_hd__a21oi_1)
     1    0.005718    0.044120    0.059504    1.747142 v _081_/Y (sky130_fd_sc_hd__a21oi_1)
                                                         _040_ (net)
                      0.044120    0.000117    1.747259 v _083_/A (sky130_fd_sc_hd__nor2_1)
     1    0.003563    0.087967    0.105450    1.852708 ^ _083_/Y (sky130_fd_sc_hd__nor2_1)
                                                         _008_ (net)
                      0.087967    0.000050    1.852758 ^ _104_/D (sky130_fd_sc_hd__dfrtp_1)
                                              1.852758   data arrival time

                                  0.000000    0.000000   clock gpio_in[38] (rise edge)
                                  0.000000    0.000000   clock source latency
     2    0.090726    0.412544    0.299203    0.299203 ^ gpio_in[38] (in)
                                                         gpio_in[38] (net)
                      0.416241    0.000000    0.299203 ^ clkbuf_0_gpio_in[38]/A (sky130_fd_sc_hd__clkbuf_16)
     5    0.060592    0.084005    0.257875    0.557078 ^ clkbuf_0_gpio_in[38]/X (sky130_fd_sc_hd__clkbuf_16)
                                                         clknet_0_gpio_in[38] (net)
                      0.084375    0.003561    0.560638 ^ clkbuf_1_1__f_gpio_in[38]/A (sky130_fd_sc_hd__clkbuf_16)
    19    0.066215    0.083993    0.172486    0.733124 ^ clkbuf_1_1__f_gpio_in[38]/X (sky130_fd_sc_hd__clkbuf_16)
                                                         clknet_1_1__leaf_gpio_in[38] (net)
                      0.085507    0.008757    0.741881 ^ _104_/CLK (sky130_fd_sc_hd__dfrtp_1)
                                  0.250000    0.991881   clock uncertainty
                                  0.000000    0.991881   clock reconvergence pessimism
                                 -0.038191    0.953690   library hold time
                                              0.953690   data required time
---------------------------------------------------------------------------------------------
                                              0.953690   data required time
                                             -1.852758   data arrival time
---------------------------------------------------------------------------------------------
                                              0.899068   slack (MET)


Startpoint: _092_ (rising edge-triggered flip-flop clocked by gpio_in[38])
Endpoint: _092_ (rising edge-triggered flip-flop clocked by gpio_in[38])
Path Group: gpio_in[38]
Path Type: min

Fanout         Cap        Slew       Delay        Time   Description
---------------------------------------------------------------------------------------------
                                  0.000000    0.000000   clock gpio_in[38] (rise edge)
                                  0.000000    0.000000   clock source latency
     2    0.090726    0.412544    0.299203    0.299203 ^ gpio_in[38] (in)
                                                         gpio_in[38] (net)
                      0.416241    0.000000    0.299203 ^ clkbuf_0_gpio_in[38]/A (sky130_fd_sc_hd__clkbuf_16)
     5    0.060592    0.084005    0.257875    0.557078 ^ clkbuf_0_gpio_in[38]/X (sky130_fd_sc_hd__clkbuf_16)
                                                         clknet_0_gpio_in[38] (net)
                      0.084375    0.003561    0.560638 ^ clkbuf_1_1__f_gpio_in[38]/A (sky130_fd_sc_hd__clkbuf_16)
    19    0.066215    0.083993    0.172486    0.733124 ^ clkbuf_1_1__f_gpio_in[38]/X (sky130_fd_sc_hd__clkbuf_16)
                                                         clknet_1_1__leaf_gpio_in[38] (net)
                      0.085662    0.009210    0.742335 ^ _092_/CLK (sky130_fd_sc_hd__dfrtp_1)
     3    0.010156    0.101562    0.379277    1.121611 ^ _092_/Q (sky130_fd_sc_hd__dfrtp_1)
                                                         gpio_22_37_output[23].cfg.gpio_out_val (net)
                      0.101562    0.000117    1.121729 ^ hold22/A (sky130_fd_sc_hd__dlygate4sd3_1)
     2    0.007078    0.090299    0.585374    1.707103 ^ hold22/X (sky130_fd_sc_hd__dlygate4sd3_1)
                                                         net597 (net)
                      0.090299    0.000035    1.707138 ^ _054_/B1 (sky130_fd_sc_hd__a21oi_1)
     1    0.004763    0.042084    0.056643    1.763781 v _054_/Y (sky130_fd_sc_hd__a21oi_1)
                                                         _025_ (net)
                      0.042084    0.000102    1.763882 v _055_/B (sky130_fd_sc_hd__nor2_1)
     1    0.003663    0.089382    0.091065    1.854947 ^ _055_/Y (sky130_fd_sc_hd__nor2_1)
                                                         _015_ (net)
                      0.089382    0.000050    1.854997 ^ _092_/D (sky130_fd_sc_hd__dfrtp_1)
                                              1.854997   data arrival time

                                  0.000000    0.000000   clock gpio_in[38] (rise edge)
                                  0.000000    0.000000   clock source latency
     2    0.090726    0.412544    0.299203    0.299203 ^ gpio_in[38] (in)
                                                         gpio_in[38] (net)
                      0.416241    0.000000    0.299203 ^ clkbuf_0_gpio_in[38]/A (sky130_fd_sc_hd__clkbuf_16)
     5    0.060592    0.084005    0.257875    0.557078 ^ clkbuf_0_gpio_in[38]/X (sky130_fd_sc_hd__clkbuf_16)
                                                         clknet_0_gpio_in[38] (net)
                      0.084375    0.003561    0.560638 ^ clkbuf_1_1__f_gpio_in[38]/A (sky130_fd_sc_hd__clkbuf_16)
    19    0.066215    0.083993    0.172486    0.733124 ^ clkbuf_1_1__f_gpio_in[38]/X (sky130_fd_sc_hd__clkbuf_16)
                                                         clknet_1_1__leaf_gpio_in[38] (net)
                      0.085662    0.009210    0.742335 ^ _092_/CLK (sky130_fd_sc_hd__dfrtp_1)
                                  0.250000    0.992335   clock uncertainty
                                  0.000000    0.992335   clock reconvergence pessimism
                                 -0.038465    0.953870   library hold time
                                              0.953870   data required time
---------------------------------------------------------------------------------------------
                                              0.953870   data required time
                                             -1.854997   data arrival time
---------------------------------------------------------------------------------------------
                                              0.901127   slack (MET)


Startpoint: _099_ (rising edge-triggered flip-flop clocked by gpio_in[38])
Endpoint: _099_ (rising edge-triggered flip-flop clocked by gpio_in[38])
Path Group: gpio_in[38]
Path Type: min

Fanout         Cap        Slew       Delay        Time   Description
---------------------------------------------------------------------------------------------
                                  0.000000    0.000000   clock gpio_in[38] (rise edge)
                                  0.000000    0.000000   clock source latency
     2    0.090726    0.412544    0.299203    0.299203 ^ gpio_in[38] (in)
                                                         gpio_in[38] (net)
                      0.416241    0.000000    0.299203 ^ clkbuf_0_gpio_in[38]/A (sky130_fd_sc_hd__clkbuf_16)
     5    0.060592    0.084005    0.257875    0.557078 ^ clkbuf_0_gpio_in[38]/X (sky130_fd_sc_hd__clkbuf_16)
                                                         clknet_0_gpio_in[38] (net)
                      0.084390    0.003672    0.560750 ^ clkbuf_1_0__f_gpio_in[38]/A (sky130_fd_sc_hd__clkbuf_16)
    25    0.077277    0.095564    0.177631    0.738381 ^ clkbuf_1_0__f_gpio_in[38]/X (sky130_fd_sc_hd__clkbuf_16)
                                                         clknet_1_0__leaf_gpio_in[38] (net)
                      0.098660    0.013412    0.751793 ^ _099_/CLK (sky130_fd_sc_hd__dfrtp_1)
     5    0.011419    0.111865    0.391806    1.143599 ^ _099_/Q (sky130_fd_sc_hd__dfrtp_1)
                                                         gpio_22_37_output[30].cfg.gpio_out_val (net)
                      0.111865    0.000099    1.143698 ^ hold28/A (sky130_fd_sc_hd__dlygate4sd3_1)
     2    0.005809    0.079078    0.578575    1.722273 ^ hold28/X (sky130_fd_sc_hd__dlygate4sd3_1)
                                                         net603 (net)
                      0.079078    0.000058    1.722330 ^ _070_/A (sky130_fd_sc_hd__and2_1)
     2    0.006077    0.074256    0.144562    1.866892 ^ _070_/X (sky130_fd_sc_hd__and2_1)
                                                         _034_ (net)
                      0.074256    0.000040    1.866932 ^ _072_/A (sky130_fd_sc_hd__nor2_1)
     1    0.002544    0.022722    0.047986    1.914918 v _072_/Y (sky130_fd_sc_hd__nor2_1)
                                                         _003_ (net)
                      0.022722    0.000024    1.914943 v _099_/D (sky130_fd_sc_hd__dfrtp_1)
                                              1.914943   data arrival time

                                  0.000000    0.000000   clock gpio_in[38] (rise edge)
                                  0.000000    0.000000   clock source latency
     2    0.090726    0.412544    0.299203    0.299203 ^ gpio_in[38] (in)
                                                         gpio_in[38] (net)
                      0.416241    0.000000    0.299203 ^ clkbuf_0_gpio_in[38]/A (sky130_fd_sc_hd__clkbuf_16)
     5    0.060592    0.084005    0.257875    0.557078 ^ clkbuf_0_gpio_in[38]/X (sky130_fd_sc_hd__clkbuf_16)
                                                         clknet_0_gpio_in[38] (net)
                      0.084390    0.003672    0.560750 ^ clkbuf_1_0__f_gpio_in[38]/A (sky130_fd_sc_hd__clkbuf_16)
    25    0.077277    0.095564    0.177631    0.738381 ^ clkbuf_1_0__f_gpio_in[38]/X (sky130_fd_sc_hd__clkbuf_16)
                                                         clknet_1_0__leaf_gpio_in[38] (net)
                      0.098660    0.013412    0.751793 ^ _099_/CLK (sky130_fd_sc_hd__dfrtp_1)
                                  0.250000    1.001793   clock uncertainty
                                  0.000000    1.001793   clock reconvergence pessimism
                                 -0.024471    0.977322   library hold time
                                              0.977322   data required time
---------------------------------------------------------------------------------------------
                                              0.977322   data required time
                                             -1.914943   data arrival time
---------------------------------------------------------------------------------------------
                                              0.937621   slack (MET)


Startpoint: _103_ (rising edge-triggered flip-flop clocked by gpio_in[38])
Endpoint: _106_ (rising edge-triggered flip-flop clocked by gpio_in[38])
Path Group: gpio_in[38]
Path Type: min

Fanout         Cap        Slew       Delay        Time   Description
---------------------------------------------------------------------------------------------
                                  0.000000    0.000000   clock gpio_in[38] (rise edge)
                                  0.000000    0.000000   clock source latency
     2    0.090726    0.412544    0.299203    0.299203 ^ gpio_in[38] (in)
                                                         gpio_in[38] (net)
                      0.416241    0.000000    0.299203 ^ clkbuf_0_gpio_in[38]/A (sky130_fd_sc_hd__clkbuf_16)
     5    0.060592    0.084005    0.257875    0.557078 ^ clkbuf_0_gpio_in[38]/X (sky130_fd_sc_hd__clkbuf_16)
                                                         clknet_0_gpio_in[38] (net)
                      0.084375    0.003561    0.560638 ^ clkbuf_1_1__f_gpio_in[38]/A (sky130_fd_sc_hd__clkbuf_16)
    19    0.066215    0.083993    0.172486    0.733124 ^ clkbuf_1_1__f_gpio_in[38]/X (sky130_fd_sc_hd__clkbuf_16)
                                                         clknet_1_1__leaf_gpio_in[38] (net)
                      0.085503    0.008745    0.741869 ^ _103_/CLK (sky130_fd_sc_hd__dfrtp_1)
     3    0.008815    0.091342    0.370694    1.112563 ^ _103_/Q (sky130_fd_sc_hd__dfrtp_1)
                                                         gpio_22_37_output[34].cfg.gpio_out_val (net)
                      0.091342    0.000166    1.112729 ^ _084_/A (sky130_fd_sc_hd__and4_1)
     1    0.006386    0.084565    0.201924    1.314654 ^ _084_/X (sky130_fd_sc_hd__and4_1)
                                                         _042_ (net)
                      0.084565    0.000095    1.314749 ^ _086_/B (sky130_fd_sc_hd__xor2_1)
     1    0.002254    0.033977    0.063857    1.378606 v _086_/X (sky130_fd_sc_hd__xor2_1)
                                                         _010_ (net)
                      0.033977    0.000013    1.378619 v hold2/A (sky130_fd_sc_hd__dlygate4sd3_1)
     1    0.002966    0.054168    0.545404    1.924023 v hold2/X (sky130_fd_sc_hd__dlygate4sd3_1)
                                                         net577 (net)
                      0.054168    0.000032    1.924055 v _106_/D (sky130_fd_sc_hd__dfrtp_1)
                                              1.924055   data arrival time

                                  0.000000    0.000000   clock gpio_in[38] (rise edge)
                                  0.000000    0.000000   clock source latency
     2    0.090726    0.412544    0.299203    0.299203 ^ gpio_in[38] (in)
                                                         gpio_in[38] (net)
                      0.416241    0.000000    0.299203 ^ clkbuf_0_gpio_in[38]/A (sky130_fd_sc_hd__clkbuf_16)
     5    0.060592    0.084005    0.257875    0.557078 ^ clkbuf_0_gpio_in[38]/X (sky130_fd_sc_hd__clkbuf_16)
                                                         clknet_0_gpio_in[38] (net)
                      0.084375    0.003561    0.560638 ^ clkbuf_1_1__f_gpio_in[38]/A (sky130_fd_sc_hd__clkbuf_16)
    19    0.066215    0.083993    0.172486    0.733124 ^ clkbuf_1_1__f_gpio_in[38]/X (sky130_fd_sc_hd__clkbuf_16)
                                                         clknet_1_1__leaf_gpio_in[38] (net)
                      0.085500    0.008736    0.741860 ^ _106_/CLK (sky130_fd_sc_hd__dfrtp_1)
                                  0.250000    0.991860   clock uncertainty
                                  0.000000    0.991860   clock reconvergence pessimism
                                 -0.040268    0.951593   library hold time
                                              0.951593   data required time
---------------------------------------------------------------------------------------------
                                              0.951593   data required time
                                             -1.924055   data arrival time
---------------------------------------------------------------------------------------------
                                              0.972463   slack (MET)


Startpoint: _095_ (rising edge-triggered flip-flop clocked by gpio_in[38])
Endpoint: _098_ (rising edge-triggered flip-flop clocked by gpio_in[38])
Path Group: gpio_in[38]
Path Type: min

Fanout         Cap        Slew       Delay        Time   Description
---------------------------------------------------------------------------------------------
                                  0.000000    0.000000   clock gpio_in[38] (rise edge)
                                  0.000000    0.000000   clock source latency
     2    0.090726    0.412544    0.299203    0.299203 ^ gpio_in[38] (in)
                                                         gpio_in[38] (net)
                      0.416241    0.000000    0.299203 ^ clkbuf_0_gpio_in[38]/A (sky130_fd_sc_hd__clkbuf_16)
     5    0.060592    0.084005    0.257875    0.557078 ^ clkbuf_0_gpio_in[38]/X (sky130_fd_sc_hd__clkbuf_16)
                                                         clknet_0_gpio_in[38] (net)
                      0.084390    0.003672    0.560750 ^ clkbuf_1_0__f_gpio_in[38]/A (sky130_fd_sc_hd__clkbuf_16)
    25    0.077277    0.095564    0.177631    0.738381 ^ clkbuf_1_0__f_gpio_in[38]/X (sky130_fd_sc_hd__clkbuf_16)
                                                         clknet_1_0__leaf_gpio_in[38] (net)
                      0.097740    0.011242    0.749623 ^ _095_/CLK (sky130_fd_sc_hd__dfrtp_2)
     3    0.011497    0.075723    0.389836    1.139459 ^ _095_/Q (sky130_fd_sc_hd__dfrtp_2)
                                                         gpio_22_37_output[26].cfg.gpio_out_val (net)
                      0.075723    0.000099    1.139558 ^ _065_/A (sky130_fd_sc_hd__and4_1)
     1    0.003103    0.057175    0.170289    1.309847 ^ _065_/X (sky130_fd_sc_hd__and4_1)
                                                         _031_ (net)
                      0.057175    0.000029    1.309876 ^ _069_/A2 (sky130_fd_sc_hd__o21ba_1)
     1    0.001835    0.035107    0.104068    1.413944 ^ _069_/X (sky130_fd_sc_hd__o21ba_1)
                                                         _002_ (net)
                      0.035107    0.000007    1.413950 ^ hold15/A (sky130_fd_sc_hd__dlygate4sd3_1)
     1    0.002741    0.052407    0.531070    1.945020 ^ hold15/X (sky130_fd_sc_hd__dlygate4sd3_1)
                                                         net590 (net)
                      0.052407    0.000027    1.945047 ^ _098_/D (sky130_fd_sc_hd__dfrtp_1)
                                              1.945047   data arrival time

                                  0.000000    0.000000   clock gpio_in[38] (rise edge)
                                  0.000000    0.000000   clock source latency
     2    0.090726    0.412544    0.299203    0.299203 ^ gpio_in[38] (in)
                                                         gpio_in[38] (net)
                      0.416241    0.000000    0.299203 ^ clkbuf_0_gpio_in[38]/A (sky130_fd_sc_hd__clkbuf_16)
     5    0.060592    0.084005    0.257875    0.557078 ^ clkbuf_0_gpio_in[38]/X (sky130_fd_sc_hd__clkbuf_16)
                                                         clknet_0_gpio_in[38] (net)
                      0.084390    0.003672    0.560750 ^ clkbuf_1_0__f_gpio_in[38]/A (sky130_fd_sc_hd__clkbuf_16)
    25    0.077277    0.095564    0.177631    0.738381 ^ clkbuf_1_0__f_gpio_in[38]/X (sky130_fd_sc_hd__clkbuf_16)
                                                         clknet_1_0__leaf_gpio_in[38] (net)
                      0.098158    0.012269    0.750650 ^ _098_/CLK (sky130_fd_sc_hd__dfrtp_1)
                                  0.250000    1.000650   clock uncertainty
                                  0.000000    1.000650   clock reconvergence pessimism
                                 -0.029043    0.971607   library hold time
                                              0.971607   data required time
---------------------------------------------------------------------------------------------
                                              0.971607   data required time
                                             -1.945047   data arrival time
---------------------------------------------------------------------------------------------
                                              0.973440   slack (MET)


Startpoint: _088_ (rising edge-triggered flip-flop clocked by gpio_in[38])
Endpoint: _088_ (rising edge-triggered flip-flop clocked by gpio_in[38])
Path Group: gpio_in[38]
Path Type: min

Fanout         Cap        Slew       Delay        Time   Description
---------------------------------------------------------------------------------------------
                                  0.000000    0.000000   clock gpio_in[38] (rise edge)
                                  0.000000    0.000000   clock source latency
     2    0.090726    0.412544    0.299203    0.299203 ^ gpio_in[38] (in)
                                                         gpio_in[38] (net)
                      0.416241    0.000000    0.299203 ^ clkbuf_0_gpio_in[38]/A (sky130_fd_sc_hd__clkbuf_16)
     5    0.060592    0.084005    0.257875    0.557078 ^ clkbuf_0_gpio_in[38]/X (sky130_fd_sc_hd__clkbuf_16)
                                                         clknet_0_gpio_in[38] (net)
                      0.084390    0.003672    0.560750 ^ clkbuf_1_0__f_gpio_in[38]/A (sky130_fd_sc_hd__clkbuf_16)
    25    0.077277    0.095564    0.177631    0.738381 ^ clkbuf_1_0__f_gpio_in[38]/X (sky130_fd_sc_hd__clkbuf_16)
                                                         clknet_1_0__leaf_gpio_in[38] (net)
                      0.098399    0.012828    0.751209 ^ _088_/CLK (sky130_fd_sc_hd__dfrtp_1)
     5    0.013464    0.128619    0.404062    1.155271 ^ _088_/Q (sky130_fd_sc_hd__dfrtp_1)
                                                         gpio_18_21_bidir[19].cfg.gpio_out_val (net)
                      0.128619    0.000203    1.155474 ^ hold34/A (sky130_fd_sc_hd__dlygate4sd3_1)
     2    0.004550    0.068237    0.573225    1.728698 ^ hold34/X (sky130_fd_sc_hd__dlygate4sd3_1)
                                                         net609 (net)
                      0.068237    0.000012    1.728711 ^ _046_/B (sky130_fd_sc_hd__or2_1)
     1    0.004191    0.051274    0.105074    1.833784 ^ _046_/X (sky130_fd_sc_hd__or2_1)
                                                         _021_ (net)
                      0.051274    0.000068    1.833852 ^ _047_/B (sky130_fd_sc_hd__and2_1)
     1    0.002665    0.044896    0.115489    1.949341 ^ _047_/X (sky130_fd_sc_hd__and2_1)
                                                         _011_ (net)
                      0.044896    0.000025    1.949366 ^ _088_/D (sky130_fd_sc_hd__dfrtp_1)
                                              1.949366   data arrival time

                                  0.000000    0.000000   clock gpio_in[38] (rise edge)
                                  0.000000    0.000000   clock source latency
     2    0.090726    0.412544    0.299203    0.299203 ^ gpio_in[38] (in)
                                                         gpio_in[38] (net)
                      0.416241    0.000000    0.299203 ^ clkbuf_0_gpio_in[38]/A (sky130_fd_sc_hd__clkbuf_16)
     5    0.060592    0.084005    0.257875    0.557078 ^ clkbuf_0_gpio_in[38]/X (sky130_fd_sc_hd__clkbuf_16)
                                                         clknet_0_gpio_in[38] (net)
                      0.084390    0.003672    0.560750 ^ clkbuf_1_0__f_gpio_in[38]/A (sky130_fd_sc_hd__clkbuf_16)
    25    0.077277    0.095564    0.177631    0.738381 ^ clkbuf_1_0__f_gpio_in[38]/X (sky130_fd_sc_hd__clkbuf_16)
                                                         clknet_1_0__leaf_gpio_in[38] (net)
                      0.098399    0.012828    0.751209 ^ _088_/CLK (sky130_fd_sc_hd__dfrtp_1)
                                  0.250000    1.001209   clock uncertainty
                                  0.000000    1.001209   clock reconvergence pessimism
                                 -0.027446    0.973763   library hold time
                                              0.973763   data required time
---------------------------------------------------------------------------------------------
                                              0.973763   data required time
                                             -1.949366   data arrival time
---------------------------------------------------------------------------------------------
                                              0.975604   slack (MET)


Startpoint: _099_ (rising edge-triggered flip-flop clocked by gpio_in[38])
Endpoint: _101_ (rising edge-triggered flip-flop clocked by gpio_in[38])
Path Group: gpio_in[38]
Path Type: min

Fanout         Cap        Slew       Delay        Time   Description
---------------------------------------------------------------------------------------------
                                  0.000000    0.000000   clock gpio_in[38] (rise edge)
                                  0.000000    0.000000   clock source latency
     2    0.090726    0.412544    0.299203    0.299203 ^ gpio_in[38] (in)
                                                         gpio_in[38] (net)
                      0.416241    0.000000    0.299203 ^ clkbuf_0_gpio_in[38]/A (sky130_fd_sc_hd__clkbuf_16)
     5    0.060592    0.084005    0.257875    0.557078 ^ clkbuf_0_gpio_in[38]/X (sky130_fd_sc_hd__clkbuf_16)
                                                         clknet_0_gpio_in[38] (net)
                      0.084390    0.003672    0.560750 ^ clkbuf_1_0__f_gpio_in[38]/A (sky130_fd_sc_hd__clkbuf_16)
    25    0.077277    0.095564    0.177631    0.738381 ^ clkbuf_1_0__f_gpio_in[38]/X (sky130_fd_sc_hd__clkbuf_16)
                                                         clknet_1_0__leaf_gpio_in[38] (net)
                      0.098660    0.013412    0.751793 ^ _099_/CLK (sky130_fd_sc_hd__dfrtp_1)
     5    0.011419    0.111865    0.391806    1.143599 ^ _099_/Q (sky130_fd_sc_hd__dfrtp_1)
                                                         gpio_22_37_output[30].cfg.gpio_out_val (net)
                      0.111865    0.000079    1.143678 ^ _073_/A (sky130_fd_sc_hd__and3_1)
     2    0.007436    0.089098    0.190666    1.334343 ^ _073_/X (sky130_fd_sc_hd__and3_1)
                                                         _036_ (net)
                      0.089098    0.000071    1.334414 ^ _076_/B (sky130_fd_sc_hd__xor2_1)
     1    0.003686    0.039627    0.073206    1.407620 v _076_/X (sky130_fd_sc_hd__xor2_1)
                                                         _005_ (net)
                      0.039627    0.000057    1.407677 v hold11/A (sky130_fd_sc_hd__dlygate4sd3_1)
     1    0.002237    0.050073    0.540982    1.948660 v hold11/X (sky130_fd_sc_hd__dlygate4sd3_1)
                                                         net586 (net)
                      0.050073    0.000019    1.948679 v _101_/D (sky130_fd_sc_hd__dfrtp_1)
                                              1.948679   data arrival time

                                  0.000000    0.000000   clock gpio_in[38] (rise edge)
                                  0.000000    0.000000   clock source latency
     2    0.090726    0.412544    0.299203    0.299203 ^ gpio_in[38] (in)
                                                         gpio_in[38] (net)
                      0.416241    0.000000    0.299203 ^ clkbuf_0_gpio_in[38]/A (sky130_fd_sc_hd__clkbuf_16)
     5    0.060592    0.084005    0.257875    0.557078 ^ clkbuf_0_gpio_in[38]/X (sky130_fd_sc_hd__clkbuf_16)
                                                         clknet_0_gpio_in[38] (net)
                      0.084390    0.003672    0.560750 ^ clkbuf_1_0__f_gpio_in[38]/A (sky130_fd_sc_hd__clkbuf_16)
    25    0.077277    0.095564    0.177631    0.738381 ^ clkbuf_1_0__f_gpio_in[38]/X (sky130_fd_sc_hd__clkbuf_16)
                                                         clknet_1_0__leaf_gpio_in[38] (net)
                      0.098704    0.013508    0.751889 ^ _101_/CLK (sky130_fd_sc_hd__dfrtp_1)
                                  0.250000    1.001889   clock uncertainty
                                  0.000000    1.001889   clock reconvergence pessimism
                                 -0.035589    0.966300   library hold time
                                              0.966300   data required time
---------------------------------------------------------------------------------------------
                                              0.966300   data required time
                                             -1.948679   data arrival time
---------------------------------------------------------------------------------------------
                                              0.982378   slack (MET)


Startpoint: _099_ (rising edge-triggered flip-flop clocked by gpio_in[38])
Endpoint: _102_ (rising edge-triggered flip-flop clocked by gpio_in[38])
Path Group: gpio_in[38]
Path Type: min

Fanout         Cap        Slew       Delay        Time   Description
---------------------------------------------------------------------------------------------
                                  0.000000    0.000000   clock gpio_in[38] (rise edge)
                                  0.000000    0.000000   clock source latency
     2    0.090726    0.412544    0.299203    0.299203 ^ gpio_in[38] (in)
                                                         gpio_in[38] (net)
                      0.416241    0.000000    0.299203 ^ clkbuf_0_gpio_in[38]/A (sky130_fd_sc_hd__clkbuf_16)
     5    0.060592    0.084005    0.257875    0.557078 ^ clkbuf_0_gpio_in[38]/X (sky130_fd_sc_hd__clkbuf_16)
                                                         clknet_0_gpio_in[38] (net)
                      0.084390    0.003672    0.560750 ^ clkbuf_1_0__f_gpio_in[38]/A (sky130_fd_sc_hd__clkbuf_16)
    25    0.077277    0.095564    0.177631    0.738381 ^ clkbuf_1_0__f_gpio_in[38]/X (sky130_fd_sc_hd__clkbuf_16)
                                                         clknet_1_0__leaf_gpio_in[38] (net)
                      0.098660    0.013412    0.751793 ^ _099_/CLK (sky130_fd_sc_hd__dfrtp_1)
     5    0.011419    0.111865    0.391806    1.143599 ^ _099_/Q (sky130_fd_sc_hd__dfrtp_1)
                                                         gpio_22_37_output[30].cfg.gpio_out_val (net)
                      0.111865    0.000091    1.143690 ^ _075_/A (sky130_fd_sc_hd__and4_1)
     1    0.003864    0.063521    0.188578    1.332268 ^ _075_/X (sky130_fd_sc_hd__and4_1)
                                                         _037_ (net)
                      0.063521    0.000038    1.332306 ^ _079_/A2 (sky130_fd_sc_hd__o21ba_1)
     1    0.002338    0.038312    0.109527    1.441833 ^ _079_/X (sky130_fd_sc_hd__o21ba_1)
                                                         _006_ (net)
                      0.038312    0.000013    1.441846 ^ hold9/A (sky130_fd_sc_hd__dlygate4sd3_1)
     1    0.002845    0.053313    0.533104    1.974950 ^ hold9/X (sky130_fd_sc_hd__dlygate4sd3_1)
                                                         net584 (net)
                      0.053313    0.000029    1.974979 ^ _102_/D (sky130_fd_sc_hd__dfrtp_1)
                                              1.974979   data arrival time

                                  0.000000    0.000000   clock gpio_in[38] (rise edge)
                                  0.000000    0.000000   clock source latency
     2    0.090726    0.412544    0.299203    0.299203 ^ gpio_in[38] (in)
                                                         gpio_in[38] (net)
                      0.416241    0.000000    0.299203 ^ clkbuf_0_gpio_in[38]/A (sky130_fd_sc_hd__clkbuf_16)
     5    0.060592    0.084005    0.257875    0.557078 ^ clkbuf_0_gpio_in[38]/X (sky130_fd_sc_hd__clkbuf_16)
                                                         clknet_0_gpio_in[38] (net)
                      0.084390    0.003672    0.560750 ^ clkbuf_1_0__f_gpio_in[38]/A (sky130_fd_sc_hd__clkbuf_16)
    25    0.077277    0.095564    0.177631    0.738381 ^ clkbuf_1_0__f_gpio_in[38]/X (sky130_fd_sc_hd__clkbuf_16)
                                                         clknet_1_0__leaf_gpio_in[38] (net)
                      0.098674    0.013443    0.751824 ^ _102_/CLK (sky130_fd_sc_hd__dfrtp_1)
                                  0.250000    1.001824   clock uncertainty
                                  0.000000    1.001824   clock reconvergence pessimism
                                 -0.029161    0.972663   library hold time
                                              0.972663   data required time
---------------------------------------------------------------------------------------------
                                              0.972663   data required time
                                             -1.974979   data arrival time
---------------------------------------------------------------------------------------------
                                              1.002316   slack (MET)


Startpoint: _099_ (rising edge-triggered flip-flop clocked by gpio_in[38])
Endpoint: _100_ (rising edge-triggered flip-flop clocked by gpio_in[38])
Path Group: gpio_in[38]
Path Type: min

Fanout         Cap        Slew       Delay        Time   Description
---------------------------------------------------------------------------------------------
                                  0.000000    0.000000   clock gpio_in[38] (rise edge)
                                  0.000000    0.000000   clock source latency
     2    0.090726    0.412544    0.299203    0.299203 ^ gpio_in[38] (in)
                                                         gpio_in[38] (net)
                      0.416241    0.000000    0.299203 ^ clkbuf_0_gpio_in[38]/A (sky130_fd_sc_hd__clkbuf_16)
     5    0.060592    0.084005    0.257875    0.557078 ^ clkbuf_0_gpio_in[38]/X (sky130_fd_sc_hd__clkbuf_16)
                                                         clknet_0_gpio_in[38] (net)
                      0.084390    0.003672    0.560750 ^ clkbuf_1_0__f_gpio_in[38]/A (sky130_fd_sc_hd__clkbuf_16)
    25    0.077277    0.095564    0.177631    0.738381 ^ clkbuf_1_0__f_gpio_in[38]/X (sky130_fd_sc_hd__clkbuf_16)
                                                         clknet_1_0__leaf_gpio_in[38] (net)
                      0.098660    0.013412    0.751793 ^ _099_/CLK (sky130_fd_sc_hd__dfrtp_1)
     5    0.011419    0.111865    0.391806    1.143599 ^ _099_/Q (sky130_fd_sc_hd__dfrtp_1)
                                                         gpio_22_37_output[30].cfg.gpio_out_val (net)
                      0.111865    0.000079    1.143678 ^ _073_/A (sky130_fd_sc_hd__and3_1)
     2    0.007436    0.089098    0.190666    1.334343 ^ _073_/X (sky130_fd_sc_hd__and3_1)
                                                         _036_ (net)
                      0.089098    0.000049    1.334393 ^ _074_/B1_N (sky130_fd_sc_hd__o21ba_1)
     1    0.003435    0.033572    0.152847    1.487240 v _074_/X (sky130_fd_sc_hd__o21ba_1)
                                                         _004_ (net)
                      0.033572    0.000041    1.487281 v hold27/A (sky130_fd_sc_hd__dlygate4sd3_1)
     1    0.002353    0.050560    0.539682    2.026963 v hold27/X (sky130_fd_sc_hd__dlygate4sd3_1)
                                                         net602 (net)
                      0.050560    0.000021    2.026983 v _100_/D (sky130_fd_sc_hd__dfrtp_1)
                                              2.026983   data arrival time

                                  0.000000    0.000000   clock gpio_in[38] (rise edge)
                                  0.000000    0.000000   clock source latency
     2    0.090726    0.412544    0.299203    0.299203 ^ gpio_in[38] (in)
                                                         gpio_in[38] (net)
                      0.416241    0.000000    0.299203 ^ clkbuf_0_gpio_in[38]/A (sky130_fd_sc_hd__clkbuf_16)
     5    0.060592    0.084005    0.257875    0.557078 ^ clkbuf_0_gpio_in[38]/X (sky130_fd_sc_hd__clkbuf_16)
                                                         clknet_0_gpio_in[38] (net)
                      0.084390    0.003672    0.560750 ^ clkbuf_1_0__f_gpio_in[38]/A (sky130_fd_sc_hd__clkbuf_16)
    25    0.077277    0.095564    0.177631    0.738381 ^ clkbuf_1_0__f_gpio_in[38]/X (sky130_fd_sc_hd__clkbuf_16)
                                                         clknet_1_0__leaf_gpio_in[38] (net)
                      0.098716    0.013534    0.751915 ^ _100_/CLK (sky130_fd_sc_hd__dfrtp_1)
                                  0.250000    1.001915   clock uncertainty
                                  0.000000    1.001915   clock reconvergence pessimism
                                 -0.035784    0.966130   library hold time
                                              0.966130   data required time
---------------------------------------------------------------------------------------------
                                              0.966130   data required time
                                             -2.026983   data arrival time
---------------------------------------------------------------------------------------------
                                              1.060853   slack (MET)


Startpoint: _105_ (rising edge-triggered flip-flop clocked by gpio_in[38])
Endpoint: _105_ (rising edge-triggered flip-flop clocked by gpio_in[38])
Path Group: gpio_in[38]
Path Type: min

Fanout         Cap        Slew       Delay        Time   Description
---------------------------------------------------------------------------------------------
                                  0.000000    0.000000   clock gpio_in[38] (rise edge)
                                  0.000000    0.000000   clock source latency
     2    0.090726    0.412544    0.299203    0.299203 ^ gpio_in[38] (in)
                                                         gpio_in[38] (net)
                      0.416241    0.000000    0.299203 ^ clkbuf_0_gpio_in[38]/A (sky130_fd_sc_hd__clkbuf_16)
     5    0.060592    0.084005    0.257875    0.557078 ^ clkbuf_0_gpio_in[38]/X (sky130_fd_sc_hd__clkbuf_16)
                                                         clknet_0_gpio_in[38] (net)
                      0.084375    0.003561    0.560638 ^ clkbuf_1_1__f_gpio_in[38]/A (sky130_fd_sc_hd__clkbuf_16)
    19    0.066215    0.083993    0.172486    0.733124 ^ clkbuf_1_1__f_gpio_in[38]/X (sky130_fd_sc_hd__clkbuf_16)
                                                         clknet_1_1__leaf_gpio_in[38] (net)
                      0.085511    0.008767    0.741891 ^ _105_/CLK (sky130_fd_sc_hd__dfrtp_1)
     3    0.008921    0.092059    0.371437    1.113328 ^ _105_/Q (sky130_fd_sc_hd__dfrtp_1)
                                                         gpio_22_37_output[36].cfg.gpio_out_val (net)
                      0.092059    0.000130    1.113457 ^ hold4/A (sky130_fd_sc_hd__dlygate4sd3_1)
     1    0.007158    0.091046    0.583219    1.696676 ^ hold4/X (sky130_fd_sc_hd__dlygate4sd3_1)
                                                         net579 (net)
                      0.091046    0.000148    1.696824 ^ _085_/A (sky130_fd_sc_hd__xor2_1)
     1    0.002051    0.033133    0.067193    1.764017 v _085_/X (sky130_fd_sc_hd__xor2_1)
                                                         _009_ (net)
                      0.033133    0.000011    1.764028 v hold5/A (sky130_fd_sc_hd__dlygate4sd3_1)
     1    0.002835    0.053345    0.543884    2.307912 v hold5/X (sky130_fd_sc_hd__dlygate4sd3_1)
                                                         net580 (net)
                      0.053345    0.000034    2.307946 v _105_/D (sky130_fd_sc_hd__dfrtp_1)
                                              2.307946   data arrival time

                                  0.000000    0.000000   clock gpio_in[38] (rise edge)
                                  0.000000    0.000000   clock source latency
     2    0.090726    0.412544    0.299203    0.299203 ^ gpio_in[38] (in)
                                                         gpio_in[38] (net)
                      0.416241    0.000000    0.299203 ^ clkbuf_0_gpio_in[38]/A (sky130_fd_sc_hd__clkbuf_16)
     5    0.060592    0.084005    0.257875    0.557078 ^ clkbuf_0_gpio_in[38]/X (sky130_fd_sc_hd__clkbuf_16)
                                                         clknet_0_gpio_in[38] (net)
                      0.084375    0.003561    0.560638 ^ clkbuf_1_1__f_gpio_in[38]/A (sky130_fd_sc_hd__clkbuf_16)
    19    0.066215    0.083993    0.172486    0.733124 ^ clkbuf_1_1__f_gpio_in[38]/X (sky130_fd_sc_hd__clkbuf_16)
                                                         clknet_1_1__leaf_gpio_in[38] (net)
                      0.085511    0.008767    0.741891 ^ _105_/CLK (sky130_fd_sc_hd__dfrtp_1)
                                  0.250000    0.991891   clock uncertainty
                                  0.000000    0.991891   clock reconvergence pessimism
                                 -0.039930    0.951960   library hold time
                                              0.951960   data required time
---------------------------------------------------------------------------------------------
                                              0.951960   data required time
                                             -2.307946   data arrival time
---------------------------------------------------------------------------------------------
                                              1.355986   slack (MET)


Startpoint: _093_ (rising edge-triggered flip-flop clocked by gpio_in[38])
Endpoint: _093_ (rising edge-triggered flip-flop clocked by gpio_in[38])
Path Group: gpio_in[38]
Path Type: min

Fanout         Cap        Slew       Delay        Time   Description
---------------------------------------------------------------------------------------------
                                  0.000000    0.000000   clock gpio_in[38] (rise edge)
                                  0.000000    0.000000   clock source latency
     2    0.090726    0.412544    0.299203    0.299203 ^ gpio_in[38] (in)
                                                         gpio_in[38] (net)
                      0.416241    0.000000    0.299203 ^ clkbuf_0_gpio_in[38]/A (sky130_fd_sc_hd__clkbuf_16)
     5    0.060592    0.084005    0.257875    0.557078 ^ clkbuf_0_gpio_in[38]/X (sky130_fd_sc_hd__clkbuf_16)
                                                         clknet_0_gpio_in[38] (net)
                      0.084375    0.003561    0.560638 ^ clkbuf_1_1__f_gpio_in[38]/A (sky130_fd_sc_hd__clkbuf_16)
    19    0.066215    0.083993    0.172486    0.733124 ^ clkbuf_1_1__f_gpio_in[38]/X (sky130_fd_sc_hd__clkbuf_16)
                                                         clknet_1_1__leaf_gpio_in[38] (net)
                      0.085666    0.009221    0.742345 ^ _093_/CLK (sky130_fd_sc_hd__dfrtp_1)
     3    0.009982    0.100140    0.378225    1.120571 ^ _093_/Q (sky130_fd_sc_hd__dfrtp_1)
                                                         gpio_22_37_output[24].cfg.gpio_out_val (net)
                      0.100140    0.000116    1.120687 ^ hold12/A (sky130_fd_sc_hd__dlygate4sd3_1)
     2    0.007922    0.097853    0.591460    1.712147 ^ hold12/X (sky130_fd_sc_hd__dlygate4sd3_1)
                                                         net587 (net)
                      0.097853    0.000104    1.712250 ^ _057_/A (sky130_fd_sc_hd__xor2_1)
     1    0.001645    0.031942    0.066638    1.778889 v _057_/X (sky130_fd_sc_hd__xor2_1)
                                                         _016_ (net)
                      0.031942    0.000006    1.778894 v hold13/A (sky130_fd_sc_hd__dlygate4sd3_1)
     1    0.003303    0.056460    0.547666    2.326560 v hold13/X (sky130_fd_sc_hd__dlygate4sd3_1)
                                                         net588 (net)
                      0.056460    0.000043    2.326604 v _093_/D (sky130_fd_sc_hd__dfrtp_1)
                                              2.326604   data arrival time

                                  0.000000    0.000000   clock gpio_in[38] (rise edge)
                                  0.000000    0.000000   clock source latency
     2    0.090726    0.412544    0.299203    0.299203 ^ gpio_in[38] (in)
                                                         gpio_in[38] (net)
                      0.416241    0.000000    0.299203 ^ clkbuf_0_gpio_in[38]/A (sky130_fd_sc_hd__clkbuf_16)
     5    0.060592    0.084005    0.257875    0.557078 ^ clkbuf_0_gpio_in[38]/X (sky130_fd_sc_hd__clkbuf_16)
                                                         clknet_0_gpio_in[38] (net)
                      0.084375    0.003561    0.560638 ^ clkbuf_1_1__f_gpio_in[38]/A (sky130_fd_sc_hd__clkbuf_16)
    19    0.066215    0.083993    0.172486    0.733124 ^ clkbuf_1_1__f_gpio_in[38]/X (sky130_fd_sc_hd__clkbuf_16)
                                                         clknet_1_1__leaf_gpio_in[38] (net)
                      0.085666    0.009221    0.742345 ^ _093_/CLK (sky130_fd_sc_hd__dfrtp_1)
                                  0.250000    0.992345   clock uncertainty
                                  0.000000    0.992345   clock reconvergence pessimism
                                 -0.041163    0.951183   library hold time
                                              0.951183   data required time
---------------------------------------------------------------------------------------------
                                              0.951183   data required time
                                             -2.326604   data arrival time
---------------------------------------------------------------------------------------------
                                              1.375421   slack (MET)


Startpoint: _097_ (rising edge-triggered flip-flop clocked by gpio_in[38])
Endpoint: _097_ (rising edge-triggered flip-flop clocked by gpio_in[38])
Path Group: gpio_in[38]
Path Type: min

Fanout         Cap        Slew       Delay        Time   Description
---------------------------------------------------------------------------------------------
                                  0.000000    0.000000   clock gpio_in[38] (rise edge)
                                  0.000000    0.000000   clock source latency
     2    0.090726    0.412544    0.299203    0.299203 ^ gpio_in[38] (in)
                                                         gpio_in[38] (net)
                      0.416241    0.000000    0.299203 ^ clkbuf_0_gpio_in[38]/A (sky130_fd_sc_hd__clkbuf_16)
     5    0.060592    0.084005    0.257875    0.557078 ^ clkbuf_0_gpio_in[38]/X (sky130_fd_sc_hd__clkbuf_16)
                                                         clknet_0_gpio_in[38] (net)
                      0.084390    0.003672    0.560750 ^ clkbuf_1_0__f_gpio_in[38]/A (sky130_fd_sc_hd__clkbuf_16)
    25    0.077277    0.095564    0.177631    0.738381 ^ clkbuf_1_0__f_gpio_in[38]/X (sky130_fd_sc_hd__clkbuf_16)
                                                         clknet_1_0__leaf_gpio_in[38] (net)
                      0.098243    0.012468    0.750849 ^ _097_/CLK (sky130_fd_sc_hd__dfrtp_1)
     2    0.006206    0.071135    0.357884    1.108732 ^ _097_/Q (sky130_fd_sc_hd__dfrtp_1)
                                                         gpio_22_37_output[28].cfg.gpio_out_val (net)
                      0.071135    0.000056    1.108788 ^ hold6/A (sky130_fd_sc_hd__dlygate4sd3_1)
     3    0.012859    0.142119    0.617745    1.726533 ^ hold6/X (sky130_fd_sc_hd__dlygate4sd3_1)
                                                         net581 (net)
                      0.142119    0.000103    1.726636 ^ _066_/A (sky130_fd_sc_hd__xor2_1)
     1    0.001728    0.031817    0.076808    1.803444 v _066_/X (sky130_fd_sc_hd__xor2_1)
                                                         _001_ (net)
                      0.031817    0.000014    1.803458 v hold7/A (sky130_fd_sc_hd__dlygate4sd3_1)
     1    0.002438    0.051000    0.539766    2.343225 v hold7/X (sky130_fd_sc_hd__dlygate4sd3_1)
                                                         net582 (net)
                      0.051000    0.000022    2.343246 v _097_/D (sky130_fd_sc_hd__dfrtp_1)
                                              2.343246   data arrival time

                                  0.000000    0.000000   clock gpio_in[38] (rise edge)
                                  0.000000    0.000000   clock source latency
     2    0.090726    0.412544    0.299203    0.299203 ^ gpio_in[38] (in)
                                                         gpio_in[38] (net)
                      0.416241    0.000000    0.299203 ^ clkbuf_0_gpio_in[38]/A (sky130_fd_sc_hd__clkbuf_16)
     5    0.060592    0.084005    0.257875    0.557078 ^ clkbuf_0_gpio_in[38]/X (sky130_fd_sc_hd__clkbuf_16)
                                                         clknet_0_gpio_in[38] (net)
                      0.084390    0.003672    0.560750 ^ clkbuf_1_0__f_gpio_in[38]/A (sky130_fd_sc_hd__clkbuf_16)
    25    0.077277    0.095564    0.177631    0.738381 ^ clkbuf_1_0__f_gpio_in[38]/X (sky130_fd_sc_hd__clkbuf_16)
                                                         clknet_1_0__leaf_gpio_in[38] (net)
                      0.098243    0.012468    0.750849 ^ _097_/CLK (sky130_fd_sc_hd__dfrtp_1)
                                  0.250000    1.000849   clock uncertainty
                                  0.000000    1.000849   clock reconvergence pessimism
                                 -0.036072    0.964777   library hold time
                                              0.964777   data required time
---------------------------------------------------------------------------------------------
                                              0.964777   data required time
                                             -2.343246   data arrival time
---------------------------------------------------------------------------------------------
                                              1.378469   slack (MET)


Startpoint: _091_ (rising edge-triggered flip-flop clocked by gpio_in[38])
Endpoint: _091_ (rising edge-triggered flip-flop clocked by gpio_in[38])
Path Group: gpio_in[38]
Path Type: min

Fanout         Cap        Slew       Delay        Time   Description
---------------------------------------------------------------------------------------------
                                  0.000000    0.000000   clock gpio_in[38] (rise edge)
                                  0.000000    0.000000   clock source latency
     2    0.090726    0.412544    0.299203    0.299203 ^ gpio_in[38] (in)
                                                         gpio_in[38] (net)
                      0.416241    0.000000    0.299203 ^ clkbuf_0_gpio_in[38]/A (sky130_fd_sc_hd__clkbuf_16)
     5    0.060592    0.084005    0.257875    0.557078 ^ clkbuf_0_gpio_in[38]/X (sky130_fd_sc_hd__clkbuf_16)
                                                         clknet_0_gpio_in[38] (net)
                      0.084375    0.003561    0.560638 ^ clkbuf_1_1__f_gpio_in[38]/A (sky130_fd_sc_hd__clkbuf_16)
    19    0.066215    0.083993    0.172486    0.733124 ^ clkbuf_1_1__f_gpio_in[38]/X (sky130_fd_sc_hd__clkbuf_16)
                                                         clknet_1_1__leaf_gpio_in[38] (net)
                      0.085662    0.009211    0.742335 ^ _091_/CLK (sky130_fd_sc_hd__dfrtp_1)
     3    0.008449    0.088827    0.368338    1.110673 ^ _091_/Q (sky130_fd_sc_hd__dfrtp_1)
                                                         gpio_22_37_output[22].cfg.gpio_out_val (net)
                      0.088827    0.000064    1.110736 ^ hold20/A (sky130_fd_sc_hd__dlygate4sd3_1)
     3    0.010785    0.122974    0.608613    1.719350 ^ hold20/X (sky130_fd_sc_hd__dlygate4sd3_1)
                                                         net595 (net)
                      0.122974    0.000034    1.719383 ^ _052_/A (sky130_fd_sc_hd__xor2_1)
     1    0.002021    0.033016    0.075546    1.794929 v _052_/X (sky130_fd_sc_hd__xor2_1)
                                                         _014_ (net)
                      0.033016    0.000018    1.794948 v hold21/A (sky130_fd_sc_hd__dlygate4sd3_1)
     1    0.002186    0.051317    0.537951    2.332898 v hold21/X (sky130_fd_sc_hd__dlygate4sd3_1)
                                                         net596 (net)
                      0.051317    0.000010    2.332908 v _091_/D (sky130_fd_sc_hd__dfrtp_1)
                                              2.332908   data arrival time

                                  0.000000    0.000000   clock gpio_in[38] (rise edge)
                                  0.000000    0.000000   clock source latency
     2    0.090726    0.412544    0.299203    0.299203 ^ gpio_in[38] (in)
                                                         gpio_in[38] (net)
                      0.416241    0.000000    0.299203 ^ clkbuf_0_gpio_in[38]/A (sky130_fd_sc_hd__clkbuf_16)
     5    0.060592    0.084005    0.257875    0.557078 ^ clkbuf_0_gpio_in[38]/X (sky130_fd_sc_hd__clkbuf_16)
                                                         clknet_0_gpio_in[38] (net)
                      0.084375    0.003561    0.560638 ^ clkbuf_1_1__f_gpio_in[38]/A (sky130_fd_sc_hd__clkbuf_16)
    19    0.066215    0.083993    0.172486    0.733124 ^ clkbuf_1_1__f_gpio_in[38]/X (sky130_fd_sc_hd__clkbuf_16)
                                                         clknet_1_1__leaf_gpio_in[38] (net)
                      0.085662    0.009211    0.742335 ^ _091_/CLK (sky130_fd_sc_hd__dfrtp_1)
                                  0.250000    0.992335   clock uncertainty
                                  0.000000    0.992335   clock reconvergence pessimism
                                 -0.039071    0.953264   library hold time
                                              0.953264   data required time
---------------------------------------------------------------------------------------------
                                              0.953264   data required time
                                             -2.332908   data arrival time
---------------------------------------------------------------------------------------------
                                              1.379644   slack (MET)


Startpoint: _094_ (rising edge-triggered flip-flop clocked by gpio_in[38])
Endpoint: _094_ (rising edge-triggered flip-flop clocked by gpio_in[38])
Path Group: gpio_in[38]
Path Type: min

Fanout         Cap        Slew       Delay        Time   Description
---------------------------------------------------------------------------------------------
                                  0.000000    0.000000   clock gpio_in[38] (rise edge)
                                  0.000000    0.000000   clock source latency
     2    0.090726    0.412544    0.299203    0.299203 ^ gpio_in[38] (in)
                                                         gpio_in[38] (net)
                      0.416241    0.000000    0.299203 ^ clkbuf_0_gpio_in[38]/A (sky130_fd_sc_hd__clkbuf_16)
     5    0.060592    0.084005    0.257875    0.557078 ^ clkbuf_0_gpio_in[38]/X (sky130_fd_sc_hd__clkbuf_16)
                                                         clknet_0_gpio_in[38] (net)
                      0.084375    0.003561    0.560638 ^ clkbuf_1_1__f_gpio_in[38]/A (sky130_fd_sc_hd__clkbuf_16)
    19    0.066215    0.083993    0.172486    0.733124 ^ clkbuf_1_1__f_gpio_in[38]/X (sky130_fd_sc_hd__clkbuf_16)
                                                         clknet_1_1__leaf_gpio_in[38] (net)
                      0.085645    0.009161    0.742285 ^ _094_/CLK (sky130_fd_sc_hd__dfrtp_1)
     3    0.007598    0.082139    0.362588    1.104873 ^ _094_/Q (sky130_fd_sc_hd__dfrtp_1)
                                                         gpio_22_37_output[25].cfg.gpio_out_val (net)
                      0.082139    0.000049    1.104922 ^ hold16/A (sky130_fd_sc_hd__dlygate4sd3_1)
     1    0.005772    0.078779    0.569719    1.674641 ^ hold16/X (sky130_fd_sc_hd__dlygate4sd3_1)
                                                         net591 (net)
                      0.078779    0.000103    1.674744 ^ _060_/A1 (sky130_fd_sc_hd__o21ba_1)
     1    0.004374    0.056049    0.142238    1.816981 ^ _060_/X (sky130_fd_sc_hd__o21ba_1)
                                                         _017_ (net)
                      0.056049    0.000076    1.817057 ^ hold17/A (sky130_fd_sc_hd__dlygate4sd3_1)
     1    0.002720    0.052247    0.537598    2.354656 ^ hold17/X (sky130_fd_sc_hd__dlygate4sd3_1)
                                                         net592 (net)
                      0.052247    0.000030    2.354686 ^ _094_/D (sky130_fd_sc_hd__dfrtp_1)
                                              2.354686   data arrival time

                                  0.000000    0.000000   clock gpio_in[38] (rise edge)
                                  0.000000    0.000000   clock source latency
     2    0.090726    0.412544    0.299203    0.299203 ^ gpio_in[38] (in)
                                                         gpio_in[38] (net)
                      0.416241    0.000000    0.299203 ^ clkbuf_0_gpio_in[38]/A (sky130_fd_sc_hd__clkbuf_16)
     5    0.060592    0.084005    0.257875    0.557078 ^ clkbuf_0_gpio_in[38]/X (sky130_fd_sc_hd__clkbuf_16)
                                                         clknet_0_gpio_in[38] (net)
                      0.084375    0.003561    0.560638 ^ clkbuf_1_1__f_gpio_in[38]/A (sky130_fd_sc_hd__clkbuf_16)
    19    0.066215    0.083993    0.172486    0.733124 ^ clkbuf_1_1__f_gpio_in[38]/X (sky130_fd_sc_hd__clkbuf_16)
                                                         clknet_1_1__leaf_gpio_in[38] (net)
                      0.085645    0.009161    0.742285 ^ _094_/CLK (sky130_fd_sc_hd__dfrtp_1)
                                  0.250000    0.992285   clock uncertainty
                                  0.000000    0.992285   clock reconvergence pessimism
                                 -0.030722    0.961563   library hold time
                                              0.961563   data required time
---------------------------------------------------------------------------------------------
                                              0.961563   data required time
                                             -2.354686   data arrival time
---------------------------------------------------------------------------------------------
                                              1.393122   slack (MET)


Startpoint: _089_ (rising edge-triggered flip-flop clocked by gpio_in[38])
Endpoint: _089_ (rising edge-triggered flip-flop clocked by gpio_in[38])
Path Group: gpio_in[38]
Path Type: min

Fanout         Cap        Slew       Delay        Time   Description
---------------------------------------------------------------------------------------------
                                  0.000000    0.000000   clock gpio_in[38] (rise edge)
                                  0.000000    0.000000   clock source latency
     2    0.090726    0.412544    0.299203    0.299203 ^ gpio_in[38] (in)
                                                         gpio_in[38] (net)
                      0.416241    0.000000    0.299203 ^ clkbuf_0_gpio_in[38]/A (sky130_fd_sc_hd__clkbuf_16)
     5    0.060592    0.084005    0.257875    0.557078 ^ clkbuf_0_gpio_in[38]/X (sky130_fd_sc_hd__clkbuf_16)
                                                         clknet_0_gpio_in[38] (net)
                      0.084390    0.003672    0.560750 ^ clkbuf_1_0__f_gpio_in[38]/A (sky130_fd_sc_hd__clkbuf_16)
    25    0.077277    0.095564    0.177631    0.738381 ^ clkbuf_1_0__f_gpio_in[38]/X (sky130_fd_sc_hd__clkbuf_16)
                                                         clknet_1_0__leaf_gpio_in[38] (net)
                      0.098594    0.013266    0.751647 ^ _089_/CLK (sky130_fd_sc_hd__dfrtp_1)
     3    0.008321    0.087926    0.372287    1.123934 ^ _089_/Q (sky130_fd_sc_hd__dfrtp_1)
                                                         gpio_18_21_bidir[20].cfg.gpio_out_val (net)
                      0.087926    0.000058    1.123992 ^ hold23/A (sky130_fd_sc_hd__dlygate4sd3_1)
     3    0.013437    0.147411    0.626552    1.750544 ^ hold23/X (sky130_fd_sc_hd__dlygate4sd3_1)
                                                         net598 (net)
                      0.147411    0.000079    1.750623 ^ _048_/A (sky130_fd_sc_hd__xnor2_1)
     1    0.002333    0.033853    0.085899    1.836522 v _048_/Y (sky130_fd_sc_hd__xnor2_1)
                                                         _012_ (net)
                      0.033853    0.000015    1.836537 v hold24/A (sky130_fd_sc_hd__dlygate4sd3_1)
     1    0.002675    0.052360    0.542708    2.379245 v hold24/X (sky130_fd_sc_hd__dlygate4sd3_1)
                                                         net599 (net)
                      0.052360    0.000028    2.379273 v _089_/D (sky130_fd_sc_hd__dfrtp_1)
                                              2.379273   data arrival time

                                  0.000000    0.000000   clock gpio_in[38] (rise edge)
                                  0.000000    0.000000   clock source latency
     2    0.090726    0.412544    0.299203    0.299203 ^ gpio_in[38] (in)
                                                         gpio_in[38] (net)
                      0.416241    0.000000    0.299203 ^ clkbuf_0_gpio_in[38]/A (sky130_fd_sc_hd__clkbuf_16)
     5    0.060592    0.084005    0.257875    0.557078 ^ clkbuf_0_gpio_in[38]/X (sky130_fd_sc_hd__clkbuf_16)
                                                         clknet_0_gpio_in[38] (net)
                      0.084390    0.003672    0.560750 ^ clkbuf_1_0__f_gpio_in[38]/A (sky130_fd_sc_hd__clkbuf_16)
    25    0.077277    0.095564    0.177631    0.738381 ^ clkbuf_1_0__f_gpio_in[38]/X (sky130_fd_sc_hd__clkbuf_16)
                                                         clknet_1_0__leaf_gpio_in[38] (net)
                      0.098594    0.013266    0.751647 ^ _089_/CLK (sky130_fd_sc_hd__dfrtp_1)
                                  0.250000    1.001647   clock uncertainty
                                  0.000000    1.001647   clock reconvergence pessimism
                                 -0.036545    0.965102   library hold time
                                              0.965102   data required time
---------------------------------------------------------------------------------------------
                                              0.965102   data required time
                                             -2.379273   data arrival time
---------------------------------------------------------------------------------------------
                                              1.414171   slack (MET)


Startpoint: _088_ (rising edge-triggered flip-flop clocked by gpio_in[38])
Endpoint: _090_ (rising edge-triggered flip-flop clocked by gpio_in[38])
Path Group: gpio_in[38]
Path Type: min

Fanout         Cap        Slew       Delay        Time   Description
---------------------------------------------------------------------------------------------
                                  0.000000    0.000000   clock gpio_in[38] (rise edge)
                                  0.000000    0.000000   clock source latency
     2    0.090726    0.412544    0.299203    0.299203 ^ gpio_in[38] (in)
                                                         gpio_in[38] (net)
                      0.416241    0.000000    0.299203 ^ clkbuf_0_gpio_in[38]/A (sky130_fd_sc_hd__clkbuf_16)
     5    0.060592    0.084005    0.257875    0.557078 ^ clkbuf_0_gpio_in[38]/X (sky130_fd_sc_hd__clkbuf_16)
                                                         clknet_0_gpio_in[38] (net)
                      0.084390    0.003672    0.560750 ^ clkbuf_1_0__f_gpio_in[38]/A (sky130_fd_sc_hd__clkbuf_16)
    25    0.077277    0.095564    0.177631    0.738381 ^ clkbuf_1_0__f_gpio_in[38]/X (sky130_fd_sc_hd__clkbuf_16)
                                                         clknet_1_0__leaf_gpio_in[38] (net)
                      0.098399    0.012828    0.751209 ^ _088_/CLK (sky130_fd_sc_hd__dfrtp_1)
     5    0.013464    0.128619    0.404062    1.155271 ^ _088_/Q (sky130_fd_sc_hd__dfrtp_1)
                                                         gpio_18_21_bidir[19].cfg.gpio_out_val (net)
                      0.128619    0.000111    1.155382 ^ _050_/A2 (sky130_fd_sc_hd__a31o_1)
     1    0.001839    0.034487    0.145301    1.300683 ^ _050_/X (sky130_fd_sc_hd__a31o_1)
                                                         _023_ (net)
                      0.034487    0.000007    1.300690 ^ hold32/A (sky130_fd_sc_hd__dlygate4sd3_1)
     1    0.003764    0.061665    0.539827    1.840517 ^ hold32/X (sky130_fd_sc_hd__dlygate4sd3_1)
                                                         net607 (net)
                      0.061665    0.000060    1.840577 ^ _051_/B (sky130_fd_sc_hd__and2b_1)
     1    0.002774    0.041148    0.117067    1.957645 ^ _051_/X (sky130_fd_sc_hd__and2b_1)
                                                         _013_ (net)
                      0.041148    0.000033    1.957678 ^ hold33/A (sky130_fd_sc_hd__dlygate4sd3_1)
     1    0.002923    0.053989    0.534763    2.492441 ^ hold33/X (sky130_fd_sc_hd__dlygate4sd3_1)
                                                         net608 (net)
                      0.053989    0.000033    2.492474 ^ _090_/D (sky130_fd_sc_hd__dfrtp_1)
                                              2.492474   data arrival time

                                  0.000000    0.000000   clock gpio_in[38] (rise edge)
                                  0.000000    0.000000   clock source latency
     2    0.090726    0.412544    0.299203    0.299203 ^ gpio_in[38] (in)
                                                         gpio_in[38] (net)
                      0.416241    0.000000    0.299203 ^ clkbuf_0_gpio_in[38]/A (sky130_fd_sc_hd__clkbuf_16)
     5    0.060592    0.084005    0.257875    0.557078 ^ clkbuf_0_gpio_in[38]/X (sky130_fd_sc_hd__clkbuf_16)
                                                         clknet_0_gpio_in[38] (net)
                      0.084390    0.003672    0.560750 ^ clkbuf_1_0__f_gpio_in[38]/A (sky130_fd_sc_hd__clkbuf_16)
    25    0.077277    0.095564    0.177631    0.738381 ^ clkbuf_1_0__f_gpio_in[38]/X (sky130_fd_sc_hd__clkbuf_16)
                                                         clknet_1_0__leaf_gpio_in[38] (net)
                      0.098514    0.013089    0.751470 ^ _090_/CLK (sky130_fd_sc_hd__dfrtp_1)
                                  0.250000    1.001470   clock uncertainty
                                  0.000000    1.001470   clock reconvergence pessimism
                                 -0.029324    0.972147   library hold time
                                              0.972147   data required time
---------------------------------------------------------------------------------------------
                                              0.972147   data required time
                                             -2.492474   data arrival time
---------------------------------------------------------------------------------------------
                                              1.520328   slack (MET)


Startpoint: resetb_l (input port clocked by gpio_in[38])
Endpoint: _105_ (removal check against rising-edge clock gpio_in[38])
Path Group: asynchronous
Path Type: min

Fanout         Cap        Slew       Delay        Time   Description
---------------------------------------------------------------------------------------------
                                  0.000000    0.000000   clock gpio_in[38] (rise edge)
                                  0.000000    0.000000   clock network delay (propagated)
                                  5.000000    5.000000 ^ input external delay
     2    0.009036    0.047121    0.030886    5.030886 ^ resetb_l (in)
                                                         resetb_l (net)
                      0.047122    0.000000    5.030886 ^ input2/A (sky130_fd_sc_hd__buf_8)
    11    0.124235    0.198818    0.195091    5.225976 ^ input2/X (sky130_fd_sc_hd__buf_8)
                                                         net2 (net)
                      0.219018    0.048114    5.274090 ^ _105_/RESET_B (sky130_fd_sc_hd__dfrtp_1)
                                              5.274090   data arrival time

                                  0.000000    0.000000   clock gpio_in[38] (rise edge)
                                  0.000000    0.000000   clock source latency
     2    0.090726    0.412544    0.299203    0.299203 ^ gpio_in[38] (in)
                                                         gpio_in[38] (net)
                      0.416241    0.000000    0.299203 ^ clkbuf_0_gpio_in[38]/A (sky130_fd_sc_hd__clkbuf_16)
     5    0.060592    0.084005    0.257875    0.557078 ^ clkbuf_0_gpio_in[38]/X (sky130_fd_sc_hd__clkbuf_16)
                                                         clknet_0_gpio_in[38] (net)
                      0.084375    0.003561    0.560638 ^ clkbuf_1_1__f_gpio_in[38]/A (sky130_fd_sc_hd__clkbuf_16)
    19    0.066215    0.083993    0.172486    0.733124 ^ clkbuf_1_1__f_gpio_in[38]/X (sky130_fd_sc_hd__clkbuf_16)
                                                         clknet_1_1__leaf_gpio_in[38] (net)
                      0.085511    0.008767    0.741891 ^ _105_/CLK (sky130_fd_sc_hd__dfrtp_1)
                                  0.250000    0.991891   clock uncertainty
                                  0.000000    0.991891   clock reconvergence pessimism
                                  0.379132    1.371022   library removal time
                                              1.371022   data required time
---------------------------------------------------------------------------------------------
                                              1.371022   data required time
                                             -5.274090   data arrival time
---------------------------------------------------------------------------------------------
                                              3.903067   slack (MET)


Startpoint: resetb_l (input port clocked by gpio_in[38])
Endpoint: _104_ (removal check against rising-edge clock gpio_in[38])
Path Group: asynchronous
Path Type: min

Fanout         Cap        Slew       Delay        Time   Description
---------------------------------------------------------------------------------------------
                                  0.000000    0.000000   clock gpio_in[38] (rise edge)
                                  0.000000    0.000000   clock network delay (propagated)
                                  5.000000    5.000000 ^ input external delay
     2    0.009036    0.047121    0.030886    5.030886 ^ resetb_l (in)
                                                         resetb_l (net)
                      0.047122    0.000000    5.030886 ^ input2/A (sky130_fd_sc_hd__buf_8)
    11    0.124235    0.198818    0.195091    5.225976 ^ input2/X (sky130_fd_sc_hd__buf_8)
                                                         net2 (net)
                      0.219103    0.048219    5.274196 ^ _104_/RESET_B (sky130_fd_sc_hd__dfrtp_1)
                                              5.274196   data arrival time

                                  0.000000    0.000000   clock gpio_in[38] (rise edge)
                                  0.000000    0.000000   clock source latency
     2    0.090726    0.412544    0.299203    0.299203 ^ gpio_in[38] (in)
                                                         gpio_in[38] (net)
                      0.416241    0.000000    0.299203 ^ clkbuf_0_gpio_in[38]/A (sky130_fd_sc_hd__clkbuf_16)
     5    0.060592    0.084005    0.257875    0.557078 ^ clkbuf_0_gpio_in[38]/X (sky130_fd_sc_hd__clkbuf_16)
                                                         clknet_0_gpio_in[38] (net)
                      0.084375    0.003561    0.560638 ^ clkbuf_1_1__f_gpio_in[38]/A (sky130_fd_sc_hd__clkbuf_16)
    19    0.066215    0.083993    0.172486    0.733124 ^ clkbuf_1_1__f_gpio_in[38]/X (sky130_fd_sc_hd__clkbuf_16)
                                                         clknet_1_1__leaf_gpio_in[38] (net)
                      0.085507    0.008757    0.741881 ^ _104_/CLK (sky130_fd_sc_hd__dfrtp_1)
                                  0.250000    0.991881   clock uncertainty
                                  0.000000    0.991881   clock reconvergence pessimism
                                  0.379154    1.371035   library removal time
                                              1.371035   data required time
---------------------------------------------------------------------------------------------
                                              1.371035   data required time
                                             -5.274196   data arrival time
---------------------------------------------------------------------------------------------
                                              3.903161   slack (MET)


Startpoint: resetb_l (input port clocked by gpio_in[38])
Endpoint: _103_ (removal check against rising-edge clock gpio_in[38])
Path Group: asynchronous
Path Type: min

Fanout         Cap        Slew       Delay        Time   Description
---------------------------------------------------------------------------------------------
                                  0.000000    0.000000   clock gpio_in[38] (rise edge)
                                  0.000000    0.000000   clock network delay (propagated)
                                  5.000000    5.000000 ^ input external delay
     2    0.009036    0.047121    0.030886    5.030886 ^ resetb_l (in)
                                                         resetb_l (net)
                      0.047122    0.000000    5.030886 ^ input2/A (sky130_fd_sc_hd__buf_8)
    11    0.124235    0.198818    0.195091    5.225976 ^ input2/X (sky130_fd_sc_hd__buf_8)
                                                         net2 (net)
                      0.219098    0.048213    5.274189 ^ _103_/RESET_B (sky130_fd_sc_hd__dfrtp_1)
                                              5.274189   data arrival time

                                  0.000000    0.000000   clock gpio_in[38] (rise edge)
                                  0.000000    0.000000   clock source latency
     2    0.090726    0.412544    0.299203    0.299203 ^ gpio_in[38] (in)
                                                         gpio_in[38] (net)
                      0.416241    0.000000    0.299203 ^ clkbuf_0_gpio_in[38]/A (sky130_fd_sc_hd__clkbuf_16)
     5    0.060592    0.084005    0.257875    0.557078 ^ clkbuf_0_gpio_in[38]/X (sky130_fd_sc_hd__clkbuf_16)
                                                         clknet_0_gpio_in[38] (net)
                      0.084375    0.003561    0.560638 ^ clkbuf_1_1__f_gpio_in[38]/A (sky130_fd_sc_hd__clkbuf_16)
    19    0.066215    0.083993    0.172486    0.733124 ^ clkbuf_1_1__f_gpio_in[38]/X (sky130_fd_sc_hd__clkbuf_16)
                                                         clknet_1_1__leaf_gpio_in[38] (net)
                      0.085503    0.008745    0.741869 ^ _103_/CLK (sky130_fd_sc_hd__dfrtp_1)
                                  0.250000    0.991869   clock uncertainty
                                  0.000000    0.991869   clock reconvergence pessimism
                                  0.379152    1.371021   library removal time
                                              1.371021   data required time
---------------------------------------------------------------------------------------------
                                              1.371021   data required time
                                             -5.274189   data arrival time
---------------------------------------------------------------------------------------------
                                              3.903169   slack (MET)


Startpoint: resetb_l (input port clocked by gpio_in[38])
Endpoint: _106_ (removal check against rising-edge clock gpio_in[38])
Path Group: asynchronous
Path Type: min

Fanout         Cap        Slew       Delay        Time   Description
---------------------------------------------------------------------------------------------
                                  0.000000    0.000000   clock gpio_in[38] (rise edge)
                                  0.000000    0.000000   clock network delay (propagated)
                                  5.000000    5.000000 ^ input external delay
     2    0.009036    0.047121    0.030886    5.030886 ^ resetb_l (in)
                                                         resetb_l (net)
                      0.047122    0.000000    5.030886 ^ input2/A (sky130_fd_sc_hd__buf_8)
    11    0.124235    0.198818    0.195091    5.225976 ^ input2/X (sky130_fd_sc_hd__buf_8)
                                                         net2 (net)
                      0.219120    0.048241    5.274217 ^ _106_/RESET_B (sky130_fd_sc_hd__dfrtp_1)
                                              5.274217   data arrival time

                                  0.000000    0.000000   clock gpio_in[38] (rise edge)
                                  0.000000    0.000000   clock source latency
     2    0.090726    0.412544    0.299203    0.299203 ^ gpio_in[38] (in)
                                                         gpio_in[38] (net)
                      0.416241    0.000000    0.299203 ^ clkbuf_0_gpio_in[38]/A (sky130_fd_sc_hd__clkbuf_16)
     5    0.060592    0.084005    0.257875    0.557078 ^ clkbuf_0_gpio_in[38]/X (sky130_fd_sc_hd__clkbuf_16)
                                                         clknet_0_gpio_in[38] (net)
                      0.084375    0.003561    0.560638 ^ clkbuf_1_1__f_gpio_in[38]/A (sky130_fd_sc_hd__clkbuf_16)
    19    0.066215    0.083993    0.172486    0.733124 ^ clkbuf_1_1__f_gpio_in[38]/X (sky130_fd_sc_hd__clkbuf_16)
                                                         clknet_1_1__leaf_gpio_in[38] (net)
                      0.085500    0.008736    0.741860 ^ _106_/CLK (sky130_fd_sc_hd__dfrtp_1)
                                  0.250000    0.991860   clock uncertainty
                                  0.000000    0.991860   clock reconvergence pessimism
                                  0.379157    1.371017   library removal time
                                              1.371017   data required time
---------------------------------------------------------------------------------------------
                                              1.371017   data required time
                                             -5.274217   data arrival time
---------------------------------------------------------------------------------------------
                                              3.903200   slack (MET)


Startpoint: resetb_l (input port clocked by gpio_in[38])
Endpoint: _101_ (removal check against rising-edge clock gpio_in[38])
Path Group: asynchronous
Path Type: min

Fanout         Cap        Slew       Delay        Time   Description
---------------------------------------------------------------------------------------------
                                  0.000000    0.000000   clock gpio_in[38] (rise edge)
                                  0.000000    0.000000   clock network delay (propagated)
                                  5.000000    5.000000 ^ input external delay
     2    0.009036    0.047121    0.030886    5.030886 ^ resetb_l (in)
                                                         resetb_l (net)
                      0.047122    0.000000    5.030886 ^ input2/A (sky130_fd_sc_hd__buf_8)
    11    0.124235    0.198818    0.195091    5.225976 ^ input2/X (sky130_fd_sc_hd__buf_8)
                                                         net2 (net)
                      0.198818    0.000316    5.226293 ^ fanout31/A (sky130_fd_sc_hd__clkbuf_16)
    33    0.179300    0.188425    0.277834    5.504126 ^ fanout31/X (sky130_fd_sc_hd__clkbuf_16)
                                                         net31 (net)
                      0.188433    0.001060    5.505187 ^ _101_/RESET_B (sky130_fd_sc_hd__dfrtp_1)
                                              5.505187   data arrival time

                                  0.000000    0.000000   clock gpio_in[38] (rise edge)
                                  0.000000    0.000000   clock source latency
     2    0.090726    0.412544    0.299203    0.299203 ^ gpio_in[38] (in)
                                                         gpio_in[38] (net)
                      0.416241    0.000000    0.299203 ^ clkbuf_0_gpio_in[38]/A (sky130_fd_sc_hd__clkbuf_16)
     5    0.060592    0.084005    0.257875    0.557078 ^ clkbuf_0_gpio_in[38]/X (sky130_fd_sc_hd__clkbuf_16)
                                                         clknet_0_gpio_in[38] (net)
                      0.084390    0.003672    0.560750 ^ clkbuf_1_0__f_gpio_in[38]/A (sky130_fd_sc_hd__clkbuf_16)
    25    0.077277    0.095564    0.177631    0.738381 ^ clkbuf_1_0__f_gpio_in[38]/X (sky130_fd_sc_hd__clkbuf_16)
                                                         clknet_1_0__leaf_gpio_in[38] (net)
                      0.098704    0.013508    0.751889 ^ _101_/CLK (sky130_fd_sc_hd__dfrtp_1)
                                  0.250000    1.001889   clock uncertainty
                                  0.000000    1.001889   clock reconvergence pessimism
                                  0.374310    1.376200   library removal time
                                              1.376200   data required time
---------------------------------------------------------------------------------------------
                                              1.376200   data required time
                                             -5.505187   data arrival time
---------------------------------------------------------------------------------------------
                                              4.128987   slack (MET)


Startpoint: resetb_l (input port clocked by gpio_in[38])
Endpoint: _102_ (removal check against rising-edge clock gpio_in[38])
Path Group: asynchronous
Path Type: min

Fanout         Cap        Slew       Delay        Time   Description
---------------------------------------------------------------------------------------------
                                  0.000000    0.000000   clock gpio_in[38] (rise edge)
                                  0.000000    0.000000   clock network delay (propagated)
                                  5.000000    5.000000 ^ input external delay
     2    0.009036    0.047121    0.030886    5.030886 ^ resetb_l (in)
                                                         resetb_l (net)
                      0.047122    0.000000    5.030886 ^ input2/A (sky130_fd_sc_hd__buf_8)
    11    0.124235    0.198818    0.195091    5.225976 ^ input2/X (sky130_fd_sc_hd__buf_8)
                                                         net2 (net)
                      0.198818    0.000316    5.226293 ^ fanout31/A (sky130_fd_sc_hd__clkbuf_16)
    33    0.179300    0.188425    0.277834    5.504126 ^ fanout31/X (sky130_fd_sc_hd__clkbuf_16)
                                                         net31 (net)
                      0.188439    0.001380    5.505506 ^ _102_/RESET_B (sky130_fd_sc_hd__dfrtp_1)
                                              5.505506   data arrival time

                                  0.000000    0.000000   clock gpio_in[38] (rise edge)
                                  0.000000    0.000000   clock source latency
     2    0.090726    0.412544    0.299203    0.299203 ^ gpio_in[38] (in)
                                                         gpio_in[38] (net)
                      0.416241    0.000000    0.299203 ^ clkbuf_0_gpio_in[38]/A (sky130_fd_sc_hd__clkbuf_16)
     5    0.060592    0.084005    0.257875    0.557078 ^ clkbuf_0_gpio_in[38]/X (sky130_fd_sc_hd__clkbuf_16)
                                                         clknet_0_gpio_in[38] (net)
                      0.084390    0.003672    0.560750 ^ clkbuf_1_0__f_gpio_in[38]/A (sky130_fd_sc_hd__clkbuf_16)
    25    0.077277    0.095564    0.177631    0.738381 ^ clkbuf_1_0__f_gpio_in[38]/X (sky130_fd_sc_hd__clkbuf_16)
                                                         clknet_1_0__leaf_gpio_in[38] (net)
                      0.098674    0.013443    0.751824 ^ _102_/CLK (sky130_fd_sc_hd__dfrtp_1)
                                  0.250000    1.001824   clock uncertainty
                                  0.000000    1.001824   clock reconvergence pessimism
                                  0.374304    1.376127   library removal time
                                              1.376127   data required time
---------------------------------------------------------------------------------------------
                                              1.376127   data required time
                                             -5.505506   data arrival time
---------------------------------------------------------------------------------------------
                                              4.129379   slack (MET)


Startpoint: resetb_l (input port clocked by gpio_in[38])
Endpoint: _100_ (removal check against rising-edge clock gpio_in[38])
Path Group: asynchronous
Path Type: min

Fanout         Cap        Slew       Delay        Time   Description
---------------------------------------------------------------------------------------------
                                  0.000000    0.000000   clock gpio_in[38] (rise edge)
                                  0.000000    0.000000   clock network delay (propagated)
                                  5.000000    5.000000 ^ input external delay
     2    0.009036    0.047121    0.030886    5.030886 ^ resetb_l (in)
                                                         resetb_l (net)
                      0.047122    0.000000    5.030886 ^ input2/A (sky130_fd_sc_hd__buf_8)
    11    0.124235    0.198818    0.195091    5.225976 ^ input2/X (sky130_fd_sc_hd__buf_8)
                                                         net2 (net)
                      0.198818    0.000316    5.226293 ^ fanout31/A (sky130_fd_sc_hd__clkbuf_16)
    33    0.179300    0.188425    0.277834    5.504126 ^ fanout31/X (sky130_fd_sc_hd__clkbuf_16)
                                                         net31 (net)
                      0.188452    0.001882    5.506009 ^ _100_/RESET_B (sky130_fd_sc_hd__dfrtp_1)
                                              5.506009   data arrival time

                                  0.000000    0.000000   clock gpio_in[38] (rise edge)
                                  0.000000    0.000000   clock source latency
     2    0.090726    0.412544    0.299203    0.299203 ^ gpio_in[38] (in)
                                                         gpio_in[38] (net)
                      0.416241    0.000000    0.299203 ^ clkbuf_0_gpio_in[38]/A (sky130_fd_sc_hd__clkbuf_16)
     5    0.060592    0.084005    0.257875    0.557078 ^ clkbuf_0_gpio_in[38]/X (sky130_fd_sc_hd__clkbuf_16)
                                                         clknet_0_gpio_in[38] (net)
                      0.084390    0.003672    0.560750 ^ clkbuf_1_0__f_gpio_in[38]/A (sky130_fd_sc_hd__clkbuf_16)
    25    0.077277    0.095564    0.177631    0.738381 ^ clkbuf_1_0__f_gpio_in[38]/X (sky130_fd_sc_hd__clkbuf_16)
                                                         clknet_1_0__leaf_gpio_in[38] (net)
                      0.098716    0.013534    0.751915 ^ _100_/CLK (sky130_fd_sc_hd__dfrtp_1)
                                  0.250000    1.001915   clock uncertainty
                                  0.000000    1.001915   clock reconvergence pessimism
                                  0.374318    1.376233   library removal time
                                              1.376233   data required time
---------------------------------------------------------------------------------------------
                                              1.376233   data required time
                                             -5.506009   data arrival time
---------------------------------------------------------------------------------------------
                                              4.129776   slack (MET)


Startpoint: resetb_l (input port clocked by gpio_in[38])
Endpoint: _099_ (removal check against rising-edge clock gpio_in[38])
Path Group: asynchronous
Path Type: min

Fanout         Cap        Slew       Delay        Time   Description
---------------------------------------------------------------------------------------------
                                  0.000000    0.000000   clock gpio_in[38] (rise edge)
                                  0.000000    0.000000   clock network delay (propagated)
                                  5.000000    5.000000 ^ input external delay
     2    0.009036    0.047121    0.030886    5.030886 ^ resetb_l (in)
                                                         resetb_l (net)
                      0.047122    0.000000    5.030886 ^ input2/A (sky130_fd_sc_hd__buf_8)
    11    0.124235    0.198818    0.195091    5.225976 ^ input2/X (sky130_fd_sc_hd__buf_8)
                                                         net2 (net)
                      0.198818    0.000316    5.226293 ^ fanout31/A (sky130_fd_sc_hd__clkbuf_16)
    33    0.179300    0.188425    0.277834    5.504126 ^ fanout31/X (sky130_fd_sc_hd__clkbuf_16)
                                                         net31 (net)
                      0.188481    0.002711    5.506837 ^ _099_/RESET_B (sky130_fd_sc_hd__dfrtp_1)
                                              5.506837   data arrival time

                                  0.000000    0.000000   clock gpio_in[38] (rise edge)
                                  0.000000    0.000000   clock source latency
     2    0.090726    0.412544    0.299203    0.299203 ^ gpio_in[38] (in)
                                                         gpio_in[38] (net)
                      0.416241    0.000000    0.299203 ^ clkbuf_0_gpio_in[38]/A (sky130_fd_sc_hd__clkbuf_16)
     5    0.060592    0.084005    0.257875    0.557078 ^ clkbuf_0_gpio_in[38]/X (sky130_fd_sc_hd__clkbuf_16)
                                                         clknet_0_gpio_in[38] (net)
                      0.084390    0.003672    0.560750 ^ clkbuf_1_0__f_gpio_in[38]/A (sky130_fd_sc_hd__clkbuf_16)
    25    0.077277    0.095564    0.177631    0.738381 ^ clkbuf_1_0__f_gpio_in[38]/X (sky130_fd_sc_hd__clkbuf_16)
                                                         clknet_1_0__leaf_gpio_in[38] (net)
                      0.098660    0.013412    0.751793 ^ _099_/CLK (sky130_fd_sc_hd__dfrtp_1)
                                  0.250000    1.001793   clock uncertainty
                                  0.000000    1.001793   clock reconvergence pessimism
                                  0.374312    1.376105   library removal time
                                              1.376105   data required time
---------------------------------------------------------------------------------------------
                                              1.376105   data required time
                                             -5.506837   data arrival time
---------------------------------------------------------------------------------------------
                                              4.130733   slack (MET)


Startpoint: resetb_l (input port clocked by gpio_in[38])
Endpoint: _089_ (removal check against rising-edge clock gpio_in[38])
Path Group: asynchronous
Path Type: min

Fanout         Cap        Slew       Delay        Time   Description
---------------------------------------------------------------------------------------------
                                  0.000000    0.000000   clock gpio_in[38] (rise edge)
                                  0.000000    0.000000   clock network delay (propagated)
                                  5.000000    5.000000 ^ input external delay
     2    0.009036    0.047121    0.030886    5.030886 ^ resetb_l (in)
                                                         resetb_l (net)
                      0.047122    0.000000    5.030886 ^ input2/A (sky130_fd_sc_hd__buf_8)
    11    0.124235    0.198818    0.195091    5.225976 ^ input2/X (sky130_fd_sc_hd__buf_8)
                                                         net2 (net)
                      0.198818    0.000316    5.226293 ^ fanout31/A (sky130_fd_sc_hd__clkbuf_16)
    33    0.179300    0.188425    0.277834    5.504126 ^ fanout31/X (sky130_fd_sc_hd__clkbuf_16)
                                                         net31 (net)
                      0.188581    0.004418    5.508544 ^ _089_/RESET_B (sky130_fd_sc_hd__dfrtp_1)
                                              5.508544   data arrival time

                                  0.000000    0.000000   clock gpio_in[38] (rise edge)
                                  0.000000    0.000000   clock source latency
     2    0.090726    0.412544    0.299203    0.299203 ^ gpio_in[38] (in)
                                                         gpio_in[38] (net)
                      0.416241    0.000000    0.299203 ^ clkbuf_0_gpio_in[38]/A (sky130_fd_sc_hd__clkbuf_16)
     5    0.060592    0.084005    0.257875    0.557078 ^ clkbuf_0_gpio_in[38]/X (sky130_fd_sc_hd__clkbuf_16)
                                                         clknet_0_gpio_in[38] (net)
                      0.084390    0.003672    0.560750 ^ clkbuf_1_0__f_gpio_in[38]/A (sky130_fd_sc_hd__clkbuf_16)
    25    0.077277    0.095564    0.177631    0.738381 ^ clkbuf_1_0__f_gpio_in[38]/X (sky130_fd_sc_hd__clkbuf_16)
                                                         clknet_1_0__leaf_gpio_in[38] (net)
                      0.098594    0.013266    0.751647 ^ _089_/CLK (sky130_fd_sc_hd__dfrtp_1)
                                  0.250000    1.001647   clock uncertainty
                                  0.000000    1.001647   clock reconvergence pessimism
                                  0.374321    1.375967   library removal time
                                              1.375967   data required time
---------------------------------------------------------------------------------------------
                                              1.375967   data required time
                                             -5.508544   data arrival time
---------------------------------------------------------------------------------------------
                                              4.132577   slack (MET)


Startpoint: resetb_l (input port clocked by gpio_in[38])
Endpoint: _090_ (removal check against rising-edge clock gpio_in[38])
Path Group: asynchronous
Path Type: min

Fanout         Cap        Slew       Delay        Time   Description
---------------------------------------------------------------------------------------------
                                  0.000000    0.000000   clock gpio_in[38] (rise edge)
                                  0.000000    0.000000   clock network delay (propagated)
                                  5.000000    5.000000 ^ input external delay
     2    0.009036    0.047121    0.030886    5.030886 ^ resetb_l (in)
                                                         resetb_l (net)
                      0.047122    0.000000    5.030886 ^ input2/A (sky130_fd_sc_hd__buf_8)
    11    0.124235    0.198818    0.195091    5.225976 ^ input2/X (sky130_fd_sc_hd__buf_8)
                                                         net2 (net)
                      0.198818    0.000316    5.226293 ^ fanout31/A (sky130_fd_sc_hd__clkbuf_16)
    33    0.179300    0.188425    0.277834    5.504126 ^ fanout31/X (sky130_fd_sc_hd__clkbuf_16)
                                                         net31 (net)
                      0.188677    0.005544    5.509671 ^ _090_/RESET_B (sky130_fd_sc_hd__dfrtp_1)
                                              5.509671   data arrival time

                                  0.000000    0.000000   clock gpio_in[38] (rise edge)
                                  0.000000    0.000000   clock source latency
     2    0.090726    0.412544    0.299203    0.299203 ^ gpio_in[38] (in)
                                                         gpio_in[38] (net)
                      0.416241    0.000000    0.299203 ^ clkbuf_0_gpio_in[38]/A (sky130_fd_sc_hd__clkbuf_16)
     5    0.060592    0.084005    0.257875    0.557078 ^ clkbuf_0_gpio_in[38]/X (sky130_fd_sc_hd__clkbuf_16)
                                                         clknet_0_gpio_in[38] (net)
                      0.084390    0.003672    0.560750 ^ clkbuf_1_0__f_gpio_in[38]/A (sky130_fd_sc_hd__clkbuf_16)
    25    0.077277    0.095564    0.177631    0.738381 ^ clkbuf_1_0__f_gpio_in[38]/X (sky130_fd_sc_hd__clkbuf_16)
                                                         clknet_1_0__leaf_gpio_in[38] (net)
                      0.098514    0.013089    0.751470 ^ _090_/CLK (sky130_fd_sc_hd__dfrtp_1)
                                  0.250000    1.001470   clock uncertainty
                                  0.000000    1.001470   clock reconvergence pessimism
                                  0.374325    1.375796   library removal time
                                              1.375796   data required time
---------------------------------------------------------------------------------------------
                                              1.375796   data required time
                                             -5.509671   data arrival time
---------------------------------------------------------------------------------------------
                                              4.133875   slack (MET)


Startpoint: resetb_l (input port clocked by gpio_in[38])
Endpoint: _088_ (removal check against rising-edge clock gpio_in[38])
Path Group: asynchronous
Path Type: min

Fanout         Cap        Slew       Delay        Time   Description
---------------------------------------------------------------------------------------------
                                  0.000000    0.000000   clock gpio_in[38] (rise edge)
                                  0.000000    0.000000   clock network delay (propagated)
                                  5.000000    5.000000 ^ input external delay
     2    0.009036    0.047121    0.030886    5.030886 ^ resetb_l (in)
                                                         resetb_l (net)
                      0.047122    0.000000    5.030886 ^ input2/A (sky130_fd_sc_hd__buf_8)
    11    0.124235    0.198818    0.195091    5.225976 ^ input2/X (sky130_fd_sc_hd__buf_8)
                                                         net2 (net)
                      0.198818    0.000316    5.226293 ^ fanout31/A (sky130_fd_sc_hd__clkbuf_16)
    33    0.179300    0.188425    0.277834    5.504126 ^ fanout31/X (sky130_fd_sc_hd__clkbuf_16)
                                                         net31 (net)
                      0.188803    0.006710    5.510836 ^ _088_/RESET_B (sky130_fd_sc_hd__dfrtp_1)
                                              5.510836   data arrival time

                                  0.000000    0.000000   clock gpio_in[38] (rise edge)
                                  0.000000    0.000000   clock source latency
     2    0.090726    0.412544    0.299203    0.299203 ^ gpio_in[38] (in)
                                                         gpio_in[38] (net)
                      0.416241    0.000000    0.299203 ^ clkbuf_0_gpio_in[38]/A (sky130_fd_sc_hd__clkbuf_16)
     5    0.060592    0.084005    0.257875    0.557078 ^ clkbuf_0_gpio_in[38]/X (sky130_fd_sc_hd__clkbuf_16)
                                                         clknet_0_gpio_in[38] (net)
                      0.084390    0.003672    0.560750 ^ clkbuf_1_0__f_gpio_in[38]/A (sky130_fd_sc_hd__clkbuf_16)
    25    0.077277    0.095564    0.177631    0.738381 ^ clkbuf_1_0__f_gpio_in[38]/X (sky130_fd_sc_hd__clkbuf_16)
                                                         clknet_1_0__leaf_gpio_in[38] (net)
                      0.098399    0.012828    0.751209 ^ _088_/CLK (sky130_fd_sc_hd__dfrtp_1)
                                  0.250000    1.001209   clock uncertainty
                                  0.000000    1.001209   clock reconvergence pessimism
                                  0.374329    1.375537   library removal time
                                              1.375537   data required time
---------------------------------------------------------------------------------------------
                                              1.375537   data required time
                                             -5.510836   data arrival time
---------------------------------------------------------------------------------------------
                                              4.135298   slack (MET)


Startpoint: resetb_l (input port clocked by gpio_in[38])
Endpoint: _087_ (removal check against rising-edge clock gpio_in[38])
Path Group: asynchronous
Path Type: min

Fanout         Cap        Slew       Delay        Time   Description
---------------------------------------------------------------------------------------------
                                  0.000000    0.000000   clock gpio_in[38] (rise edge)
                                  0.000000    0.000000   clock network delay (propagated)
                                  5.000000    5.000000 ^ input external delay
     2    0.009036    0.047121    0.030886    5.030886 ^ resetb_l (in)
                                                         resetb_l (net)
                      0.047122    0.000000    5.030886 ^ input2/A (sky130_fd_sc_hd__buf_8)
    11    0.124235    0.198818    0.195091    5.225976 ^ input2/X (sky130_fd_sc_hd__buf_8)
                                                         net2 (net)
                      0.198818    0.000316    5.226293 ^ fanout31/A (sky130_fd_sc_hd__clkbuf_16)
    33    0.179300    0.188425    0.277834    5.504126 ^ fanout31/X (sky130_fd_sc_hd__clkbuf_16)
                                                         net31 (net)
                      0.188904    0.007485    5.511611 ^ _087_/RESET_B (sky130_fd_sc_hd__dfrtp_2)
                                              5.511611   data arrival time

                                  0.000000    0.000000   clock gpio_in[38] (rise edge)
                                  0.000000    0.000000   clock source latency
     2    0.090726    0.412544    0.299203    0.299203 ^ gpio_in[38] (in)
                                                         gpio_in[38] (net)
                      0.416241    0.000000    0.299203 ^ clkbuf_0_gpio_in[38]/A (sky130_fd_sc_hd__clkbuf_16)
     5    0.060592    0.084005    0.257875    0.557078 ^ clkbuf_0_gpio_in[38]/X (sky130_fd_sc_hd__clkbuf_16)
                                                         clknet_0_gpio_in[38] (net)
                      0.084390    0.003672    0.560750 ^ clkbuf_1_0__f_gpio_in[38]/A (sky130_fd_sc_hd__clkbuf_16)
    25    0.077277    0.095564    0.177631    0.738381 ^ clkbuf_1_0__f_gpio_in[38]/X (sky130_fd_sc_hd__clkbuf_16)
                                                         clknet_1_0__leaf_gpio_in[38] (net)
                      0.098329    0.012668    0.751049 ^ _087_/CLK (sky130_fd_sc_hd__dfrtp_2)
                                  0.250000    1.001049   clock uncertainty
                                  0.000000    1.001049   clock reconvergence pessimism
                                  0.374112    1.375161   library removal time
                                              1.375161   data required time
---------------------------------------------------------------------------------------------
                                              1.375161   data required time
                                             -5.511611   data arrival time
---------------------------------------------------------------------------------------------
                                              4.136450   slack (MET)


Startpoint: resetb_l (input port clocked by gpio_in[38])
Endpoint: _096_ (removal check against rising-edge clock gpio_in[38])
Path Group: asynchronous
Path Type: min

Fanout         Cap        Slew       Delay        Time   Description
---------------------------------------------------------------------------------------------
                                  0.000000    0.000000   clock gpio_in[38] (rise edge)
                                  0.000000    0.000000   clock network delay (propagated)
                                  5.000000    5.000000 ^ input external delay
     2    0.009036    0.047121    0.030886    5.030886 ^ resetb_l (in)
                                                         resetb_l (net)
                      0.047122    0.000000    5.030886 ^ input2/A (sky130_fd_sc_hd__buf_8)
    11    0.124235    0.198818    0.195091    5.225976 ^ input2/X (sky130_fd_sc_hd__buf_8)
                                                         net2 (net)
                      0.198818    0.000316    5.226293 ^ fanout31/A (sky130_fd_sc_hd__clkbuf_16)
    33    0.179300    0.188425    0.277834    5.504126 ^ fanout31/X (sky130_fd_sc_hd__clkbuf_16)
                                                         net31 (net)
                      0.189129    0.008943    5.513069 ^ _096_/RESET_B (sky130_fd_sc_hd__dfrtp_1)
                                              5.513069   data arrival time

                                  0.000000    0.000000   clock gpio_in[38] (rise edge)
                                  0.000000    0.000000   clock source latency
     2    0.090726    0.412544    0.299203    0.299203 ^ gpio_in[38] (in)
                                                         gpio_in[38] (net)
                      0.416241    0.000000    0.299203 ^ clkbuf_0_gpio_in[38]/A (sky130_fd_sc_hd__clkbuf_16)
     5    0.060592    0.084005    0.257875    0.557078 ^ clkbuf_0_gpio_in[38]/X (sky130_fd_sc_hd__clkbuf_16)
                                                         clknet_0_gpio_in[38] (net)
                      0.084390    0.003672    0.560750 ^ clkbuf_1_0__f_gpio_in[38]/A (sky130_fd_sc_hd__clkbuf_16)
    25    0.077277    0.095564    0.177631    0.738381 ^ clkbuf_1_0__f_gpio_in[38]/X (sky130_fd_sc_hd__clkbuf_16)
                                                         clknet_1_0__leaf_gpio_in[38] (net)
                      0.098248    0.012480    0.750861 ^ _096_/CLK (sky130_fd_sc_hd__dfrtp_1)
                                  0.250000    1.000861   clock uncertainty
                                  0.000000    1.000861   clock reconvergence pessimism
                                  0.374377    1.375238   library removal time
                                              1.375238   data required time
---------------------------------------------------------------------------------------------
                                              1.375238   data required time
                                             -5.513069   data arrival time
---------------------------------------------------------------------------------------------
                                              4.137831   slack (MET)


Startpoint: resetb_l (input port clocked by gpio_in[38])
Endpoint: _097_ (removal check against rising-edge clock gpio_in[38])
Path Group: asynchronous
Path Type: min

Fanout         Cap        Slew       Delay        Time   Description
---------------------------------------------------------------------------------------------
                                  0.000000    0.000000   clock gpio_in[38] (rise edge)
                                  0.000000    0.000000   clock network delay (propagated)
                                  5.000000    5.000000 ^ input external delay
     2    0.009036    0.047121    0.030886    5.030886 ^ resetb_l (in)
                                                         resetb_l (net)
                      0.047122    0.000000    5.030886 ^ input2/A (sky130_fd_sc_hd__buf_8)
    11    0.124235    0.198818    0.195091    5.225976 ^ input2/X (sky130_fd_sc_hd__buf_8)
                                                         net2 (net)
                      0.198818    0.000316    5.226293 ^ fanout31/A (sky130_fd_sc_hd__clkbuf_16)
    33    0.179300    0.188425    0.277834    5.504126 ^ fanout31/X (sky130_fd_sc_hd__clkbuf_16)
                                                         net31 (net)
                      0.189134    0.008972    5.513099 ^ _097_/RESET_B (sky130_fd_sc_hd__dfrtp_1)
                                              5.513099   data arrival time

                                  0.000000    0.000000   clock gpio_in[38] (rise edge)
                                  0.000000    0.000000   clock source latency
     2    0.090726    0.412544    0.299203    0.299203 ^ gpio_in[38] (in)
                                                         gpio_in[38] (net)
                      0.416241    0.000000    0.299203 ^ clkbuf_0_gpio_in[38]/A (sky130_fd_sc_hd__clkbuf_16)
     5    0.060592    0.084005    0.257875    0.557078 ^ clkbuf_0_gpio_in[38]/X (sky130_fd_sc_hd__clkbuf_16)
                                                         clknet_0_gpio_in[38] (net)
                      0.084390    0.003672    0.560750 ^ clkbuf_1_0__f_gpio_in[38]/A (sky130_fd_sc_hd__clkbuf_16)
    25    0.077277    0.095564    0.177631    0.738381 ^ clkbuf_1_0__f_gpio_in[38]/X (sky130_fd_sc_hd__clkbuf_16)
                                                         clknet_1_0__leaf_gpio_in[38] (net)
                      0.098243    0.012468    0.750849 ^ _097_/CLK (sky130_fd_sc_hd__dfrtp_1)
                                  0.250000    1.000849   clock uncertainty
                                  0.000000    1.000849   clock reconvergence pessimism
                                  0.374377    1.375226   library removal time
                                              1.375226   data required time
---------------------------------------------------------------------------------------------
                                              1.375226   data required time
                                             -5.513099   data arrival time
---------------------------------------------------------------------------------------------
                                              4.137872   slack (MET)


Startpoint: resetb_l (input port clocked by gpio_in[38])
Endpoint: _098_ (removal check against rising-edge clock gpio_in[38])
Path Group: asynchronous
Path Type: min

Fanout         Cap        Slew       Delay        Time   Description
---------------------------------------------------------------------------------------------
                                  0.000000    0.000000   clock gpio_in[38] (rise edge)
                                  0.000000    0.000000   clock network delay (propagated)
                                  5.000000    5.000000 ^ input external delay
     2    0.009036    0.047121    0.030886    5.030886 ^ resetb_l (in)
                                                         resetb_l (net)
                      0.047122    0.000000    5.030886 ^ input2/A (sky130_fd_sc_hd__buf_8)
    11    0.124235    0.198818    0.195091    5.225976 ^ input2/X (sky130_fd_sc_hd__buf_8)
                                                         net2 (net)
                      0.198818    0.000316    5.226293 ^ fanout31/A (sky130_fd_sc_hd__clkbuf_16)
    33    0.179300    0.188425    0.277834    5.504126 ^ fanout31/X (sky130_fd_sc_hd__clkbuf_16)
                                                         net31 (net)
                      0.189122    0.008902    5.513028 ^ _098_/RESET_B (sky130_fd_sc_hd__dfrtp_1)
                                              5.513028   data arrival time

                                  0.000000    0.000000   clock gpio_in[38] (rise edge)
                                  0.000000    0.000000   clock source latency
     2    0.090726    0.412544    0.299203    0.299203 ^ gpio_in[38] (in)
                                                         gpio_in[38] (net)
                      0.416241    0.000000    0.299203 ^ clkbuf_0_gpio_in[38]/A (sky130_fd_sc_hd__clkbuf_16)
     5    0.060592    0.084005    0.257875    0.557078 ^ clkbuf_0_gpio_in[38]/X (sky130_fd_sc_hd__clkbuf_16)
                                                         clknet_0_gpio_in[38] (net)
                      0.084390    0.003672    0.560750 ^ clkbuf_1_0__f_gpio_in[38]/A (sky130_fd_sc_hd__clkbuf_16)
    25    0.077277    0.095564    0.177631    0.738381 ^ clkbuf_1_0__f_gpio_in[38]/X (sky130_fd_sc_hd__clkbuf_16)
                                                         clknet_1_0__leaf_gpio_in[38] (net)
                      0.098158    0.012269    0.750650 ^ _098_/CLK (sky130_fd_sc_hd__dfrtp_1)
                                  0.250000    1.000650   clock uncertainty
                                  0.000000    1.000650   clock reconvergence pessimism
                                  0.374351    1.375001   library removal time
                                              1.375001   data required time
---------------------------------------------------------------------------------------------
                                              1.375001   data required time
                                             -5.513028   data arrival time
---------------------------------------------------------------------------------------------
                                              4.138027   slack (MET)


Startpoint: resetb_l (input port clocked by gpio_in[38])
Endpoint: _095_ (removal check against rising-edge clock gpio_in[38])
Path Group: asynchronous
Path Type: min

Fanout         Cap        Slew       Delay        Time   Description
---------------------------------------------------------------------------------------------
                                  0.000000    0.000000   clock gpio_in[38] (rise edge)
                                  0.000000    0.000000   clock network delay (propagated)
                                  5.000000    5.000000 ^ input external delay
     2    0.009036    0.047121    0.030886    5.030886 ^ resetb_l (in)
                                                         resetb_l (net)
                      0.047122    0.000000    5.030886 ^ input2/A (sky130_fd_sc_hd__buf_8)
    11    0.124235    0.198818    0.195091    5.225976 ^ input2/X (sky130_fd_sc_hd__buf_8)
                                                         net2 (net)
                      0.198818    0.000316    5.226293 ^ fanout31/A (sky130_fd_sc_hd__clkbuf_16)
    33    0.179300    0.188425    0.277834    5.504126 ^ fanout31/X (sky130_fd_sc_hd__clkbuf_16)
                                                         net31 (net)
                      0.189565    0.011184    5.515310 ^ _095_/RESET_B (sky130_fd_sc_hd__dfrtp_2)
                                              5.515310   data arrival time

                                  0.000000    0.000000   clock gpio_in[38] (rise edge)
                                  0.000000    0.000000   clock source latency
     2    0.090726    0.412544    0.299203    0.299203 ^ gpio_in[38] (in)
                                                         gpio_in[38] (net)
                      0.416241    0.000000    0.299203 ^ clkbuf_0_gpio_in[38]/A (sky130_fd_sc_hd__clkbuf_16)
     5    0.060592    0.084005    0.257875    0.557078 ^ clkbuf_0_gpio_in[38]/X (sky130_fd_sc_hd__clkbuf_16)
                                                         clknet_0_gpio_in[38] (net)
                      0.084390    0.003672    0.560750 ^ clkbuf_1_0__f_gpio_in[38]/A (sky130_fd_sc_hd__clkbuf_16)
    25    0.077277    0.095564    0.177631    0.738381 ^ clkbuf_1_0__f_gpio_in[38]/X (sky130_fd_sc_hd__clkbuf_16)
                                                         clknet_1_0__leaf_gpio_in[38] (net)
                      0.097740    0.011242    0.749623 ^ _095_/CLK (sky130_fd_sc_hd__dfrtp_2)
                                  0.250000    0.999623   clock uncertainty
                                  0.000000    0.999623   clock reconvergence pessimism
                                  0.374130    1.373753   library removal time
                                              1.373753   data required time
---------------------------------------------------------------------------------------------
                                              1.373753   data required time
                                             -5.515310   data arrival time
---------------------------------------------------------------------------------------------
                                              4.141557   slack (MET)


Startpoint: resetb_l (input port clocked by gpio_in[38])
Endpoint: _093_ (removal check against rising-edge clock gpio_in[38])
Path Group: asynchronous
Path Type: min

Fanout         Cap        Slew       Delay        Time   Description
---------------------------------------------------------------------------------------------
                                  0.000000    0.000000   clock gpio_in[38] (rise edge)
                                  0.000000    0.000000   clock network delay (propagated)
                                  5.000000    5.000000 ^ input external delay
     2    0.009036    0.047121    0.030886    5.030886 ^ resetb_l (in)
                                                         resetb_l (net)
                      0.047122    0.000000    5.030886 ^ input2/A (sky130_fd_sc_hd__buf_8)
    11    0.124235    0.198818    0.195091    5.225976 ^ input2/X (sky130_fd_sc_hd__buf_8)
                                                         net2 (net)
                      0.198818    0.000316    5.226293 ^ fanout31/A (sky130_fd_sc_hd__clkbuf_16)
    33    0.179300    0.188425    0.277834    5.504126 ^ fanout31/X (sky130_fd_sc_hd__clkbuf_16)
                                                         net31 (net)
                      0.211694    0.051120    5.555246 ^ _093_/RESET_B (sky130_fd_sc_hd__dfrtp_1)
                                              5.555246   data arrival time

                                  0.000000    0.000000   clock gpio_in[38] (rise edge)
                                  0.000000    0.000000   clock source latency
     2    0.090726    0.412544    0.299203    0.299203 ^ gpio_in[38] (in)
                                                         gpio_in[38] (net)
                      0.416241    0.000000    0.299203 ^ clkbuf_0_gpio_in[38]/A (sky130_fd_sc_hd__clkbuf_16)
     5    0.060592    0.084005    0.257875    0.557078 ^ clkbuf_0_gpio_in[38]/X (sky130_fd_sc_hd__clkbuf_16)
                                                         clknet_0_gpio_in[38] (net)
                      0.084375    0.003561    0.560638 ^ clkbuf_1_1__f_gpio_in[38]/A (sky130_fd_sc_hd__clkbuf_16)
    19    0.066215    0.083993    0.172486    0.733124 ^ clkbuf_1_1__f_gpio_in[38]/X (sky130_fd_sc_hd__clkbuf_16)
                                                         clknet_1_1__leaf_gpio_in[38] (net)
                      0.085666    0.009221    0.742345 ^ _093_/CLK (sky130_fd_sc_hd__dfrtp_1)
                                  0.250000    0.992345   clock uncertainty
                                  0.000000    0.992345   clock reconvergence pessimism
                                  0.377160    1.369505   library removal time
                                              1.369505   data required time
---------------------------------------------------------------------------------------------
                                              1.369505   data required time
                                             -5.555246   data arrival time
---------------------------------------------------------------------------------------------
                                              4.185741   slack (MET)


Startpoint: resetb_l (input port clocked by gpio_in[38])
Endpoint: _091_ (removal check against rising-edge clock gpio_in[38])
Path Group: asynchronous
Path Type: min

Fanout         Cap        Slew       Delay        Time   Description
---------------------------------------------------------------------------------------------
                                  0.000000    0.000000   clock gpio_in[38] (rise edge)
                                  0.000000    0.000000   clock network delay (propagated)
                                  5.000000    5.000000 ^ input external delay
     2    0.009036    0.047121    0.030886    5.030886 ^ resetb_l (in)
                                                         resetb_l (net)
                      0.047122    0.000000    5.030886 ^ input2/A (sky130_fd_sc_hd__buf_8)
    11    0.124235    0.198818    0.195091    5.225976 ^ input2/X (sky130_fd_sc_hd__buf_8)
                                                         net2 (net)
                      0.198818    0.000316    5.226293 ^ fanout31/A (sky130_fd_sc_hd__clkbuf_16)
    33    0.179300    0.188425    0.277834    5.504126 ^ fanout31/X (sky130_fd_sc_hd__clkbuf_16)
                                                         net31 (net)
                      0.211745    0.051181    5.555307 ^ _091_/RESET_B (sky130_fd_sc_hd__dfrtp_1)
                                              5.555307   data arrival time

                                  0.000000    0.000000   clock gpio_in[38] (rise edge)
                                  0.000000    0.000000   clock source latency
     2    0.090726    0.412544    0.299203    0.299203 ^ gpio_in[38] (in)
                                                         gpio_in[38] (net)
                      0.416241    0.000000    0.299203 ^ clkbuf_0_gpio_in[38]/A (sky130_fd_sc_hd__clkbuf_16)
     5    0.060592    0.084005    0.257875    0.557078 ^ clkbuf_0_gpio_in[38]/X (sky130_fd_sc_hd__clkbuf_16)
                                                         clknet_0_gpio_in[38] (net)
                      0.084375    0.003561    0.560638 ^ clkbuf_1_1__f_gpio_in[38]/A (sky130_fd_sc_hd__clkbuf_16)
    19    0.066215    0.083993    0.172486    0.733124 ^ clkbuf_1_1__f_gpio_in[38]/X (sky130_fd_sc_hd__clkbuf_16)
                                                         clknet_1_1__leaf_gpio_in[38] (net)
                      0.085662    0.009211    0.742335 ^ _091_/CLK (sky130_fd_sc_hd__dfrtp_1)
                                  0.250000    0.992335   clock uncertainty
                                  0.000000    0.992335   clock reconvergence pessimism
                                  0.377173    1.369508   library removal time
                                              1.369508   data required time
---------------------------------------------------------------------------------------------
                                              1.369508   data required time
                                             -5.555307   data arrival time
---------------------------------------------------------------------------------------------
                                              4.185800   slack (MET)


Startpoint: resetb_l (input port clocked by gpio_in[38])
Endpoint: _092_ (removal check against rising-edge clock gpio_in[38])
Path Group: asynchronous
Path Type: min

Fanout         Cap        Slew       Delay        Time   Description
---------------------------------------------------------------------------------------------
                                  0.000000    0.000000   clock gpio_in[38] (rise edge)
                                  0.000000    0.000000   clock network delay (propagated)
                                  5.000000    5.000000 ^ input external delay
     2    0.009036    0.047121    0.030886    5.030886 ^ resetb_l (in)
                                                         resetb_l (net)
                      0.047122    0.000000    5.030886 ^ input2/A (sky130_fd_sc_hd__buf_8)
    11    0.124235    0.198818    0.195091    5.225976 ^ input2/X (sky130_fd_sc_hd__buf_8)
                                                         net2 (net)
                      0.198818    0.000316    5.226293 ^ fanout31/A (sky130_fd_sc_hd__clkbuf_16)
    33    0.179300    0.188425    0.277834    5.504126 ^ fanout31/X (sky130_fd_sc_hd__clkbuf_16)
                                                         net31 (net)
                      0.211778    0.051221    5.555347 ^ _092_/RESET_B (sky130_fd_sc_hd__dfrtp_1)
                                              5.555347   data arrival time

                                  0.000000    0.000000   clock gpio_in[38] (rise edge)
                                  0.000000    0.000000   clock source latency
     2    0.090726    0.412544    0.299203    0.299203 ^ gpio_in[38] (in)
                                                         gpio_in[38] (net)
                      0.416241    0.000000    0.299203 ^ clkbuf_0_gpio_in[38]/A (sky130_fd_sc_hd__clkbuf_16)
     5    0.060592    0.084005    0.257875    0.557078 ^ clkbuf_0_gpio_in[38]/X (sky130_fd_sc_hd__clkbuf_16)
                                                         clknet_0_gpio_in[38] (net)
                      0.084375    0.003561    0.560638 ^ clkbuf_1_1__f_gpio_in[38]/A (sky130_fd_sc_hd__clkbuf_16)
    19    0.066215    0.083993    0.172486    0.733124 ^ clkbuf_1_1__f_gpio_in[38]/X (sky130_fd_sc_hd__clkbuf_16)
                                                         clknet_1_1__leaf_gpio_in[38] (net)
                      0.085662    0.009210    0.742335 ^ _092_/CLK (sky130_fd_sc_hd__dfrtp_1)
                                  0.250000    0.992335   clock uncertainty
                                  0.000000    0.992335   clock reconvergence pessimism
                                  0.377182    1.369517   library removal time
                                              1.369517   data required time
---------------------------------------------------------------------------------------------
                                              1.369517   data required time
                                             -5.555347   data arrival time
---------------------------------------------------------------------------------------------
                                              4.185830   slack (MET)


Startpoint: resetb_l (input port clocked by gpio_in[38])
Endpoint: _094_ (removal check against rising-edge clock gpio_in[38])
Path Group: asynchronous
Path Type: min

Fanout         Cap        Slew       Delay        Time   Description
---------------------------------------------------------------------------------------------
                                  0.000000    0.000000   clock gpio_in[38] (rise edge)
                                  0.000000    0.000000   clock network delay (propagated)
                                  5.000000    5.000000 ^ input external delay
     2    0.009036    0.047121    0.030886    5.030886 ^ resetb_l (in)
                                                         resetb_l (net)
                      0.047122    0.000000    5.030886 ^ input2/A (sky130_fd_sc_hd__buf_8)
    11    0.124235    0.198818    0.195091    5.225976 ^ input2/X (sky130_fd_sc_hd__buf_8)
                                                         net2 (net)
                      0.198818    0.000316    5.226293 ^ fanout31/A (sky130_fd_sc_hd__clkbuf_16)
    33    0.179300    0.188425    0.277834    5.504126 ^ fanout31/X (sky130_fd_sc_hd__clkbuf_16)
                                                         net31 (net)
                      0.211762    0.051202    5.555328 ^ _094_/RESET_B (sky130_fd_sc_hd__dfrtp_1)
                                              5.555328   data arrival time

                                  0.000000    0.000000   clock gpio_in[38] (rise edge)
                                  0.000000    0.000000   clock source latency
     2    0.090726    0.412544    0.299203    0.299203 ^ gpio_in[38] (in)
                                                         gpio_in[38] (net)
                      0.416241    0.000000    0.299203 ^ clkbuf_0_gpio_in[38]/A (sky130_fd_sc_hd__clkbuf_16)
     5    0.060592    0.084005    0.257875    0.557078 ^ clkbuf_0_gpio_in[38]/X (sky130_fd_sc_hd__clkbuf_16)
                                                         clknet_0_gpio_in[38] (net)
                      0.084375    0.003561    0.560638 ^ clkbuf_1_1__f_gpio_in[38]/A (sky130_fd_sc_hd__clkbuf_16)
    19    0.066215    0.083993    0.172486    0.733124 ^ clkbuf_1_1__f_gpio_in[38]/X (sky130_fd_sc_hd__clkbuf_16)
                                                         clknet_1_1__leaf_gpio_in[38] (net)
                      0.085645    0.009161    0.742285 ^ _094_/CLK (sky130_fd_sc_hd__dfrtp_1)
                                  0.250000    0.992285   clock uncertainty
                                  0.000000    0.992285   clock reconvergence pessimism
                                  0.377173    1.369458   library removal time
                                              1.369458   data required time
---------------------------------------------------------------------------------------------
                                              1.369458   data required time
                                             -5.555328   data arrival time
---------------------------------------------------------------------------------------------
                                              4.185870   slack (MET)


Startpoint: _106_ (rising edge-triggered flip-flop clocked by gpio_in[38])
Endpoint: gpio_out[37] (output port clocked by gpio_in[38])
Path Group: gpio_in[38]
Path Type: min

Fanout         Cap        Slew       Delay        Time   Description
---------------------------------------------------------------------------------------------
                                  0.000000    0.000000   clock gpio_in[38] (rise edge)
                                  0.000000    0.000000   clock source latency
     2    0.090726    0.412544    0.299203    0.299203 ^ gpio_in[38] (in)
                                                         gpio_in[38] (net)
                      0.416241    0.000000    0.299203 ^ clkbuf_0_gpio_in[38]/A (sky130_fd_sc_hd__clkbuf_16)
     5    0.060592    0.084005    0.257875    0.557078 ^ clkbuf_0_gpio_in[38]/X (sky130_fd_sc_hd__clkbuf_16)
                                                         clknet_0_gpio_in[38] (net)
                      0.084375    0.003561    0.560638 ^ clkbuf_1_1__f_gpio_in[38]/A (sky130_fd_sc_hd__clkbuf_16)
    19    0.066215    0.083993    0.172486    0.733124 ^ clkbuf_1_1__f_gpio_in[38]/X (sky130_fd_sc_hd__clkbuf_16)
                                                         clknet_1_1__leaf_gpio_in[38] (net)
                      0.085500    0.008736    0.741860 ^ _106_/CLK (sky130_fd_sc_hd__dfrtp_1)
     2    0.005818    0.068101    0.350512    1.092372 ^ _106_/Q (sky130_fd_sc_hd__dfrtp_1)
                                                         gpio_22_37_output[37].cfg.gpio_out_val (net)
                      0.068101    0.000077    1.092449 ^ _678_/A (sky130_fd_sc_hd__clkbuf_1)
     1    0.001977    0.035539    0.080546    1.172996 ^ _678_/X (sky130_fd_sc_hd__clkbuf_1)
                                                         net27 (net)
                      0.035539    0.000016    1.173012 ^ output27/A (sky130_fd_sc_hd__buf_2)
     1    0.034420    0.170859    0.195019    1.368032 ^ output27/X (sky130_fd_sc_hd__buf_2)
                                                         gpio_out[37] (net)
                      0.170859    0.000418    1.368449 ^ gpio_out[37] (out)
                                              1.368449   data arrival time

                                  0.000000    0.000000   clock gpio_in[38] (rise edge)
                                  0.000000    0.000000   clock network delay (propagated)
                                  0.250000    0.250000   clock uncertainty
                                  0.000000    0.250000   clock reconvergence pessimism
                                 -5.000000   -4.750000   output external delay
                                             -4.750000   data required time
---------------------------------------------------------------------------------------------
                                             -4.750000   data required time
                                             -1.368449   data arrival time
---------------------------------------------------------------------------------------------
                                              6.118450   slack (MET)


Startpoint: _094_ (rising edge-triggered flip-flop clocked by gpio_in[38])
Endpoint: gpio_out[25] (output port clocked by gpio_in[38])
Path Group: gpio_in[38]
Path Type: min

Fanout         Cap        Slew       Delay        Time   Description
---------------------------------------------------------------------------------------------
                                  0.000000    0.000000   clock gpio_in[38] (rise edge)
                                  0.000000    0.000000   clock source latency
     2    0.090726    0.412544    0.299203    0.299203 ^ gpio_in[38] (in)
                                                         gpio_in[38] (net)
                      0.416241    0.000000    0.299203 ^ clkbuf_0_gpio_in[38]/A (sky130_fd_sc_hd__clkbuf_16)
     5    0.060592    0.084005    0.257875    0.557078 ^ clkbuf_0_gpio_in[38]/X (sky130_fd_sc_hd__clkbuf_16)
                                                         clknet_0_gpio_in[38] (net)
                      0.084375    0.003561    0.560638 ^ clkbuf_1_1__f_gpio_in[38]/A (sky130_fd_sc_hd__clkbuf_16)
    19    0.066215    0.083993    0.172486    0.733124 ^ clkbuf_1_1__f_gpio_in[38]/X (sky130_fd_sc_hd__clkbuf_16)
                                                         clknet_1_1__leaf_gpio_in[38] (net)
                      0.085645    0.009161    0.742285 ^ _094_/CLK (sky130_fd_sc_hd__dfrtp_1)
     3    0.007598    0.082139    0.362588    1.104873 ^ _094_/Q (sky130_fd_sc_hd__dfrtp_1)
                                                         gpio_22_37_output[25].cfg.gpio_out_val (net)
                      0.082139    0.000055    1.104928 ^ _666_/A (sky130_fd_sc_hd__clkbuf_1)
     1    0.002341    0.039523    0.087213    1.192141 ^ _666_/X (sky130_fd_sc_hd__clkbuf_1)
                                                         net14 (net)
                      0.039523    0.000024    1.192165 ^ output14/A (sky130_fd_sc_hd__buf_2)
     1    0.034464    0.171051    0.196690    1.388854 ^ output14/X (sky130_fd_sc_hd__buf_2)
                                                         gpio_out[25] (net)
                      0.171051    0.000420    1.389274 ^ gpio_out[25] (out)
                                              1.389274   data arrival time

                                  0.000000    0.000000   clock gpio_in[38] (rise edge)
                                  0.000000    0.000000   clock network delay (propagated)
                                  0.250000    0.250000   clock uncertainty
                                  0.000000    0.250000   clock reconvergence pessimism
                                 -5.000000   -4.750000   output external delay
                                             -4.750000   data required time
---------------------------------------------------------------------------------------------
                                             -4.750000   data required time
                                             -1.389274   data arrival time
---------------------------------------------------------------------------------------------
                                              6.139274   slack (MET)


Startpoint: _091_ (rising edge-triggered flip-flop clocked by gpio_in[38])
Endpoint: gpio_out[22] (output port clocked by gpio_in[38])
Path Group: gpio_in[38]
Path Type: min

Fanout         Cap        Slew       Delay        Time   Description
---------------------------------------------------------------------------------------------
                                  0.000000    0.000000   clock gpio_in[38] (rise edge)
                                  0.000000    0.000000   clock source latency
     2    0.090726    0.412544    0.299203    0.299203 ^ gpio_in[38] (in)
                                                         gpio_in[38] (net)
                      0.416241    0.000000    0.299203 ^ clkbuf_0_gpio_in[38]/A (sky130_fd_sc_hd__clkbuf_16)
     5    0.060592    0.084005    0.257875    0.557078 ^ clkbuf_0_gpio_in[38]/X (sky130_fd_sc_hd__clkbuf_16)
                                                         clknet_0_gpio_in[38] (net)
                      0.084375    0.003561    0.560638 ^ clkbuf_1_1__f_gpio_in[38]/A (sky130_fd_sc_hd__clkbuf_16)
    19    0.066215    0.083993    0.172486    0.733124 ^ clkbuf_1_1__f_gpio_in[38]/X (sky130_fd_sc_hd__clkbuf_16)
                                                         clknet_1_1__leaf_gpio_in[38] (net)
                      0.085662    0.009211    0.742335 ^ _091_/CLK (sky130_fd_sc_hd__dfrtp_1)
     3    0.008449    0.088827    0.368338    1.110673 ^ _091_/Q (sky130_fd_sc_hd__dfrtp_1)
                                                         gpio_22_37_output[22].cfg.gpio_out_val (net)
                      0.088827    0.000064    1.110736 ^ _663_/A (sky130_fd_sc_hd__clkbuf_1)
     1    0.002229    0.038438    0.088040    1.198777 ^ _663_/X (sky130_fd_sc_hd__clkbuf_1)
                                                         net11 (net)
                      0.038438    0.000021    1.198798 ^ output11/A (sky130_fd_sc_hd__buf_2)
     1    0.034382    0.170670    0.196013    1.394811 ^ output11/X (sky130_fd_sc_hd__buf_2)
                                                         gpio_out[22] (net)
                      0.170670    0.000406    1.395217 ^ gpio_out[22] (out)
                                              1.395217   data arrival time

                                  0.000000    0.000000   clock gpio_in[38] (rise edge)
                                  0.000000    0.000000   clock network delay (propagated)
                                  0.250000    0.250000   clock uncertainty
                                  0.000000    0.250000   clock reconvergence pessimism
                                 -5.000000   -4.750000   output external delay
                                             -4.750000   data required time
---------------------------------------------------------------------------------------------
                                             -4.750000   data required time
                                             -1.395217   data arrival time
---------------------------------------------------------------------------------------------
                                              6.145217   slack (MET)


Startpoint: _090_ (rising edge-triggered flip-flop clocked by gpio_in[38])
Endpoint: gpio_out[21] (output port clocked by gpio_in[38])
Path Group: gpio_in[38]
Path Type: min

Fanout         Cap        Slew       Delay        Time   Description
---------------------------------------------------------------------------------------------
                                  0.000000    0.000000   clock gpio_in[38] (rise edge)
                                  0.000000    0.000000   clock source latency
     2    0.090726    0.412544    0.299203    0.299203 ^ gpio_in[38] (in)
                                                         gpio_in[38] (net)
                      0.416241    0.000000    0.299203 ^ clkbuf_0_gpio_in[38]/A (sky130_fd_sc_hd__clkbuf_16)
     5    0.060592    0.084005    0.257875    0.557078 ^ clkbuf_0_gpio_in[38]/X (sky130_fd_sc_hd__clkbuf_16)
                                                         clknet_0_gpio_in[38] (net)
                      0.084390    0.003672    0.560750 ^ clkbuf_1_0__f_gpio_in[38]/A (sky130_fd_sc_hd__clkbuf_16)
    25    0.077277    0.095564    0.177631    0.738381 ^ clkbuf_1_0__f_gpio_in[38]/X (sky130_fd_sc_hd__clkbuf_16)
                                                         clknet_1_0__leaf_gpio_in[38] (net)
                      0.098514    0.013089    0.751470 ^ _090_/CLK (sky130_fd_sc_hd__dfrtp_1)
     3    0.007770    0.083519    0.368532    1.120003 ^ _090_/Q (sky130_fd_sc_hd__dfrtp_1)
                                                         gpio_18_21_bidir[21].cfg.gpio_out_val (net)
                      0.083519    0.000098    1.120101 ^ _662_/A (sky130_fd_sc_hd__clkbuf_1)
     1    0.001938    0.036493    0.084250    1.204351 ^ _662_/X (sky130_fd_sc_hd__clkbuf_1)
                                                         net10 (net)
                      0.036493    0.000008    1.204359 ^ output10/A (sky130_fd_sc_hd__buf_2)
     1    0.034256    0.170077    0.194891    1.399250 ^ output10/X (sky130_fd_sc_hd__buf_2)
                                                         gpio_out[21] (net)
                      0.170077    0.000345    1.399595 ^ gpio_out[21] (out)
                                              1.399595   data arrival time

                                  0.000000    0.000000   clock gpio_in[38] (rise edge)
                                  0.000000    0.000000   clock network delay (propagated)
                                  0.250000    0.250000   clock uncertainty
                                  0.000000    0.250000   clock reconvergence pessimism
                                 -5.000000   -4.750000   output external delay
                                             -4.750000   data required time
---------------------------------------------------------------------------------------------
                                             -4.750000   data required time
                                             -1.399595   data arrival time
---------------------------------------------------------------------------------------------
                                              6.149595   slack (MET)


Startpoint: _089_ (rising edge-triggered flip-flop clocked by gpio_in[38])
Endpoint: gpio_out[4] (output port clocked by gpio_in[38])
Path Group: gpio_in[38]
Path Type: min

Fanout         Cap        Slew       Delay        Time   Description
---------------------------------------------------------------------------------------------
                                  0.000000    0.000000   clock gpio_in[38] (rise edge)
                                  0.000000    0.000000   clock source latency
     2    0.090726    0.412544    0.299203    0.299203 ^ gpio_in[38] (in)
                                                         gpio_in[38] (net)
                      0.416241    0.000000    0.299203 ^ clkbuf_0_gpio_in[38]/A (sky130_fd_sc_hd__clkbuf_16)
     5    0.060592    0.084005    0.257875    0.557078 ^ clkbuf_0_gpio_in[38]/X (sky130_fd_sc_hd__clkbuf_16)
                                                         clknet_0_gpio_in[38] (net)
                      0.084390    0.003672    0.560750 ^ clkbuf_1_0__f_gpio_in[38]/A (sky130_fd_sc_hd__clkbuf_16)
    25    0.077277    0.095564    0.177631    0.738381 ^ clkbuf_1_0__f_gpio_in[38]/X (sky130_fd_sc_hd__clkbuf_16)
                                                         clknet_1_0__leaf_gpio_in[38] (net)
                      0.098594    0.013266    0.751647 ^ _089_/CLK (sky130_fd_sc_hd__dfrtp_1)
     3    0.008321    0.087926    0.372287    1.123934 ^ _089_/Q (sky130_fd_sc_hd__dfrtp_1)
                                                         gpio_18_21_bidir[20].cfg.gpio_out_val (net)
                      0.087926    0.000083    1.124017 ^ _657_/A (sky130_fd_sc_hd__clkbuf_1)
     1    0.002180    0.037910    0.087396    1.211413 ^ _657_/X (sky130_fd_sc_hd__clkbuf_1)
                                                         net29 (net)
                      0.037910    0.000019    1.211432 ^ output29/A (sky130_fd_sc_hd__buf_2)
     1    0.034256    0.170074    0.195434    1.406867 ^ output29/X (sky130_fd_sc_hd__buf_2)
                                                         gpio_out[4] (net)
                      0.170074    0.000345    1.407211 ^ gpio_out[4] (out)
                                              1.407211   data arrival time

                                  0.000000    0.000000   clock gpio_in[38] (rise edge)
                                  0.000000    0.000000   clock network delay (propagated)
                                  0.250000    0.250000   clock uncertainty
                                  0.000000    0.250000   clock reconvergence pessimism
                                 -5.000000   -4.750000   output external delay
                                             -4.750000   data required time
---------------------------------------------------------------------------------------------
                                             -4.750000   data required time
                                             -1.407211   data arrival time
---------------------------------------------------------------------------------------------
                                              6.157211   slack (MET)


Startpoint: _089_ (rising edge-triggered flip-flop clocked by gpio_in[38])
Endpoint: gpio_out[20] (output port clocked by gpio_in[38])
Path Group: gpio_in[38]
Path Type: min

Fanout         Cap        Slew       Delay        Time   Description
---------------------------------------------------------------------------------------------
                                  0.000000    0.000000   clock gpio_in[38] (rise edge)
                                  0.000000    0.000000   clock source latency
     2    0.090726    0.412544    0.299203    0.299203 ^ gpio_in[38] (in)
                                                         gpio_in[38] (net)
                      0.416241    0.000000    0.299203 ^ clkbuf_0_gpio_in[38]/A (sky130_fd_sc_hd__clkbuf_16)
     5    0.060592    0.084005    0.257875    0.557078 ^ clkbuf_0_gpio_in[38]/X (sky130_fd_sc_hd__clkbuf_16)
                                                         clknet_0_gpio_in[38] (net)
                      0.084390    0.003672    0.560750 ^ clkbuf_1_0__f_gpio_in[38]/A (sky130_fd_sc_hd__clkbuf_16)
    25    0.077277    0.095564    0.177631    0.738381 ^ clkbuf_1_0__f_gpio_in[38]/X (sky130_fd_sc_hd__clkbuf_16)
                                                         clknet_1_0__leaf_gpio_in[38] (net)
                      0.098594    0.013266    0.751647 ^ _089_/CLK (sky130_fd_sc_hd__dfrtp_1)
     3    0.008321    0.087926    0.372287    1.123934 ^ _089_/Q (sky130_fd_sc_hd__dfrtp_1)
                                                         gpio_18_21_bidir[20].cfg.gpio_out_val (net)
                      0.087926    0.000086    1.124020 ^ _661_/A (sky130_fd_sc_hd__clkbuf_1)
     1    0.002184    0.037950    0.087428    1.211448 ^ _661_/X (sky130_fd_sc_hd__clkbuf_1)
                                                         net9 (net)
                      0.037950    0.000019    1.211468 ^ output9/A (sky130_fd_sc_hd__buf_2)
     1    0.034256    0.170074    0.195450    1.406917 ^ output9/X (sky130_fd_sc_hd__buf_2)
                                                         gpio_out[20] (net)
                      0.170074    0.000345    1.407262 ^ gpio_out[20] (out)
                                              1.407262   data arrival time

                                  0.000000    0.000000   clock gpio_in[38] (rise edge)
                                  0.000000    0.000000   clock network delay (propagated)
                                  0.250000    0.250000   clock uncertainty
                                  0.000000    0.250000   clock reconvergence pessimism
                                 -5.000000   -4.750000   output external delay
                                             -4.750000   data required time
---------------------------------------------------------------------------------------------
                                             -4.750000   data required time
                                             -1.407262   data arrival time
---------------------------------------------------------------------------------------------
                                              6.157262   slack (MET)


Startpoint: _087_ (rising edge-triggered flip-flop clocked by gpio_in[38])
Endpoint: gpio_out[18] (output port clocked by gpio_in[38])
Path Group: gpio_in[38]
Path Type: min

Fanout         Cap        Slew       Delay        Time   Description
---------------------------------------------------------------------------------------------
                                  0.000000    0.000000   clock gpio_in[38] (rise edge)
                                  0.000000    0.000000   clock source latency
     2    0.090726    0.412544    0.299203    0.299203 ^ gpio_in[38] (in)
                                                         gpio_in[38] (net)
                      0.416241    0.000000    0.299203 ^ clkbuf_0_gpio_in[38]/A (sky130_fd_sc_hd__clkbuf_16)
     5    0.060592    0.084005    0.257875    0.557078 ^ clkbuf_0_gpio_in[38]/X (sky130_fd_sc_hd__clkbuf_16)
                                                         clknet_0_gpio_in[38] (net)
                      0.084390    0.003672    0.560750 ^ clkbuf_1_0__f_gpio_in[38]/A (sky130_fd_sc_hd__clkbuf_16)
    25    0.077277    0.095564    0.177631    0.738381 ^ clkbuf_1_0__f_gpio_in[38]/X (sky130_fd_sc_hd__clkbuf_16)
                                                         clknet_1_0__leaf_gpio_in[38] (net)
                      0.098329    0.012668    0.751049 ^ _087_/CLK (sky130_fd_sc_hd__dfrtp_2)
     3    0.009210    0.065476    0.380219    1.131268 ^ _087_/Q (sky130_fd_sc_hd__dfrtp_2)
                                                         gpio_18_21_bidir[18].cfg.gpio_out_val (net)
                      0.065476    0.000113    1.131381 ^ _659_/A (sky130_fd_sc_hd__clkbuf_1)
     1    0.002180    0.037607    0.081523    1.212904 ^ _659_/X (sky130_fd_sc_hd__clkbuf_1)
                                                         net7 (net)
                      0.037607    0.000019    1.212924 ^ output7/A (sky130_fd_sc_hd__buf_2)
     1    0.034319    0.170369    0.195518    1.408442 ^ output7/X (sky130_fd_sc_hd__buf_2)
                                                         gpio_out[18] (net)
                      0.170369    0.000357    1.408798 ^ gpio_out[18] (out)
                                              1.408798   data arrival time

                                  0.000000    0.000000   clock gpio_in[38] (rise edge)
                                  0.000000    0.000000   clock network delay (propagated)
                                  0.250000    0.250000   clock uncertainty
                                  0.000000    0.250000   clock reconvergence pessimism
                                 -5.000000   -4.750000   output external delay
                                             -4.750000   data required time
---------------------------------------------------------------------------------------------
                                             -4.750000   data required time
                                             -1.408798   data arrival time
---------------------------------------------------------------------------------------------
                                              6.158799   slack (MET)


Startpoint: _087_ (rising edge-triggered flip-flop clocked by gpio_in[38])
Endpoint: gpio_out[2] (output port clocked by gpio_in[38])
Path Group: gpio_in[38]
Path Type: min

Fanout         Cap        Slew       Delay        Time   Description
---------------------------------------------------------------------------------------------
                                  0.000000    0.000000   clock gpio_in[38] (rise edge)
                                  0.000000    0.000000   clock source latency
     2    0.090726    0.412544    0.299203    0.299203 ^ gpio_in[38] (in)
                                                         gpio_in[38] (net)
                      0.416241    0.000000    0.299203 ^ clkbuf_0_gpio_in[38]/A (sky130_fd_sc_hd__clkbuf_16)
     5    0.060592    0.084005    0.257875    0.557078 ^ clkbuf_0_gpio_in[38]/X (sky130_fd_sc_hd__clkbuf_16)
                                                         clknet_0_gpio_in[38] (net)
                      0.084390    0.003672    0.560750 ^ clkbuf_1_0__f_gpio_in[38]/A (sky130_fd_sc_hd__clkbuf_16)
    25    0.077277    0.095564    0.177631    0.738381 ^ clkbuf_1_0__f_gpio_in[38]/X (sky130_fd_sc_hd__clkbuf_16)
                                                         clknet_1_0__leaf_gpio_in[38] (net)
                      0.098329    0.012668    0.751049 ^ _087_/CLK (sky130_fd_sc_hd__dfrtp_2)
     3    0.009210    0.065476    0.380219    1.131268 ^ _087_/Q (sky130_fd_sc_hd__dfrtp_2)
                                                         gpio_18_21_bidir[18].cfg.gpio_out_val (net)
                      0.065476    0.000122    1.131391 ^ _655_/A (sky130_fd_sc_hd__clkbuf_1)
     1    0.002282    0.038685    0.082362    1.213753 ^ _655_/X (sky130_fd_sc_hd__clkbuf_1)
                                                         net19 (net)
                      0.038685    0.000022    1.213775 ^ output19/A (sky130_fd_sc_hd__buf_2)
     1    0.034315    0.170351    0.195920    1.409695 ^ output19/X (sky130_fd_sc_hd__buf_2)
                                                         gpio_out[2] (net)
                      0.170351    0.000357    1.410051 ^ gpio_out[2] (out)
                                              1.410051   data arrival time

                                  0.000000    0.000000   clock gpio_in[38] (rise edge)
                                  0.000000    0.000000   clock network delay (propagated)
                                  0.250000    0.250000   clock uncertainty
                                  0.000000    0.250000   clock reconvergence pessimism
                                 -5.000000   -4.750000   output external delay
                                             -4.750000   data required time
---------------------------------------------------------------------------------------------
                                             -4.750000   data required time
                                             -1.410051   data arrival time
---------------------------------------------------------------------------------------------
                                              6.160051   slack (MET)


Startpoint: _092_ (rising edge-triggered flip-flop clocked by gpio_in[38])
Endpoint: gpio_out[23] (output port clocked by gpio_in[38])
Path Group: gpio_in[38]
Path Type: min

Fanout         Cap        Slew       Delay        Time   Description
---------------------------------------------------------------------------------------------
                                  0.000000    0.000000   clock gpio_in[38] (rise edge)
                                  0.000000    0.000000   clock source latency
     2    0.090726    0.412544    0.299203    0.299203 ^ gpio_in[38] (in)
                                                         gpio_in[38] (net)
                      0.416241    0.000000    0.299203 ^ clkbuf_0_gpio_in[38]/A (sky130_fd_sc_hd__clkbuf_16)
     5    0.060592    0.084005    0.257875    0.557078 ^ clkbuf_0_gpio_in[38]/X (sky130_fd_sc_hd__clkbuf_16)
                                                         clknet_0_gpio_in[38] (net)
                      0.084375    0.003561    0.560638 ^ clkbuf_1_1__f_gpio_in[38]/A (sky130_fd_sc_hd__clkbuf_16)
    19    0.066215    0.083993    0.172486    0.733124 ^ clkbuf_1_1__f_gpio_in[38]/X (sky130_fd_sc_hd__clkbuf_16)
                                                         clknet_1_1__leaf_gpio_in[38] (net)
                      0.085662    0.009210    0.742335 ^ _092_/CLK (sky130_fd_sc_hd__dfrtp_1)
     3    0.010156    0.101562    0.379277    1.121611 ^ _092_/Q (sky130_fd_sc_hd__dfrtp_1)
                                                         gpio_22_37_output[23].cfg.gpio_out_val (net)
                      0.101562    0.000162    1.121773 ^ _664_/A (sky130_fd_sc_hd__clkbuf_1)
     1    0.002285    0.039189    0.091838    1.213611 ^ _664_/X (sky130_fd_sc_hd__clkbuf_1)
                                                         net12 (net)
                      0.039189    0.000022    1.213634 ^ output12/A (sky130_fd_sc_hd__buf_2)
     1    0.034420    0.170847    0.196419    1.410053 ^ output12/X (sky130_fd_sc_hd__buf_2)
                                                         gpio_out[23] (net)
                      0.170847    0.000418    1.410470 ^ gpio_out[23] (out)
                                              1.410470   data arrival time

                                  0.000000    0.000000   clock gpio_in[38] (rise edge)
                                  0.000000    0.000000   clock network delay (propagated)
                                  0.250000    0.250000   clock uncertainty
                                  0.000000    0.250000   clock reconvergence pessimism
                                 -5.000000   -4.750000   output external delay
                                             -4.750000   data required time
---------------------------------------------------------------------------------------------
                                             -4.750000   data required time
                                             -1.410470   data arrival time
---------------------------------------------------------------------------------------------
                                              6.160470   slack (MET)


Startpoint: _098_ (rising edge-triggered flip-flop clocked by gpio_in[38])
Endpoint: gpio_out[29] (output port clocked by gpio_in[38])
Path Group: gpio_in[38]
Path Type: min

Fanout         Cap        Slew       Delay        Time   Description
---------------------------------------------------------------------------------------------
                                  0.000000    0.000000   clock gpio_in[38] (rise edge)
                                  0.000000    0.000000   clock source latency
     2    0.090726    0.412544    0.299203    0.299203 ^ gpio_in[38] (in)
                                                         gpio_in[38] (net)
                      0.416241    0.000000    0.299203 ^ clkbuf_0_gpio_in[38]/A (sky130_fd_sc_hd__clkbuf_16)
     5    0.060592    0.084005    0.257875    0.557078 ^ clkbuf_0_gpio_in[38]/X (sky130_fd_sc_hd__clkbuf_16)
                                                         clknet_0_gpio_in[38] (net)
                      0.084390    0.003672    0.560750 ^ clkbuf_1_0__f_gpio_in[38]/A (sky130_fd_sc_hd__clkbuf_16)
    25    0.077277    0.095564    0.177631    0.738381 ^ clkbuf_1_0__f_gpio_in[38]/X (sky130_fd_sc_hd__clkbuf_16)
                                                         clknet_1_0__leaf_gpio_in[38] (net)
                      0.098158    0.012269    0.750650 ^ _098_/CLK (sky130_fd_sc_hd__dfrtp_1)
     2    0.005929    0.068963    0.355996    1.106646 ^ _098_/Q (sky130_fd_sc_hd__dfrtp_1)
                                                         gpio_22_37_output[29].cfg.gpio_out_val (net)
                      0.068963    0.000051    1.106697 ^ _670_/A (sky130_fd_sc_hd__clkbuf_1)
     1    0.004343    0.061133    0.099917    1.206614 ^ _670_/X (sky130_fd_sc_hd__clkbuf_1)
                                                         net18 (net)
                      0.061133    0.000076    1.206690 ^ output18/A (sky130_fd_sc_hd__buf_2)
     1    0.034256    0.170123    0.204214    1.410904 ^ output18/X (sky130_fd_sc_hd__buf_2)
                                                         gpio_out[29] (net)
                      0.170123    0.000345    1.411249 ^ gpio_out[29] (out)
                                              1.411249   data arrival time

                                  0.000000    0.000000   clock gpio_in[38] (rise edge)
                                  0.000000    0.000000   clock network delay (propagated)
                                  0.250000    0.250000   clock uncertainty
                                  0.000000    0.250000   clock reconvergence pessimism
                                 -5.000000   -4.750000   output external delay
                                             -4.750000   data required time
---------------------------------------------------------------------------------------------
                                             -4.750000   data required time
                                             -1.411249   data arrival time
---------------------------------------------------------------------------------------------
                                              6.161249   slack (MET)


Startpoint: _102_ (rising edge-triggered flip-flop clocked by gpio_in[38])
Endpoint: gpio_out[33] (output port clocked by gpio_in[38])
Path Group: gpio_in[38]
Path Type: min

Fanout         Cap        Slew       Delay        Time   Description
---------------------------------------------------------------------------------------------
                                  0.000000    0.000000   clock gpio_in[38] (rise edge)
                                  0.000000    0.000000   clock source latency
     2    0.090726    0.412544    0.299203    0.299203 ^ gpio_in[38] (in)
                                                         gpio_in[38] (net)
                      0.416241    0.000000    0.299203 ^ clkbuf_0_gpio_in[38]/A (sky130_fd_sc_hd__clkbuf_16)
     5    0.060592    0.084005    0.257875    0.557078 ^ clkbuf_0_gpio_in[38]/X (sky130_fd_sc_hd__clkbuf_16)
                                                         clknet_0_gpio_in[38] (net)
                      0.084390    0.003672    0.560750 ^ clkbuf_1_0__f_gpio_in[38]/A (sky130_fd_sc_hd__clkbuf_16)
    25    0.077277    0.095564    0.177631    0.738381 ^ clkbuf_1_0__f_gpio_in[38]/X (sky130_fd_sc_hd__clkbuf_16)
                                                         clknet_1_0__leaf_gpio_in[38] (net)
                      0.098674    0.013443    0.751824 ^ _102_/CLK (sky130_fd_sc_hd__dfrtp_1)
     3    0.008636    0.090103    0.374441    1.126265 ^ _102_/Q (sky130_fd_sc_hd__dfrtp_1)
                                                         gpio_22_37_output[33].cfg.gpio_out_val (net)
                      0.090103    0.000083    1.126348 ^ _674_/A (sky130_fd_sc_hd__clkbuf_1)
     1    0.003391    0.050817    0.097928    1.224276 ^ _674_/X (sky130_fd_sc_hd__clkbuf_1)
                                                         net23 (net)
                      0.050817    0.000047    1.224323 ^ output23/A (sky130_fd_sc_hd__buf_2)
     1    0.034256    0.170081    0.200378    1.424701 ^ output23/X (sky130_fd_sc_hd__buf_2)
                                                         gpio_out[33] (net)
                      0.170081    0.000345    1.425046 ^ gpio_out[33] (out)
                                              1.425046   data arrival time

                                  0.000000    0.000000   clock gpio_in[38] (rise edge)
                                  0.000000    0.000000   clock network delay (propagated)
                                  0.250000    0.250000   clock uncertainty
                                  0.000000    0.250000   clock reconvergence pessimism
                                 -5.000000   -4.750000   output external delay
                                             -4.750000   data required time
---------------------------------------------------------------------------------------------
                                             -4.750000   data required time
                                             -1.425046   data arrival time
---------------------------------------------------------------------------------------------
                                              6.175046   slack (MET)


Startpoint: _090_ (rising edge-triggered flip-flop clocked by gpio_in[38])
Endpoint: gpio_out[5] (output port clocked by gpio_in[38])
Path Group: gpio_in[38]
Path Type: min

Fanout         Cap        Slew       Delay        Time   Description
---------------------------------------------------------------------------------------------
                                  0.000000    0.000000   clock gpio_in[38] (rise edge)
                                  0.000000    0.000000   clock source latency
     2    0.090726    0.412544    0.299203    0.299203 ^ gpio_in[38] (in)
                                                         gpio_in[38] (net)
                      0.416241    0.000000    0.299203 ^ clkbuf_0_gpio_in[38]/A (sky130_fd_sc_hd__clkbuf_16)
     5    0.060592    0.084005    0.257875    0.557078 ^ clkbuf_0_gpio_in[38]/X (sky130_fd_sc_hd__clkbuf_16)
                                                         clknet_0_gpio_in[38] (net)
                      0.084390    0.003672    0.560750 ^ clkbuf_1_0__f_gpio_in[38]/A (sky130_fd_sc_hd__clkbuf_16)
    25    0.077277    0.095564    0.177631    0.738381 ^ clkbuf_1_0__f_gpio_in[38]/X (sky130_fd_sc_hd__clkbuf_16)
                                                         clknet_1_0__leaf_gpio_in[38] (net)
                      0.098514    0.013089    0.751470 ^ _090_/CLK (sky130_fd_sc_hd__dfrtp_1)
     3    0.007253    0.059760    0.397625    1.149095 v _090_/Q (sky130_fd_sc_hd__dfrtp_1)
                                                         gpio_18_21_bidir[21].cfg.gpio_out_val (net)
                      0.059760    0.000069    1.149164 v _658_/A (sky130_fd_sc_hd__clkbuf_1)
     1    0.006094    0.043956    0.109434    1.258598 v _658_/X (sky130_fd_sc_hd__clkbuf_1)
                                                         net30 (net)
                      0.043956    0.000140    1.258738 v output30/A (sky130_fd_sc_hd__buf_2)
     1    0.034315    0.089487    0.179981    1.438719 v output30/X (sky130_fd_sc_hd__buf_2)
                                                         gpio_out[5] (net)
                      0.089488    0.000357    1.439076 v gpio_out[5] (out)
                                              1.439076   data arrival time

                                  0.000000    0.000000   clock gpio_in[38] (rise edge)
                                  0.000000    0.000000   clock network delay (propagated)
                                  0.250000    0.250000   clock uncertainty
                                  0.000000    0.250000   clock reconvergence pessimism
                                 -5.000000   -4.750000   output external delay
                                             -4.750000   data required time
---------------------------------------------------------------------------------------------
                                             -4.750000   data required time
                                             -1.439076   data arrival time
---------------------------------------------------------------------------------------------
                                              6.189076   slack (MET)


Startpoint: _099_ (rising edge-triggered flip-flop clocked by gpio_in[38])
Endpoint: gpio_out[30] (output port clocked by gpio_in[38])
Path Group: gpio_in[38]
Path Type: min

Fanout         Cap        Slew       Delay        Time   Description
---------------------------------------------------------------------------------------------
                                  0.000000    0.000000   clock gpio_in[38] (rise edge)
                                  0.000000    0.000000   clock source latency
     2    0.090726    0.412544    0.299203    0.299203 ^ gpio_in[38] (in)
                                                         gpio_in[38] (net)
                      0.416241    0.000000    0.299203 ^ clkbuf_0_gpio_in[38]/A (sky130_fd_sc_hd__clkbuf_16)
     5    0.060592    0.084005    0.257875    0.557078 ^ clkbuf_0_gpio_in[38]/X (sky130_fd_sc_hd__clkbuf_16)
                                                         clknet_0_gpio_in[38] (net)
                      0.084390    0.003672    0.560750 ^ clkbuf_1_0__f_gpio_in[38]/A (sky130_fd_sc_hd__clkbuf_16)
    25    0.077277    0.095564    0.177631    0.738381 ^ clkbuf_1_0__f_gpio_in[38]/X (sky130_fd_sc_hd__clkbuf_16)
                                                         clknet_1_0__leaf_gpio_in[38] (net)
                      0.098660    0.013412    0.751793 ^ _099_/CLK (sky130_fd_sc_hd__dfrtp_1)
     5    0.010966    0.074728    0.415554    1.167347 v _099_/Q (sky130_fd_sc_hd__dfrtp_1)
                                                         gpio_22_37_output[30].cfg.gpio_out_val (net)
                      0.074728    0.000074    1.167421 v _671_/A (sky130_fd_sc_hd__clkbuf_1)
     1    0.003410    0.029908    0.103662    1.271083 v _671_/X (sky130_fd_sc_hd__clkbuf_1)
                                                         net20 (net)
                      0.029908    0.000048    1.271131 v output20/A (sky130_fd_sc_hd__buf_2)
     1    0.034669    0.090376    0.174542    1.445673 v output20/X (sky130_fd_sc_hd__buf_2)
                                                         gpio_out[30] (net)
                      0.090377    0.000418    1.446091 v gpio_out[30] (out)
                                              1.446091   data arrival time

                                  0.000000    0.000000   clock gpio_in[38] (rise edge)
                                  0.000000    0.000000   clock network delay (propagated)
                                  0.250000    0.250000   clock uncertainty
                                  0.000000    0.250000   clock reconvergence pessimism
                                 -5.000000   -4.750000   output external delay
                                             -4.750000   data required time
---------------------------------------------------------------------------------------------
                                             -4.750000   data required time
                                             -1.446091   data arrival time
---------------------------------------------------------------------------------------------
                                              6.196091   slack (MET)


Startpoint: _088_ (rising edge-triggered flip-flop clocked by gpio_in[38])
Endpoint: gpio_out[19] (output port clocked by gpio_in[38])
Path Group: gpio_in[38]
Path Type: min

Fanout         Cap        Slew       Delay        Time   Description
---------------------------------------------------------------------------------------------
                                  0.000000    0.000000   clock gpio_in[38] (rise edge)
                                  0.000000    0.000000   clock source latency
     2    0.090726    0.412544    0.299203    0.299203 ^ gpio_in[38] (in)
                                                         gpio_in[38] (net)
                      0.416241    0.000000    0.299203 ^ clkbuf_0_gpio_in[38]/A (sky130_fd_sc_hd__clkbuf_16)
     5    0.060592    0.084005    0.257875    0.557078 ^ clkbuf_0_gpio_in[38]/X (sky130_fd_sc_hd__clkbuf_16)
                                                         clknet_0_gpio_in[38] (net)
                      0.084390    0.003672    0.560750 ^ clkbuf_1_0__f_gpio_in[38]/A (sky130_fd_sc_hd__clkbuf_16)
    25    0.077277    0.095564    0.177631    0.738381 ^ clkbuf_1_0__f_gpio_in[38]/X (sky130_fd_sc_hd__clkbuf_16)
                                                         clknet_1_0__leaf_gpio_in[38] (net)
                      0.098399    0.012828    0.751209 ^ _088_/CLK (sky130_fd_sc_hd__dfrtp_1)
     5    0.012596    0.081746    0.422002    1.173211 v _088_/Q (sky130_fd_sc_hd__dfrtp_1)
                                                         gpio_18_21_bidir[19].cfg.gpio_out_val (net)
                      0.081746    0.000148    1.173359 v _660_/A (sky130_fd_sc_hd__clkbuf_1)
     1    0.002343    0.024543    0.101017    1.274375 v _660_/X (sky130_fd_sc_hd__clkbuf_1)
                                                         net8 (net)
                      0.024543    0.000024    1.274399 v output8/A (sky130_fd_sc_hd__buf_2)
     1    0.034319    0.089633    0.171623    1.446023 v output8/X (sky130_fd_sc_hd__buf_2)
                                                         gpio_out[19] (net)
                      0.089634    0.000357    1.446379 v gpio_out[19] (out)
                                              1.446379   data arrival time

                                  0.000000    0.000000   clock gpio_in[38] (rise edge)
                                  0.000000    0.000000   clock network delay (propagated)
                                  0.250000    0.250000   clock uncertainty
                                  0.000000    0.250000   clock reconvergence pessimism
                                 -5.000000   -4.750000   output external delay
                                             -4.750000   data required time
---------------------------------------------------------------------------------------------
                                             -4.750000   data required time
                                             -1.446379   data arrival time
---------------------------------------------------------------------------------------------
                                              6.196379   slack (MET)


Startpoint: _100_ (rising edge-triggered flip-flop clocked by gpio_in[38])
Endpoint: gpio_out[31] (output port clocked by gpio_in[38])
Path Group: gpio_in[38]
Path Type: min

Fanout         Cap        Slew       Delay        Time   Description
---------------------------------------------------------------------------------------------
                                  0.000000    0.000000   clock gpio_in[38] (rise edge)
                                  0.000000    0.000000   clock source latency
     2    0.090726    0.412544    0.299203    0.299203 ^ gpio_in[38] (in)
                                                         gpio_in[38] (net)
                      0.416241    0.000000    0.299203 ^ clkbuf_0_gpio_in[38]/A (sky130_fd_sc_hd__clkbuf_16)
     5    0.060592    0.084005    0.257875    0.557078 ^ clkbuf_0_gpio_in[38]/X (sky130_fd_sc_hd__clkbuf_16)
                                                         clknet_0_gpio_in[38] (net)
                      0.084390    0.003672    0.560750 ^ clkbuf_1_0__f_gpio_in[38]/A (sky130_fd_sc_hd__clkbuf_16)
    25    0.077277    0.095564    0.177631    0.738381 ^ clkbuf_1_0__f_gpio_in[38]/X (sky130_fd_sc_hd__clkbuf_16)
                                                         clknet_1_0__leaf_gpio_in[38] (net)
                      0.098716    0.013534    0.751915 ^ _100_/CLK (sky130_fd_sc_hd__dfrtp_1)
     4    0.012607    0.081778    0.422192    1.174107 v _100_/Q (sky130_fd_sc_hd__dfrtp_1)
                                                         gpio_22_37_output[31].cfg.gpio_out_val (net)
                      0.081778    0.000061    1.174167 v _672_/A (sky130_fd_sc_hd__clkbuf_1)
     1    0.002499    0.025342    0.101901    1.276069 v _672_/X (sky130_fd_sc_hd__clkbuf_1)
                                                         net21 (net)
                      0.025342    0.000026    1.276095 v output21/A (sky130_fd_sc_hd__buf_2)
     1    0.034585    0.090226    0.172417    1.448513 v output21/X (sky130_fd_sc_hd__buf_2)
                                                         gpio_out[31] (net)
                      0.090227    0.000417    1.448930 v gpio_out[31] (out)
                                              1.448930   data arrival time

                                  0.000000    0.000000   clock gpio_in[38] (rise edge)
                                  0.000000    0.000000   clock network delay (propagated)
                                  0.250000    0.250000   clock uncertainty
                                  0.000000    0.250000   clock reconvergence pessimism
                                 -5.000000   -4.750000   output external delay
                                             -4.750000   data required time
---------------------------------------------------------------------------------------------
                                             -4.750000   data required time
                                             -1.448930   data arrival time
---------------------------------------------------------------------------------------------
                                              6.198929   slack (MET)


Startpoint: _093_ (rising edge-triggered flip-flop clocked by gpio_in[38])
Endpoint: gpio_out[24] (output port clocked by gpio_in[38])
Path Group: gpio_in[38]
Path Type: min

Fanout         Cap        Slew       Delay        Time   Description
---------------------------------------------------------------------------------------------
                                  0.000000    0.000000   clock gpio_in[38] (rise edge)
                                  0.000000    0.000000   clock source latency
     2    0.090726    0.412544    0.299203    0.299203 ^ gpio_in[38] (in)
                                                         gpio_in[38] (net)
                      0.416241    0.000000    0.299203 ^ clkbuf_0_gpio_in[38]/A (sky130_fd_sc_hd__clkbuf_16)
     5    0.060592    0.084005    0.257875    0.557078 ^ clkbuf_0_gpio_in[38]/X (sky130_fd_sc_hd__clkbuf_16)
                                                         clknet_0_gpio_in[38] (net)
                      0.084375    0.003561    0.560638 ^ clkbuf_1_1__f_gpio_in[38]/A (sky130_fd_sc_hd__clkbuf_16)
    19    0.066215    0.083993    0.172486    0.733124 ^ clkbuf_1_1__f_gpio_in[38]/X (sky130_fd_sc_hd__clkbuf_16)
                                                         clknet_1_1__leaf_gpio_in[38] (net)
                      0.085666    0.009221    0.742345 ^ _093_/CLK (sky130_fd_sc_hd__dfrtp_1)
     3    0.009459    0.068236    0.404639    1.146984 v _093_/Q (sky130_fd_sc_hd__dfrtp_1)
                                                         gpio_22_37_output[24].cfg.gpio_out_val (net)
                      0.068236    0.000140    1.147124 v _665_/A (sky130_fd_sc_hd__buf_1)
     1    0.007919    0.053279    0.121637    1.268762 v _665_/X (sky130_fd_sc_hd__buf_1)
                                                         net13 (net)
                      0.053279    0.000279    1.269040 v output13/A (sky130_fd_sc_hd__buf_2)
     1    0.034382    0.089588    0.184087    1.453127 v output13/X (sky130_fd_sc_hd__buf_2)
                                                         gpio_out[24] (net)
                      0.089589    0.000406    1.453533 v gpio_out[24] (out)
                                              1.453533   data arrival time

                                  0.000000    0.000000   clock gpio_in[38] (rise edge)
                                  0.000000    0.000000   clock network delay (propagated)
                                  0.250000    0.250000   clock uncertainty
                                  0.000000    0.250000   clock reconvergence pessimism
                                 -5.000000   -4.750000   output external delay
                                             -4.750000   data required time
---------------------------------------------------------------------------------------------
                                             -4.750000   data required time
                                             -1.453533   data arrival time
---------------------------------------------------------------------------------------------
                                              6.203533   slack (MET)


Startpoint: _097_ (rising edge-triggered flip-flop clocked by gpio_in[38])
Endpoint: gpio_out[28] (output port clocked by gpio_in[38])
Path Group: gpio_in[38]
Path Type: min

Fanout         Cap        Slew       Delay        Time   Description
---------------------------------------------------------------------------------------------
                                  0.000000    0.000000   clock gpio_in[38] (rise edge)
                                  0.000000    0.000000   clock source latency
     2    0.090726    0.412544    0.299203    0.299203 ^ gpio_in[38] (in)
                                                         gpio_in[38] (net)
                      0.416241    0.000000    0.299203 ^ clkbuf_0_gpio_in[38]/A (sky130_fd_sc_hd__clkbuf_16)
     5    0.060592    0.084005    0.257875    0.557078 ^ clkbuf_0_gpio_in[38]/X (sky130_fd_sc_hd__clkbuf_16)
                                                         clknet_0_gpio_in[38] (net)
                      0.084390    0.003672    0.560750 ^ clkbuf_1_0__f_gpio_in[38]/A (sky130_fd_sc_hd__clkbuf_16)
    25    0.077277    0.095564    0.177631    0.738381 ^ clkbuf_1_0__f_gpio_in[38]/X (sky130_fd_sc_hd__clkbuf_16)
                                                         clknet_1_0__leaf_gpio_in[38] (net)
                      0.098243    0.012468    0.750849 ^ _097_/CLK (sky130_fd_sc_hd__dfrtp_1)
     2    0.005865    0.053017    0.390036    1.140884 v _097_/Q (sky130_fd_sc_hd__dfrtp_1)
                                                         gpio_22_37_output[28].cfg.gpio_out_val (net)
                      0.053017    0.000081    1.140965 v _669_/A (sky130_fd_sc_hd__buf_1)
     1    0.013052    0.081251    0.136479    1.277445 v _669_/X (sky130_fd_sc_hd__buf_1)
                                                         net17 (net)
                      0.081253    0.000555    1.278000 v output17/A (sky130_fd_sc_hd__buf_2)
     1    0.034253    0.089311    0.196620    1.474619 v output17/X (sky130_fd_sc_hd__buf_2)
                                                         gpio_out[28] (net)
                      0.089312    0.000345    1.474964 v gpio_out[28] (out)
                                              1.474964   data arrival time

                                  0.000000    0.000000   clock gpio_in[38] (rise edge)
                                  0.000000    0.000000   clock network delay (propagated)
                                  0.250000    0.250000   clock uncertainty
                                  0.000000    0.250000   clock reconvergence pessimism
                                 -5.000000   -4.750000   output external delay
                                             -4.750000   data required time
---------------------------------------------------------------------------------------------
                                             -4.750000   data required time
                                             -1.474964   data arrival time
---------------------------------------------------------------------------------------------
                                              6.224964   slack (MET)


Startpoint: _101_ (rising edge-triggered flip-flop clocked by gpio_in[38])
Endpoint: gpio_out[32] (output port clocked by gpio_in[38])
Path Group: gpio_in[38]
Path Type: min

Fanout         Cap        Slew       Delay        Time   Description
---------------------------------------------------------------------------------------------
                                  0.000000    0.000000   clock gpio_in[38] (rise edge)
                                  0.000000    0.000000   clock source latency
     2    0.090726    0.412544    0.299203    0.299203 ^ gpio_in[38] (in)
                                                         gpio_in[38] (net)
                      0.416241    0.000000    0.299203 ^ clkbuf_0_gpio_in[38]/A (sky130_fd_sc_hd__clkbuf_16)
     5    0.060592    0.084005    0.257875    0.557078 ^ clkbuf_0_gpio_in[38]/X (sky130_fd_sc_hd__clkbuf_16)
                                                         clknet_0_gpio_in[38] (net)
                      0.084390    0.003672    0.560750 ^ clkbuf_1_0__f_gpio_in[38]/A (sky130_fd_sc_hd__clkbuf_16)
    25    0.077277    0.095564    0.177631    0.738381 ^ clkbuf_1_0__f_gpio_in[38]/X (sky130_fd_sc_hd__clkbuf_16)
                                                         clknet_1_0__leaf_gpio_in[38] (net)
                      0.098704    0.013508    0.751889 ^ _101_/CLK (sky130_fd_sc_hd__dfrtp_1)
     4    0.013562    0.085944    0.426034    1.177924 v _101_/Q (sky130_fd_sc_hd__dfrtp_1)
                                                         gpio_22_37_output[32].cfg.gpio_out_val (net)
                      0.085944    0.000115    1.178038 v _673_/A (sky130_fd_sc_hd__clkbuf_1)
     1    0.007179    0.049896    0.126034    1.304072 v _673_/X (sky130_fd_sc_hd__clkbuf_1)
                                                         net22 (net)
                      0.049896    0.000205    1.304276 v output22/A (sky130_fd_sc_hd__buf_2)
     1    0.034315    0.089445    0.182540    1.486816 v output22/X (sky130_fd_sc_hd__buf_2)
                                                         gpio_out[32] (net)
                      0.089446    0.000357    1.487173 v gpio_out[32] (out)
                                              1.487173   data arrival time

                                  0.000000    0.000000   clock gpio_in[38] (rise edge)
                                  0.000000    0.000000   clock network delay (propagated)
                                  0.250000    0.250000   clock uncertainty
                                  0.000000    0.250000   clock reconvergence pessimism
                                 -5.000000   -4.750000   output external delay
                                             -4.750000   data required time
---------------------------------------------------------------------------------------------
                                             -4.750000   data required time
                                             -1.487173   data arrival time
---------------------------------------------------------------------------------------------
                                              6.237173   slack (MET)


Startpoint: _096_ (rising edge-triggered flip-flop clocked by gpio_in[38])
Endpoint: gpio_out[27] (output port clocked by gpio_in[38])
Path Group: gpio_in[38]
Path Type: min

Fanout         Cap        Slew       Delay        Time   Description
---------------------------------------------------------------------------------------------
                                  0.000000    0.000000   clock gpio_in[38] (rise edge)
                                  0.000000    0.000000   clock source latency
     2    0.090726    0.412544    0.299203    0.299203 ^ gpio_in[38] (in)
                                                         gpio_in[38] (net)
                      0.416241    0.000000    0.299203 ^ clkbuf_0_gpio_in[38]/A (sky130_fd_sc_hd__clkbuf_16)
     5    0.060592    0.084005    0.257875    0.557078 ^ clkbuf_0_gpio_in[38]/X (sky130_fd_sc_hd__clkbuf_16)
                                                         clknet_0_gpio_in[38] (net)
                      0.084390    0.003672    0.560750 ^ clkbuf_1_0__f_gpio_in[38]/A (sky130_fd_sc_hd__clkbuf_16)
    25    0.077277    0.095564    0.177631    0.738381 ^ clkbuf_1_0__f_gpio_in[38]/X (sky130_fd_sc_hd__clkbuf_16)
                                                         clknet_1_0__leaf_gpio_in[38] (net)
                      0.098248    0.012480    0.750861 ^ _096_/CLK (sky130_fd_sc_hd__dfrtp_1)
     4    0.010321    0.071922    0.412796    1.163657 v _096_/Q (sky130_fd_sc_hd__dfrtp_1)
                                                         gpio_22_37_output[27].cfg.gpio_out_val (net)
                      0.071992    0.000091    1.163748 v _668_/A (sky130_fd_sc_hd__buf_1)
     1    0.012904    0.080464    0.144270    1.308018 v _668_/X (sky130_fd_sc_hd__buf_1)
                                                         net16 (net)
                      0.080467    0.000586    1.308604 v output16/A (sky130_fd_sc_hd__buf_2)
     1    0.034253    0.089310    0.196262    1.504865 v output16/X (sky130_fd_sc_hd__buf_2)
                                                         gpio_out[27] (net)
                      0.089311    0.000345    1.505210 v gpio_out[27] (out)
                                              1.505210   data arrival time

                                  0.000000    0.000000   clock gpio_in[38] (rise edge)
                                  0.000000    0.000000   clock network delay (propagated)
                                  0.250000    0.250000   clock uncertainty
                                  0.000000    0.250000   clock reconvergence pessimism
                                 -5.000000   -4.750000   output external delay
                                             -4.750000   data required time
---------------------------------------------------------------------------------------------
                                             -4.750000   data required time
                                             -1.505210   data arrival time
---------------------------------------------------------------------------------------------
                                              6.255210   slack (MET)


Startpoint: _103_ (rising edge-triggered flip-flop clocked by gpio_in[38])
Endpoint: gpio_out[34] (output port clocked by gpio_in[38])
Path Group: gpio_in[38]
Path Type: min

Fanout         Cap        Slew       Delay        Time   Description
---------------------------------------------------------------------------------------------
                                  0.000000    0.000000   clock gpio_in[38] (rise edge)
                                  0.000000    0.000000   clock source latency
     2    0.090726    0.412544    0.299203    0.299203 ^ gpio_in[38] (in)
                                                         gpio_in[38] (net)
                      0.416241    0.000000    0.299203 ^ clkbuf_0_gpio_in[38]/A (sky130_fd_sc_hd__clkbuf_16)
     5    0.060592    0.084005    0.257875    0.557078 ^ clkbuf_0_gpio_in[38]/X (sky130_fd_sc_hd__clkbuf_16)
                                                         clknet_0_gpio_in[38] (net)
                      0.084375    0.003561    0.560638 ^ clkbuf_1_1__f_gpio_in[38]/A (sky130_fd_sc_hd__clkbuf_16)
    19    0.066215    0.083993    0.172486    0.733124 ^ clkbuf_1_1__f_gpio_in[38]/X (sky130_fd_sc_hd__clkbuf_16)
                                                         clknet_1_1__leaf_gpio_in[38] (net)
                      0.085503    0.008745    0.741869 ^ _103_/CLK (sky130_fd_sc_hd__dfrtp_1)
     3    0.008387    0.065438    0.398894    1.140763 v _103_/Q (sky130_fd_sc_hd__dfrtp_1)
                                                         gpio_22_37_output[34].cfg.gpio_out_val (net)
                      0.065438    0.000139    1.140902 v _675_/A (sky130_fd_sc_hd__clkbuf_2)
     3    0.023800    0.095564    0.167943    1.308845 v _675_/X (sky130_fd_sc_hd__clkbuf_2)
                                                         net24 (net)
                      0.095600    0.001780    1.310626 v output24/A (sky130_fd_sc_hd__buf_2)
     1    0.034420    0.089720    0.203401    1.514027 v output24/X (sky130_fd_sc_hd__buf_2)
                                                         gpio_out[34] (net)
                      0.089721    0.000418    1.514445 v gpio_out[34] (out)
                                              1.514445   data arrival time

                                  0.000000    0.000000   clock gpio_in[38] (rise edge)
                                  0.000000    0.000000   clock network delay (propagated)
                                  0.250000    0.250000   clock uncertainty
                                  0.000000    0.250000   clock reconvergence pessimism
                                 -5.000000   -4.750000   output external delay
                                             -4.750000   data required time
---------------------------------------------------------------------------------------------
                                             -4.750000   data required time
                                             -1.514445   data arrival time
---------------------------------------------------------------------------------------------
                                              6.264445   slack (MET)


Startpoint: _104_ (rising edge-triggered flip-flop clocked by gpio_in[38])
Endpoint: gpio_out[35] (output port clocked by gpio_in[38])
Path Group: gpio_in[38]
Path Type: min

Fanout         Cap        Slew       Delay        Time   Description
---------------------------------------------------------------------------------------------
                                  0.000000    0.000000   clock gpio_in[38] (rise edge)
                                  0.000000    0.000000   clock source latency
     2    0.090726    0.412544    0.299203    0.299203 ^ gpio_in[38] (in)
                                                         gpio_in[38] (net)
                      0.416241    0.000000    0.299203 ^ clkbuf_0_gpio_in[38]/A (sky130_fd_sc_hd__clkbuf_16)
     5    0.060592    0.084005    0.257875    0.557078 ^ clkbuf_0_gpio_in[38]/X (sky130_fd_sc_hd__clkbuf_16)
                                                         clknet_0_gpio_in[38] (net)
                      0.084375    0.003561    0.560638 ^ clkbuf_1_1__f_gpio_in[38]/A (sky130_fd_sc_hd__clkbuf_16)
    19    0.066215    0.083993    0.172486    0.733124 ^ clkbuf_1_1__f_gpio_in[38]/X (sky130_fd_sc_hd__clkbuf_16)
                                                         clknet_1_1__leaf_gpio_in[38] (net)
                      0.085507    0.008757    0.741881 ^ _104_/CLK (sky130_fd_sc_hd__dfrtp_1)
     3    0.008013    0.063619    0.396930    1.138811 v _104_/Q (sky130_fd_sc_hd__dfrtp_1)
                                                         gpio_22_37_output[35].cfg.gpio_out_val (net)
                      0.063619    0.000066    1.138878 v _676_/A (sky130_fd_sc_hd__clkbuf_2)
     3    0.026655    0.105362    0.174517    1.313394 v _676_/X (sky130_fd_sc_hd__clkbuf_2)
                                                         net25 (net)
                      0.105421    0.002286    1.315680 v output25/A (sky130_fd_sc_hd__buf_2)
     1    0.034453    0.089803    0.207928    1.523608 v output25/X (sky130_fd_sc_hd__buf_2)
                                                         gpio_out[35] (net)
                      0.089804    0.000421    1.524030 v gpio_out[35] (out)
                                              1.524030   data arrival time

                                  0.000000    0.000000   clock gpio_in[38] (rise edge)
                                  0.000000    0.000000   clock network delay (propagated)
                                  0.250000    0.250000   clock uncertainty
                                  0.000000    0.250000   clock reconvergence pessimism
                                 -5.000000   -4.750000   output external delay
                                             -4.750000   data required time
---------------------------------------------------------------------------------------------
                                             -4.750000   data required time
                                             -1.524030   data arrival time
---------------------------------------------------------------------------------------------
                                              6.274030   slack (MET)


Startpoint: _105_ (rising edge-triggered flip-flop clocked by gpio_in[38])
Endpoint: gpio_out[36] (output port clocked by gpio_in[38])
Path Group: gpio_in[38]
Path Type: min

Fanout         Cap        Slew       Delay        Time   Description
---------------------------------------------------------------------------------------------
                                  0.000000    0.000000   clock gpio_in[38] (rise edge)
                                  0.000000    0.000000   clock source latency
     2    0.090726    0.412544    0.299203    0.299203 ^ gpio_in[38] (in)
                                                         gpio_in[38] (net)
                      0.416241    0.000000    0.299203 ^ clkbuf_0_gpio_in[38]/A (sky130_fd_sc_hd__clkbuf_16)
     5    0.060592    0.084005    0.257875    0.557078 ^ clkbuf_0_gpio_in[38]/X (sky130_fd_sc_hd__clkbuf_16)
                                                         clknet_0_gpio_in[38] (net)
                      0.084375    0.003561    0.560638 ^ clkbuf_1_1__f_gpio_in[38]/A (sky130_fd_sc_hd__clkbuf_16)
    19    0.066215    0.083993    0.172486    0.733124 ^ clkbuf_1_1__f_gpio_in[38]/X (sky130_fd_sc_hd__clkbuf_16)
                                                         clknet_1_1__leaf_gpio_in[38] (net)
                      0.085511    0.008767    0.741891 ^ _105_/CLK (sky130_fd_sc_hd__dfrtp_1)
     3    0.008517    0.065662    0.399626    1.141516 v _105_/Q (sky130_fd_sc_hd__dfrtp_1)
                                                         gpio_22_37_output[36].cfg.gpio_out_val (net)
                      0.065662    0.000104    1.141620 v _677_/A (sky130_fd_sc_hd__clkbuf_1)
     3    0.020508    0.122229    0.172932    1.314552 v _677_/X (sky130_fd_sc_hd__clkbuf_1)
                                                         net26 (net)
                      0.122245    0.001421    1.315973 v output26/A (sky130_fd_sc_hd__buf_2)
     1    0.034468    0.089852    0.215609    1.531582 v output26/X (sky130_fd_sc_hd__buf_2)
                                                         gpio_out[36] (net)
                      0.089853    0.000422    1.532004 v gpio_out[36] (out)
                                              1.532004   data arrival time

                                  0.000000    0.000000   clock gpio_in[38] (rise edge)
                                  0.000000    0.000000   clock network delay (propagated)
                                  0.250000    0.250000   clock uncertainty
                                  0.000000    0.250000   clock reconvergence pessimism
                                 -5.000000   -4.750000   output external delay
                                             -4.750000   data required time
---------------------------------------------------------------------------------------------
                                             -4.750000   data required time
                                             -1.532004   data arrival time
---------------------------------------------------------------------------------------------
                                              6.282003   slack (MET)


Startpoint: _088_ (rising edge-triggered flip-flop clocked by gpio_in[38])
Endpoint: gpio_out[3] (output port clocked by gpio_in[38])
Path Group: gpio_in[38]
Path Type: min

Fanout         Cap        Slew       Delay        Time   Description
---------------------------------------------------------------------------------------------
                                  0.000000    0.000000   clock gpio_in[38] (rise edge)
                                  0.000000    0.000000   clock source latency
     2    0.090726    0.412544    0.299203    0.299203 ^ gpio_in[38] (in)
                                                         gpio_in[38] (net)
                      0.416241    0.000000    0.299203 ^ clkbuf_0_gpio_in[38]/A (sky130_fd_sc_hd__clkbuf_16)
     5    0.060592    0.084005    0.257875    0.557078 ^ clkbuf_0_gpio_in[38]/X (sky130_fd_sc_hd__clkbuf_16)
                                                         clknet_0_gpio_in[38] (net)
                      0.084390    0.003672    0.560750 ^ clkbuf_1_0__f_gpio_in[38]/A (sky130_fd_sc_hd__clkbuf_16)
    25    0.077277    0.095564    0.177631    0.738381 ^ clkbuf_1_0__f_gpio_in[38]/X (sky130_fd_sc_hd__clkbuf_16)
                                                         clknet_1_0__leaf_gpio_in[38] (net)
                      0.098399    0.012828    0.751209 ^ _088_/CLK (sky130_fd_sc_hd__dfrtp_1)
     5    0.012596    0.081746    0.422002    1.173211 v _088_/Q (sky130_fd_sc_hd__dfrtp_1)
                                                         gpio_18_21_bidir[19].cfg.gpio_out_val (net)
                      0.081746    0.000155    1.173366 v _656_/A (sky130_fd_sc_hd__buf_1)
     1    0.015812    0.096530    0.160662    1.334028 v _656_/X (sky130_fd_sc_hd__buf_1)
                                                         net28 (net)
                      0.096537    0.000911    1.334939 v output28/A (sky130_fd_sc_hd__buf_2)
     1    0.034256    0.089334    0.203579    1.538518 v output28/X (sky130_fd_sc_hd__buf_2)
                                                         gpio_out[3] (net)
                      0.089335    0.000345    1.538863 v gpio_out[3] (out)
                                              1.538863   data arrival time

                                  0.000000    0.000000   clock gpio_in[38] (rise edge)
                                  0.000000    0.000000   clock network delay (propagated)
                                  0.250000    0.250000   clock uncertainty
                                  0.000000    0.250000   clock reconvergence pessimism
                                 -5.000000   -4.750000   output external delay
                                             -4.750000   data required time
---------------------------------------------------------------------------------------------
                                             -4.750000   data required time
                                             -1.538863   data arrival time
---------------------------------------------------------------------------------------------
                                              6.288863   slack (MET)


Startpoint: _095_ (rising edge-triggered flip-flop clocked by gpio_in[38])
Endpoint: gpio_out[26] (output port clocked by gpio_in[38])
Path Group: gpio_in[38]
Path Type: min

Fanout         Cap        Slew       Delay        Time   Description
---------------------------------------------------------------------------------------------
                                  0.000000    0.000000   clock gpio_in[38] (rise edge)
                                  0.000000    0.000000   clock source latency
     2    0.090726    0.412544    0.299203    0.299203 ^ gpio_in[38] (in)
                                                         gpio_in[38] (net)
                      0.416241    0.000000    0.299203 ^ clkbuf_0_gpio_in[38]/A (sky130_fd_sc_hd__clkbuf_16)
     5    0.060592    0.084005    0.257875    0.557078 ^ clkbuf_0_gpio_in[38]/X (sky130_fd_sc_hd__clkbuf_16)
                                                         clknet_0_gpio_in[38] (net)
                      0.084390    0.003672    0.560750 ^ clkbuf_1_0__f_gpio_in[38]/A (sky130_fd_sc_hd__clkbuf_16)
    25    0.077277    0.095564    0.177631    0.738381 ^ clkbuf_1_0__f_gpio_in[38]/X (sky130_fd_sc_hd__clkbuf_16)
                                                         clknet_1_0__leaf_gpio_in[38] (net)
                      0.097740    0.011242    0.749623 ^ _095_/CLK (sky130_fd_sc_hd__dfrtp_2)
     3    0.010820    0.059954    0.429997    1.179620 v _095_/Q (sky130_fd_sc_hd__dfrtp_2)
                                                         gpio_22_37_output[26].cfg.gpio_out_val (net)
                      0.059954    0.000099    1.179719 v _667_/A (sky130_fd_sc_hd__buf_6)
     3    0.095646    0.086301    0.172803    1.352522 v _667_/X (sky130_fd_sc_hd__buf_6)
                                                         net15 (net)
                      0.108882    0.033545    1.386067 v output15/A (sky130_fd_sc_hd__buf_2)
     1    0.034382    0.089647    0.209382    1.595449 v output15/X (sky130_fd_sc_hd__buf_2)
                                                         gpio_out[26] (net)
                      0.089648    0.000406    1.595855 v gpio_out[26] (out)
                                              1.595855   data arrival time

                                  0.000000    0.000000   clock gpio_in[38] (rise edge)
                                  0.000000    0.000000   clock network delay (propagated)
                                  0.250000    0.250000   clock uncertainty
                                  0.000000    0.250000   clock reconvergence pessimism
                                 -5.000000   -4.750000   output external delay
                                             -4.750000   data required time
---------------------------------------------------------------------------------------------
                                             -4.750000   data required time
                                             -1.595855   data arrival time
---------------------------------------------------------------------------------------------
                                              6.345855   slack (MET)


Startpoint: gpio_in[0] (input port clocked by gpio_in[38])
Endpoint: gpio_oeb[19] (output port clocked by gpio_in[38])
Path Group: gpio_in[38]
Path Type: min

Fanout         Cap        Slew       Delay        Time   Description
---------------------------------------------------------------------------------------------
                                  0.000000    0.000000   clock gpio_in[38] (rise edge)
                                  0.000000    0.000000   clock network delay (propagated)
                                  5.000000    5.000000 ^ input external delay
     2    0.004124    0.025475    0.014927    5.014927 ^ gpio_in[0] (in)
                                                         gpio_in[0] (net)
                      0.025475    0.000000    5.014927 ^ input1/A (sky130_fd_sc_hd__clkbuf_4)
     3    0.044718    0.142055    0.196132    5.211059 ^ input1/X (sky130_fd_sc_hd__clkbuf_4)
                                                         net1 (net)
                      0.142703    0.007756    5.218815 ^ _044_/A (sky130_fd_sc_hd__inv_2)
     9    0.043602    0.105843    0.127902    5.346716 v _044_/Y (sky130_fd_sc_hd__inv_2)
                                                         bidir_oeb (net)
                      0.106511    0.006822    5.353538 v _652_/A (sky130_fd_sc_hd__clkbuf_1)
     1    0.001952    0.022877    0.109701    5.463239 v _652_/X (sky130_fd_sc_hd__clkbuf_1)
                                                         net4 (net)
                      0.022877    0.000017    5.463256 v output4/A (sky130_fd_sc_hd__buf_2)
     1    0.034256    0.089502    0.170802    5.634058 v output4/X (sky130_fd_sc_hd__buf_2)
                                                         gpio_oeb[19] (net)
                      0.089503    0.000345    5.634403 v gpio_oeb[19] (out)
                                              5.634403   data arrival time

                                  0.000000    0.000000   clock gpio_in[38] (rise edge)
                                  0.000000    0.000000   clock network delay (propagated)
                                  0.250000    0.250000   clock uncertainty
                                  0.000000    0.250000   clock reconvergence pessimism
                                 -5.000000   -4.750000   output external delay
                                             -4.750000   data required time
---------------------------------------------------------------------------------------------
                                             -4.750000   data required time
                                             -5.634403   data arrival time
---------------------------------------------------------------------------------------------
                                             10.384403   slack (MET)


Startpoint: gpio_in[0] (input port clocked by gpio_in[38])
Endpoint: gpio_oeb[20] (output port clocked by gpio_in[38])
Path Group: gpio_in[38]
Path Type: min

Fanout         Cap        Slew       Delay        Time   Description
---------------------------------------------------------------------------------------------
                                  0.000000    0.000000   clock gpio_in[38] (rise edge)
                                  0.000000    0.000000   clock network delay (propagated)
                                  5.000000    5.000000 ^ input external delay
     2    0.004124    0.025475    0.014927    5.014927 ^ gpio_in[0] (in)
                                                         gpio_in[0] (net)
                      0.025475    0.000000    5.014927 ^ input1/A (sky130_fd_sc_hd__clkbuf_4)
     3    0.044718    0.142055    0.196132    5.211059 ^ input1/X (sky130_fd_sc_hd__clkbuf_4)
                                                         net1 (net)
                      0.142703    0.007756    5.218815 ^ _044_/A (sky130_fd_sc_hd__inv_2)
     9    0.043602    0.105843    0.127902    5.346716 v _044_/Y (sky130_fd_sc_hd__inv_2)
                                                         bidir_oeb (net)
                      0.106506    0.006793    5.353510 v _653_/A (sky130_fd_sc_hd__clkbuf_1)
     1    0.001953    0.022883    0.109705    5.463215 v _653_/X (sky130_fd_sc_hd__clkbuf_1)
                                                         net5 (net)
                      0.022883    0.000017    5.463232 v output5/A (sky130_fd_sc_hd__buf_2)
     1    0.034315    0.089635    0.170907    5.634139 v output5/X (sky130_fd_sc_hd__buf_2)
                                                         gpio_oeb[20] (net)
                      0.089636    0.000357    5.634495 v gpio_oeb[20] (out)
                                              5.634495   data arrival time

                                  0.000000    0.000000   clock gpio_in[38] (rise edge)
                                  0.000000    0.000000   clock network delay (propagated)
                                  0.250000    0.250000   clock uncertainty
                                  0.000000    0.250000   clock reconvergence pessimism
                                 -5.000000   -4.750000   output external delay
                                             -4.750000   data required time
---------------------------------------------------------------------------------------------
                                             -4.750000   data required time
                                             -5.634495   data arrival time
---------------------------------------------------------------------------------------------
                                             10.384496   slack (MET)


Startpoint: gpio_in[0] (input port clocked by gpio_in[38])
Endpoint: gpio_oeb[18] (output port clocked by gpio_in[38])
Path Group: gpio_in[38]
Path Type: min

Fanout         Cap        Slew       Delay        Time   Description
---------------------------------------------------------------------------------------------
                                  0.000000    0.000000   clock gpio_in[38] (rise edge)
                                  0.000000    0.000000   clock network delay (propagated)
                                  5.000000    5.000000 ^ input external delay
     2    0.004124    0.025475    0.014927    5.014927 ^ gpio_in[0] (in)
                                                         gpio_in[0] (net)
                      0.025475    0.000000    5.014927 ^ input1/A (sky130_fd_sc_hd__clkbuf_4)
     3    0.044718    0.142055    0.196132    5.211059 ^ input1/X (sky130_fd_sc_hd__clkbuf_4)
                                                         net1 (net)
                      0.142703    0.007756    5.218815 ^ _044_/A (sky130_fd_sc_hd__inv_2)
     9    0.043602    0.105843    0.127902    5.346716 v _044_/Y (sky130_fd_sc_hd__inv_2)
                                                         bidir_oeb (net)
                      0.106426    0.006390    5.353106 v _651_/A (sky130_fd_sc_hd__clkbuf_1)
     1    0.002320    0.024711    0.111724    5.464830 v _651_/X (sky130_fd_sc_hd__clkbuf_1)
                                                         net3 (net)
                      0.024711    0.000023    5.464853 v output3/A (sky130_fd_sc_hd__buf_2)
     1    0.034319    0.089632    0.171696    5.636549 v output3/X (sky130_fd_sc_hd__buf_2)
                                                         gpio_oeb[18] (net)
                      0.089633    0.000357    5.636906 v gpio_oeb[18] (out)
                                              5.636906   data arrival time

                                  0.000000    0.000000   clock gpio_in[38] (rise edge)
                                  0.000000    0.000000   clock network delay (propagated)
                                  0.250000    0.250000   clock uncertainty
                                  0.000000    0.250000   clock reconvergence pessimism
                                 -5.000000   -4.750000   output external delay
                                             -4.750000   data required time
---------------------------------------------------------------------------------------------
                                             -4.750000   data required time
                                             -5.636906   data arrival time
---------------------------------------------------------------------------------------------
                                             10.386906   slack (MET)


Startpoint: gpio_in[0] (input port clocked by gpio_in[38])
Endpoint: gpio_oeb[21] (output port clocked by gpio_in[38])
Path Group: gpio_in[38]
Path Type: min

Fanout         Cap        Slew       Delay        Time   Description
---------------------------------------------------------------------------------------------
                                  0.000000    0.000000   clock gpio_in[38] (rise edge)
                                  0.000000    0.000000   clock network delay (propagated)
                                  5.000000    5.000000 ^ input external delay
     2    0.004124    0.025475    0.014927    5.014927 ^ gpio_in[0] (in)
                                                         gpio_in[0] (net)
                      0.025475    0.000000    5.014927 ^ input1/A (sky130_fd_sc_hd__clkbuf_4)
     3    0.044718    0.142055    0.196132    5.211059 ^ input1/X (sky130_fd_sc_hd__clkbuf_4)
                                                         net1 (net)
                      0.142703    0.007756    5.218815 ^ _044_/A (sky130_fd_sc_hd__inv_2)
     9    0.043602    0.105843    0.127902    5.346716 v _044_/Y (sky130_fd_sc_hd__inv_2)
                                                         bidir_oeb (net)
                      0.106512    0.006823    5.353539 v _654_/A (sky130_fd_sc_hd__clkbuf_1)
     1    0.005439    0.040728    0.127070    5.480609 v _654_/X (sky130_fd_sc_hd__clkbuf_1)
                                                         net6 (net)
                      0.040728    0.000117    5.480727 v output6/A (sky130_fd_sc_hd__buf_2)
     1    0.034319    0.089518    0.178596    5.659323 v output6/X (sky130_fd_sc_hd__buf_2)
                                                         gpio_oeb[21] (net)
                      0.089518    0.000357    5.659679 v gpio_oeb[21] (out)
                                              5.659679   data arrival time

                                  0.000000    0.000000   clock gpio_in[38] (rise edge)
                                  0.000000    0.000000   clock network delay (propagated)
                                  0.250000    0.250000   clock uncertainty
                                  0.000000    0.250000   clock reconvergence pessimism
                                 -5.000000   -4.750000   output external delay
                                             -4.750000   data required time
---------------------------------------------------------------------------------------------
                                             -4.750000   data required time
                                             -5.659679   data arrival time
---------------------------------------------------------------------------------------------
                                             10.409679   slack (MET)



