
===========================================================================
report_checks -path_delay max (Setup)
============================================================================
======================= min_ff_n40C_1v95 Corner ===================================

Startpoint: gpio_in[0] (input port clocked by gpio_in[38])
Endpoint: gpio_oeb[21] (output port clocked by gpio_in[38])
Path Group: gpio_in[38]
Path Type: max

Fanout         Cap        Slew       Delay        Time   Description
---------------------------------------------------------------------------------------------
                                  0.000000    0.000000   clock gpio_in[38] (rise edge)
                                  0.000000    0.000000   clock network delay (propagated)
                                  5.000000    5.000000 v input external delay
     2    0.003783    0.006172    0.003118    5.003118 v gpio_in[0] (in)
                                                         gpio_in[0] (net)
                      0.006172    0.000000    5.003118 v input1/A (sky130_fd_sc_hd__clkbuf_4)
     3    0.044105    0.069840    0.120543    5.123661 v input1/X (sky130_fd_sc_hd__clkbuf_4)
                                                         net1 (net)
                      0.071117    0.007531    5.131192 v _044_/A (sky130_fd_sc_hd__inv_2)
     9    0.044306    0.154150    0.138484    5.269676 ^ _044_/Y (sky130_fd_sc_hd__inv_2)
                                                         bidir_oeb (net)
                      0.154628    0.007020    5.276696 ^ _654_/A (sky130_fd_sc_hd__clkbuf_1)
     1    0.005670    0.056746    0.077514    5.354210 ^ _654_/X (sky130_fd_sc_hd__clkbuf_1)
                                                         net6 (net)
                      0.056746    0.000123    5.354333 ^ output6/A (sky130_fd_sc_hd__buf_2)
     1    0.034319    0.128267    0.145092    5.499425 ^ output6/X (sky130_fd_sc_hd__buf_2)
                                                         gpio_oeb[21] (net)
                      0.128305    0.000357    5.499782 ^ gpio_oeb[21] (out)
                                              5.499782   data arrival time

                                 25.000000   25.000000   clock gpio_in[38] (rise edge)
                                  0.000000   25.000000   clock network delay (propagated)
                                 -0.250000   24.750000   clock uncertainty
                                  0.000000   24.750000   clock reconvergence pessimism
                                 -5.000000   19.750000   output external delay
                                             19.750000   data required time
---------------------------------------------------------------------------------------------
                                             19.750000   data required time
                                             -5.499782   data arrival time
---------------------------------------------------------------------------------------------
                                             14.250217   slack (MET)


Startpoint: gpio_in[0] (input port clocked by gpio_in[38])
Endpoint: gpio_oeb[18] (output port clocked by gpio_in[38])
Path Group: gpio_in[38]
Path Type: max

Fanout         Cap        Slew       Delay        Time   Description
---------------------------------------------------------------------------------------------
                                  0.000000    0.000000   clock gpio_in[38] (rise edge)
                                  0.000000    0.000000   clock network delay (propagated)
                                  5.000000    5.000000 v input external delay
     2    0.003783    0.006172    0.003118    5.003118 v gpio_in[0] (in)
                                                         gpio_in[0] (net)
                      0.006172    0.000000    5.003118 v input1/A (sky130_fd_sc_hd__clkbuf_4)
     3    0.044105    0.069840    0.120543    5.123661 v input1/X (sky130_fd_sc_hd__clkbuf_4)
                                                         net1 (net)
                      0.071117    0.007531    5.131192 v _044_/A (sky130_fd_sc_hd__inv_2)
     9    0.044306    0.154150    0.138484    5.269676 ^ _044_/Y (sky130_fd_sc_hd__inv_2)
                                                         bidir_oeb (net)
                      0.154566    0.006566    5.276242 ^ _651_/A (sky130_fd_sc_hd__clkbuf_1)
     1    0.002551    0.031781    0.058995    5.335237 ^ _651_/X (sky130_fd_sc_hd__clkbuf_1)
                                                         net3 (net)
                      0.031781    0.000025    5.335262 ^ output3/A (sky130_fd_sc_hd__buf_2)
     1    0.034319    0.128386    0.137792    5.473054 ^ output3/X (sky130_fd_sc_hd__buf_2)
                                                         gpio_oeb[18] (net)
                      0.128387    0.000357    5.473410 ^ gpio_oeb[18] (out)
                                              5.473410   data arrival time

                                 25.000000   25.000000   clock gpio_in[38] (rise edge)
                                  0.000000   25.000000   clock network delay (propagated)
                                 -0.250000   24.750000   clock uncertainty
                                  0.000000   24.750000   clock reconvergence pessimism
                                 -5.000000   19.750000   output external delay
                                             19.750000   data required time
---------------------------------------------------------------------------------------------
                                             19.750000   data required time
                                             -5.473410   data arrival time
---------------------------------------------------------------------------------------------
                                             14.276589   slack (MET)


Startpoint: gpio_in[0] (input port clocked by gpio_in[38])
Endpoint: gpio_oeb[20] (output port clocked by gpio_in[38])
Path Group: gpio_in[38]
Path Type: max

Fanout         Cap        Slew       Delay        Time   Description
---------------------------------------------------------------------------------------------
                                  0.000000    0.000000   clock gpio_in[38] (rise edge)
                                  0.000000    0.000000   clock network delay (propagated)
                                  5.000000    5.000000 v input external delay
     2    0.003783    0.006172    0.003118    5.003118 v gpio_in[0] (in)
                                                         gpio_in[0] (net)
                      0.006172    0.000000    5.003118 v input1/A (sky130_fd_sc_hd__clkbuf_4)
     3    0.044105    0.069840    0.120543    5.123661 v input1/X (sky130_fd_sc_hd__clkbuf_4)
                                                         net1 (net)
                      0.071117    0.007531    5.131192 v _044_/A (sky130_fd_sc_hd__inv_2)
     9    0.044306    0.154150    0.138484    5.269676 ^ _044_/Y (sky130_fd_sc_hd__inv_2)
                                                         bidir_oeb (net)
                      0.154624    0.006988    5.276664 ^ _653_/A (sky130_fd_sc_hd__clkbuf_1)
     1    0.002184    0.029088    0.056780    5.333445 ^ _653_/X (sky130_fd_sc_hd__clkbuf_1)
                                                         net5 (net)
                      0.029088    0.000019    5.333464 ^ output5/A (sky130_fd_sc_hd__buf_2)
     1    0.034315    0.128381    0.136967    5.470431 ^ output5/X (sky130_fd_sc_hd__buf_2)
                                                         gpio_oeb[20] (net)
                      0.128382    0.000357    5.470788 ^ gpio_oeb[20] (out)
                                              5.470788   data arrival time

                                 25.000000   25.000000   clock gpio_in[38] (rise edge)
                                  0.000000   25.000000   clock network delay (propagated)
                                 -0.250000   24.750000   clock uncertainty
                                  0.000000   24.750000   clock reconvergence pessimism
                                 -5.000000   19.750000   output external delay
                                             19.750000   data required time
---------------------------------------------------------------------------------------------
                                             19.750000   data required time
                                             -5.470788   data arrival time
---------------------------------------------------------------------------------------------
                                             14.279212   slack (MET)


Startpoint: gpio_in[0] (input port clocked by gpio_in[38])
Endpoint: gpio_oeb[19] (output port clocked by gpio_in[38])
Path Group: gpio_in[38]
Path Type: max

Fanout         Cap        Slew       Delay        Time   Description
---------------------------------------------------------------------------------------------
                                  0.000000    0.000000   clock gpio_in[38] (rise edge)
                                  0.000000    0.000000   clock network delay (propagated)
                                  5.000000    5.000000 v input external delay
     2    0.003783    0.006172    0.003118    5.003118 v gpio_in[0] (in)
                                                         gpio_in[0] (net)
                      0.006172    0.000000    5.003118 v input1/A (sky130_fd_sc_hd__clkbuf_4)
     3    0.044105    0.069840    0.120543    5.123661 v input1/X (sky130_fd_sc_hd__clkbuf_4)
                                                         net1 (net)
                      0.071117    0.007531    5.131192 v _044_/A (sky130_fd_sc_hd__inv_2)
     9    0.044306    0.154150    0.138484    5.269676 ^ _044_/Y (sky130_fd_sc_hd__inv_2)
                                                         bidir_oeb (net)
                      0.154628    0.007018    5.276694 ^ _652_/A (sky130_fd_sc_hd__clkbuf_1)
     1    0.002183    0.029079    0.056773    5.333467 ^ _652_/X (sky130_fd_sc_hd__clkbuf_1)
                                                         net4 (net)
                      0.029079    0.000019    5.333486 ^ output4/A (sky130_fd_sc_hd__buf_2)
     1    0.034256    0.128168    0.136827    5.470313 ^ output4/X (sky130_fd_sc_hd__buf_2)
                                                         gpio_oeb[19] (net)
                      0.128169    0.000345    5.470657 ^ gpio_oeb[19] (out)
                                              5.470657   data arrival time

                                 25.000000   25.000000   clock gpio_in[38] (rise edge)
                                  0.000000   25.000000   clock network delay (propagated)
                                 -0.250000   24.750000   clock uncertainty
                                  0.000000   24.750000   clock reconvergence pessimism
                                 -5.000000   19.750000   output external delay
                                             19.750000   data required time
---------------------------------------------------------------------------------------------
                                             19.750000   data required time
                                             -5.470657   data arrival time
---------------------------------------------------------------------------------------------
                                             14.279343   slack (MET)


Startpoint: _095_ (rising edge-triggered flip-flop clocked by gpio_in[38])
Endpoint: gpio_out[26] (output port clocked by gpio_in[38])
Path Group: gpio_in[38]
Path Type: max

Fanout         Cap        Slew       Delay        Time   Description
---------------------------------------------------------------------------------------------
                                  0.000000    0.000000   clock gpio_in[38] (rise edge)
                                  0.000000    0.000000   clock source latency
     2    0.090700    0.308256    0.227280    0.227280 ^ gpio_in[38] (in)
                                                         gpio_in[38] (net)
                      0.313233    0.000000    0.227280 ^ clkbuf_0_gpio_in[38]/A (sky130_fd_sc_hd__clkbuf_16)
     5    0.060445    0.064892    0.155354    0.382634 ^ clkbuf_0_gpio_in[38]/X (sky130_fd_sc_hd__clkbuf_16)
                                                         clknet_0_gpio_in[38] (net)
                      0.065246    0.003664    0.386298 ^ clkbuf_1_0__f_gpio_in[38]/A (sky130_fd_sc_hd__clkbuf_16)
    25    0.077004    0.072445    0.120922    0.507220 ^ clkbuf_1_0__f_gpio_in[38]/X (sky130_fd_sc_hd__clkbuf_16)
                                                         clknet_1_0__leaf_gpio_in[38] (net)
                      0.075368    0.011131    0.518352 ^ _095_/CLK (sky130_fd_sc_hd__dfrtp_2)
     3    0.011772    0.054383    0.246280    0.764632 ^ _095_/Q (sky130_fd_sc_hd__dfrtp_2)
                                                         gpio_22_37_output[26].cfg.gpio_out_val (net)
                      0.054383    0.000109    0.764740 ^ _667_/A (sky130_fd_sc_hd__buf_6)
     3    0.095773    0.143651    0.139348    0.904088 ^ _667_/X (sky130_fd_sc_hd__buf_6)
                                                         net15 (net)
                      0.158361    0.035133    0.939221 ^ output15/A (sky130_fd_sc_hd__buf_2)
     1    0.034382    0.128674    0.163999    1.103220 ^ output15/X (sky130_fd_sc_hd__buf_2)
                                                         gpio_out[26] (net)
                      0.128674    0.000406    1.103626 ^ gpio_out[26] (out)
                                              1.103626   data arrival time

                                 25.000000   25.000000   clock gpio_in[38] (rise edge)
                                  0.000000   25.000000   clock network delay (propagated)
                                 -0.250000   24.750000   clock uncertainty
                                  0.000000   24.750000   clock reconvergence pessimism
                                 -5.000000   19.750000   output external delay
                                             19.750000   data required time
---------------------------------------------------------------------------------------------
                                             19.750000   data required time
                                             -1.103626   data arrival time
---------------------------------------------------------------------------------------------
                                             18.646374   slack (MET)


Startpoint: _088_ (rising edge-triggered flip-flop clocked by gpio_in[38])
Endpoint: gpio_out[3] (output port clocked by gpio_in[38])
Path Group: gpio_in[38]
Path Type: max

Fanout         Cap        Slew       Delay        Time   Description
---------------------------------------------------------------------------------------------
                                  0.000000    0.000000   clock gpio_in[38] (rise edge)
                                  0.000000    0.000000   clock source latency
     2    0.090700    0.308256    0.227280    0.227280 ^ gpio_in[38] (in)
                                                         gpio_in[38] (net)
                      0.313233    0.000000    0.227280 ^ clkbuf_0_gpio_in[38]/A (sky130_fd_sc_hd__clkbuf_16)
     5    0.060445    0.064892    0.155354    0.382634 ^ clkbuf_0_gpio_in[38]/X (sky130_fd_sc_hd__clkbuf_16)
                                                         clknet_0_gpio_in[38] (net)
                      0.065246    0.003664    0.386298 ^ clkbuf_1_0__f_gpio_in[38]/A (sky130_fd_sc_hd__clkbuf_16)
    25    0.077004    0.072445    0.120922    0.507220 ^ clkbuf_1_0__f_gpio_in[38]/X (sky130_fd_sc_hd__clkbuf_16)
                                                         clknet_1_0__leaf_gpio_in[38] (net)
                      0.076206    0.012676    0.519897 ^ _088_/CLK (sky130_fd_sc_hd__dfrtp_1)
     5    0.013839    0.098012    0.262464    0.782361 ^ _088_/Q (sky130_fd_sc_hd__dfrtp_1)
                                                         gpio_18_21_bidir[19].cfg.gpio_out_val (net)
                      0.098012    0.000171    0.782532 ^ _656_/A (sky130_fd_sc_hd__buf_1)
     1    0.016043    0.144190    0.136929    0.919462 ^ _656_/X (sky130_fd_sc_hd__buf_1)
                                                         net28 (net)
                      0.144199    0.000932    0.920393 ^ output28/A (sky130_fd_sc_hd__buf_2)
     1    0.034256    0.128152    0.162268    1.082661 ^ output28/X (sky130_fd_sc_hd__buf_2)
                                                         gpio_out[3] (net)
                      0.128152    0.000345    1.083006 ^ gpio_out[3] (out)
                                              1.083006   data arrival time

                                 25.000000   25.000000   clock gpio_in[38] (rise edge)
                                  0.000000   25.000000   clock network delay (propagated)
                                 -0.250000   24.750000   clock uncertainty
                                  0.000000   24.750000   clock reconvergence pessimism
                                 -5.000000   19.750000   output external delay
                                             19.750000   data required time
---------------------------------------------------------------------------------------------
                                             19.750000   data required time
                                             -1.083006   data arrival time
---------------------------------------------------------------------------------------------
                                             18.666994   slack (MET)


Startpoint: _105_ (rising edge-triggered flip-flop clocked by gpio_in[38])
Endpoint: gpio_out[36] (output port clocked by gpio_in[38])
Path Group: gpio_in[38]
Path Type: max

Fanout         Cap        Slew       Delay        Time   Description
---------------------------------------------------------------------------------------------
                                  0.000000    0.000000   clock gpio_in[38] (rise edge)
                                  0.000000    0.000000   clock source latency
     2    0.090700    0.308256    0.227280    0.227280 ^ gpio_in[38] (in)
                                                         gpio_in[38] (net)
                      0.313233    0.000000    0.227280 ^ clkbuf_0_gpio_in[38]/A (sky130_fd_sc_hd__clkbuf_16)
     5    0.060445    0.064892    0.155354    0.382634 ^ clkbuf_0_gpio_in[38]/X (sky130_fd_sc_hd__clkbuf_16)
                                                         clknet_0_gpio_in[38] (net)
                      0.065227    0.003553    0.386187 ^ clkbuf_1_1__f_gpio_in[38]/A (sky130_fd_sc_hd__clkbuf_16)
    19    0.065981    0.063940    0.117709    0.503896 ^ clkbuf_1_1__f_gpio_in[38]/X (sky130_fd_sc_hd__clkbuf_16)
                                                         clknet_1_1__leaf_gpio_in[38] (net)
                      0.065960    0.008700    0.512595 ^ _105_/CLK (sky130_fd_sc_hd__dfrtp_1)
     3    0.009184    0.069546    0.238286    0.750882 ^ _105_/Q (sky130_fd_sc_hd__dfrtp_1)
                                                         gpio_22_37_output[36].cfg.gpio_out_val (net)
                      0.069546    0.000113    0.750995 ^ _677_/A (sky130_fd_sc_hd__clkbuf_1)
     3    0.020635    0.183579    0.161652    0.912647 ^ _677_/X (sky130_fd_sc_hd__clkbuf_1)
                                                         net26 (net)
                      0.183596    0.001439    0.914086 ^ output26/A (sky130_fd_sc_hd__buf_2)
     1    0.034468    0.129099    0.166805    1.080891 ^ output26/X (sky130_fd_sc_hd__buf_2)
                                                         gpio_out[36] (net)
                      0.129099    0.000422    1.081313 ^ gpio_out[36] (out)
                                              1.081313   data arrival time

                                 25.000000   25.000000   clock gpio_in[38] (rise edge)
                                  0.000000   25.000000   clock network delay (propagated)
                                 -0.250000   24.750000   clock uncertainty
                                  0.000000   24.750000   clock reconvergence pessimism
                                 -5.000000   19.750000   output external delay
                                             19.750000   data required time
---------------------------------------------------------------------------------------------
                                             19.750000   data required time
                                             -1.081313   data arrival time
---------------------------------------------------------------------------------------------
                                             18.668686   slack (MET)


Startpoint: _096_ (rising edge-triggered flip-flop clocked by gpio_in[38])
Endpoint: gpio_out[27] (output port clocked by gpio_in[38])
Path Group: gpio_in[38]
Path Type: max

Fanout         Cap        Slew       Delay        Time   Description
---------------------------------------------------------------------------------------------
                                  0.000000    0.000000   clock gpio_in[38] (rise edge)
                                  0.000000    0.000000   clock source latency
     2    0.090700    0.308256    0.227280    0.227280 ^ gpio_in[38] (in)
                                                         gpio_in[38] (net)
                      0.313233    0.000000    0.227280 ^ clkbuf_0_gpio_in[38]/A (sky130_fd_sc_hd__clkbuf_16)
     5    0.060445    0.064892    0.155354    0.382634 ^ clkbuf_0_gpio_in[38]/X (sky130_fd_sc_hd__clkbuf_16)
                                                         clknet_0_gpio_in[38] (net)
                      0.065246    0.003664    0.386298 ^ clkbuf_1_0__f_gpio_in[38]/A (sky130_fd_sc_hd__clkbuf_16)
    25    0.077004    0.072445    0.120922    0.507220 ^ clkbuf_1_0__f_gpio_in[38]/X (sky130_fd_sc_hd__clkbuf_16)
                                                         clknet_1_0__leaf_gpio_in[38] (net)
                      0.076017    0.012342    0.519562 ^ _096_/CLK (sky130_fd_sc_hd__dfrtp_1)
     4    0.011275    0.081797    0.250861    0.770423 ^ _096_/Q (sky130_fd_sc_hd__dfrtp_1)
                                                         gpio_22_37_output[27].cfg.gpio_out_val (net)
                      0.081797    0.000098    0.770522 ^ _668_/A (sky130_fd_sc_hd__buf_1)
     1    0.013135    0.119407    0.118861    0.889382 ^ _668_/X (sky130_fd_sc_hd__buf_1)
                                                         net16 (net)
                      0.119412    0.000604    0.889987 ^ output16/A (sky130_fd_sc_hd__buf_2)
     1    0.034253    0.128035    0.159313    1.049300 ^ output16/X (sky130_fd_sc_hd__buf_2)
                                                         gpio_out[27] (net)
                      0.128035    0.000345    1.049644 ^ gpio_out[27] (out)
                                              1.049644   data arrival time

                                 25.000000   25.000000   clock gpio_in[38] (rise edge)
                                  0.000000   25.000000   clock network delay (propagated)
                                 -0.250000   24.750000   clock uncertainty
                                  0.000000   24.750000   clock reconvergence pessimism
                                 -5.000000   19.750000   output external delay
                                             19.750000   data required time
---------------------------------------------------------------------------------------------
                                             19.750000   data required time
                                             -1.049644   data arrival time
---------------------------------------------------------------------------------------------
                                             18.700356   slack (MET)


Startpoint: _104_ (rising edge-triggered flip-flop clocked by gpio_in[38])
Endpoint: gpio_out[35] (output port clocked by gpio_in[38])
Path Group: gpio_in[38]
Path Type: max

Fanout         Cap        Slew       Delay        Time   Description
---------------------------------------------------------------------------------------------
                                  0.000000    0.000000   clock gpio_in[38] (rise edge)
                                  0.000000    0.000000   clock source latency
     2    0.090700    0.308256    0.227280    0.227280 ^ gpio_in[38] (in)
                                                         gpio_in[38] (net)
                      0.313233    0.000000    0.227280 ^ clkbuf_0_gpio_in[38]/A (sky130_fd_sc_hd__clkbuf_16)
     5    0.060445    0.064892    0.155354    0.382634 ^ clkbuf_0_gpio_in[38]/X (sky130_fd_sc_hd__clkbuf_16)
                                                         clknet_0_gpio_in[38] (net)
                      0.065227    0.003553    0.386187 ^ clkbuf_1_1__f_gpio_in[38]/A (sky130_fd_sc_hd__clkbuf_16)
    19    0.065981    0.063940    0.117709    0.503896 ^ clkbuf_1_1__f_gpio_in[38]/X (sky130_fd_sc_hd__clkbuf_16)
                                                         clknet_1_1__leaf_gpio_in[38] (net)
                      0.065956    0.008690    0.512586 ^ _104_/CLK (sky130_fd_sc_hd__dfrtp_1)
     3    0.008712    0.066660    0.236040    0.748626 ^ _104_/Q (sky130_fd_sc_hd__dfrtp_1)
                                                         gpio_22_37_output[35].cfg.gpio_out_val (net)
                      0.066660    0.000072    0.748697 ^ _676_/A (sky130_fd_sc_hd__clkbuf_2)
     3    0.026782    0.114993    0.133895    0.882592 ^ _676_/X (sky130_fd_sc_hd__clkbuf_2)
                                                         net25 (net)
                      0.115062    0.002306    0.884898 ^ output25/A (sky130_fd_sc_hd__buf_2)
     1    0.034453    0.128756    0.158756    1.043654 ^ output25/X (sky130_fd_sc_hd__buf_2)
                                                         gpio_out[35] (net)
                      0.128756    0.000422    1.044076 ^ gpio_out[35] (out)
                                              1.044076   data arrival time

                                 25.000000   25.000000   clock gpio_in[38] (rise edge)
                                  0.000000   25.000000   clock network delay (propagated)
                                 -0.250000   24.750000   clock uncertainty
                                  0.000000   24.750000   clock reconvergence pessimism
                                 -5.000000   19.750000   output external delay
                                             19.750000   data required time
---------------------------------------------------------------------------------------------
                                             19.750000   data required time
                                             -1.044076   data arrival time
---------------------------------------------------------------------------------------------
                                             18.705923   slack (MET)


Startpoint: _103_ (rising edge-triggered flip-flop clocked by gpio_in[38])
Endpoint: gpio_out[34] (output port clocked by gpio_in[38])
Path Group: gpio_in[38]
Path Type: max

Fanout         Cap        Slew       Delay        Time   Description
---------------------------------------------------------------------------------------------
                                  0.000000    0.000000   clock gpio_in[38] (rise edge)
                                  0.000000    0.000000   clock source latency
     2    0.090700    0.308256    0.227280    0.227280 ^ gpio_in[38] (in)
                                                         gpio_in[38] (net)
                      0.313233    0.000000    0.227280 ^ clkbuf_0_gpio_in[38]/A (sky130_fd_sc_hd__clkbuf_16)
     5    0.060445    0.064892    0.155354    0.382634 ^ clkbuf_0_gpio_in[38]/X (sky130_fd_sc_hd__clkbuf_16)
                                                         clknet_0_gpio_in[38] (net)
                      0.065227    0.003553    0.386187 ^ clkbuf_1_1__f_gpio_in[38]/A (sky130_fd_sc_hd__clkbuf_16)
    19    0.065981    0.063940    0.117709    0.503896 ^ clkbuf_1_1__f_gpio_in[38]/X (sky130_fd_sc_hd__clkbuf_16)
                                                         clknet_1_1__leaf_gpio_in[38] (net)
                      0.065951    0.008678    0.512574 ^ _103_/CLK (sky130_fd_sc_hd__dfrtp_1)
     3    0.009073    0.068875    0.237726    0.750300 ^ _103_/Q (sky130_fd_sc_hd__dfrtp_1)
                                                         gpio_22_37_output[34].cfg.gpio_out_val (net)
                      0.068875    0.000151    0.750451 ^ _675_/A (sky130_fd_sc_hd__clkbuf_2)
     3    0.023927    0.103486    0.127054    0.877504 ^ _675_/X (sky130_fd_sc_hd__clkbuf_2)
                                                         net24 (net)
                      0.103533    0.001800    0.879305 ^ output24/A (sky130_fd_sc_hd__buf_2)
     1    0.034420    0.128644    0.156032    1.035337 ^ output24/X (sky130_fd_sc_hd__buf_2)
                                                         gpio_out[34] (net)
                      0.128644    0.000418    1.035755 ^ gpio_out[34] (out)
                                              1.035755   data arrival time

                                 25.000000   25.000000   clock gpio_in[38] (rise edge)
                                  0.000000   25.000000   clock network delay (propagated)
                                 -0.250000   24.750000   clock uncertainty
                                  0.000000   24.750000   clock reconvergence pessimism
                                 -5.000000   19.750000   output external delay
                                             19.750000   data required time
---------------------------------------------------------------------------------------------
                                             19.750000   data required time
                                             -1.035755   data arrival time
---------------------------------------------------------------------------------------------
                                             18.714245   slack (MET)


Startpoint: _097_ (rising edge-triggered flip-flop clocked by gpio_in[38])
Endpoint: gpio_out[28] (output port clocked by gpio_in[38])
Path Group: gpio_in[38]
Path Type: max

Fanout         Cap        Slew       Delay        Time   Description
---------------------------------------------------------------------------------------------
                                  0.000000    0.000000   clock gpio_in[38] (rise edge)
                                  0.000000    0.000000   clock source latency
     2    0.090700    0.308256    0.227280    0.227280 ^ gpio_in[38] (in)
                                                         gpio_in[38] (net)
                      0.313233    0.000000    0.227280 ^ clkbuf_0_gpio_in[38]/A (sky130_fd_sc_hd__clkbuf_16)
     5    0.060445    0.064892    0.155354    0.382634 ^ clkbuf_0_gpio_in[38]/X (sky130_fd_sc_hd__clkbuf_16)
                                                         clknet_0_gpio_in[38] (net)
                      0.065246    0.003664    0.386298 ^ clkbuf_1_0__f_gpio_in[38]/A (sky130_fd_sc_hd__clkbuf_16)
    25    0.077004    0.072445    0.120922    0.507220 ^ clkbuf_1_0__f_gpio_in[38]/X (sky130_fd_sc_hd__clkbuf_16)
                                                         clknet_1_0__leaf_gpio_in[38] (net)
                      0.076010    0.012329    0.519550 ^ _097_/CLK (sky130_fd_sc_hd__dfrtp_1)
     2    0.006387    0.052567    0.227490    0.747039 ^ _097_/Q (sky130_fd_sc_hd__dfrtp_1)
                                                         gpio_22_37_output[28].cfg.gpio_out_val (net)
                      0.052567    0.000088    0.747127 ^ _669_/A (sky130_fd_sc_hd__buf_1)
     1    0.013283    0.120673    0.117611    0.864738 ^ _669_/X (sky130_fd_sc_hd__buf_1)
                                                         net17 (net)
                      0.120676    0.000573    0.865311 ^ output17/A (sky130_fd_sc_hd__buf_2)
     1    0.034253    0.128035    0.159603    1.024914 ^ output17/X (sky130_fd_sc_hd__buf_2)
                                                         gpio_out[28] (net)
                      0.128035    0.000345    1.025259 ^ gpio_out[28] (out)
                                              1.025259   data arrival time

                                 25.000000   25.000000   clock gpio_in[38] (rise edge)
                                  0.000000   25.000000   clock network delay (propagated)
                                 -0.250000   24.750000   clock uncertainty
                                  0.000000   24.750000   clock reconvergence pessimism
                                 -5.000000   19.750000   output external delay
                                             19.750000   data required time
---------------------------------------------------------------------------------------------
                                             19.750000   data required time
                                             -1.025259   data arrival time
---------------------------------------------------------------------------------------------
                                             18.724741   slack (MET)


Startpoint: _101_ (rising edge-triggered flip-flop clocked by gpio_in[38])
Endpoint: gpio_out[32] (output port clocked by gpio_in[38])
Path Group: gpio_in[38]
Path Type: max

Fanout         Cap        Slew       Delay        Time   Description
---------------------------------------------------------------------------------------------
                                  0.000000    0.000000   clock gpio_in[38] (rise edge)
                                  0.000000    0.000000   clock source latency
     2    0.090700    0.308256    0.227280    0.227280 ^ gpio_in[38] (in)
                                                         gpio_in[38] (net)
                      0.313233    0.000000    0.227280 ^ clkbuf_0_gpio_in[38]/A (sky130_fd_sc_hd__clkbuf_16)
     5    0.060445    0.064892    0.155354    0.382634 ^ clkbuf_0_gpio_in[38]/X (sky130_fd_sc_hd__clkbuf_16)
                                                         clknet_0_gpio_in[38] (net)
                      0.065246    0.003664    0.386298 ^ clkbuf_1_0__f_gpio_in[38]/A (sky130_fd_sc_hd__clkbuf_16)
    25    0.077004    0.072445    0.120922    0.507220 ^ clkbuf_1_0__f_gpio_in[38]/X (sky130_fd_sc_hd__clkbuf_16)
                                                         clknet_1_0__leaf_gpio_in[38] (net)
                      0.076590    0.013333    0.520554 ^ _101_/CLK (sky130_fd_sc_hd__dfrtp_1)
     4    0.014376    0.101403    0.265018    0.785572 ^ _101_/Q (sky130_fd_sc_hd__dfrtp_1)
                                                         gpio_22_37_output[32].cfg.gpio_out_val (net)
                      0.101403    0.000122    0.785694 ^ _673_/A (sky130_fd_sc_hd__clkbuf_1)
     1    0.007410    0.070962    0.086629    0.872323 ^ _673_/X (sky130_fd_sc_hd__clkbuf_1)
                                                         net22 (net)
                      0.070963    0.000215    0.872538 ^ output22/A (sky130_fd_sc_hd__buf_2)
     1    0.034315    0.128247    0.148346    1.020884 ^ output22/X (sky130_fd_sc_hd__buf_2)
                                                         gpio_out[32] (net)
                      0.128247    0.000357    1.021241 ^ gpio_out[32] (out)
                                              1.021241   data arrival time

                                 25.000000   25.000000   clock gpio_in[38] (rise edge)
                                  0.000000   25.000000   clock network delay (propagated)
                                 -0.250000   24.750000   clock uncertainty
                                  0.000000   24.750000   clock reconvergence pessimism
                                 -5.000000   19.750000   output external delay
                                             19.750000   data required time
---------------------------------------------------------------------------------------------
                                             19.750000   data required time
                                             -1.021241   data arrival time
---------------------------------------------------------------------------------------------
                                             18.728760   slack (MET)


Startpoint: _093_ (rising edge-triggered flip-flop clocked by gpio_in[38])
Endpoint: gpio_out[24] (output port clocked by gpio_in[38])
Path Group: gpio_in[38]
Path Type: max

Fanout         Cap        Slew       Delay        Time   Description
---------------------------------------------------------------------------------------------
                                  0.000000    0.000000   clock gpio_in[38] (rise edge)
                                  0.000000    0.000000   clock source latency
     2    0.090700    0.308256    0.227280    0.227280 ^ gpio_in[38] (in)
                                                         gpio_in[38] (net)
                      0.313233    0.000000    0.227280 ^ clkbuf_0_gpio_in[38]/A (sky130_fd_sc_hd__clkbuf_16)
     5    0.060445    0.064892    0.155354    0.382634 ^ clkbuf_0_gpio_in[38]/X (sky130_fd_sc_hd__clkbuf_16)
                                                         clknet_0_gpio_in[38] (net)
                      0.065227    0.003553    0.386187 ^ clkbuf_1_1__f_gpio_in[38]/A (sky130_fd_sc_hd__clkbuf_16)
    19    0.065981    0.063940    0.117709    0.503896 ^ clkbuf_1_1__f_gpio_in[38]/X (sky130_fd_sc_hd__clkbuf_16)
                                                         clknet_1_1__leaf_gpio_in[38] (net)
                      0.066158    0.009152    0.513048 ^ _093_/CLK (sky130_fd_sc_hd__dfrtp_1)
     3    0.010181    0.075378    0.243131    0.756179 ^ _093_/Q (sky130_fd_sc_hd__dfrtp_1)
                                                         gpio_22_37_output[24].cfg.gpio_out_val (net)
                      0.075378    0.000151    0.756330 ^ _665_/A (sky130_fd_sc_hd__buf_1)
     1    0.008150    0.077066    0.089185    0.845516 ^ _665_/X (sky130_fd_sc_hd__buf_1)
                                                         net13 (net)
                      0.077068    0.000291    0.845807 ^ output13/A (sky130_fd_sc_hd__buf_2)
     1    0.034382    0.128486    0.149878    0.995685 ^ output13/X (sky130_fd_sc_hd__buf_2)
                                                         gpio_out[24] (net)
                      0.128486    0.000406    0.996091 ^ gpio_out[24] (out)
                                              0.996091   data arrival time

                                 25.000000   25.000000   clock gpio_in[38] (rise edge)
                                  0.000000   25.000000   clock network delay (propagated)
                                 -0.250000   24.750000   clock uncertainty
                                  0.000000   24.750000   clock reconvergence pessimism
                                 -5.000000   19.750000   output external delay
                                             19.750000   data required time
---------------------------------------------------------------------------------------------
                                             19.750000   data required time
                                             -0.996091   data arrival time
---------------------------------------------------------------------------------------------
                                             18.753910   slack (MET)


Startpoint: _090_ (rising edge-triggered flip-flop clocked by gpio_in[38])
Endpoint: gpio_out[5] (output port clocked by gpio_in[38])
Path Group: gpio_in[38]
Path Type: max

Fanout         Cap        Slew       Delay        Time   Description
---------------------------------------------------------------------------------------------
                                  0.000000    0.000000   clock gpio_in[38] (rise edge)
                                  0.000000    0.000000   clock source latency
     2    0.090700    0.308256    0.227280    0.227280 ^ gpio_in[38] (in)
                                                         gpio_in[38] (net)
                      0.313233    0.000000    0.227280 ^ clkbuf_0_gpio_in[38]/A (sky130_fd_sc_hd__clkbuf_16)
     5    0.060445    0.064892    0.155354    0.382634 ^ clkbuf_0_gpio_in[38]/X (sky130_fd_sc_hd__clkbuf_16)
                                                         clknet_0_gpio_in[38] (net)
                      0.065246    0.003664    0.386298 ^ clkbuf_1_0__f_gpio_in[38]/A (sky130_fd_sc_hd__clkbuf_16)
    25    0.077004    0.072445    0.120922    0.507220 ^ clkbuf_1_0__f_gpio_in[38]/X (sky130_fd_sc_hd__clkbuf_16)
                                                         clknet_1_0__leaf_gpio_in[38] (net)
                      0.076351    0.012929    0.520149 ^ _090_/CLK (sky130_fd_sc_hd__dfrtp_1)
     3    0.008014    0.062400    0.235402    0.755551 ^ _090_/Q (sky130_fd_sc_hd__dfrtp_1)
                                                         gpio_18_21_bidir[21].cfg.gpio_out_val (net)
                      0.062400    0.000076    0.755627 ^ _658_/A (sky130_fd_sc_hd__clkbuf_1)
     1    0.006325    0.061628    0.077568    0.833195 ^ _658_/X (sky130_fd_sc_hd__clkbuf_1)
                                                         net30 (net)
                      0.061628    0.000148    0.833343 ^ output30/A (sky130_fd_sc_hd__buf_2)
     1    0.034315    0.128254    0.146204    0.979548 ^ output30/X (sky130_fd_sc_hd__buf_2)
                                                         gpio_out[5] (net)
                      0.128292    0.000357    0.979904 ^ gpio_out[5] (out)
                                              0.979904   data arrival time

                                 25.000000   25.000000   clock gpio_in[38] (rise edge)
                                  0.000000   25.000000   clock network delay (propagated)
                                 -0.250000   24.750000   clock uncertainty
                                  0.000000   24.750000   clock reconvergence pessimism
                                 -5.000000   19.750000   output external delay
                                             19.750000   data required time
---------------------------------------------------------------------------------------------
                                             19.750000   data required time
                                             -0.979904   data arrival time
---------------------------------------------------------------------------------------------
                                             18.770096   slack (MET)


Startpoint: _099_ (rising edge-triggered flip-flop clocked by gpio_in[38])
Endpoint: gpio_out[30] (output port clocked by gpio_in[38])
Path Group: gpio_in[38]
Path Type: max

Fanout         Cap        Slew       Delay        Time   Description
---------------------------------------------------------------------------------------------
                                  0.000000    0.000000   clock gpio_in[38] (rise edge)
                                  0.000000    0.000000   clock source latency
     2    0.090700    0.308256    0.227280    0.227280 ^ gpio_in[38] (in)
                                                         gpio_in[38] (net)
                      0.313233    0.000000    0.227280 ^ clkbuf_0_gpio_in[38]/A (sky130_fd_sc_hd__clkbuf_16)
     5    0.060445    0.064892    0.155354    0.382634 ^ clkbuf_0_gpio_in[38]/X (sky130_fd_sc_hd__clkbuf_16)
                                                         clknet_0_gpio_in[38] (net)
                      0.065246    0.003664    0.386298 ^ clkbuf_1_0__f_gpio_in[38]/A (sky130_fd_sc_hd__clkbuf_16)
    25    0.077004    0.072445    0.120922    0.507220 ^ clkbuf_1_0__f_gpio_in[38]/X (sky130_fd_sc_hd__clkbuf_16)
                                                         clknet_1_0__leaf_gpio_in[38] (net)
                      0.076534    0.013240    0.520460 ^ _099_/CLK (sky130_fd_sc_hd__dfrtp_1)
     5    0.011919    0.085865    0.253909    0.774369 ^ _099_/Q (sky130_fd_sc_hd__dfrtp_1)
                                                         gpio_22_37_output[30].cfg.gpio_out_val (net)
                      0.085865    0.000081    0.774451 ^ _671_/A (sky130_fd_sc_hd__clkbuf_1)
     1    0.003641    0.039435    0.063367    0.837818 ^ _671_/X (sky130_fd_sc_hd__clkbuf_1)
                                                         net20 (net)
                      0.039435    0.000052    0.837870 ^ output20/A (sky130_fd_sc_hd__buf_2)
     1    0.034669    0.129624    0.140933    0.978802 ^ output20/X (sky130_fd_sc_hd__buf_2)
                                                         gpio_out[30] (net)
                      0.129626    0.000418    0.979220 ^ gpio_out[30] (out)
                                              0.979220   data arrival time

                                 25.000000   25.000000   clock gpio_in[38] (rise edge)
                                  0.000000   25.000000   clock network delay (propagated)
                                 -0.250000   24.750000   clock uncertainty
                                  0.000000   24.750000   clock reconvergence pessimism
                                 -5.000000   19.750000   output external delay
                                             19.750000   data required time
---------------------------------------------------------------------------------------------
                                             19.750000   data required time
                                             -0.979220   data arrival time
---------------------------------------------------------------------------------------------
                                             18.770779   slack (MET)


Startpoint: _100_ (rising edge-triggered flip-flop clocked by gpio_in[38])
Endpoint: gpio_out[31] (output port clocked by gpio_in[38])
Path Group: gpio_in[38]
Path Type: max

Fanout         Cap        Slew       Delay        Time   Description
---------------------------------------------------------------------------------------------
                                  0.000000    0.000000   clock gpio_in[38] (rise edge)
                                  0.000000    0.000000   clock source latency
     2    0.090700    0.308256    0.227280    0.227280 ^ gpio_in[38] (in)
                                                         gpio_in[38] (net)
                      0.313233    0.000000    0.227280 ^ clkbuf_0_gpio_in[38]/A (sky130_fd_sc_hd__clkbuf_16)
     5    0.060445    0.064892    0.155354    0.382634 ^ clkbuf_0_gpio_in[38]/X (sky130_fd_sc_hd__clkbuf_16)
                                                         clknet_0_gpio_in[38] (net)
                      0.065246    0.003664    0.386298 ^ clkbuf_1_0__f_gpio_in[38]/A (sky130_fd_sc_hd__clkbuf_16)
    25    0.077004    0.072445    0.120922    0.507220 ^ clkbuf_1_0__f_gpio_in[38]/X (sky130_fd_sc_hd__clkbuf_16)
                                                         clknet_1_0__leaf_gpio_in[38] (net)
                      0.076604    0.013358    0.520578 ^ _100_/CLK (sky130_fd_sc_hd__dfrtp_1)
     4    0.013433    0.095432    0.260766    0.781344 ^ _100_/Q (sky130_fd_sc_hd__dfrtp_1)
                                                         gpio_22_37_output[31].cfg.gpio_out_val (net)
                      0.095432    0.000065    0.781409 ^ _672_/A (sky130_fd_sc_hd__clkbuf_1)
     1    0.002730    0.032334    0.058554    0.839963 ^ _672_/X (sky130_fd_sc_hd__clkbuf_1)
                                                         net21 (net)
                      0.032334    0.000029    0.839992 ^ output21/A (sky130_fd_sc_hd__buf_2)
     1    0.034585    0.129341    0.138573    0.978565 ^ output21/X (sky130_fd_sc_hd__buf_2)
                                                         gpio_out[31] (net)
                      0.129343    0.000417    0.978982 ^ gpio_out[31] (out)
                                              0.978982   data arrival time

                                 25.000000   25.000000   clock gpio_in[38] (rise edge)
                                  0.000000   25.000000   clock network delay (propagated)
                                 -0.250000   24.750000   clock uncertainty
                                  0.000000   24.750000   clock reconvergence pessimism
                                 -5.000000   19.750000   output external delay
                                             19.750000   data required time
---------------------------------------------------------------------------------------------
                                             19.750000   data required time
                                             -0.978982   data arrival time
---------------------------------------------------------------------------------------------
                                             18.771017   slack (MET)


Startpoint: _088_ (rising edge-triggered flip-flop clocked by gpio_in[38])
Endpoint: gpio_out[19] (output port clocked by gpio_in[38])
Path Group: gpio_in[38]
Path Type: max

Fanout         Cap        Slew       Delay        Time   Description
---------------------------------------------------------------------------------------------
                                  0.000000    0.000000   clock gpio_in[38] (rise edge)
                                  0.000000    0.000000   clock source latency
     2    0.090700    0.308256    0.227280    0.227280 ^ gpio_in[38] (in)
                                                         gpio_in[38] (net)
                      0.313233    0.000000    0.227280 ^ clkbuf_0_gpio_in[38]/A (sky130_fd_sc_hd__clkbuf_16)
     5    0.060445    0.064892    0.155354    0.382634 ^ clkbuf_0_gpio_in[38]/X (sky130_fd_sc_hd__clkbuf_16)
                                                         clknet_0_gpio_in[38] (net)
                      0.065246    0.003664    0.386298 ^ clkbuf_1_0__f_gpio_in[38]/A (sky130_fd_sc_hd__clkbuf_16)
    25    0.077004    0.072445    0.120922    0.507220 ^ clkbuf_1_0__f_gpio_in[38]/X (sky130_fd_sc_hd__clkbuf_16)
                                                         clknet_1_0__leaf_gpio_in[38] (net)
                      0.076206    0.012676    0.519897 ^ _088_/CLK (sky130_fd_sc_hd__dfrtp_1)
     5    0.013839    0.098012    0.262464    0.782361 ^ _088_/Q (sky130_fd_sc_hd__dfrtp_1)
                                                         gpio_18_21_bidir[19].cfg.gpio_out_val (net)
                      0.098012    0.000163    0.782524 ^ _660_/A (sky130_fd_sc_hd__clkbuf_1)
     1    0.002574    0.031153    0.057787    0.840311 ^ _660_/X (sky130_fd_sc_hd__clkbuf_1)
                                                         net8 (net)
                      0.031153    0.000026    0.840337 ^ output8/A (sky130_fd_sc_hd__buf_2)
     1    0.034319    0.128388    0.137601    0.977938 ^ output8/X (sky130_fd_sc_hd__buf_2)
                                                         gpio_out[19] (net)
                      0.128389    0.000357    0.978295 ^ gpio_out[19] (out)
                                              0.978295   data arrival time

                                 25.000000   25.000000   clock gpio_in[38] (rise edge)
                                  0.000000   25.000000   clock network delay (propagated)
                                 -0.250000   24.750000   clock uncertainty
                                  0.000000   24.750000   clock reconvergence pessimism
                                 -5.000000   19.750000   output external delay
                                             19.750000   data required time
---------------------------------------------------------------------------------------------
                                             19.750000   data required time
                                             -0.978295   data arrival time
---------------------------------------------------------------------------------------------
                                             18.771706   slack (MET)


Startpoint: _102_ (rising edge-triggered flip-flop clocked by gpio_in[38])
Endpoint: gpio_out[33] (output port clocked by gpio_in[38])
Path Group: gpio_in[38]
Path Type: max

Fanout         Cap        Slew       Delay        Time   Description
---------------------------------------------------------------------------------------------
                                  0.000000    0.000000   clock gpio_in[38] (rise edge)
                                  0.000000    0.000000   clock source latency
     2    0.090700    0.308256    0.227280    0.227280 ^ gpio_in[38] (in)
                                                         gpio_in[38] (net)
                      0.313233    0.000000    0.227280 ^ clkbuf_0_gpio_in[38]/A (sky130_fd_sc_hd__clkbuf_16)
     5    0.060445    0.064892    0.155354    0.382634 ^ clkbuf_0_gpio_in[38]/X (sky130_fd_sc_hd__clkbuf_16)
                                                         clknet_0_gpio_in[38] (net)
                      0.065246    0.003664    0.386298 ^ clkbuf_1_0__f_gpio_in[38]/A (sky130_fd_sc_hd__clkbuf_16)
    25    0.077004    0.072445    0.120922    0.507220 ^ clkbuf_1_0__f_gpio_in[38]/X (sky130_fd_sc_hd__clkbuf_16)
                                                         clknet_1_0__leaf_gpio_in[38] (net)
                      0.076552    0.013269    0.520490 ^ _102_/CLK (sky130_fd_sc_hd__dfrtp_1)
     3    0.008897    0.067770    0.239710    0.760200 ^ _102_/Q (sky130_fd_sc_hd__dfrtp_1)
                                                         gpio_22_37_output[33].cfg.gpio_out_val (net)
                      0.067770    0.000085    0.760285 ^ _674_/A (sky130_fd_sc_hd__clkbuf_1)
     1    0.003462    0.037796    0.061095    0.821380 ^ _674_/X (sky130_fd_sc_hd__clkbuf_1)
                                                         net23 (net)
                      0.037796    0.000048    0.821428 ^ output23/A (sky130_fd_sc_hd__buf_2)
     1    0.034256    0.128146    0.139467    0.960896 ^ output23/X (sky130_fd_sc_hd__buf_2)
                                                         gpio_out[33] (net)
                      0.128147    0.000345    0.961240 ^ gpio_out[33] (out)
                                              0.961240   data arrival time

                                 25.000000   25.000000   clock gpio_in[38] (rise edge)
                                  0.000000   25.000000   clock network delay (propagated)
                                 -0.250000   24.750000   clock uncertainty
                                  0.000000   24.750000   clock reconvergence pessimism
                                 -5.000000   19.750000   output external delay
                                             19.750000   data required time
---------------------------------------------------------------------------------------------
                                             19.750000   data required time
                                             -0.961240   data arrival time
---------------------------------------------------------------------------------------------
                                             18.788759   slack (MET)


Startpoint: _087_ (rising edge-triggered flip-flop clocked by gpio_in[38])
Endpoint: gpio_out[2] (output port clocked by gpio_in[38])
Path Group: gpio_in[38]
Path Type: max

Fanout         Cap        Slew       Delay        Time   Description
---------------------------------------------------------------------------------------------
                                  0.000000    0.000000   clock gpio_in[38] (rise edge)
                                  0.000000    0.000000   clock source latency
     2    0.090700    0.308256    0.227280    0.227280 ^ gpio_in[38] (in)
                                                         gpio_in[38] (net)
                      0.313233    0.000000    0.227280 ^ clkbuf_0_gpio_in[38]/A (sky130_fd_sc_hd__clkbuf_16)
     5    0.060445    0.064892    0.155354    0.382634 ^ clkbuf_0_gpio_in[38]/X (sky130_fd_sc_hd__clkbuf_16)
                                                         clknet_0_gpio_in[38] (net)
                      0.065246    0.003664    0.386298 ^ clkbuf_1_0__f_gpio_in[38]/A (sky130_fd_sc_hd__clkbuf_16)
    25    0.077004    0.072445    0.120922    0.507220 ^ clkbuf_1_0__f_gpio_in[38]/X (sky130_fd_sc_hd__clkbuf_16)
                                                         clknet_1_0__leaf_gpio_in[38] (net)
                      0.076118    0.012522    0.519742 ^ _087_/CLK (sky130_fd_sc_hd__dfrtp_2)
     3    0.008912    0.038996    0.264853    0.784595 v _087_/Q (sky130_fd_sc_hd__dfrtp_2)
                                                         gpio_18_21_bidir[18].cfg.gpio_out_val (net)
                      0.038996    0.000118    0.784713 v _655_/A (sky130_fd_sc_hd__clkbuf_1)
     1    0.002194    0.016398    0.057482    0.842195 v _655_/X (sky130_fd_sc_hd__clkbuf_1)
                                                         net19 (net)
                      0.016398    0.000021    0.842216 v output19/A (sky130_fd_sc_hd__buf_2)
     1    0.034315    0.062684    0.112363    0.954580 v output19/X (sky130_fd_sc_hd__buf_2)
                                                         gpio_out[2] (net)
                      0.062685    0.000356    0.954936 v gpio_out[2] (out)
                                              0.954936   data arrival time

                                 25.000000   25.000000   clock gpio_in[38] (rise edge)
                                  0.000000   25.000000   clock network delay (propagated)
                                 -0.250000   24.750000   clock uncertainty
                                  0.000000   24.750000   clock reconvergence pessimism
                                 -5.000000   19.750000   output external delay
                                             19.750000   data required time
---------------------------------------------------------------------------------------------
                                             19.750000   data required time
                                             -0.954936   data arrival time
---------------------------------------------------------------------------------------------
                                             18.795063   slack (MET)


Startpoint: _087_ (rising edge-triggered flip-flop clocked by gpio_in[38])
Endpoint: gpio_out[18] (output port clocked by gpio_in[38])
Path Group: gpio_in[38]
Path Type: max

Fanout         Cap        Slew       Delay        Time   Description
---------------------------------------------------------------------------------------------
                                  0.000000    0.000000   clock gpio_in[38] (rise edge)
                                  0.000000    0.000000   clock source latency
     2    0.090700    0.308256    0.227280    0.227280 ^ gpio_in[38] (in)
                                                         gpio_in[38] (net)
                      0.313233    0.000000    0.227280 ^ clkbuf_0_gpio_in[38]/A (sky130_fd_sc_hd__clkbuf_16)
     5    0.060445    0.064892    0.155354    0.382634 ^ clkbuf_0_gpio_in[38]/X (sky130_fd_sc_hd__clkbuf_16)
                                                         clknet_0_gpio_in[38] (net)
                      0.065246    0.003664    0.386298 ^ clkbuf_1_0__f_gpio_in[38]/A (sky130_fd_sc_hd__clkbuf_16)
    25    0.077004    0.072445    0.120922    0.507220 ^ clkbuf_1_0__f_gpio_in[38]/X (sky130_fd_sc_hd__clkbuf_16)
                                                         clknet_1_0__leaf_gpio_in[38] (net)
                      0.076118    0.012522    0.519742 ^ _087_/CLK (sky130_fd_sc_hd__dfrtp_2)
     3    0.008912    0.038996    0.264853    0.784595 v _087_/Q (sky130_fd_sc_hd__dfrtp_2)
                                                         gpio_18_21_bidir[18].cfg.gpio_out_val (net)
                      0.038996    0.000109    0.784704 v _659_/A (sky130_fd_sc_hd__clkbuf_1)
     1    0.002092    0.016047    0.057099    0.841804 v _659_/X (sky130_fd_sc_hd__clkbuf_1)
                                                         net7 (net)
                      0.016047    0.000019    0.841822 v output7/A (sky130_fd_sc_hd__buf_2)
     1    0.034319    0.062686    0.112243    0.954066 v output7/X (sky130_fd_sc_hd__buf_2)
                                                         gpio_out[18] (net)
                      0.062687    0.000357    0.954422 v gpio_out[18] (out)
                                              0.954422   data arrival time

                                 25.000000   25.000000   clock gpio_in[38] (rise edge)
                                  0.000000   25.000000   clock network delay (propagated)
                                 -0.250000   24.750000   clock uncertainty
                                  0.000000   24.750000   clock reconvergence pessimism
                                 -5.000000   19.750000   output external delay
                                             19.750000   data required time
---------------------------------------------------------------------------------------------
                                             19.750000   data required time
                                             -0.954422   data arrival time
---------------------------------------------------------------------------------------------
                                             18.795578   slack (MET)


Startpoint: _098_ (rising edge-triggered flip-flop clocked by gpio_in[38])
Endpoint: gpio_out[29] (output port clocked by gpio_in[38])
Path Group: gpio_in[38]
Path Type: max

Fanout         Cap        Slew       Delay        Time   Description
---------------------------------------------------------------------------------------------
                                  0.000000    0.000000   clock gpio_in[38] (rise edge)
                                  0.000000    0.000000   clock source latency
     2    0.090700    0.308256    0.227280    0.227280 ^ gpio_in[38] (in)
                                                         gpio_in[38] (net)
                      0.313233    0.000000    0.227280 ^ clkbuf_0_gpio_in[38]/A (sky130_fd_sc_hd__clkbuf_16)
     5    0.060445    0.064892    0.155354    0.382634 ^ clkbuf_0_gpio_in[38]/X (sky130_fd_sc_hd__clkbuf_16)
                                                         clknet_0_gpio_in[38] (net)
                      0.065246    0.003664    0.386298 ^ clkbuf_1_0__f_gpio_in[38]/A (sky130_fd_sc_hd__clkbuf_16)
    25    0.077004    0.072445    0.120922    0.507220 ^ clkbuf_1_0__f_gpio_in[38]/X (sky130_fd_sc_hd__clkbuf_16)
                                                         clknet_1_0__leaf_gpio_in[38] (net)
                      0.075902    0.012134    0.519355 ^ _098_/CLK (sky130_fd_sc_hd__dfrtp_1)
     2    0.006108    0.050890    0.226132    0.745486 ^ _098_/Q (sky130_fd_sc_hd__dfrtp_1)
                                                         gpio_22_37_output[29].cfg.gpio_out_val (net)
                      0.050890    0.000053    0.745539 ^ _670_/A (sky130_fd_sc_hd__clkbuf_1)
     1    0.004414    0.045543    0.065262    0.810801 ^ _670_/X (sky130_fd_sc_hd__clkbuf_1)
                                                         net18 (net)
                      0.045543    0.000078    0.810879 ^ output18/A (sky130_fd_sc_hd__buf_2)
     1    0.034256    0.128061    0.141817    0.952695 ^ output18/X (sky130_fd_sc_hd__buf_2)
                                                         gpio_out[29] (net)
                      0.128098    0.000345    0.953040 ^ gpio_out[29] (out)
                                              0.953040   data arrival time

                                 25.000000   25.000000   clock gpio_in[38] (rise edge)
                                  0.000000   25.000000   clock network delay (propagated)
                                 -0.250000   24.750000   clock uncertainty
                                  0.000000   24.750000   clock reconvergence pessimism
                                 -5.000000   19.750000   output external delay
                                             19.750000   data required time
---------------------------------------------------------------------------------------------
                                             19.750000   data required time
                                             -0.953040   data arrival time
---------------------------------------------------------------------------------------------
                                             18.796959   slack (MET)


Startpoint: _092_ (rising edge-triggered flip-flop clocked by gpio_in[38])
Endpoint: gpio_out[23] (output port clocked by gpio_in[38])
Path Group: gpio_in[38]
Path Type: max

Fanout         Cap        Slew       Delay        Time   Description
---------------------------------------------------------------------------------------------
                                  0.000000    0.000000   clock gpio_in[38] (rise edge)
                                  0.000000    0.000000   clock source latency
     2    0.090700    0.308256    0.227280    0.227280 ^ gpio_in[38] (in)
                                                         gpio_in[38] (net)
                      0.313233    0.000000    0.227280 ^ clkbuf_0_gpio_in[38]/A (sky130_fd_sc_hd__clkbuf_16)
     5    0.060445    0.064892    0.155354    0.382634 ^ clkbuf_0_gpio_in[38]/X (sky130_fd_sc_hd__clkbuf_16)
                                                         clknet_0_gpio_in[38] (net)
                      0.065227    0.003553    0.386187 ^ clkbuf_1_1__f_gpio_in[38]/A (sky130_fd_sc_hd__clkbuf_16)
    19    0.065981    0.063940    0.117709    0.503896 ^ clkbuf_1_1__f_gpio_in[38]/X (sky130_fd_sc_hd__clkbuf_16)
                                                         clknet_1_1__leaf_gpio_in[38] (net)
                      0.066153    0.009141    0.513037 ^ _092_/CLK (sky130_fd_sc_hd__dfrtp_1)
     3    0.010371    0.076426    0.244041    0.757078 ^ _092_/Q (sky130_fd_sc_hd__dfrtp_1)
                                                         gpio_22_37_output[23].cfg.gpio_out_val (net)
                      0.076426    0.000166    0.757244 ^ _664_/A (sky130_fd_sc_hd__clkbuf_1)
     1    0.002356    0.029173    0.055039    0.812283 ^ _664_/X (sky130_fd_sc_hd__clkbuf_1)
                                                         net12 (net)
                      0.029173    0.000023    0.812306 ^ output12/A (sky130_fd_sc_hd__buf_2)
     1    0.034420    0.128764    0.137210    0.949516 ^ output12/X (sky130_fd_sc_hd__buf_2)
                                                         gpio_out[23] (net)
                      0.128766    0.000418    0.949934 ^ gpio_out[23] (out)
                                              0.949934   data arrival time

                                 25.000000   25.000000   clock gpio_in[38] (rise edge)
                                  0.000000   25.000000   clock network delay (propagated)
                                 -0.250000   24.750000   clock uncertainty
                                  0.000000   24.750000   clock reconvergence pessimism
                                 -5.000000   19.750000   output external delay
                                             19.750000   data required time
---------------------------------------------------------------------------------------------
                                             19.750000   data required time
                                             -0.949934   data arrival time
---------------------------------------------------------------------------------------------
                                             18.800066   slack (MET)


Startpoint: _089_ (rising edge-triggered flip-flop clocked by gpio_in[38])
Endpoint: gpio_out[20] (output port clocked by gpio_in[38])
Path Group: gpio_in[38]
Path Type: max

Fanout         Cap        Slew       Delay        Time   Description
---------------------------------------------------------------------------------------------
                                  0.000000    0.000000   clock gpio_in[38] (rise edge)
                                  0.000000    0.000000   clock source latency
     2    0.090700    0.308256    0.227280    0.227280 ^ gpio_in[38] (in)
                                                         gpio_in[38] (net)
                      0.313233    0.000000    0.227280 ^ clkbuf_0_gpio_in[38]/A (sky130_fd_sc_hd__clkbuf_16)
     5    0.060445    0.064892    0.155354    0.382634 ^ clkbuf_0_gpio_in[38]/X (sky130_fd_sc_hd__clkbuf_16)
                                                         clknet_0_gpio_in[38] (net)
                      0.065246    0.003664    0.386298 ^ clkbuf_1_0__f_gpio_in[38]/A (sky130_fd_sc_hd__clkbuf_16)
    25    0.077004    0.072445    0.120922    0.507220 ^ clkbuf_1_0__f_gpio_in[38]/X (sky130_fd_sc_hd__clkbuf_16)
                                                         clknet_1_0__leaf_gpio_in[38] (net)
                      0.076451    0.013099    0.520320 ^ _089_/CLK (sky130_fd_sc_hd__dfrtp_1)
     3    0.008565    0.065752    0.238087    0.758406 ^ _089_/Q (sky130_fd_sc_hd__dfrtp_1)
                                                         gpio_18_21_bidir[20].cfg.gpio_out_val (net)
                      0.065752    0.000088    0.758494 ^ _661_/A (sky130_fd_sc_hd__clkbuf_1)
     1    0.002255    0.028235    0.053718    0.812212 ^ _661_/X (sky130_fd_sc_hd__clkbuf_1)
                                                         net9 (net)
                      0.028235    0.000020    0.812232 ^ output9/A (sky130_fd_sc_hd__buf_2)
     1    0.034256    0.128170    0.136571    0.948803 ^ output9/X (sky130_fd_sc_hd__buf_2)
                                                         gpio_out[20] (net)
                      0.128171    0.000345    0.949148 ^ gpio_out[20] (out)
                                              0.949148   data arrival time

                                 25.000000   25.000000   clock gpio_in[38] (rise edge)
                                  0.000000   25.000000   clock network delay (propagated)
                                 -0.250000   24.750000   clock uncertainty
                                  0.000000   24.750000   clock reconvergence pessimism
                                 -5.000000   19.750000   output external delay
                                             19.750000   data required time
---------------------------------------------------------------------------------------------
                                             19.750000   data required time
                                             -0.949148   data arrival time
---------------------------------------------------------------------------------------------
                                             18.800852   slack (MET)


Startpoint: _089_ (rising edge-triggered flip-flop clocked by gpio_in[38])
Endpoint: gpio_out[4] (output port clocked by gpio_in[38])
Path Group: gpio_in[38]
Path Type: max

Fanout         Cap        Slew       Delay        Time   Description
---------------------------------------------------------------------------------------------
                                  0.000000    0.000000   clock gpio_in[38] (rise edge)
                                  0.000000    0.000000   clock source latency
     2    0.090700    0.308256    0.227280    0.227280 ^ gpio_in[38] (in)
                                                         gpio_in[38] (net)
                      0.313233    0.000000    0.227280 ^ clkbuf_0_gpio_in[38]/A (sky130_fd_sc_hd__clkbuf_16)
     5    0.060445    0.064892    0.155354    0.382634 ^ clkbuf_0_gpio_in[38]/X (sky130_fd_sc_hd__clkbuf_16)
                                                         clknet_0_gpio_in[38] (net)
                      0.065246    0.003664    0.386298 ^ clkbuf_1_0__f_gpio_in[38]/A (sky130_fd_sc_hd__clkbuf_16)
    25    0.077004    0.072445    0.120922    0.507220 ^ clkbuf_1_0__f_gpio_in[38]/X (sky130_fd_sc_hd__clkbuf_16)
                                                         clknet_1_0__leaf_gpio_in[38] (net)
                      0.076451    0.013099    0.520320 ^ _089_/CLK (sky130_fd_sc_hd__dfrtp_1)
     3    0.008565    0.065752    0.238087    0.758406 ^ _089_/Q (sky130_fd_sc_hd__dfrtp_1)
                                                         gpio_18_21_bidir[20].cfg.gpio_out_val (net)
                      0.065752    0.000085    0.758491 ^ _657_/A (sky130_fd_sc_hd__clkbuf_1)
     1    0.002251    0.028205    0.053695    0.812186 ^ _657_/X (sky130_fd_sc_hd__clkbuf_1)
                                                         net29 (net)
                      0.028205    0.000020    0.812206 ^ output29/A (sky130_fd_sc_hd__buf_2)
     1    0.034256    0.128170    0.136561    0.948768 ^ output29/X (sky130_fd_sc_hd__buf_2)
                                                         gpio_out[4] (net)
                      0.128171    0.000345    0.949112 ^ gpio_out[4] (out)
                                              0.949112   data arrival time

                                 25.000000   25.000000   clock gpio_in[38] (rise edge)
                                  0.000000   25.000000   clock network delay (propagated)
                                 -0.250000   24.750000   clock uncertainty
                                  0.000000   24.750000   clock reconvergence pessimism
                                 -5.000000   19.750000   output external delay
                                             19.750000   data required time
---------------------------------------------------------------------------------------------
                                             19.750000   data required time
                                             -0.949112   data arrival time
---------------------------------------------------------------------------------------------
                                             18.800886   slack (MET)


Startpoint: _090_ (rising edge-triggered flip-flop clocked by gpio_in[38])
Endpoint: gpio_out[21] (output port clocked by gpio_in[38])
Path Group: gpio_in[38]
Path Type: max

Fanout         Cap        Slew       Delay        Time   Description
---------------------------------------------------------------------------------------------
                                  0.000000    0.000000   clock gpio_in[38] (rise edge)
                                  0.000000    0.000000   clock source latency
     2    0.090700    0.308256    0.227280    0.227280 ^ gpio_in[38] (in)
                                                         gpio_in[38] (net)
                      0.313233    0.000000    0.227280 ^ clkbuf_0_gpio_in[38]/A (sky130_fd_sc_hd__clkbuf_16)
     5    0.060445    0.064892    0.155354    0.382634 ^ clkbuf_0_gpio_in[38]/X (sky130_fd_sc_hd__clkbuf_16)
                                                         clknet_0_gpio_in[38] (net)
                      0.065246    0.003664    0.386298 ^ clkbuf_1_0__f_gpio_in[38]/A (sky130_fd_sc_hd__clkbuf_16)
    25    0.077004    0.072445    0.120922    0.507220 ^ clkbuf_1_0__f_gpio_in[38]/X (sky130_fd_sc_hd__clkbuf_16)
                                                         clknet_1_0__leaf_gpio_in[38] (net)
                      0.076351    0.012929    0.520149 ^ _090_/CLK (sky130_fd_sc_hd__dfrtp_1)
     3    0.008014    0.062400    0.235402    0.755551 ^ _090_/Q (sky130_fd_sc_hd__dfrtp_1)
                                                         gpio_18_21_bidir[21].cfg.gpio_out_val (net)
                      0.062400    0.000102    0.755653 ^ _662_/A (sky130_fd_sc_hd__clkbuf_1)
     1    0.002009    0.026291    0.052020    0.807673 ^ _662_/X (sky130_fd_sc_hd__clkbuf_1)
                                                         net10 (net)
                      0.026291    0.000008    0.807681 ^ output10/A (sky130_fd_sc_hd__buf_2)
     1    0.034256    0.128174    0.135982    0.943663 ^ output10/X (sky130_fd_sc_hd__buf_2)
                                                         gpio_out[21] (net)
                      0.128176    0.000345    0.944007 ^ gpio_out[21] (out)
                                              0.944007   data arrival time

                                 25.000000   25.000000   clock gpio_in[38] (rise edge)
                                  0.000000   25.000000   clock network delay (propagated)
                                 -0.250000   24.750000   clock uncertainty
                                  0.000000   24.750000   clock reconvergence pessimism
                                 -5.000000   19.750000   output external delay
                                             19.750000   data required time
---------------------------------------------------------------------------------------------
                                             19.750000   data required time
                                             -0.944007   data arrival time
---------------------------------------------------------------------------------------------
                                             18.805992   slack (MET)


Startpoint: _091_ (rising edge-triggered flip-flop clocked by gpio_in[38])
Endpoint: gpio_out[22] (output port clocked by gpio_in[38])
Path Group: gpio_in[38]
Path Type: max

Fanout         Cap        Slew       Delay        Time   Description
---------------------------------------------------------------------------------------------
                                  0.000000    0.000000   clock gpio_in[38] (rise edge)
                                  0.000000    0.000000   clock source latency
     2    0.090700    0.308256    0.227280    0.227280 ^ gpio_in[38] (in)
                                                         gpio_in[38] (net)
                      0.313233    0.000000    0.227280 ^ clkbuf_0_gpio_in[38]/A (sky130_fd_sc_hd__clkbuf_16)
     5    0.060445    0.064892    0.155354    0.382634 ^ clkbuf_0_gpio_in[38]/X (sky130_fd_sc_hd__clkbuf_16)
                                                         clknet_0_gpio_in[38] (net)
                      0.065227    0.003553    0.386187 ^ clkbuf_1_1__f_gpio_in[38]/A (sky130_fd_sc_hd__clkbuf_16)
    19    0.065981    0.063940    0.117709    0.503896 ^ clkbuf_1_1__f_gpio_in[38]/X (sky130_fd_sc_hd__clkbuf_16)
                                                         clknet_1_1__leaf_gpio_in[38] (net)
                      0.066153    0.009141    0.513037 ^ _091_/CLK (sky130_fd_sc_hd__dfrtp_1)
     3    0.008671    0.066403    0.235900    0.748938 ^ _091_/Q (sky130_fd_sc_hd__dfrtp_1)
                                                         gpio_22_37_output[22].cfg.gpio_out_val (net)
                      0.066403    0.000065    0.749003 ^ _663_/A (sky130_fd_sc_hd__clkbuf_1)
     1    0.002300    0.028598    0.054034    0.803037 ^ _663_/X (sky130_fd_sc_hd__clkbuf_1)
                                                         net11 (net)
                      0.028598    0.000022    0.803060 ^ output11/A (sky130_fd_sc_hd__buf_2)
     1    0.034382    0.128629    0.136950    0.940010 ^ output11/X (sky130_fd_sc_hd__buf_2)
                                                         gpio_out[22] (net)
                      0.128630    0.000406    0.940416 ^ gpio_out[22] (out)
                                              0.940416   data arrival time

                                 25.000000   25.000000   clock gpio_in[38] (rise edge)
                                  0.000000   25.000000   clock network delay (propagated)
                                 -0.250000   24.750000   clock uncertainty
                                  0.000000   24.750000   clock reconvergence pessimism
                                 -5.000000   19.750000   output external delay
                                             19.750000   data required time
---------------------------------------------------------------------------------------------
                                             19.750000   data required time
                                             -0.940416   data arrival time
---------------------------------------------------------------------------------------------
                                             18.809584   slack (MET)


Startpoint: _094_ (rising edge-triggered flip-flop clocked by gpio_in[38])
Endpoint: gpio_out[25] (output port clocked by gpio_in[38])
Path Group: gpio_in[38]
Path Type: max

Fanout         Cap        Slew       Delay        Time   Description
---------------------------------------------------------------------------------------------
                                  0.000000    0.000000   clock gpio_in[38] (rise edge)
                                  0.000000    0.000000   clock source latency
     2    0.090700    0.308256    0.227280    0.227280 ^ gpio_in[38] (in)
                                                         gpio_in[38] (net)
                      0.313233    0.000000    0.227280 ^ clkbuf_0_gpio_in[38]/A (sky130_fd_sc_hd__clkbuf_16)
     5    0.060445    0.064892    0.155354    0.382634 ^ clkbuf_0_gpio_in[38]/X (sky130_fd_sc_hd__clkbuf_16)
                                                         clknet_0_gpio_in[38] (net)
                      0.065227    0.003553    0.386187 ^ clkbuf_1_1__f_gpio_in[38]/A (sky130_fd_sc_hd__clkbuf_16)
    19    0.065981    0.063940    0.117709    0.503896 ^ clkbuf_1_1__f_gpio_in[38]/X (sky130_fd_sc_hd__clkbuf_16)
                                                         clknet_1_1__leaf_gpio_in[38] (net)
                      0.066131    0.009091    0.512987 ^ _094_/CLK (sky130_fd_sc_hd__dfrtp_1)
     3    0.007801    0.061111    0.231708    0.744695 ^ _094_/Q (sky130_fd_sc_hd__dfrtp_1)
                                                         gpio_22_37_output[25].cfg.gpio_out_val (net)
                      0.061111    0.000056    0.744751 ^ _666_/A (sky130_fd_sc_hd__clkbuf_1)
     1    0.002412    0.029396    0.054353    0.799104 ^ _666_/X (sky130_fd_sc_hd__clkbuf_1)
                                                         net14 (net)
                      0.029396    0.000024    0.799129 ^ output14/A (sky130_fd_sc_hd__buf_2)
     1    0.034464    0.128920    0.137383    0.936511 ^ output14/X (sky130_fd_sc_hd__buf_2)
                                                         gpio_out[25] (net)
                      0.128922    0.000420    0.936931 ^ gpio_out[25] (out)
                                              0.936931   data arrival time

                                 25.000000   25.000000   clock gpio_in[38] (rise edge)
                                  0.000000   25.000000   clock network delay (propagated)
                                 -0.250000   24.750000   clock uncertainty
                                  0.000000   24.750000   clock reconvergence pessimism
                                 -5.000000   19.750000   output external delay
                                             19.750000   data required time
---------------------------------------------------------------------------------------------
                                             19.750000   data required time
                                             -0.936931   data arrival time
---------------------------------------------------------------------------------------------
                                             18.813068   slack (MET)


Startpoint: _106_ (rising edge-triggered flip-flop clocked by gpio_in[38])
Endpoint: gpio_out[37] (output port clocked by gpio_in[38])
Path Group: gpio_in[38]
Path Type: max

Fanout         Cap        Slew       Delay        Time   Description
---------------------------------------------------------------------------------------------
                                  0.000000    0.000000   clock gpio_in[38] (rise edge)
                                  0.000000    0.000000   clock source latency
     2    0.090700    0.308256    0.227280    0.227280 ^ gpio_in[38] (in)
                                                         gpio_in[38] (net)
                      0.313233    0.000000    0.227280 ^ clkbuf_0_gpio_in[38]/A (sky130_fd_sc_hd__clkbuf_16)
     5    0.060445    0.064892    0.155354    0.382634 ^ clkbuf_0_gpio_in[38]/X (sky130_fd_sc_hd__clkbuf_16)
                                                         clknet_0_gpio_in[38] (net)
                      0.065227    0.003553    0.386187 ^ clkbuf_1_1__f_gpio_in[38]/A (sky130_fd_sc_hd__clkbuf_16)
    19    0.065981    0.063940    0.117709    0.503896 ^ clkbuf_1_1__f_gpio_in[38]/X (sky130_fd_sc_hd__clkbuf_16)
                                                         clknet_1_1__leaf_gpio_in[38] (net)
                      0.065946    0.008668    0.512563 ^ _106_/CLK (sky130_fd_sc_hd__dfrtp_1)
     2    0.005997    0.050240    0.222969    0.735533 ^ _106_/Q (sky130_fd_sc_hd__dfrtp_1)
                                                         gpio_22_37_output[37].cfg.gpio_out_val (net)
                      0.050240    0.000079    0.735612 ^ _678_/A (sky130_fd_sc_hd__clkbuf_1)
     1    0.002048    0.026410    0.051060    0.786672 ^ _678_/X (sky130_fd_sc_hd__clkbuf_1)
                                                         net27 (net)
                      0.026410    0.000017    0.786689 ^ output27/A (sky130_fd_sc_hd__buf_2)
     1    0.034420    0.128771    0.136373    0.923062 ^ output27/X (sky130_fd_sc_hd__buf_2)
                                                         gpio_out[37] (net)
                      0.128773    0.000418    0.923480 ^ gpio_out[37] (out)
                                              0.923480   data arrival time

                                 25.000000   25.000000   clock gpio_in[38] (rise edge)
                                  0.000000   25.000000   clock network delay (propagated)
                                 -0.250000   24.750000   clock uncertainty
                                  0.000000   24.750000   clock reconvergence pessimism
                                 -5.000000   19.750000   output external delay
                                             19.750000   data required time
---------------------------------------------------------------------------------------------
                                             19.750000   data required time
                                             -0.923480   data arrival time
---------------------------------------------------------------------------------------------
                                             18.826519   slack (MET)


Startpoint: resetb_l (input port clocked by gpio_in[38])
Endpoint: _094_ (recovery check against rising-edge clock gpio_in[38])
Path Group: asynchronous
Path Type: max

Fanout         Cap        Slew       Delay        Time   Description
---------------------------------------------------------------------------------------------
                                  0.000000    0.000000   clock gpio_in[38] (rise edge)
                                  0.000000    0.000000   clock network delay (propagated)
                                  5.000000    5.000000 ^ input external delay
     2    0.008980    0.035063    0.022597    5.022598 ^ resetb_l (in)
                                                         resetb_l (net)
                      0.035063    0.000000    5.022598 ^ input2/A (sky130_fd_sc_hd__buf_8)
    11    0.123690    0.146938    0.134072    5.156670 ^ input2/X (sky130_fd_sc_hd__buf_8)
                                                         net2 (net)
                      0.146939    0.000316    5.156986 ^ fanout31/A (sky130_fd_sc_hd__clkbuf_16)
    33    0.177541    0.141503    0.184987    5.341973 ^ fanout31/X (sky130_fd_sc_hd__clkbuf_16)
                                                         net31 (net)
                      0.170621    0.049545    5.391518 ^ _094_/RESET_B (sky130_fd_sc_hd__dfrtp_1)
                                              5.391518   data arrival time

                                 25.000000   25.000000   clock gpio_in[38] (rise edge)
                                  0.000000   25.000000   clock source latency
     2    0.090700    0.308256    0.227281   25.227280 ^ gpio_in[38] (in)
                                                         gpio_in[38] (net)
                      0.313233    0.000000   25.227280 ^ clkbuf_0_gpio_in[38]/A (sky130_fd_sc_hd__clkbuf_16)
     5    0.060445    0.064892    0.155353   25.382633 ^ clkbuf_0_gpio_in[38]/X (sky130_fd_sc_hd__clkbuf_16)
                                                         clknet_0_gpio_in[38] (net)
                      0.065227    0.003553   25.386187 ^ clkbuf_1_1__f_gpio_in[38]/A (sky130_fd_sc_hd__clkbuf_16)
    19    0.065981    0.063940    0.117709   25.503895 ^ clkbuf_1_1__f_gpio_in[38]/X (sky130_fd_sc_hd__clkbuf_16)
                                                         clknet_1_1__leaf_gpio_in[38] (net)
                      0.066131    0.009091   25.512987 ^ _094_/CLK (sky130_fd_sc_hd__dfrtp_1)
                                 -0.250000   25.262987   clock uncertainty
                                  0.000000   25.262987   clock reconvergence pessimism
                                  0.123008   25.385994   library recovery time
                                             25.385994   data required time
---------------------------------------------------------------------------------------------
                                             25.385994   data required time
                                             -5.391518   data arrival time
---------------------------------------------------------------------------------------------
                                             19.994478   slack (MET)


Startpoint: resetb_l (input port clocked by gpio_in[38])
Endpoint: _092_ (recovery check against rising-edge clock gpio_in[38])
Path Group: asynchronous
Path Type: max

Fanout         Cap        Slew       Delay        Time   Description
---------------------------------------------------------------------------------------------
                                  0.000000    0.000000   clock gpio_in[38] (rise edge)
                                  0.000000    0.000000   clock network delay (propagated)
                                  5.000000    5.000000 ^ input external delay
     2    0.008980    0.035063    0.022597    5.022598 ^ resetb_l (in)
                                                         resetb_l (net)
                      0.035063    0.000000    5.022598 ^ input2/A (sky130_fd_sc_hd__buf_8)
    11    0.123690    0.146938    0.134072    5.156670 ^ input2/X (sky130_fd_sc_hd__buf_8)
                                                         net2 (net)
                      0.146939    0.000316    5.156986 ^ fanout31/A (sky130_fd_sc_hd__clkbuf_16)
    33    0.177541    0.141503    0.184987    5.341973 ^ fanout31/X (sky130_fd_sc_hd__clkbuf_16)
                                                         net31 (net)
                      0.170639    0.049563    5.391535 ^ _092_/RESET_B (sky130_fd_sc_hd__dfrtp_1)
                                              5.391535   data arrival time

                                 25.000000   25.000000   clock gpio_in[38] (rise edge)
                                  0.000000   25.000000   clock source latency
     2    0.090700    0.308256    0.227281   25.227280 ^ gpio_in[38] (in)
                                                         gpio_in[38] (net)
                      0.313233    0.000000   25.227280 ^ clkbuf_0_gpio_in[38]/A (sky130_fd_sc_hd__clkbuf_16)
     5    0.060445    0.064892    0.155353   25.382633 ^ clkbuf_0_gpio_in[38]/X (sky130_fd_sc_hd__clkbuf_16)
                                                         clknet_0_gpio_in[38] (net)
                      0.065227    0.003553   25.386187 ^ clkbuf_1_1__f_gpio_in[38]/A (sky130_fd_sc_hd__clkbuf_16)
    19    0.065981    0.063940    0.117709   25.503895 ^ clkbuf_1_1__f_gpio_in[38]/X (sky130_fd_sc_hd__clkbuf_16)
                                                         clknet_1_1__leaf_gpio_in[38] (net)
                      0.066153    0.009141   25.513037 ^ _092_/CLK (sky130_fd_sc_hd__dfrtp_1)
                                 -0.250000   25.263037   clock uncertainty
                                  0.000000   25.263037   clock reconvergence pessimism
                                  0.123008   25.386044   library recovery time
                                             25.386044   data required time
---------------------------------------------------------------------------------------------
                                             25.386044   data required time
                                             -5.391535   data arrival time
---------------------------------------------------------------------------------------------
                                             19.994511   slack (MET)


Startpoint: resetb_l (input port clocked by gpio_in[38])
Endpoint: _091_ (recovery check against rising-edge clock gpio_in[38])
Path Group: asynchronous
Path Type: max

Fanout         Cap        Slew       Delay        Time   Description
---------------------------------------------------------------------------------------------
                                  0.000000    0.000000   clock gpio_in[38] (rise edge)
                                  0.000000    0.000000   clock network delay (propagated)
                                  5.000000    5.000000 ^ input external delay
     2    0.008980    0.035063    0.022597    5.022598 ^ resetb_l (in)
                                                         resetb_l (net)
                      0.035063    0.000000    5.022598 ^ input2/A (sky130_fd_sc_hd__buf_8)
    11    0.123690    0.146938    0.134072    5.156670 ^ input2/X (sky130_fd_sc_hd__buf_8)
                                                         net2 (net)
                      0.146939    0.000316    5.156986 ^ fanout31/A (sky130_fd_sc_hd__clkbuf_16)
    33    0.177541    0.141503    0.184987    5.341973 ^ fanout31/X (sky130_fd_sc_hd__clkbuf_16)
                                                         net31 (net)
                      0.170601    0.049526    5.391499 ^ _091_/RESET_B (sky130_fd_sc_hd__dfrtp_1)
                                              5.391499   data arrival time

                                 25.000000   25.000000   clock gpio_in[38] (rise edge)
                                  0.000000   25.000000   clock source latency
     2    0.090700    0.308256    0.227281   25.227280 ^ gpio_in[38] (in)
                                                         gpio_in[38] (net)
                      0.313233    0.000000   25.227280 ^ clkbuf_0_gpio_in[38]/A (sky130_fd_sc_hd__clkbuf_16)
     5    0.060445    0.064892    0.155353   25.382633 ^ clkbuf_0_gpio_in[38]/X (sky130_fd_sc_hd__clkbuf_16)
                                                         clknet_0_gpio_in[38] (net)
                      0.065227    0.003553   25.386187 ^ clkbuf_1_1__f_gpio_in[38]/A (sky130_fd_sc_hd__clkbuf_16)
    19    0.065981    0.063940    0.117709   25.503895 ^ clkbuf_1_1__f_gpio_in[38]/X (sky130_fd_sc_hd__clkbuf_16)
                                                         clknet_1_1__leaf_gpio_in[38] (net)
                      0.066153    0.009141   25.513037 ^ _091_/CLK (sky130_fd_sc_hd__dfrtp_1)
                                 -0.250000   25.263037   clock uncertainty
                                  0.000000   25.263037   clock reconvergence pessimism
                                  0.123015   25.386051   library recovery time
                                             25.386051   data required time
---------------------------------------------------------------------------------------------
                                             25.386051   data required time
                                             -5.391499   data arrival time
---------------------------------------------------------------------------------------------
                                             19.994553   slack (MET)


Startpoint: resetb_l (input port clocked by gpio_in[38])
Endpoint: _093_ (recovery check against rising-edge clock gpio_in[38])
Path Group: asynchronous
Path Type: max

Fanout         Cap        Slew       Delay        Time   Description
---------------------------------------------------------------------------------------------
                                  0.000000    0.000000   clock gpio_in[38] (rise edge)
                                  0.000000    0.000000   clock network delay (propagated)
                                  5.000000    5.000000 ^ input external delay
     2    0.008980    0.035063    0.022597    5.022598 ^ resetb_l (in)
                                                         resetb_l (net)
                      0.035063    0.000000    5.022598 ^ input2/A (sky130_fd_sc_hd__buf_8)
    11    0.123690    0.146938    0.134072    5.156670 ^ input2/X (sky130_fd_sc_hd__buf_8)
                                                         net2 (net)
                      0.146939    0.000316    5.156986 ^ fanout31/A (sky130_fd_sc_hd__clkbuf_16)
    33    0.177541    0.141503    0.184987    5.341973 ^ fanout31/X (sky130_fd_sc_hd__clkbuf_16)
                                                         net31 (net)
                      0.170542    0.049468    5.391441 ^ _093_/RESET_B (sky130_fd_sc_hd__dfrtp_1)
                                              5.391441   data arrival time

                                 25.000000   25.000000   clock gpio_in[38] (rise edge)
                                  0.000000   25.000000   clock source latency
     2    0.090700    0.308256    0.227281   25.227280 ^ gpio_in[38] (in)
                                                         gpio_in[38] (net)
                      0.313233    0.000000   25.227280 ^ clkbuf_0_gpio_in[38]/A (sky130_fd_sc_hd__clkbuf_16)
     5    0.060445    0.064892    0.155353   25.382633 ^ clkbuf_0_gpio_in[38]/X (sky130_fd_sc_hd__clkbuf_16)
                                                         clknet_0_gpio_in[38] (net)
                      0.065227    0.003553   25.386187 ^ clkbuf_1_1__f_gpio_in[38]/A (sky130_fd_sc_hd__clkbuf_16)
    19    0.065981    0.063940    0.117709   25.503895 ^ clkbuf_1_1__f_gpio_in[38]/X (sky130_fd_sc_hd__clkbuf_16)
                                                         clknet_1_1__leaf_gpio_in[38] (net)
                      0.066158    0.009152   25.513046 ^ _093_/CLK (sky130_fd_sc_hd__dfrtp_1)
                                 -0.250000   25.263048   clock uncertainty
                                  0.000000   25.263048   clock reconvergence pessimism
                                  0.123027   25.386074   library recovery time
                                             25.386074   data required time
---------------------------------------------------------------------------------------------
                                             25.386074   data required time
                                             -5.391441   data arrival time
---------------------------------------------------------------------------------------------
                                             19.994635   slack (MET)


Startpoint: resetb_l (input port clocked by gpio_in[38])
Endpoint: _095_ (recovery check against rising-edge clock gpio_in[38])
Path Group: asynchronous
Path Type: max

Fanout         Cap        Slew       Delay        Time   Description
---------------------------------------------------------------------------------------------
                                  0.000000    0.000000   clock gpio_in[38] (rise edge)
                                  0.000000    0.000000   clock network delay (propagated)
                                  5.000000    5.000000 ^ input external delay
     2    0.008980    0.035063    0.022597    5.022598 ^ resetb_l (in)
                                                         resetb_l (net)
                      0.035063    0.000000    5.022598 ^ input2/A (sky130_fd_sc_hd__buf_8)
    11    0.123690    0.146938    0.134072    5.156670 ^ input2/X (sky130_fd_sc_hd__buf_8)
                                                         net2 (net)
                      0.146939    0.000316    5.156986 ^ fanout31/A (sky130_fd_sc_hd__clkbuf_16)
    33    0.177541    0.141503    0.184987    5.341973 ^ fanout31/X (sky130_fd_sc_hd__clkbuf_16)
                                                         net31 (net)
                      0.143162    0.011078    5.353051 ^ _095_/RESET_B (sky130_fd_sc_hd__dfrtp_2)
                                              5.353051   data arrival time

                                 25.000000   25.000000   clock gpio_in[38] (rise edge)
                                  0.000000   25.000000   clock source latency
     2    0.090700    0.308256    0.227281   25.227280 ^ gpio_in[38] (in)
                                                         gpio_in[38] (net)
                      0.313233    0.000000   25.227280 ^ clkbuf_0_gpio_in[38]/A (sky130_fd_sc_hd__clkbuf_16)
     5    0.060445    0.064892    0.155353   25.382633 ^ clkbuf_0_gpio_in[38]/X (sky130_fd_sc_hd__clkbuf_16)
                                                         clknet_0_gpio_in[38] (net)
                      0.065246    0.003665   25.386299 ^ clkbuf_1_0__f_gpio_in[38]/A (sky130_fd_sc_hd__clkbuf_16)
    25    0.077004    0.072445    0.120922   25.507219 ^ clkbuf_1_0__f_gpio_in[38]/X (sky130_fd_sc_hd__clkbuf_16)
                                                         clknet_1_0__leaf_gpio_in[38] (net)
                      0.075368    0.011131   25.518351 ^ _095_/CLK (sky130_fd_sc_hd__dfrtp_2)
                                 -0.250000   25.268353   clock uncertainty
                                  0.000000   25.268353   clock reconvergence pessimism
                                  0.111901   25.380251   library recovery time
                                             25.380251   data required time
---------------------------------------------------------------------------------------------
                                             25.380251   data required time
                                             -5.353051   data arrival time
---------------------------------------------------------------------------------------------
                                             20.027201   slack (MET)


Startpoint: resetb_l (input port clocked by gpio_in[38])
Endpoint: _087_ (recovery check against rising-edge clock gpio_in[38])
Path Group: asynchronous
Path Type: max

Fanout         Cap        Slew       Delay        Time   Description
---------------------------------------------------------------------------------------------
                                  0.000000    0.000000   clock gpio_in[38] (rise edge)
                                  0.000000    0.000000   clock network delay (propagated)
                                  5.000000    5.000000 ^ input external delay
     2    0.008980    0.035063    0.022597    5.022598 ^ resetb_l (in)
                                                         resetb_l (net)
                      0.035063    0.000000    5.022598 ^ input2/A (sky130_fd_sc_hd__buf_8)
    11    0.123690    0.146938    0.134072    5.156670 ^ input2/X (sky130_fd_sc_hd__buf_8)
                                                         net2 (net)
                      0.146939    0.000316    5.156986 ^ fanout31/A (sky130_fd_sc_hd__clkbuf_16)
    33    0.177541    0.141503    0.184987    5.341973 ^ fanout31/X (sky130_fd_sc_hd__clkbuf_16)
                                                         net31 (net)
                      0.142207    0.007415    5.349388 ^ _087_/RESET_B (sky130_fd_sc_hd__dfrtp_2)
                                              5.349388   data arrival time

                                 25.000000   25.000000   clock gpio_in[38] (rise edge)
                                  0.000000   25.000000   clock source latency
     2    0.090700    0.308256    0.227281   25.227280 ^ gpio_in[38] (in)
                                                         gpio_in[38] (net)
                      0.313233    0.000000   25.227280 ^ clkbuf_0_gpio_in[38]/A (sky130_fd_sc_hd__clkbuf_16)
     5    0.060445    0.064892    0.155353   25.382633 ^ clkbuf_0_gpio_in[38]/X (sky130_fd_sc_hd__clkbuf_16)
                                                         clknet_0_gpio_in[38] (net)
                      0.065246    0.003665   25.386299 ^ clkbuf_1_0__f_gpio_in[38]/A (sky130_fd_sc_hd__clkbuf_16)
    25    0.077004    0.072445    0.120922   25.507219 ^ clkbuf_1_0__f_gpio_in[38]/X (sky130_fd_sc_hd__clkbuf_16)
                                                         clknet_1_0__leaf_gpio_in[38] (net)
                      0.076118    0.012522   25.519741 ^ _087_/CLK (sky130_fd_sc_hd__dfrtp_2)
                                 -0.250000   25.269743   clock uncertainty
                                  0.000000   25.269743   clock reconvergence pessimism
                                  0.112262   25.382006   library recovery time
                                             25.382006   data required time
---------------------------------------------------------------------------------------------
                                             25.382006   data required time
                                             -5.349388   data arrival time
---------------------------------------------------------------------------------------------
                                             20.032616   slack (MET)


Startpoint: resetb_l (input port clocked by gpio_in[38])
Endpoint: _098_ (recovery check against rising-edge clock gpio_in[38])
Path Group: asynchronous
Path Type: max

Fanout         Cap        Slew       Delay        Time   Description
---------------------------------------------------------------------------------------------
                                  0.000000    0.000000   clock gpio_in[38] (rise edge)
                                  0.000000    0.000000   clock network delay (propagated)
                                  5.000000    5.000000 ^ input external delay
     2    0.008980    0.035063    0.022597    5.022598 ^ resetb_l (in)
                                                         resetb_l (net)
                      0.035063    0.000000    5.022598 ^ input2/A (sky130_fd_sc_hd__buf_8)
    11    0.123690    0.146938    0.134072    5.156670 ^ input2/X (sky130_fd_sc_hd__buf_8)
                                                         net2 (net)
                      0.146939    0.000316    5.156986 ^ fanout31/A (sky130_fd_sc_hd__clkbuf_16)
    33    0.177541    0.141503    0.184987    5.341973 ^ fanout31/X (sky130_fd_sc_hd__clkbuf_16)
                                                         net31 (net)
                      0.142526    0.008817    5.350790 ^ _098_/RESET_B (sky130_fd_sc_hd__dfrtp_1)
                                              5.350790   data arrival time

                                 25.000000   25.000000   clock gpio_in[38] (rise edge)
                                  0.000000   25.000000   clock source latency
     2    0.090700    0.308256    0.227281   25.227280 ^ gpio_in[38] (in)
                                                         gpio_in[38] (net)
                      0.313233    0.000000   25.227280 ^ clkbuf_0_gpio_in[38]/A (sky130_fd_sc_hd__clkbuf_16)
     5    0.060445    0.064892    0.155353   25.382633 ^ clkbuf_0_gpio_in[38]/X (sky130_fd_sc_hd__clkbuf_16)
                                                         clknet_0_gpio_in[38] (net)
                      0.065246    0.003665   25.386299 ^ clkbuf_1_0__f_gpio_in[38]/A (sky130_fd_sc_hd__clkbuf_16)
    25    0.077004    0.072445    0.120922   25.507219 ^ clkbuf_1_0__f_gpio_in[38]/X (sky130_fd_sc_hd__clkbuf_16)
                                                         clknet_1_0__leaf_gpio_in[38] (net)
                      0.075902    0.012134   25.519354 ^ _098_/CLK (sky130_fd_sc_hd__dfrtp_1)
                                 -0.250000   25.269356   clock uncertainty
                                  0.000000   25.269356   clock reconvergence pessimism
                                  0.129727   25.399082   library recovery time
                                             25.399082   data required time
---------------------------------------------------------------------------------------------
                                             25.399082   data required time
                                             -5.350790   data arrival time
---------------------------------------------------------------------------------------------
                                             20.048292   slack (MET)


Startpoint: resetb_l (input port clocked by gpio_in[38])
Endpoint: _097_ (recovery check against rising-edge clock gpio_in[38])
Path Group: asynchronous
Path Type: max

Fanout         Cap        Slew       Delay        Time   Description
---------------------------------------------------------------------------------------------
                                  0.000000    0.000000   clock gpio_in[38] (rise edge)
                                  0.000000    0.000000   clock network delay (propagated)
                                  5.000000    5.000000 ^ input external delay
     2    0.008980    0.035063    0.022597    5.022598 ^ resetb_l (in)
                                                         resetb_l (net)
                      0.035063    0.000000    5.022598 ^ input2/A (sky130_fd_sc_hd__buf_8)
    11    0.123690    0.146938    0.134072    5.156670 ^ input2/X (sky130_fd_sc_hd__buf_8)
                                                         net2 (net)
                      0.146939    0.000316    5.156986 ^ fanout31/A (sky130_fd_sc_hd__clkbuf_16)
    33    0.177541    0.141503    0.184987    5.341973 ^ fanout31/X (sky130_fd_sc_hd__clkbuf_16)
                                                         net31 (net)
                      0.142543    0.008887    5.350860 ^ _097_/RESET_B (sky130_fd_sc_hd__dfrtp_1)
                                              5.350860   data arrival time

                                 25.000000   25.000000   clock gpio_in[38] (rise edge)
                                  0.000000   25.000000   clock source latency
     2    0.090700    0.308256    0.227281   25.227280 ^ gpio_in[38] (in)
                                                         gpio_in[38] (net)
                      0.313233    0.000000   25.227280 ^ clkbuf_0_gpio_in[38]/A (sky130_fd_sc_hd__clkbuf_16)
     5    0.060445    0.064892    0.155353   25.382633 ^ clkbuf_0_gpio_in[38]/X (sky130_fd_sc_hd__clkbuf_16)
                                                         clknet_0_gpio_in[38] (net)
                      0.065246    0.003665   25.386299 ^ clkbuf_1_0__f_gpio_in[38]/A (sky130_fd_sc_hd__clkbuf_16)
    25    0.077004    0.072445    0.120922   25.507219 ^ clkbuf_1_0__f_gpio_in[38]/X (sky130_fd_sc_hd__clkbuf_16)
                                                         clknet_1_0__leaf_gpio_in[38] (net)
                      0.076010    0.012330   25.519550 ^ _097_/CLK (sky130_fd_sc_hd__dfrtp_1)
                                 -0.250000   25.269550   clock uncertainty
                                  0.000000   25.269550   clock reconvergence pessimism
                                  0.129741   25.399290   library recovery time
                                             25.399290   data required time
---------------------------------------------------------------------------------------------
                                             25.399290   data required time
                                             -5.350860   data arrival time
---------------------------------------------------------------------------------------------
                                             20.048431   slack (MET)


Startpoint: resetb_l (input port clocked by gpio_in[38])
Endpoint: _096_ (recovery check against rising-edge clock gpio_in[38])
Path Group: asynchronous
Path Type: max

Fanout         Cap        Slew       Delay        Time   Description
---------------------------------------------------------------------------------------------
                                  0.000000    0.000000   clock gpio_in[38] (rise edge)
                                  0.000000    0.000000   clock network delay (propagated)
                                  5.000000    5.000000 ^ input external delay
     2    0.008980    0.035063    0.022597    5.022598 ^ resetb_l (in)
                                                         resetb_l (net)
                      0.035063    0.000000    5.022598 ^ input2/A (sky130_fd_sc_hd__buf_8)
    11    0.123690    0.146938    0.134072    5.156670 ^ input2/X (sky130_fd_sc_hd__buf_8)
                                                         net2 (net)
                      0.146939    0.000316    5.156986 ^ fanout31/A (sky130_fd_sc_hd__clkbuf_16)
    33    0.177541    0.141503    0.184987    5.341973 ^ fanout31/X (sky130_fd_sc_hd__clkbuf_16)
                                                         net31 (net)
                      0.142536    0.008857    5.350830 ^ _096_/RESET_B (sky130_fd_sc_hd__dfrtp_1)
                                              5.350830   data arrival time

                                 25.000000   25.000000   clock gpio_in[38] (rise edge)
                                  0.000000   25.000000   clock source latency
     2    0.090700    0.308256    0.227281   25.227280 ^ gpio_in[38] (in)
                                                         gpio_in[38] (net)
                      0.313233    0.000000   25.227280 ^ clkbuf_0_gpio_in[38]/A (sky130_fd_sc_hd__clkbuf_16)
     5    0.060445    0.064892    0.155353   25.382633 ^ clkbuf_0_gpio_in[38]/X (sky130_fd_sc_hd__clkbuf_16)
                                                         clknet_0_gpio_in[38] (net)
                      0.065246    0.003665   25.386299 ^ clkbuf_1_0__f_gpio_in[38]/A (sky130_fd_sc_hd__clkbuf_16)
    25    0.077004    0.072445    0.120922   25.507219 ^ clkbuf_1_0__f_gpio_in[38]/X (sky130_fd_sc_hd__clkbuf_16)
                                                         clknet_1_0__leaf_gpio_in[38] (net)
                      0.076017    0.012340   25.519560 ^ _096_/CLK (sky130_fd_sc_hd__dfrtp_1)
                                 -0.250000   25.269562   clock uncertainty
                                  0.000000   25.269562   clock reconvergence pessimism
                                  0.129743   25.399305   library recovery time
                                             25.399305   data required time
---------------------------------------------------------------------------------------------
                                             25.399305   data required time
                                             -5.350830   data arrival time
---------------------------------------------------------------------------------------------
                                             20.048475   slack (MET)


Startpoint: resetb_l (input port clocked by gpio_in[38])
Endpoint: _088_ (recovery check against rising-edge clock gpio_in[38])
Path Group: asynchronous
Path Type: max

Fanout         Cap        Slew       Delay        Time   Description
---------------------------------------------------------------------------------------------
                                  0.000000    0.000000   clock gpio_in[38] (rise edge)
                                  0.000000    0.000000   clock network delay (propagated)
                                  5.000000    5.000000 ^ input external delay
     2    0.008980    0.035063    0.022597    5.022598 ^ resetb_l (in)
                                                         resetb_l (net)
                      0.035063    0.000000    5.022598 ^ input2/A (sky130_fd_sc_hd__buf_8)
    11    0.123690    0.146938    0.134072    5.156670 ^ input2/X (sky130_fd_sc_hd__buf_8)
                                                         net2 (net)
                      0.146939    0.000316    5.156986 ^ fanout31/A (sky130_fd_sc_hd__clkbuf_16)
    33    0.177541    0.141503    0.184987    5.341973 ^ fanout31/X (sky130_fd_sc_hd__clkbuf_16)
                                                         net31 (net)
                      0.142058    0.006647    5.348620 ^ _088_/RESET_B (sky130_fd_sc_hd__dfrtp_1)
                                              5.348620   data arrival time

                                 25.000000   25.000000   clock gpio_in[38] (rise edge)
                                  0.000000   25.000000   clock source latency
     2    0.090700    0.308256    0.227281   25.227280 ^ gpio_in[38] (in)
                                                         gpio_in[38] (net)
                      0.313233    0.000000   25.227280 ^ clkbuf_0_gpio_in[38]/A (sky130_fd_sc_hd__clkbuf_16)
     5    0.060445    0.064892    0.155353   25.382633 ^ clkbuf_0_gpio_in[38]/X (sky130_fd_sc_hd__clkbuf_16)
                                                         clknet_0_gpio_in[38] (net)
                      0.065246    0.003665   25.386299 ^ clkbuf_1_0__f_gpio_in[38]/A (sky130_fd_sc_hd__clkbuf_16)
    25    0.077004    0.072445    0.120922   25.507219 ^ clkbuf_1_0__f_gpio_in[38]/X (sky130_fd_sc_hd__clkbuf_16)
                                                         clknet_1_0__leaf_gpio_in[38] (net)
                      0.076206    0.012676   25.519896 ^ _088_/CLK (sky130_fd_sc_hd__dfrtp_1)
                                 -0.250000   25.269897   clock uncertainty
                                  0.000000   25.269897   clock reconvergence pessimism
                                  0.129861   25.399757   library recovery time
                                             25.399757   data required time
---------------------------------------------------------------------------------------------
                                             25.399757   data required time
                                             -5.348620   data arrival time
---------------------------------------------------------------------------------------------
                                             20.051138   slack (MET)


Startpoint: resetb_l (input port clocked by gpio_in[38])
Endpoint: _090_ (recovery check against rising-edge clock gpio_in[38])
Path Group: asynchronous
Path Type: max

Fanout         Cap        Slew       Delay        Time   Description
---------------------------------------------------------------------------------------------
                                  0.000000    0.000000   clock gpio_in[38] (rise edge)
                                  0.000000    0.000000   clock network delay (propagated)
                                  5.000000    5.000000 ^ input external delay
     2    0.008980    0.035063    0.022597    5.022598 ^ resetb_l (in)
                                                         resetb_l (net)
                      0.035063    0.000000    5.022598 ^ input2/A (sky130_fd_sc_hd__buf_8)
    11    0.123690    0.146938    0.134072    5.156670 ^ input2/X (sky130_fd_sc_hd__buf_8)
                                                         net2 (net)
                      0.146939    0.000316    5.156986 ^ fanout31/A (sky130_fd_sc_hd__clkbuf_16)
    33    0.177541    0.141503    0.184987    5.341973 ^ fanout31/X (sky130_fd_sc_hd__clkbuf_16)
                                                         net31 (net)
                      0.141869    0.005491    5.347464 ^ _090_/RESET_B (sky130_fd_sc_hd__dfrtp_1)
                                              5.347464   data arrival time

                                 25.000000   25.000000   clock gpio_in[38] (rise edge)
                                  0.000000   25.000000   clock source latency
     2    0.090700    0.308256    0.227281   25.227280 ^ gpio_in[38] (in)
                                                         gpio_in[38] (net)
                      0.313233    0.000000   25.227280 ^ clkbuf_0_gpio_in[38]/A (sky130_fd_sc_hd__clkbuf_16)
     5    0.060445    0.064892    0.155353   25.382633 ^ clkbuf_0_gpio_in[38]/X (sky130_fd_sc_hd__clkbuf_16)
                                                         clknet_0_gpio_in[38] (net)
                      0.065246    0.003665   25.386299 ^ clkbuf_1_0__f_gpio_in[38]/A (sky130_fd_sc_hd__clkbuf_16)
    25    0.077004    0.072445    0.120922   25.507219 ^ clkbuf_1_0__f_gpio_in[38]/X (sky130_fd_sc_hd__clkbuf_16)
                                                         clknet_1_0__leaf_gpio_in[38] (net)
                      0.076351    0.012928   25.520149 ^ _090_/CLK (sky130_fd_sc_hd__dfrtp_1)
                                 -0.250000   25.270149   clock uncertainty
                                  0.000000   25.270149   clock reconvergence pessimism
                                  0.129918   25.400066   library recovery time
                                             25.400066   data required time
---------------------------------------------------------------------------------------------
                                             25.400066   data required time
                                             -5.347464   data arrival time
---------------------------------------------------------------------------------------------
                                             20.052603   slack (MET)


Startpoint: resetb_l (input port clocked by gpio_in[38])
Endpoint: _089_ (recovery check against rising-edge clock gpio_in[38])
Path Group: asynchronous
Path Type: max

Fanout         Cap        Slew       Delay        Time   Description
---------------------------------------------------------------------------------------------
                                  0.000000    0.000000   clock gpio_in[38] (rise edge)
                                  0.000000    0.000000   clock network delay (propagated)
                                  5.000000    5.000000 ^ input external delay
     2    0.008980    0.035063    0.022597    5.022598 ^ resetb_l (in)
                                                         resetb_l (net)
                      0.035063    0.000000    5.022598 ^ input2/A (sky130_fd_sc_hd__buf_8)
    11    0.123690    0.146938    0.134072    5.156670 ^ input2/X (sky130_fd_sc_hd__buf_8)
                                                         net2 (net)
                      0.146939    0.000316    5.156986 ^ fanout31/A (sky130_fd_sc_hd__clkbuf_16)
    33    0.177541    0.141503    0.184987    5.341973 ^ fanout31/X (sky130_fd_sc_hd__clkbuf_16)
                                                         net31 (net)
                      0.141726    0.004376    5.346349 ^ _089_/RESET_B (sky130_fd_sc_hd__dfrtp_1)
                                              5.346349   data arrival time

                                 25.000000   25.000000   clock gpio_in[38] (rise edge)
                                  0.000000   25.000000   clock source latency
     2    0.090700    0.308256    0.227281   25.227280 ^ gpio_in[38] (in)
                                                         gpio_in[38] (net)
                      0.313233    0.000000   25.227280 ^ clkbuf_0_gpio_in[38]/A (sky130_fd_sc_hd__clkbuf_16)
     5    0.060445    0.064892    0.155353   25.382633 ^ clkbuf_0_gpio_in[38]/X (sky130_fd_sc_hd__clkbuf_16)
                                                         clknet_0_gpio_in[38] (net)
                      0.065246    0.003665   25.386299 ^ clkbuf_1_0__f_gpio_in[38]/A (sky130_fd_sc_hd__clkbuf_16)
    25    0.077004    0.072445    0.120922   25.507219 ^ clkbuf_1_0__f_gpio_in[38]/X (sky130_fd_sc_hd__clkbuf_16)
                                                         clknet_1_0__leaf_gpio_in[38] (net)
                      0.076451    0.013099   25.520319 ^ _089_/CLK (sky130_fd_sc_hd__dfrtp_1)
                                 -0.250000   25.270319   clock uncertainty
                                  0.000000   25.270319   clock reconvergence pessimism
                                  0.129960   25.400280   library recovery time
                                             25.400280   data required time
---------------------------------------------------------------------------------------------
                                             25.400280   data required time
                                             -5.346349   data arrival time
---------------------------------------------------------------------------------------------
                                             20.053930   slack (MET)


Startpoint: resetb_l (input port clocked by gpio_in[38])
Endpoint: _099_ (recovery check against rising-edge clock gpio_in[38])
Path Group: asynchronous
Path Type: max

Fanout         Cap        Slew       Delay        Time   Description
---------------------------------------------------------------------------------------------
                                  0.000000    0.000000   clock gpio_in[38] (rise edge)
                                  0.000000    0.000000   clock network delay (propagated)
                                  5.000000    5.000000 ^ input external delay
     2    0.008980    0.035063    0.022597    5.022598 ^ resetb_l (in)
                                                         resetb_l (net)
                      0.035063    0.000000    5.022598 ^ input2/A (sky130_fd_sc_hd__buf_8)
    11    0.123690    0.146938    0.134072    5.156670 ^ input2/X (sky130_fd_sc_hd__buf_8)
                                                         net2 (net)
                      0.146939    0.000316    5.156986 ^ fanout31/A (sky130_fd_sc_hd__clkbuf_16)
    33    0.177541    0.141503    0.184987    5.341973 ^ fanout31/X (sky130_fd_sc_hd__clkbuf_16)
                                                         net31 (net)
                      0.141581    0.002685    5.344658 ^ _099_/RESET_B (sky130_fd_sc_hd__dfrtp_1)
                                              5.344658   data arrival time

                                 25.000000   25.000000   clock gpio_in[38] (rise edge)
                                  0.000000   25.000000   clock source latency
     2    0.090700    0.308256    0.227281   25.227280 ^ gpio_in[38] (in)
                                                         gpio_in[38] (net)
                      0.313233    0.000000   25.227280 ^ clkbuf_0_gpio_in[38]/A (sky130_fd_sc_hd__clkbuf_16)
     5    0.060445    0.064892    0.155353   25.382633 ^ clkbuf_0_gpio_in[38]/X (sky130_fd_sc_hd__clkbuf_16)
                                                         clknet_0_gpio_in[38] (net)
                      0.065246    0.003665   25.386299 ^ clkbuf_1_0__f_gpio_in[38]/A (sky130_fd_sc_hd__clkbuf_16)
    25    0.077004    0.072445    0.120922   25.507219 ^ clkbuf_1_0__f_gpio_in[38]/X (sky130_fd_sc_hd__clkbuf_16)
                                                         clknet_1_0__leaf_gpio_in[38] (net)
                      0.076534    0.013239   25.520460 ^ _099_/CLK (sky130_fd_sc_hd__dfrtp_1)
                                 -0.250000   25.270460   clock uncertainty
                                  0.000000   25.270460   clock reconvergence pessimism
                                  0.129999   25.400459   library recovery time
                                             25.400459   data required time
---------------------------------------------------------------------------------------------
                                             25.400459   data required time
                                             -5.344658   data arrival time
---------------------------------------------------------------------------------------------
                                             20.055801   slack (MET)


Startpoint: resetb_l (input port clocked by gpio_in[38])
Endpoint: _100_ (recovery check against rising-edge clock gpio_in[38])
Path Group: asynchronous
Path Type: max

Fanout         Cap        Slew       Delay        Time   Description
---------------------------------------------------------------------------------------------
                                  0.000000    0.000000   clock gpio_in[38] (rise edge)
                                  0.000000    0.000000   clock network delay (propagated)
                                  5.000000    5.000000 ^ input external delay
     2    0.008980    0.035063    0.022597    5.022598 ^ resetb_l (in)
                                                         resetb_l (net)
                      0.035063    0.000000    5.022598 ^ input2/A (sky130_fd_sc_hd__buf_8)
    11    0.123690    0.146938    0.134072    5.156670 ^ input2/X (sky130_fd_sc_hd__buf_8)
                                                         net2 (net)
                      0.146939    0.000316    5.156986 ^ fanout31/A (sky130_fd_sc_hd__clkbuf_16)
    33    0.177541    0.141503    0.184987    5.341973 ^ fanout31/X (sky130_fd_sc_hd__clkbuf_16)
                                                         net31 (net)
                      0.141539    0.001864    5.343837 ^ _100_/RESET_B (sky130_fd_sc_hd__dfrtp_1)
                                              5.343837   data arrival time

                                 25.000000   25.000000   clock gpio_in[38] (rise edge)
                                  0.000000   25.000000   clock source latency
     2    0.090700    0.308256    0.227281   25.227280 ^ gpio_in[38] (in)
                                                         gpio_in[38] (net)
                      0.313233    0.000000   25.227280 ^ clkbuf_0_gpio_in[38]/A (sky130_fd_sc_hd__clkbuf_16)
     5    0.060445    0.064892    0.155353   25.382633 ^ clkbuf_0_gpio_in[38]/X (sky130_fd_sc_hd__clkbuf_16)
                                                         clknet_0_gpio_in[38] (net)
                      0.065246    0.003665   25.386299 ^ clkbuf_1_0__f_gpio_in[38]/A (sky130_fd_sc_hd__clkbuf_16)
    25    0.077004    0.072445    0.120922   25.507219 ^ clkbuf_1_0__f_gpio_in[38]/X (sky130_fd_sc_hd__clkbuf_16)
                                                         clknet_1_0__leaf_gpio_in[38] (net)
                      0.076604    0.013356   25.520576 ^ _100_/CLK (sky130_fd_sc_hd__dfrtp_1)
                                 -0.250000   25.270578   clock uncertainty
                                  0.000000   25.270578   clock reconvergence pessimism
                                  0.130018   25.400597   library recovery time
                                             25.400597   data required time
---------------------------------------------------------------------------------------------
                                             25.400597   data required time
                                             -5.343837   data arrival time
---------------------------------------------------------------------------------------------
                                             20.056761   slack (MET)


Startpoint: resetb_l (input port clocked by gpio_in[38])
Endpoint: _102_ (recovery check against rising-edge clock gpio_in[38])
Path Group: asynchronous
Path Type: max

Fanout         Cap        Slew       Delay        Time   Description
---------------------------------------------------------------------------------------------
                                  0.000000    0.000000   clock gpio_in[38] (rise edge)
                                  0.000000    0.000000   clock network delay (propagated)
                                  5.000000    5.000000 ^ input external delay
     2    0.008980    0.035063    0.022597    5.022598 ^ resetb_l (in)
                                                         resetb_l (net)
                      0.035063    0.000000    5.022598 ^ input2/A (sky130_fd_sc_hd__buf_8)
    11    0.123690    0.146938    0.134072    5.156670 ^ input2/X (sky130_fd_sc_hd__buf_8)
                                                         net2 (net)
                      0.146939    0.000316    5.156986 ^ fanout31/A (sky130_fd_sc_hd__clkbuf_16)
    33    0.177541    0.141503    0.184987    5.341973 ^ fanout31/X (sky130_fd_sc_hd__clkbuf_16)
                                                         net31 (net)
                      0.141522    0.001366    5.343339 ^ _102_/RESET_B (sky130_fd_sc_hd__dfrtp_1)
                                              5.343339   data arrival time

                                 25.000000   25.000000   clock gpio_in[38] (rise edge)
                                  0.000000   25.000000   clock source latency
     2    0.090700    0.308256    0.227281   25.227280 ^ gpio_in[38] (in)
                                                         gpio_in[38] (net)
                      0.313233    0.000000   25.227280 ^ clkbuf_0_gpio_in[38]/A (sky130_fd_sc_hd__clkbuf_16)
     5    0.060445    0.064892    0.155353   25.382633 ^ clkbuf_0_gpio_in[38]/X (sky130_fd_sc_hd__clkbuf_16)
                                                         clknet_0_gpio_in[38] (net)
                      0.065246    0.003665   25.386299 ^ clkbuf_1_0__f_gpio_in[38]/A (sky130_fd_sc_hd__clkbuf_16)
    25    0.077004    0.072445    0.120922   25.507219 ^ clkbuf_1_0__f_gpio_in[38]/X (sky130_fd_sc_hd__clkbuf_16)
                                                         clknet_1_0__leaf_gpio_in[38] (net)
                      0.076552    0.013269   25.520489 ^ _102_/CLK (sky130_fd_sc_hd__dfrtp_1)
                                 -0.250000   25.270491   clock uncertainty
                                  0.000000   25.270491   clock reconvergence pessimism
                                  0.130013   25.400503   library recovery time
                                             25.400503   data required time
---------------------------------------------------------------------------------------------
                                             25.400503   data required time
                                             -5.343339   data arrival time
---------------------------------------------------------------------------------------------
                                             20.057165   slack (MET)


Startpoint: resetb_l (input port clocked by gpio_in[38])
Endpoint: _101_ (recovery check against rising-edge clock gpio_in[38])
Path Group: asynchronous
Path Type: max

Fanout         Cap        Slew       Delay        Time   Description
---------------------------------------------------------------------------------------------
                                  0.000000    0.000000   clock gpio_in[38] (rise edge)
                                  0.000000    0.000000   clock network delay (propagated)
                                  5.000000    5.000000 ^ input external delay
     2    0.008980    0.035063    0.022597    5.022598 ^ resetb_l (in)
                                                         resetb_l (net)
                      0.035063    0.000000    5.022598 ^ input2/A (sky130_fd_sc_hd__buf_8)
    11    0.123690    0.146938    0.134072    5.156670 ^ input2/X (sky130_fd_sc_hd__buf_8)
                                                         net2 (net)
                      0.146939    0.000316    5.156986 ^ fanout31/A (sky130_fd_sc_hd__clkbuf_16)
    33    0.177541    0.141503    0.184987    5.341973 ^ fanout31/X (sky130_fd_sc_hd__clkbuf_16)
                                                         net31 (net)
                      0.141513    0.001050    5.343023 ^ _101_/RESET_B (sky130_fd_sc_hd__dfrtp_1)
                                              5.343023   data arrival time

                                 25.000000   25.000000   clock gpio_in[38] (rise edge)
                                  0.000000   25.000000   clock source latency
     2    0.090700    0.308256    0.227281   25.227280 ^ gpio_in[38] (in)
                                                         gpio_in[38] (net)
                      0.313233    0.000000   25.227280 ^ clkbuf_0_gpio_in[38]/A (sky130_fd_sc_hd__clkbuf_16)
     5    0.060445    0.064892    0.155353   25.382633 ^ clkbuf_0_gpio_in[38]/X (sky130_fd_sc_hd__clkbuf_16)
                                                         clknet_0_gpio_in[38] (net)
                      0.065246    0.003665   25.386299 ^ clkbuf_1_0__f_gpio_in[38]/A (sky130_fd_sc_hd__clkbuf_16)
    25    0.077004    0.072445    0.120922   25.507219 ^ clkbuf_1_0__f_gpio_in[38]/X (sky130_fd_sc_hd__clkbuf_16)
                                                         clknet_1_0__leaf_gpio_in[38] (net)
                      0.076590    0.013333   25.520554 ^ _101_/CLK (sky130_fd_sc_hd__dfrtp_1)
                                 -0.250000   25.270554   clock uncertainty
                                  0.000000   25.270554   clock reconvergence pessimism
                                  0.130021   25.400576   library recovery time
                                             25.400576   data required time
---------------------------------------------------------------------------------------------
                                             25.400576   data required time
                                             -5.343023   data arrival time
---------------------------------------------------------------------------------------------
                                             20.057552   slack (MET)


Startpoint: resetb_l (input port clocked by gpio_in[38])
Endpoint: _106_ (recovery check against rising-edge clock gpio_in[38])
Path Group: asynchronous
Path Type: max

Fanout         Cap        Slew       Delay        Time   Description
---------------------------------------------------------------------------------------------
                                  0.000000    0.000000   clock gpio_in[38] (rise edge)
                                  0.000000    0.000000   clock network delay (propagated)
                                  5.000000    5.000000 ^ input external delay
     2    0.008980    0.035063    0.022597    5.022598 ^ resetb_l (in)
                                                         resetb_l (net)
                      0.035063    0.000000    5.022598 ^ input2/A (sky130_fd_sc_hd__buf_8)
    11    0.123690    0.146938    0.134072    5.156670 ^ input2/X (sky130_fd_sc_hd__buf_8)
                                                         net2 (net)
                      0.173271    0.046771    5.203441 ^ _106_/RESET_B (sky130_fd_sc_hd__dfrtp_1)
                                              5.203441   data arrival time

                                 25.000000   25.000000   clock gpio_in[38] (rise edge)
                                  0.000000   25.000000   clock source latency
     2    0.090700    0.308256    0.227281   25.227280 ^ gpio_in[38] (in)
                                                         gpio_in[38] (net)
                      0.313233    0.000000   25.227280 ^ clkbuf_0_gpio_in[38]/A (sky130_fd_sc_hd__clkbuf_16)
     5    0.060445    0.064892    0.155353   25.382633 ^ clkbuf_0_gpio_in[38]/X (sky130_fd_sc_hd__clkbuf_16)
                                                         clknet_0_gpio_in[38] (net)
                      0.065227    0.003553   25.386187 ^ clkbuf_1_1__f_gpio_in[38]/A (sky130_fd_sc_hd__clkbuf_16)
    19    0.065981    0.063940    0.117709   25.503895 ^ clkbuf_1_1__f_gpio_in[38]/X (sky130_fd_sc_hd__clkbuf_16)
                                                         clknet_1_1__leaf_gpio_in[38] (net)
                      0.065946    0.008669   25.512564 ^ _106_/CLK (sky130_fd_sc_hd__dfrtp_1)
                                 -0.250000   25.262564   clock uncertainty
                                  0.000000   25.262564   clock reconvergence pessimism
                                  0.122488   25.385052   library recovery time
                                             25.385052   data required time
---------------------------------------------------------------------------------------------
                                             25.385052   data required time
                                             -5.203441   data arrival time
---------------------------------------------------------------------------------------------
                                             20.181610   slack (MET)


Startpoint: resetb_l (input port clocked by gpio_in[38])
Endpoint: _103_ (recovery check against rising-edge clock gpio_in[38])
Path Group: asynchronous
Path Type: max

Fanout         Cap        Slew       Delay        Time   Description
---------------------------------------------------------------------------------------------
                                  0.000000    0.000000   clock gpio_in[38] (rise edge)
                                  0.000000    0.000000   clock network delay (propagated)
                                  5.000000    5.000000 ^ input external delay
     2    0.008980    0.035063    0.022597    5.022598 ^ resetb_l (in)
                                                         resetb_l (net)
                      0.035063    0.000000    5.022598 ^ input2/A (sky130_fd_sc_hd__buf_8)
    11    0.123690    0.146938    0.134072    5.156670 ^ input2/X (sky130_fd_sc_hd__buf_8)
                                                         net2 (net)
                      0.173245    0.046746    5.203415 ^ _103_/RESET_B (sky130_fd_sc_hd__dfrtp_1)
                                              5.203415   data arrival time

                                 25.000000   25.000000   clock gpio_in[38] (rise edge)
                                  0.000000   25.000000   clock source latency
     2    0.090700    0.308256    0.227281   25.227280 ^ gpio_in[38] (in)
                                                         gpio_in[38] (net)
                      0.313233    0.000000   25.227280 ^ clkbuf_0_gpio_in[38]/A (sky130_fd_sc_hd__clkbuf_16)
     5    0.060445    0.064892    0.155353   25.382633 ^ clkbuf_0_gpio_in[38]/X (sky130_fd_sc_hd__clkbuf_16)
                                                         clknet_0_gpio_in[38] (net)
                      0.065227    0.003553   25.386187 ^ clkbuf_1_1__f_gpio_in[38]/A (sky130_fd_sc_hd__clkbuf_16)
    19    0.065981    0.063940    0.117709   25.503895 ^ clkbuf_1_1__f_gpio_in[38]/X (sky130_fd_sc_hd__clkbuf_16)
                                                         clknet_1_1__leaf_gpio_in[38] (net)
                      0.065951    0.008678   25.512573 ^ _103_/CLK (sky130_fd_sc_hd__dfrtp_1)
                                 -0.250000   25.262573   clock uncertainty
                                  0.000000   25.262573   clock reconvergence pessimism
                                  0.122493   25.385065   library recovery time
                                             25.385065   data required time
---------------------------------------------------------------------------------------------
                                             25.385065   data required time
                                             -5.203415   data arrival time
---------------------------------------------------------------------------------------------
                                             20.181648   slack (MET)


Startpoint: resetb_l (input port clocked by gpio_in[38])
Endpoint: _104_ (recovery check against rising-edge clock gpio_in[38])
Path Group: asynchronous
Path Type: max

Fanout         Cap        Slew       Delay        Time   Description
---------------------------------------------------------------------------------------------
                                  0.000000    0.000000   clock gpio_in[38] (rise edge)
                                  0.000000    0.000000   clock network delay (propagated)
                                  5.000000    5.000000 ^ input external delay
     2    0.008980    0.035063    0.022597    5.022598 ^ resetb_l (in)
                                                         resetb_l (net)
                      0.035063    0.000000    5.022598 ^ input2/A (sky130_fd_sc_hd__buf_8)
    11    0.123690    0.146938    0.134072    5.156670 ^ input2/X (sky130_fd_sc_hd__buf_8)
                                                         net2 (net)
                      0.173251    0.046751    5.203421 ^ _104_/RESET_B (sky130_fd_sc_hd__dfrtp_1)
                                              5.203421   data arrival time

                                 25.000000   25.000000   clock gpio_in[38] (rise edge)
                                  0.000000   25.000000   clock source latency
     2    0.090700    0.308256    0.227281   25.227280 ^ gpio_in[38] (in)
                                                         gpio_in[38] (net)
                      0.313233    0.000000   25.227280 ^ clkbuf_0_gpio_in[38]/A (sky130_fd_sc_hd__clkbuf_16)
     5    0.060445    0.064892    0.155353   25.382633 ^ clkbuf_0_gpio_in[38]/X (sky130_fd_sc_hd__clkbuf_16)
                                                         clknet_0_gpio_in[38] (net)
                      0.065227    0.003553   25.386187 ^ clkbuf_1_1__f_gpio_in[38]/A (sky130_fd_sc_hd__clkbuf_16)
    19    0.065981    0.063940    0.117709   25.503895 ^ clkbuf_1_1__f_gpio_in[38]/X (sky130_fd_sc_hd__clkbuf_16)
                                                         clknet_1_1__leaf_gpio_in[38] (net)
                      0.065956    0.008690   25.512585 ^ _104_/CLK (sky130_fd_sc_hd__dfrtp_1)
                                 -0.250000   25.262585   clock uncertainty
                                  0.000000   25.262585   clock reconvergence pessimism
                                  0.122493   25.385078   library recovery time
                                             25.385078   data required time
---------------------------------------------------------------------------------------------
                                             25.385078   data required time
                                             -5.203421   data arrival time
---------------------------------------------------------------------------------------------
                                             20.181656   slack (MET)


Startpoint: resetb_l (input port clocked by gpio_in[38])
Endpoint: _105_ (recovery check against rising-edge clock gpio_in[38])
Path Group: asynchronous
Path Type: max

Fanout         Cap        Slew       Delay        Time   Description
---------------------------------------------------------------------------------------------
                                  0.000000    0.000000   clock gpio_in[38] (rise edge)
                                  0.000000    0.000000   clock network delay (propagated)
                                  5.000000    5.000000 ^ input external delay
     2    0.008980    0.035063    0.022597    5.022598 ^ resetb_l (in)
                                                         resetb_l (net)
                      0.035063    0.000000    5.022598 ^ input2/A (sky130_fd_sc_hd__buf_8)
    11    0.123690    0.146938    0.134072    5.156670 ^ input2/X (sky130_fd_sc_hd__buf_8)
                                                         net2 (net)
                      0.173150    0.046651    5.203321 ^ _105_/RESET_B (sky130_fd_sc_hd__dfrtp_1)
                                              5.203321   data arrival time

                                 25.000000   25.000000   clock gpio_in[38] (rise edge)
                                  0.000000   25.000000   clock source latency
     2    0.090700    0.308256    0.227281   25.227280 ^ gpio_in[38] (in)
                                                         gpio_in[38] (net)
                      0.313233    0.000000   25.227280 ^ clkbuf_0_gpio_in[38]/A (sky130_fd_sc_hd__clkbuf_16)
     5    0.060445    0.064892    0.155353   25.382633 ^ clkbuf_0_gpio_in[38]/X (sky130_fd_sc_hd__clkbuf_16)
                                                         clknet_0_gpio_in[38] (net)
                      0.065227    0.003553   25.386187 ^ clkbuf_1_1__f_gpio_in[38]/A (sky130_fd_sc_hd__clkbuf_16)
    19    0.065981    0.063940    0.117709   25.503895 ^ clkbuf_1_1__f_gpio_in[38]/X (sky130_fd_sc_hd__clkbuf_16)
                                                         clknet_1_1__leaf_gpio_in[38] (net)
                      0.065960    0.008701   25.512596 ^ _105_/CLK (sky130_fd_sc_hd__dfrtp_1)
                                 -0.250000   25.262596   clock uncertainty
                                  0.000000   25.262596   clock reconvergence pessimism
                                  0.122512   25.385109   library recovery time
                                             25.385109   data required time
---------------------------------------------------------------------------------------------
                                             25.385109   data required time
                                             -5.203321   data arrival time
---------------------------------------------------------------------------------------------
                                             20.181787   slack (MET)


Startpoint: _087_ (rising edge-triggered flip-flop clocked by gpio_in[38])
Endpoint: _105_ (rising edge-triggered flip-flop clocked by gpio_in[38])
Path Group: gpio_in[38]
Path Type: max

Fanout         Cap        Slew       Delay        Time   Description
---------------------------------------------------------------------------------------------
                                  0.000000    0.000000   clock gpio_in[38] (rise edge)
                                  0.000000    0.000000   clock source latency
     2    0.090700    0.308256    0.227280    0.227280 ^ gpio_in[38] (in)
                                                         gpio_in[38] (net)
                      0.313233    0.000000    0.227280 ^ clkbuf_0_gpio_in[38]/A (sky130_fd_sc_hd__clkbuf_16)
     5    0.060445    0.064892    0.155354    0.382634 ^ clkbuf_0_gpio_in[38]/X (sky130_fd_sc_hd__clkbuf_16)
                                                         clknet_0_gpio_in[38] (net)
                      0.065246    0.003664    0.386298 ^ clkbuf_1_0__f_gpio_in[38]/A (sky130_fd_sc_hd__clkbuf_16)
    25    0.077004    0.072445    0.120922    0.507220 ^ clkbuf_1_0__f_gpio_in[38]/X (sky130_fd_sc_hd__clkbuf_16)
                                                         clknet_1_0__leaf_gpio_in[38] (net)
                      0.076118    0.012522    0.519742 ^ _087_/CLK (sky130_fd_sc_hd__dfrtp_2)
     3    0.009454    0.046829    0.239750    0.759492 ^ _087_/Q (sky130_fd_sc_hd__dfrtp_2)
                                                         gpio_18_21_bidir[18].cfg.gpio_out_val (net)
                      0.046829    0.000058    0.759551 ^ hold3/A (sky130_fd_sc_hd__dlygate4sd3_1)
     5    0.019652    0.155428    0.463556    1.223106 ^ hold3/X (sky130_fd_sc_hd__dlygate4sd3_1)
                                                         net578 (net)
                      0.155428    0.000181    1.223288 ^ _049_/A (sky130_fd_sc_hd__and4_4)
    17    0.122455    0.270106    0.302421    1.525709 ^ _049_/X (sky130_fd_sc_hd__and4_4)
                                                         _022_ (net)
                      0.270132    0.002324    1.528033 ^ _078_/A (sky130_fd_sc_hd__and4_4)
    11    0.110411    0.244965    0.304661    1.832694 ^ _078_/X (sky130_fd_sc_hd__and4_4)
                                                         _039_ (net)
                      0.258195    0.043846    1.876540 ^ _082_/C (sky130_fd_sc_hd__and3_1)
     2    0.010161    0.084992    0.153212    2.029752 ^ _082_/X (sky130_fd_sc_hd__and3_1)
                                                         _041_ (net)
                      0.084992    0.000135    2.029888 ^ _085_/B (sky130_fd_sc_hd__xor2_1)
     1    0.002330    0.075339    0.087578    2.117466 ^ _085_/X (sky130_fd_sc_hd__xor2_1)
                                                         _009_ (net)
                      0.075339    0.000013    2.117479 ^ hold5/A (sky130_fd_sc_hd__dlygate4sd3_1)
     1    0.002972    0.038426    0.380138    2.497617 ^ hold5/X (sky130_fd_sc_hd__dlygate4sd3_1)
                                                         net580 (net)
                      0.038426    0.000036    2.497653 ^ _105_/D (sky130_fd_sc_hd__dfrtp_1)
                                              2.497653   data arrival time

                                 25.000000   25.000000   clock gpio_in[38] (rise edge)
                                  0.000000   25.000000   clock source latency
     2    0.090700    0.308256    0.227281   25.227280 ^ gpio_in[38] (in)
                                                         gpio_in[38] (net)
                      0.313233    0.000000   25.227280 ^ clkbuf_0_gpio_in[38]/A (sky130_fd_sc_hd__clkbuf_16)
     5    0.060445    0.064892    0.155353   25.382633 ^ clkbuf_0_gpio_in[38]/X (sky130_fd_sc_hd__clkbuf_16)
                                                         clknet_0_gpio_in[38] (net)
                      0.065227    0.003553   25.386187 ^ clkbuf_1_1__f_gpio_in[38]/A (sky130_fd_sc_hd__clkbuf_16)
    19    0.065981    0.063940    0.117709   25.503895 ^ clkbuf_1_1__f_gpio_in[38]/X (sky130_fd_sc_hd__clkbuf_16)
                                                         clknet_1_1__leaf_gpio_in[38] (net)
                      0.065960    0.008701   25.512596 ^ _105_/CLK (sky130_fd_sc_hd__dfrtp_1)
                                 -0.250000   25.262596   clock uncertainty
                                  0.000000   25.262596   clock reconvergence pessimism
                                 -0.033290   25.229307   library setup time
                                             25.229307   data required time
---------------------------------------------------------------------------------------------
                                             25.229307   data required time
                                             -2.497653   data arrival time
---------------------------------------------------------------------------------------------
                                             22.731653   slack (MET)


Startpoint: _087_ (rising edge-triggered flip-flop clocked by gpio_in[38])
Endpoint: _106_ (rising edge-triggered flip-flop clocked by gpio_in[38])
Path Group: gpio_in[38]
Path Type: max

Fanout         Cap        Slew       Delay        Time   Description
---------------------------------------------------------------------------------------------
                                  0.000000    0.000000   clock gpio_in[38] (rise edge)
                                  0.000000    0.000000   clock source latency
     2    0.090700    0.308256    0.227280    0.227280 ^ gpio_in[38] (in)
                                                         gpio_in[38] (net)
                      0.313233    0.000000    0.227280 ^ clkbuf_0_gpio_in[38]/A (sky130_fd_sc_hd__clkbuf_16)
     5    0.060445    0.064892    0.155354    0.382634 ^ clkbuf_0_gpio_in[38]/X (sky130_fd_sc_hd__clkbuf_16)
                                                         clknet_0_gpio_in[38] (net)
                      0.065246    0.003664    0.386298 ^ clkbuf_1_0__f_gpio_in[38]/A (sky130_fd_sc_hd__clkbuf_16)
    25    0.077004    0.072445    0.120922    0.507220 ^ clkbuf_1_0__f_gpio_in[38]/X (sky130_fd_sc_hd__clkbuf_16)
                                                         clknet_1_0__leaf_gpio_in[38] (net)
                      0.076118    0.012522    0.519742 ^ _087_/CLK (sky130_fd_sc_hd__dfrtp_2)
     3    0.009454    0.046829    0.239750    0.759492 ^ _087_/Q (sky130_fd_sc_hd__dfrtp_2)
                                                         gpio_18_21_bidir[18].cfg.gpio_out_val (net)
                      0.046829    0.000058    0.759551 ^ hold3/A (sky130_fd_sc_hd__dlygate4sd3_1)
     5    0.019652    0.155428    0.463556    1.223106 ^ hold3/X (sky130_fd_sc_hd__dlygate4sd3_1)
                                                         net578 (net)
                      0.155428    0.000181    1.223288 ^ _049_/A (sky130_fd_sc_hd__and4_4)
    17    0.122455    0.270106    0.302421    1.525709 ^ _049_/X (sky130_fd_sc_hd__and4_4)
                                                         _022_ (net)
                      0.270132    0.002324    1.528033 ^ _078_/A (sky130_fd_sc_hd__and4_4)
    11    0.110411    0.244965    0.304661    1.832694 ^ _078_/X (sky130_fd_sc_hd__and4_4)
                                                         _039_ (net)
                      0.258209    0.043870    1.876563 ^ _084_/D (sky130_fd_sc_hd__and4_1)
     1    0.006357    0.060914    0.148815    2.025379 ^ _084_/X (sky130_fd_sc_hd__and4_1)
                                                         _042_ (net)
                      0.060914    0.000095    2.025473 ^ _086_/B (sky130_fd_sc_hd__xor2_1)
     1    0.002533    0.078064    0.088773    2.114246 ^ _086_/X (sky130_fd_sc_hd__xor2_1)
                                                         _010_ (net)
                      0.078064    0.000015    2.114261 ^ hold2/A (sky130_fd_sc_hd__dlygate4sd3_1)
     1    0.003103    0.039268    0.381411    2.495672 ^ hold2/X (sky130_fd_sc_hd__dlygate4sd3_1)
                                                         net577 (net)
                      0.039268    0.000034    2.495706 ^ _106_/D (sky130_fd_sc_hd__dfrtp_1)
                                              2.495706   data arrival time

                                 25.000000   25.000000   clock gpio_in[38] (rise edge)
                                  0.000000   25.000000   clock source latency
     2    0.090700    0.308256    0.227281   25.227280 ^ gpio_in[38] (in)
                                                         gpio_in[38] (net)
                      0.313233    0.000000   25.227280 ^ clkbuf_0_gpio_in[38]/A (sky130_fd_sc_hd__clkbuf_16)
     5    0.060445    0.064892    0.155353   25.382633 ^ clkbuf_0_gpio_in[38]/X (sky130_fd_sc_hd__clkbuf_16)
                                                         clknet_0_gpio_in[38] (net)
                      0.065227    0.003553   25.386187 ^ clkbuf_1_1__f_gpio_in[38]/A (sky130_fd_sc_hd__clkbuf_16)
    19    0.065981    0.063940    0.117709   25.503895 ^ clkbuf_1_1__f_gpio_in[38]/X (sky130_fd_sc_hd__clkbuf_16)
                                                         clknet_1_1__leaf_gpio_in[38] (net)
                      0.065946    0.008669   25.512564 ^ _106_/CLK (sky130_fd_sc_hd__dfrtp_1)
                                 -0.250000   25.262564   clock uncertainty
                                  0.000000   25.262564   clock reconvergence pessimism
                                 -0.033369   25.229195   library setup time
                                             25.229195   data required time
---------------------------------------------------------------------------------------------
                                             25.229195   data required time
                                             -2.495706   data arrival time
---------------------------------------------------------------------------------------------
                                             22.733488   slack (MET)


Startpoint: _087_ (rising edge-triggered flip-flop clocked by gpio_in[38])
Endpoint: _097_ (rising edge-triggered flip-flop clocked by gpio_in[38])
Path Group: gpio_in[38]
Path Type: max

Fanout         Cap        Slew       Delay        Time   Description
---------------------------------------------------------------------------------------------
                                  0.000000    0.000000   clock gpio_in[38] (rise edge)
                                  0.000000    0.000000   clock source latency
     2    0.090700    0.308256    0.227280    0.227280 ^ gpio_in[38] (in)
                                                         gpio_in[38] (net)
                      0.313233    0.000000    0.227280 ^ clkbuf_0_gpio_in[38]/A (sky130_fd_sc_hd__clkbuf_16)
     5    0.060445    0.064892    0.155354    0.382634 ^ clkbuf_0_gpio_in[38]/X (sky130_fd_sc_hd__clkbuf_16)
                                                         clknet_0_gpio_in[38] (net)
                      0.065246    0.003664    0.386298 ^ clkbuf_1_0__f_gpio_in[38]/A (sky130_fd_sc_hd__clkbuf_16)
    25    0.077004    0.072445    0.120922    0.507220 ^ clkbuf_1_0__f_gpio_in[38]/X (sky130_fd_sc_hd__clkbuf_16)
                                                         clknet_1_0__leaf_gpio_in[38] (net)
                      0.076118    0.012522    0.519742 ^ _087_/CLK (sky130_fd_sc_hd__dfrtp_2)
     3    0.009454    0.046829    0.239750    0.759492 ^ _087_/Q (sky130_fd_sc_hd__dfrtp_2)
                                                         gpio_18_21_bidir[18].cfg.gpio_out_val (net)
                      0.046829    0.000058    0.759551 ^ hold3/A (sky130_fd_sc_hd__dlygate4sd3_1)
     5    0.019652    0.155428    0.463556    1.223106 ^ hold3/X (sky130_fd_sc_hd__dlygate4sd3_1)
                                                         net578 (net)
                      0.155428    0.000181    1.223288 ^ _049_/A (sky130_fd_sc_hd__and4_4)
    17    0.122455    0.270106    0.302421    1.525709 ^ _049_/X (sky130_fd_sc_hd__and4_4)
                                                         _022_ (net)
                      0.283297    0.046238    1.571947 ^ _059_/A (sky130_fd_sc_hd__and2_4)
     9    0.106004    0.228770    0.252020    1.823967 ^ _059_/X (sky130_fd_sc_hd__and2_4)
                                                         _028_ (net)
                      0.239953    0.039052    1.863019 ^ _062_/C (sky130_fd_sc_hd__and3_1)
     2    0.007263    0.066054    0.136141    1.999160 ^ _062_/X (sky130_fd_sc_hd__and3_1)
                                                         _029_ (net)
                      0.066054    0.000061    1.999221 ^ _066_/B (sky130_fd_sc_hd__xor2_1)
     1    0.002007    0.070726    0.083761    2.082982 ^ _066_/X (sky130_fd_sc_hd__xor2_1)
                                                         _001_ (net)
                      0.070726    0.000016    2.082999 ^ hold7/A (sky130_fd_sc_hd__dlygate4sd3_1)
     1    0.002575    0.035966    0.376867    2.459866 ^ hold7/X (sky130_fd_sc_hd__dlygate4sd3_1)
                                                         net582 (net)
                      0.035966    0.000023    2.459889 ^ _097_/D (sky130_fd_sc_hd__dfrtp_1)
                                              2.459889   data arrival time

                                 25.000000   25.000000   clock gpio_in[38] (rise edge)
                                  0.000000   25.000000   clock source latency
     2    0.090700    0.308256    0.227281   25.227280 ^ gpio_in[38] (in)
                                                         gpio_in[38] (net)
                      0.313233    0.000000   25.227280 ^ clkbuf_0_gpio_in[38]/A (sky130_fd_sc_hd__clkbuf_16)
     5    0.060445    0.064892    0.155353   25.382633 ^ clkbuf_0_gpio_in[38]/X (sky130_fd_sc_hd__clkbuf_16)
                                                         clknet_0_gpio_in[38] (net)
                      0.065246    0.003665   25.386299 ^ clkbuf_1_0__f_gpio_in[38]/A (sky130_fd_sc_hd__clkbuf_16)
    25    0.077004    0.072445    0.120922   25.507219 ^ clkbuf_1_0__f_gpio_in[38]/X (sky130_fd_sc_hd__clkbuf_16)
                                                         clknet_1_0__leaf_gpio_in[38] (net)
                      0.076010    0.012330   25.519550 ^ _097_/CLK (sky130_fd_sc_hd__dfrtp_1)
                                 -0.250000   25.269550   clock uncertainty
                                  0.000000   25.269550   clock reconvergence pessimism
                                 -0.032710   25.236841   library setup time
                                             25.236841   data required time
---------------------------------------------------------------------------------------------
                                             25.236841   data required time
                                             -2.459889   data arrival time
---------------------------------------------------------------------------------------------
                                             22.776953   slack (MET)


Startpoint: _087_ (rising edge-triggered flip-flop clocked by gpio_in[38])
Endpoint: _098_ (rising edge-triggered flip-flop clocked by gpio_in[38])
Path Group: gpio_in[38]
Path Type: max

Fanout         Cap        Slew       Delay        Time   Description
---------------------------------------------------------------------------------------------
                                  0.000000    0.000000   clock gpio_in[38] (rise edge)
                                  0.000000    0.000000   clock source latency
     2    0.090700    0.308256    0.227280    0.227280 ^ gpio_in[38] (in)
                                                         gpio_in[38] (net)
                      0.313233    0.000000    0.227280 ^ clkbuf_0_gpio_in[38]/A (sky130_fd_sc_hd__clkbuf_16)
     5    0.060445    0.064892    0.155354    0.382634 ^ clkbuf_0_gpio_in[38]/X (sky130_fd_sc_hd__clkbuf_16)
                                                         clknet_0_gpio_in[38] (net)
                      0.065246    0.003664    0.386298 ^ clkbuf_1_0__f_gpio_in[38]/A (sky130_fd_sc_hd__clkbuf_16)
    25    0.077004    0.072445    0.120922    0.507220 ^ clkbuf_1_0__f_gpio_in[38]/X (sky130_fd_sc_hd__clkbuf_16)
                                                         clknet_1_0__leaf_gpio_in[38] (net)
                      0.076118    0.012522    0.519742 ^ _087_/CLK (sky130_fd_sc_hd__dfrtp_2)
     3    0.009454    0.046829    0.239750    0.759492 ^ _087_/Q (sky130_fd_sc_hd__dfrtp_2)
                                                         gpio_18_21_bidir[18].cfg.gpio_out_val (net)
                      0.046829    0.000058    0.759551 ^ hold3/A (sky130_fd_sc_hd__dlygate4sd3_1)
     5    0.019652    0.155428    0.463556    1.223106 ^ hold3/X (sky130_fd_sc_hd__dlygate4sd3_1)
                                                         net578 (net)
                      0.155428    0.000181    1.223288 ^ _049_/A (sky130_fd_sc_hd__and4_4)
    17    0.122455    0.270106    0.302421    1.525709 ^ _049_/X (sky130_fd_sc_hd__and4_4)
                                                         _022_ (net)
                      0.283297    0.046238    1.571947 ^ _059_/A (sky130_fd_sc_hd__and2_4)
     9    0.106004    0.228770    0.252020    1.823967 ^ _059_/X (sky130_fd_sc_hd__and2_4)
                                                         _028_ (net)
                      0.239924    0.039001    1.862968 ^ _065_/D (sky130_fd_sc_hd__and4_1)
     1    0.003128    0.040703    0.128825    1.991793 ^ _065_/X (sky130_fd_sc_hd__and4_1)
                                                         _031_ (net)
                      0.040703    0.000029    1.991822 ^ _069_/A2 (sky130_fd_sc_hd__o21ba_1)
     1    0.001949    0.026830    0.064643    2.056465 ^ _069_/X (sky130_fd_sc_hd__o21ba_1)
                                                         _002_ (net)
                      0.026830    0.000007    2.056472 ^ hold15/A (sky130_fd_sc_hd__dlygate4sd3_1)
     1    0.002821    0.037466    0.370028    2.426500 ^ hold15/X (sky130_fd_sc_hd__dlygate4sd3_1)
                                                         net590 (net)
                      0.037466    0.000028    2.426528 ^ _098_/D (sky130_fd_sc_hd__dfrtp_1)
                                              2.426528   data arrival time

                                 25.000000   25.000000   clock gpio_in[38] (rise edge)
                                  0.000000   25.000000   clock source latency
     2    0.090700    0.308256    0.227281   25.227280 ^ gpio_in[38] (in)
                                                         gpio_in[38] (net)
                      0.313233    0.000000   25.227280 ^ clkbuf_0_gpio_in[38]/A (sky130_fd_sc_hd__clkbuf_16)
     5    0.060445    0.064892    0.155353   25.382633 ^ clkbuf_0_gpio_in[38]/X (sky130_fd_sc_hd__clkbuf_16)
                                                         clknet_0_gpio_in[38] (net)
                      0.065246    0.003665   25.386299 ^ clkbuf_1_0__f_gpio_in[38]/A (sky130_fd_sc_hd__clkbuf_16)
    25    0.077004    0.072445    0.120922   25.507219 ^ clkbuf_1_0__f_gpio_in[38]/X (sky130_fd_sc_hd__clkbuf_16)
                                                         clknet_1_0__leaf_gpio_in[38] (net)
                      0.075902    0.012134   25.519354 ^ _098_/CLK (sky130_fd_sc_hd__dfrtp_1)
                                 -0.250000   25.269356   clock uncertainty
                                  0.000000   25.269356   clock reconvergence pessimism
                                 -0.032853   25.236502   library setup time
                                             25.236502   data required time
---------------------------------------------------------------------------------------------
                                             25.236502   data required time
                                             -2.426528   data arrival time
---------------------------------------------------------------------------------------------
                                             22.809975   slack (MET)


Startpoint: _087_ (rising edge-triggered flip-flop clocked by gpio_in[38])
Endpoint: _094_ (rising edge-triggered flip-flop clocked by gpio_in[38])
Path Group: gpio_in[38]
Path Type: max

Fanout         Cap        Slew       Delay        Time   Description
---------------------------------------------------------------------------------------------
                                  0.000000    0.000000   clock gpio_in[38] (rise edge)
                                  0.000000    0.000000   clock source latency
     2    0.090700    0.308256    0.227280    0.227280 ^ gpio_in[38] (in)
                                                         gpio_in[38] (net)
                      0.313233    0.000000    0.227280 ^ clkbuf_0_gpio_in[38]/A (sky130_fd_sc_hd__clkbuf_16)
     5    0.060445    0.064892    0.155354    0.382634 ^ clkbuf_0_gpio_in[38]/X (sky130_fd_sc_hd__clkbuf_16)
                                                         clknet_0_gpio_in[38] (net)
                      0.065246    0.003664    0.386298 ^ clkbuf_1_0__f_gpio_in[38]/A (sky130_fd_sc_hd__clkbuf_16)
    25    0.077004    0.072445    0.120922    0.507220 ^ clkbuf_1_0__f_gpio_in[38]/X (sky130_fd_sc_hd__clkbuf_16)
                                                         clknet_1_0__leaf_gpio_in[38] (net)
                      0.076118    0.012522    0.519742 ^ _087_/CLK (sky130_fd_sc_hd__dfrtp_2)
     3    0.009454    0.046829    0.239750    0.759492 ^ _087_/Q (sky130_fd_sc_hd__dfrtp_2)
                                                         gpio_18_21_bidir[18].cfg.gpio_out_val (net)
                      0.046829    0.000058    0.759551 ^ hold3/A (sky130_fd_sc_hd__dlygate4sd3_1)
     5    0.019652    0.155428    0.463556    1.223106 ^ hold3/X (sky130_fd_sc_hd__dlygate4sd3_1)
                                                         net578 (net)
                      0.155428    0.000181    1.223288 ^ _049_/A (sky130_fd_sc_hd__and4_4)
    17    0.122455    0.270106    0.302421    1.525709 ^ _049_/X (sky130_fd_sc_hd__and4_4)
                                                         _022_ (net)
                      0.283297    0.046238    1.571947 ^ _059_/A (sky130_fd_sc_hd__and2_4)
     9    0.106004    0.228770    0.252020    1.823967 ^ _059_/X (sky130_fd_sc_hd__and2_4)
                                                         _028_ (net)
                      0.228770    0.000281    1.824248 ^ _060_/B1_N (sky130_fd_sc_hd__o21ba_1)
     1    0.004318    0.030382    0.108409    1.932657 v _060_/X (sky130_fd_sc_hd__o21ba_1)
                                                         _017_ (net)
                      0.030382    0.000075    1.932732 v hold17/A (sky130_fd_sc_hd__dlygate4sd3_1)
     1    0.002773    0.037978    0.359515    2.292247 v hold17/X (sky130_fd_sc_hd__dlygate4sd3_1)
                                                         net592 (net)
                      0.037978    0.000030    2.292278 v _094_/D (sky130_fd_sc_hd__dfrtp_1)
                                              2.292278   data arrival time

                                 25.000000   25.000000   clock gpio_in[38] (rise edge)
                                  0.000000   25.000000   clock source latency
     2    0.090700    0.308256    0.227281   25.227280 ^ gpio_in[38] (in)
                                                         gpio_in[38] (net)
                      0.313233    0.000000   25.227280 ^ clkbuf_0_gpio_in[38]/A (sky130_fd_sc_hd__clkbuf_16)
     5    0.060445    0.064892    0.155353   25.382633 ^ clkbuf_0_gpio_in[38]/X (sky130_fd_sc_hd__clkbuf_16)
                                                         clknet_0_gpio_in[38] (net)
                      0.065227    0.003553   25.386187 ^ clkbuf_1_1__f_gpio_in[38]/A (sky130_fd_sc_hd__clkbuf_16)
    19    0.065981    0.063940    0.117709   25.503895 ^ clkbuf_1_1__f_gpio_in[38]/X (sky130_fd_sc_hd__clkbuf_16)
                                                         clknet_1_1__leaf_gpio_in[38] (net)
                      0.066131    0.009091   25.512987 ^ _094_/CLK (sky130_fd_sc_hd__dfrtp_1)
                                 -0.250000   25.262987   clock uncertainty
                                  0.000000   25.262987   clock reconvergence pessimism
                                 -0.071292   25.191694   library setup time
                                             25.191694   data required time
---------------------------------------------------------------------------------------------
                                             25.191694   data required time
                                             -2.292278   data arrival time
---------------------------------------------------------------------------------------------
                                             22.899418   slack (MET)


Startpoint: _087_ (rising edge-triggered flip-flop clocked by gpio_in[38])
Endpoint: _102_ (rising edge-triggered flip-flop clocked by gpio_in[38])
Path Group: gpio_in[38]
Path Type: max

Fanout         Cap        Slew       Delay        Time   Description
---------------------------------------------------------------------------------------------
                                  0.000000    0.000000   clock gpio_in[38] (rise edge)
                                  0.000000    0.000000   clock source latency
     2    0.090700    0.308256    0.227280    0.227280 ^ gpio_in[38] (in)
                                                         gpio_in[38] (net)
                      0.313233    0.000000    0.227280 ^ clkbuf_0_gpio_in[38]/A (sky130_fd_sc_hd__clkbuf_16)
     5    0.060445    0.064892    0.155354    0.382634 ^ clkbuf_0_gpio_in[38]/X (sky130_fd_sc_hd__clkbuf_16)
                                                         clknet_0_gpio_in[38] (net)
                      0.065246    0.003664    0.386298 ^ clkbuf_1_0__f_gpio_in[38]/A (sky130_fd_sc_hd__clkbuf_16)
    25    0.077004    0.072445    0.120922    0.507220 ^ clkbuf_1_0__f_gpio_in[38]/X (sky130_fd_sc_hd__clkbuf_16)
                                                         clknet_1_0__leaf_gpio_in[38] (net)
                      0.076118    0.012522    0.519742 ^ _087_/CLK (sky130_fd_sc_hd__dfrtp_2)
     3    0.009454    0.046829    0.239750    0.759492 ^ _087_/Q (sky130_fd_sc_hd__dfrtp_2)
                                                         gpio_18_21_bidir[18].cfg.gpio_out_val (net)
                      0.046829    0.000058    0.759551 ^ hold3/A (sky130_fd_sc_hd__dlygate4sd3_1)
     5    0.019652    0.155428    0.463556    1.223106 ^ hold3/X (sky130_fd_sc_hd__dlygate4sd3_1)
                                                         net578 (net)
                      0.155428    0.000181    1.223288 ^ _049_/A (sky130_fd_sc_hd__and4_4)
    17    0.122455    0.270106    0.302421    1.525709 ^ _049_/X (sky130_fd_sc_hd__and4_4)
                                                         _022_ (net)
                      0.270132    0.002324    1.528033 ^ _078_/A (sky130_fd_sc_hd__and4_4)
    11    0.110411    0.244965    0.304661    1.832694 ^ _078_/X (sky130_fd_sc_hd__and4_4)
                                                         _039_ (net)
                      0.244973    0.001238    1.833932 ^ _079_/B1_N (sky130_fd_sc_hd__o21ba_1)
     1    0.002282    0.023928    0.102376    1.936308 v _079_/X (sky130_fd_sc_hd__o21ba_1)
                                                         _006_ (net)
                      0.023928    0.000013    1.936321 v hold9/A (sky130_fd_sc_hd__dlygate4sd3_1)
     1    0.002898    0.038572    0.357816    2.294137 v hold9/X (sky130_fd_sc_hd__dlygate4sd3_1)
                                                         net584 (net)
                      0.038572    0.000030    2.294167 v _102_/D (sky130_fd_sc_hd__dfrtp_1)
                                              2.294167   data arrival time

                                 25.000000   25.000000   clock gpio_in[38] (rise edge)
                                  0.000000   25.000000   clock source latency
     2    0.090700    0.308256    0.227281   25.227280 ^ gpio_in[38] (in)
                                                         gpio_in[38] (net)
                      0.313233    0.000000   25.227280 ^ clkbuf_0_gpio_in[38]/A (sky130_fd_sc_hd__clkbuf_16)
     5    0.060445    0.064892    0.155353   25.382633 ^ clkbuf_0_gpio_in[38]/X (sky130_fd_sc_hd__clkbuf_16)
                                                         clknet_0_gpio_in[38] (net)
                      0.065246    0.003665   25.386299 ^ clkbuf_1_0__f_gpio_in[38]/A (sky130_fd_sc_hd__clkbuf_16)
    25    0.077004    0.072445    0.120922   25.507219 ^ clkbuf_1_0__f_gpio_in[38]/X (sky130_fd_sc_hd__clkbuf_16)
                                                         clknet_1_0__leaf_gpio_in[38] (net)
                      0.076552    0.013269   25.520489 ^ _102_/CLK (sky130_fd_sc_hd__dfrtp_1)
                                 -0.250000   25.270491   clock uncertainty
                                  0.000000   25.270491   clock reconvergence pessimism
                                 -0.070500   25.199991   library setup time
                                             25.199991   data required time
---------------------------------------------------------------------------------------------
                                             25.199991   data required time
                                             -2.294167   data arrival time
---------------------------------------------------------------------------------------------
                                             22.905823   slack (MET)


Startpoint: _087_ (rising edge-triggered flip-flop clocked by gpio_in[38])
Endpoint: _100_ (rising edge-triggered flip-flop clocked by gpio_in[38])
Path Group: gpio_in[38]
Path Type: max

Fanout         Cap        Slew       Delay        Time   Description
---------------------------------------------------------------------------------------------
                                  0.000000    0.000000   clock gpio_in[38] (rise edge)
                                  0.000000    0.000000   clock source latency
     2    0.090700    0.308256    0.227280    0.227280 ^ gpio_in[38] (in)
                                                         gpio_in[38] (net)
                      0.313233    0.000000    0.227280 ^ clkbuf_0_gpio_in[38]/A (sky130_fd_sc_hd__clkbuf_16)
     5    0.060445    0.064892    0.155354    0.382634 ^ clkbuf_0_gpio_in[38]/X (sky130_fd_sc_hd__clkbuf_16)
                                                         clknet_0_gpio_in[38] (net)
                      0.065246    0.003664    0.386298 ^ clkbuf_1_0__f_gpio_in[38]/A (sky130_fd_sc_hd__clkbuf_16)
    25    0.077004    0.072445    0.120922    0.507220 ^ clkbuf_1_0__f_gpio_in[38]/X (sky130_fd_sc_hd__clkbuf_16)
                                                         clknet_1_0__leaf_gpio_in[38] (net)
                      0.076118    0.012522    0.519742 ^ _087_/CLK (sky130_fd_sc_hd__dfrtp_2)
     3    0.009454    0.046829    0.239750    0.759492 ^ _087_/Q (sky130_fd_sc_hd__dfrtp_2)
                                                         gpio_18_21_bidir[18].cfg.gpio_out_val (net)
                      0.046829    0.000058    0.759551 ^ hold3/A (sky130_fd_sc_hd__dlygate4sd3_1)
     5    0.019652    0.155428    0.463556    1.223106 ^ hold3/X (sky130_fd_sc_hd__dlygate4sd3_1)
                                                         net578 (net)
                      0.155428    0.000181    1.223288 ^ _049_/A (sky130_fd_sc_hd__and4_4)
    17    0.122455    0.270106    0.302421    1.525709 ^ _049_/X (sky130_fd_sc_hd__and4_4)
                                                         _022_ (net)
                      0.270111    0.001093    1.526802 ^ _068_/A (sky130_fd_sc_hd__and3_1)
     5    0.016012    0.126232    0.184414    1.711216 ^ _068_/X (sky130_fd_sc_hd__and3_1)
                                                         _033_ (net)
                      0.126232    0.000193    1.711408 ^ _073_/C (sky130_fd_sc_hd__and3_1)
     2    0.007481    0.065905    0.128200    1.839609 ^ _073_/X (sky130_fd_sc_hd__and3_1)
                                                         _036_ (net)
                      0.065905    0.000050    1.839659 ^ _074_/B1_N (sky130_fd_sc_hd__o21ba_1)
     1    0.003544    0.028130    0.092606    1.932265 v _074_/X (sky130_fd_sc_hd__o21ba_1)
                                                         _004_ (net)
                      0.028130    0.000042    1.932307 v hold27/A (sky130_fd_sc_hd__dlygate4sd3_1)
     1    0.002463    0.036949    0.356798    2.289105 v hold27/X (sky130_fd_sc_hd__dlygate4sd3_1)
                                                         net602 (net)
                      0.036949    0.000022    2.289127 v _100_/D (sky130_fd_sc_hd__dfrtp_1)
                                              2.289127   data arrival time

                                 25.000000   25.000000   clock gpio_in[38] (rise edge)
                                  0.000000   25.000000   clock source latency
     2    0.090700    0.308256    0.227281   25.227280 ^ gpio_in[38] (in)
                                                         gpio_in[38] (net)
                      0.313233    0.000000   25.227280 ^ clkbuf_0_gpio_in[38]/A (sky130_fd_sc_hd__clkbuf_16)
     5    0.060445    0.064892    0.155353   25.382633 ^ clkbuf_0_gpio_in[38]/X (sky130_fd_sc_hd__clkbuf_16)
                                                         clknet_0_gpio_in[38] (net)
                      0.065246    0.003665   25.386299 ^ clkbuf_1_0__f_gpio_in[38]/A (sky130_fd_sc_hd__clkbuf_16)
    25    0.077004    0.072445    0.120922   25.507219 ^ clkbuf_1_0__f_gpio_in[38]/X (sky130_fd_sc_hd__clkbuf_16)
                                                         clknet_1_0__leaf_gpio_in[38] (net)
                      0.076604    0.013356   25.520576 ^ _100_/CLK (sky130_fd_sc_hd__dfrtp_1)
                                 -0.250000   25.270578   clock uncertainty
                                  0.000000   25.270578   clock reconvergence pessimism
                                 -0.069916   25.200663   library setup time
                                             25.200663   data required time
---------------------------------------------------------------------------------------------
                                             25.200663   data required time
                                             -2.289127   data arrival time
---------------------------------------------------------------------------------------------
                                             22.911535   slack (MET)


Startpoint: _087_ (rising edge-triggered flip-flop clocked by gpio_in[38])
Endpoint: _101_ (rising edge-triggered flip-flop clocked by gpio_in[38])
Path Group: gpio_in[38]
Path Type: max

Fanout         Cap        Slew       Delay        Time   Description
---------------------------------------------------------------------------------------------
                                  0.000000    0.000000   clock gpio_in[38] (rise edge)
                                  0.000000    0.000000   clock source latency
     2    0.090700    0.308256    0.227280    0.227280 ^ gpio_in[38] (in)
                                                         gpio_in[38] (net)
                      0.313233    0.000000    0.227280 ^ clkbuf_0_gpio_in[38]/A (sky130_fd_sc_hd__clkbuf_16)
     5    0.060445    0.064892    0.155354    0.382634 ^ clkbuf_0_gpio_in[38]/X (sky130_fd_sc_hd__clkbuf_16)
                                                         clknet_0_gpio_in[38] (net)
                      0.065246    0.003664    0.386298 ^ clkbuf_1_0__f_gpio_in[38]/A (sky130_fd_sc_hd__clkbuf_16)
    25    0.077004    0.072445    0.120922    0.507220 ^ clkbuf_1_0__f_gpio_in[38]/X (sky130_fd_sc_hd__clkbuf_16)
                                                         clknet_1_0__leaf_gpio_in[38] (net)
                      0.076118    0.012522    0.519742 ^ _087_/CLK (sky130_fd_sc_hd__dfrtp_2)
     3    0.009454    0.046829    0.239750    0.759492 ^ _087_/Q (sky130_fd_sc_hd__dfrtp_2)
                                                         gpio_18_21_bidir[18].cfg.gpio_out_val (net)
                      0.046829    0.000058    0.759551 ^ hold3/A (sky130_fd_sc_hd__dlygate4sd3_1)
     5    0.019652    0.155428    0.463556    1.223106 ^ hold3/X (sky130_fd_sc_hd__dlygate4sd3_1)
                                                         net578 (net)
                      0.155428    0.000181    1.223288 ^ _049_/A (sky130_fd_sc_hd__and4_4)
    17    0.122455    0.270106    0.302421    1.525709 ^ _049_/X (sky130_fd_sc_hd__and4_4)
                                                         _022_ (net)
                      0.270111    0.001093    1.526802 ^ _068_/A (sky130_fd_sc_hd__and3_1)
     5    0.016012    0.126232    0.184414    1.711216 ^ _068_/X (sky130_fd_sc_hd__and3_1)
                                                         _033_ (net)
                      0.126232    0.000193    1.711408 ^ _073_/C (sky130_fd_sc_hd__and3_1)
     2    0.007481    0.065905    0.128200    1.839609 ^ _073_/X (sky130_fd_sc_hd__and3_1)
                                                         _036_ (net)
                      0.065905    0.000071    1.839679 ^ _076_/B (sky130_fd_sc_hd__xor2_1)
     1    0.003965    0.094817    0.102954    1.942633 ^ _076_/X (sky130_fd_sc_hd__xor2_1)
                                                         _005_ (net)
                      0.094817    0.000062    1.942695 ^ hold11/A (sky130_fd_sc_hd__dlygate4sd3_1)
     1    0.002374    0.034810    0.379357    2.322052 ^ hold11/X (sky130_fd_sc_hd__dlygate4sd3_1)
                                                         net586 (net)
                      0.034810    0.000020    2.322073 ^ _101_/D (sky130_fd_sc_hd__dfrtp_1)
                                              2.322073   data arrival time

                                 25.000000   25.000000   clock gpio_in[38] (rise edge)
                                  0.000000   25.000000   clock source latency
     2    0.090700    0.308256    0.227281   25.227280 ^ gpio_in[38] (in)
                                                         gpio_in[38] (net)
                      0.313233    0.000000   25.227280 ^ clkbuf_0_gpio_in[38]/A (sky130_fd_sc_hd__clkbuf_16)
     5    0.060445    0.064892    0.155353   25.382633 ^ clkbuf_0_gpio_in[38]/X (sky130_fd_sc_hd__clkbuf_16)
                                                         clknet_0_gpio_in[38] (net)
                      0.065246    0.003665   25.386299 ^ clkbuf_1_0__f_gpio_in[38]/A (sky130_fd_sc_hd__clkbuf_16)
    25    0.077004    0.072445    0.120922   25.507219 ^ clkbuf_1_0__f_gpio_in[38]/X (sky130_fd_sc_hd__clkbuf_16)
                                                         clknet_1_0__leaf_gpio_in[38] (net)
                      0.076590    0.013333   25.520554 ^ _101_/CLK (sky130_fd_sc_hd__dfrtp_1)
                                 -0.250000   25.270554   clock uncertainty
                                  0.000000   25.270554   clock reconvergence pessimism
                                 -0.032583   25.237972   library setup time
                                             25.237972   data required time
---------------------------------------------------------------------------------------------
                                             25.237972   data required time
                                             -2.322073   data arrival time
---------------------------------------------------------------------------------------------
                                             22.915899   slack (MET)


Startpoint: _087_ (rising edge-triggered flip-flop clocked by gpio_in[38])
Endpoint: _093_ (rising edge-triggered flip-flop clocked by gpio_in[38])
Path Group: gpio_in[38]
Path Type: max

Fanout         Cap        Slew       Delay        Time   Description
---------------------------------------------------------------------------------------------
                                  0.000000    0.000000   clock gpio_in[38] (rise edge)
                                  0.000000    0.000000   clock source latency
     2    0.090700    0.308256    0.227280    0.227280 ^ gpio_in[38] (in)
                                                         gpio_in[38] (net)
                      0.313233    0.000000    0.227280 ^ clkbuf_0_gpio_in[38]/A (sky130_fd_sc_hd__clkbuf_16)
     5    0.060445    0.064892    0.155354    0.382634 ^ clkbuf_0_gpio_in[38]/X (sky130_fd_sc_hd__clkbuf_16)
                                                         clknet_0_gpio_in[38] (net)
                      0.065246    0.003664    0.386298 ^ clkbuf_1_0__f_gpio_in[38]/A (sky130_fd_sc_hd__clkbuf_16)
    25    0.077004    0.072445    0.120922    0.507220 ^ clkbuf_1_0__f_gpio_in[38]/X (sky130_fd_sc_hd__clkbuf_16)
                                                         clknet_1_0__leaf_gpio_in[38] (net)
                      0.076118    0.012522    0.519742 ^ _087_/CLK (sky130_fd_sc_hd__dfrtp_2)
     3    0.009454    0.046829    0.239750    0.759492 ^ _087_/Q (sky130_fd_sc_hd__dfrtp_2)
                                                         gpio_18_21_bidir[18].cfg.gpio_out_val (net)
                      0.046829    0.000058    0.759551 ^ hold3/A (sky130_fd_sc_hd__dlygate4sd3_1)
     5    0.019652    0.155428    0.463556    1.223106 ^ hold3/X (sky130_fd_sc_hd__dlygate4sd3_1)
                                                         net578 (net)
                      0.155428    0.000181    1.223288 ^ _049_/A (sky130_fd_sc_hd__and4_4)
    17    0.122455    0.270106    0.302421    1.525709 ^ _049_/X (sky130_fd_sc_hd__and4_4)
                                                         _022_ (net)
                      0.283382    0.046388    1.572097 ^ _053_/C (sky130_fd_sc_hd__and3_1)
     3    0.010989    0.091024    0.159372    1.731469 ^ _053_/X (sky130_fd_sc_hd__and3_1)
                                                         _024_ (net)
                      0.091024    0.000119    1.731588 ^ _057_/B (sky130_fd_sc_hd__xor2_1)
     1    0.001924    0.069912    0.083835    1.815423 ^ _057_/X (sky130_fd_sc_hd__xor2_1)
                                                         _016_ (net)
                      0.069912    0.000007    1.815430 ^ hold13/A (sky130_fd_sc_hd__dlygate4sd3_1)
     1    0.003440    0.041471    0.382281    2.197711 ^ hold13/X (sky130_fd_sc_hd__dlygate4sd3_1)
                                                         net588 (net)
                      0.041471    0.000045    2.197756 ^ _093_/D (sky130_fd_sc_hd__dfrtp_1)
                                              2.197756   data arrival time

                                 25.000000   25.000000   clock gpio_in[38] (rise edge)
                                  0.000000   25.000000   clock source latency
     2    0.090700    0.308256    0.227281   25.227280 ^ gpio_in[38] (in)
                                                         gpio_in[38] (net)
                      0.313233    0.000000   25.227280 ^ clkbuf_0_gpio_in[38]/A (sky130_fd_sc_hd__clkbuf_16)
     5    0.060445    0.064892    0.155353   25.382633 ^ clkbuf_0_gpio_in[38]/X (sky130_fd_sc_hd__clkbuf_16)
                                                         clknet_0_gpio_in[38] (net)
                      0.065227    0.003553   25.386187 ^ clkbuf_1_1__f_gpio_in[38]/A (sky130_fd_sc_hd__clkbuf_16)
    19    0.065981    0.063940    0.117709   25.503895 ^ clkbuf_1_1__f_gpio_in[38]/X (sky130_fd_sc_hd__clkbuf_16)
                                                         clknet_1_1__leaf_gpio_in[38] (net)
                      0.066158    0.009152   25.513046 ^ _093_/CLK (sky130_fd_sc_hd__dfrtp_1)
                                 -0.250000   25.263048   clock uncertainty
                                  0.000000   25.263048   clock reconvergence pessimism
                                 -0.033567   25.229481   library setup time
                                             25.229481   data required time
---------------------------------------------------------------------------------------------
                                             25.229481   data required time
                                             -2.197756   data arrival time
---------------------------------------------------------------------------------------------
                                             23.031725   slack (MET)


Startpoint: _087_ (rising edge-triggered flip-flop clocked by gpio_in[38])
Endpoint: _090_ (rising edge-triggered flip-flop clocked by gpio_in[38])
Path Group: gpio_in[38]
Path Type: max

Fanout         Cap        Slew       Delay        Time   Description
---------------------------------------------------------------------------------------------
                                  0.000000    0.000000   clock gpio_in[38] (rise edge)
                                  0.000000    0.000000   clock source latency
     2    0.090700    0.308256    0.227280    0.227280 ^ gpio_in[38] (in)
                                                         gpio_in[38] (net)
                      0.313233    0.000000    0.227280 ^ clkbuf_0_gpio_in[38]/A (sky130_fd_sc_hd__clkbuf_16)
     5    0.060445    0.064892    0.155354    0.382634 ^ clkbuf_0_gpio_in[38]/X (sky130_fd_sc_hd__clkbuf_16)
                                                         clknet_0_gpio_in[38] (net)
                      0.065246    0.003664    0.386298 ^ clkbuf_1_0__f_gpio_in[38]/A (sky130_fd_sc_hd__clkbuf_16)
    25    0.077004    0.072445    0.120922    0.507220 ^ clkbuf_1_0__f_gpio_in[38]/X (sky130_fd_sc_hd__clkbuf_16)
                                                         clknet_1_0__leaf_gpio_in[38] (net)
                      0.076118    0.012522    0.519742 ^ _087_/CLK (sky130_fd_sc_hd__dfrtp_2)
     3    0.008912    0.038996    0.264853    0.784595 v _087_/Q (sky130_fd_sc_hd__dfrtp_2)
                                                         gpio_18_21_bidir[18].cfg.gpio_out_val (net)
                      0.038996    0.000055    0.784650 v hold3/A (sky130_fd_sc_hd__dlygate4sd3_1)
     5    0.018721    0.088270    0.422883    1.207533 v hold3/X (sky130_fd_sc_hd__dlygate4sd3_1)
                                                         net578 (net)
                      0.088270    0.000223    1.207756 v _050_/A1 (sky130_fd_sc_hd__a31o_1)
     1    0.001783    0.024320    0.123719    1.331475 v _050_/X (sky130_fd_sc_hd__a31o_1)
                                                         _023_ (net)
                      0.024320    0.000006    1.331481 v hold32/A (sky130_fd_sc_hd__dlygate4sd3_1)
     1    0.003722    0.042574    0.362869    1.694350 v hold32/X (sky130_fd_sc_hd__dlygate4sd3_1)
                                                         net607 (net)
                      0.042574    0.000059    1.694409 v _051_/B (sky130_fd_sc_hd__and2b_1)
     1    0.002718    0.024462    0.098161    1.792571 v _051_/X (sky130_fd_sc_hd__and2b_1)
                                                         _013_ (net)
                      0.024462    0.000033    1.792603 v hold33/A (sky130_fd_sc_hd__dlygate4sd3_1)
     1    0.002976    0.038926    0.358487    2.151090 v hold33/X (sky130_fd_sc_hd__dlygate4sd3_1)
                                                         net608 (net)
                      0.038926    0.000034    2.151124 v _090_/D (sky130_fd_sc_hd__dfrtp_1)
                                              2.151124   data arrival time

                                 25.000000   25.000000   clock gpio_in[38] (rise edge)
                                  0.000000   25.000000   clock source latency
     2    0.090700    0.308256    0.227281   25.227280 ^ gpio_in[38] (in)
                                                         gpio_in[38] (net)
                      0.313233    0.000000   25.227280 ^ clkbuf_0_gpio_in[38]/A (sky130_fd_sc_hd__clkbuf_16)
     5    0.060445    0.064892    0.155353   25.382633 ^ clkbuf_0_gpio_in[38]/X (sky130_fd_sc_hd__clkbuf_16)
                                                         clknet_0_gpio_in[38] (net)
                      0.065246    0.003665   25.386299 ^ clkbuf_1_0__f_gpio_in[38]/A (sky130_fd_sc_hd__clkbuf_16)
    25    0.077004    0.072445    0.120922   25.507219 ^ clkbuf_1_0__f_gpio_in[38]/X (sky130_fd_sc_hd__clkbuf_16)
                                                         clknet_1_0__leaf_gpio_in[38] (net)
                      0.076351    0.012928   25.520149 ^ _090_/CLK (sky130_fd_sc_hd__dfrtp_1)
                                 -0.250000   25.270149   clock uncertainty
                                  0.000000   25.270149   clock reconvergence pessimism
                                 -0.070645   25.199503   library setup time
                                             25.199503   data required time
---------------------------------------------------------------------------------------------
                                             25.199503   data required time
                                             -2.151124   data arrival time
---------------------------------------------------------------------------------------------
                                             23.048380   slack (MET)


Startpoint: _087_ (rising edge-triggered flip-flop clocked by gpio_in[38])
Endpoint: _099_ (rising edge-triggered flip-flop clocked by gpio_in[38])
Path Group: gpio_in[38]
Path Type: max

Fanout         Cap        Slew       Delay        Time   Description
---------------------------------------------------------------------------------------------
                                  0.000000    0.000000   clock gpio_in[38] (rise edge)
                                  0.000000    0.000000   clock source latency
     2    0.090700    0.308256    0.227280    0.227280 ^ gpio_in[38] (in)
                                                         gpio_in[38] (net)
                      0.313233    0.000000    0.227280 ^ clkbuf_0_gpio_in[38]/A (sky130_fd_sc_hd__clkbuf_16)
     5    0.060445    0.064892    0.155354    0.382634 ^ clkbuf_0_gpio_in[38]/X (sky130_fd_sc_hd__clkbuf_16)
                                                         clknet_0_gpio_in[38] (net)
                      0.065246    0.003664    0.386298 ^ clkbuf_1_0__f_gpio_in[38]/A (sky130_fd_sc_hd__clkbuf_16)
    25    0.077004    0.072445    0.120922    0.507220 ^ clkbuf_1_0__f_gpio_in[38]/X (sky130_fd_sc_hd__clkbuf_16)
                                                         clknet_1_0__leaf_gpio_in[38] (net)
                      0.076118    0.012522    0.519742 ^ _087_/CLK (sky130_fd_sc_hd__dfrtp_2)
     3    0.009454    0.046829    0.239750    0.759492 ^ _087_/Q (sky130_fd_sc_hd__dfrtp_2)
                                                         gpio_18_21_bidir[18].cfg.gpio_out_val (net)
                      0.046829    0.000058    0.759551 ^ hold3/A (sky130_fd_sc_hd__dlygate4sd3_1)
     5    0.019652    0.155428    0.463556    1.223106 ^ hold3/X (sky130_fd_sc_hd__dlygate4sd3_1)
                                                         net578 (net)
                      0.155428    0.000181    1.223288 ^ _049_/A (sky130_fd_sc_hd__and4_4)
    17    0.122455    0.270106    0.302421    1.525709 ^ _049_/X (sky130_fd_sc_hd__and4_4)
                                                         _022_ (net)
                      0.270111    0.001093    1.526802 ^ _068_/A (sky130_fd_sc_hd__and3_1)
     5    0.016012    0.126232    0.184414    1.711216 ^ _068_/X (sky130_fd_sc_hd__and3_1)
                                                         _033_ (net)
                      0.126232    0.000206    1.711422 ^ _071_/B (sky130_fd_sc_hd__nor2_1)
     1    0.002319    0.031244    0.023478    1.734900 v _071_/Y (sky130_fd_sc_hd__nor2_1)
                                                         _035_ (net)
                      0.031244    0.000022    1.734922 v hold29/A (sky130_fd_sc_hd__dlygate4sd3_1)
     1    0.003222    0.040027    0.362543    2.097465 v hold29/X (sky130_fd_sc_hd__dlygate4sd3_1)
                                                         net604 (net)
                      0.040027    0.000039    2.097504 v _072_/B (sky130_fd_sc_hd__nor2_1)
     1    0.002681    0.052155    0.057108    2.154612 ^ _072_/Y (sky130_fd_sc_hd__nor2_1)
                                                         _003_ (net)
                      0.052155    0.000026    2.154637 ^ _099_/D (sky130_fd_sc_hd__dfrtp_1)
                                              2.154637   data arrival time

                                 25.000000   25.000000   clock gpio_in[38] (rise edge)
                                  0.000000   25.000000   clock source latency
     2    0.090700    0.308256    0.227281   25.227280 ^ gpio_in[38] (in)
                                                         gpio_in[38] (net)
                      0.313233    0.000000   25.227280 ^ clkbuf_0_gpio_in[38]/A (sky130_fd_sc_hd__clkbuf_16)
     5    0.060445    0.064892    0.155353   25.382633 ^ clkbuf_0_gpio_in[38]/X (sky130_fd_sc_hd__clkbuf_16)
                                                         clknet_0_gpio_in[38] (net)
                      0.065246    0.003665   25.386299 ^ clkbuf_1_0__f_gpio_in[38]/A (sky130_fd_sc_hd__clkbuf_16)
    25    0.077004    0.072445    0.120922   25.507219 ^ clkbuf_1_0__f_gpio_in[38]/X (sky130_fd_sc_hd__clkbuf_16)
                                                         clknet_1_0__leaf_gpio_in[38] (net)
                      0.076534    0.013239   25.520460 ^ _099_/CLK (sky130_fd_sc_hd__dfrtp_1)
                                 -0.250000   25.270460   clock uncertainty
                                  0.000000   25.270460   clock reconvergence pessimism
                                 -0.034195   25.236265   library setup time
                                             25.236265   data required time
---------------------------------------------------------------------------------------------
                                             25.236265   data required time
                                             -2.154637   data arrival time
---------------------------------------------------------------------------------------------
                                             23.081629   slack (MET)


Startpoint: _087_ (rising edge-triggered flip-flop clocked by gpio_in[38])
Endpoint: _096_ (rising edge-triggered flip-flop clocked by gpio_in[38])
Path Group: gpio_in[38]
Path Type: max

Fanout         Cap        Slew       Delay        Time   Description
---------------------------------------------------------------------------------------------
                                  0.000000    0.000000   clock gpio_in[38] (rise edge)
                                  0.000000    0.000000   clock source latency
     2    0.090700    0.308256    0.227280    0.227280 ^ gpio_in[38] (in)
                                                         gpio_in[38] (net)
                      0.313233    0.000000    0.227280 ^ clkbuf_0_gpio_in[38]/A (sky130_fd_sc_hd__clkbuf_16)
     5    0.060445    0.064892    0.155354    0.382634 ^ clkbuf_0_gpio_in[38]/X (sky130_fd_sc_hd__clkbuf_16)
                                                         clknet_0_gpio_in[38] (net)
                      0.065246    0.003664    0.386298 ^ clkbuf_1_0__f_gpio_in[38]/A (sky130_fd_sc_hd__clkbuf_16)
    25    0.077004    0.072445    0.120922    0.507220 ^ clkbuf_1_0__f_gpio_in[38]/X (sky130_fd_sc_hd__clkbuf_16)
                                                         clknet_1_0__leaf_gpio_in[38] (net)
                      0.076118    0.012522    0.519742 ^ _087_/CLK (sky130_fd_sc_hd__dfrtp_2)
     3    0.009454    0.046829    0.239750    0.759492 ^ _087_/Q (sky130_fd_sc_hd__dfrtp_2)
                                                         gpio_18_21_bidir[18].cfg.gpio_out_val (net)
                      0.046829    0.000058    0.759551 ^ hold3/A (sky130_fd_sc_hd__dlygate4sd3_1)
     5    0.019652    0.155428    0.463556    1.223106 ^ hold3/X (sky130_fd_sc_hd__dlygate4sd3_1)
                                                         net578 (net)
                      0.155428    0.000181    1.223288 ^ _049_/A (sky130_fd_sc_hd__and4_4)
    17    0.122455    0.270106    0.302421    1.525709 ^ _049_/X (sky130_fd_sc_hd__and4_4)
                                                         _022_ (net)
                      0.283297    0.046238    1.571947 ^ _059_/A (sky130_fd_sc_hd__and2_4)
     9    0.106004    0.228770    0.252020    1.823967 ^ _059_/X (sky130_fd_sc_hd__and2_4)
                                                         _028_ (net)
                      0.239953    0.039052    1.863019 ^ _062_/C (sky130_fd_sc_hd__and3_1)
     2    0.007263    0.066054    0.136141    1.999160 ^ _062_/X (sky130_fd_sc_hd__and3_1)
                                                         _029_ (net)
                      0.066054    0.000061    1.999221 ^ _064_/A_N (sky130_fd_sc_hd__and2b_1)
     1    0.002298    0.023275    0.107870    2.107091 v _064_/X (sky130_fd_sc_hd__and2b_1)
                                                         _019_ (net)
                      0.023275    0.000019    2.107110 v _096_/D (sky130_fd_sc_hd__dfrtp_1)
                                              2.107110   data arrival time

                                 25.000000   25.000000   clock gpio_in[38] (rise edge)
                                  0.000000   25.000000   clock source latency
     2    0.090700    0.308256    0.227281   25.227280 ^ gpio_in[38] (in)
                                                         gpio_in[38] (net)
                      0.313233    0.000000   25.227280 ^ clkbuf_0_gpio_in[38]/A (sky130_fd_sc_hd__clkbuf_16)
     5    0.060445    0.064892    0.155353   25.382633 ^ clkbuf_0_gpio_in[38]/X (sky130_fd_sc_hd__clkbuf_16)
                                                         clknet_0_gpio_in[38] (net)
                      0.065246    0.003665   25.386299 ^ clkbuf_1_0__f_gpio_in[38]/A (sky130_fd_sc_hd__clkbuf_16)
    25    0.077004    0.072445    0.120922   25.507219 ^ clkbuf_1_0__f_gpio_in[38]/X (sky130_fd_sc_hd__clkbuf_16)
                                                         clknet_1_0__leaf_gpio_in[38] (net)
                      0.076017    0.012340   25.519560 ^ _096_/CLK (sky130_fd_sc_hd__dfrtp_1)
                                 -0.250000   25.269562   clock uncertainty
                                  0.000000   25.269562   clock reconvergence pessimism
                                 -0.065099   25.204464   library setup time
                                             25.204464   data required time
---------------------------------------------------------------------------------------------
                                             25.204464   data required time
                                             -2.107110   data arrival time
---------------------------------------------------------------------------------------------
                                             23.097353   slack (MET)


Startpoint: _087_ (rising edge-triggered flip-flop clocked by gpio_in[38])
Endpoint: _104_ (rising edge-triggered flip-flop clocked by gpio_in[38])
Path Group: gpio_in[38]
Path Type: max

Fanout         Cap        Slew       Delay        Time   Description
---------------------------------------------------------------------------------------------
                                  0.000000    0.000000   clock gpio_in[38] (rise edge)
                                  0.000000    0.000000   clock source latency
     2    0.090700    0.308256    0.227280    0.227280 ^ gpio_in[38] (in)
                                                         gpio_in[38] (net)
                      0.313233    0.000000    0.227280 ^ clkbuf_0_gpio_in[38]/A (sky130_fd_sc_hd__clkbuf_16)
     5    0.060445    0.064892    0.155354    0.382634 ^ clkbuf_0_gpio_in[38]/X (sky130_fd_sc_hd__clkbuf_16)
                                                         clknet_0_gpio_in[38] (net)
                      0.065246    0.003664    0.386298 ^ clkbuf_1_0__f_gpio_in[38]/A (sky130_fd_sc_hd__clkbuf_16)
    25    0.077004    0.072445    0.120922    0.507220 ^ clkbuf_1_0__f_gpio_in[38]/X (sky130_fd_sc_hd__clkbuf_16)
                                                         clknet_1_0__leaf_gpio_in[38] (net)
                      0.076118    0.012522    0.519742 ^ _087_/CLK (sky130_fd_sc_hd__dfrtp_2)
     3    0.009454    0.046829    0.239750    0.759492 ^ _087_/Q (sky130_fd_sc_hd__dfrtp_2)
                                                         gpio_18_21_bidir[18].cfg.gpio_out_val (net)
                      0.046829    0.000058    0.759551 ^ hold3/A (sky130_fd_sc_hd__dlygate4sd3_1)
     5    0.019652    0.155428    0.463556    1.223106 ^ hold3/X (sky130_fd_sc_hd__dlygate4sd3_1)
                                                         net578 (net)
                      0.155428    0.000181    1.223288 ^ _049_/A (sky130_fd_sc_hd__and4_4)
    17    0.122455    0.270106    0.302421    1.525709 ^ _049_/X (sky130_fd_sc_hd__and4_4)
                                                         _022_ (net)
                      0.270132    0.002324    1.528033 ^ _078_/A (sky130_fd_sc_hd__and4_4)
    11    0.110411    0.244965    0.304661    1.832694 ^ _078_/X (sky130_fd_sc_hd__and4_4)
                                                         _039_ (net)
                      0.258195    0.043846    1.876540 ^ _082_/C (sky130_fd_sc_hd__and3_1)
     2    0.010161    0.084992    0.153212    2.029752 ^ _082_/X (sky130_fd_sc_hd__and3_1)
                                                         _041_ (net)
                      0.084992    0.000075    2.029828 ^ _083_/B (sky130_fd_sc_hd__nor2_1)
     1    0.003616    0.037438    0.028815    2.058643 v _083_/Y (sky130_fd_sc_hd__nor2_1)
                                                         _008_ (net)
                      0.037438    0.000051    2.058694 v _104_/D (sky130_fd_sc_hd__dfrtp_1)
                                              2.058694   data arrival time

                                 25.000000   25.000000   clock gpio_in[38] (rise edge)
                                  0.000000   25.000000   clock source latency
     2    0.090700    0.308256    0.227281   25.227280 ^ gpio_in[38] (in)
                                                         gpio_in[38] (net)
                      0.313233    0.000000   25.227280 ^ clkbuf_0_gpio_in[38]/A (sky130_fd_sc_hd__clkbuf_16)
     5    0.060445    0.064892    0.155353   25.382633 ^ clkbuf_0_gpio_in[38]/X (sky130_fd_sc_hd__clkbuf_16)
                                                         clknet_0_gpio_in[38] (net)
                      0.065227    0.003553   25.386187 ^ clkbuf_1_1__f_gpio_in[38]/A (sky130_fd_sc_hd__clkbuf_16)
    19    0.065981    0.063940    0.117709   25.503895 ^ clkbuf_1_1__f_gpio_in[38]/X (sky130_fd_sc_hd__clkbuf_16)
                                                         clknet_1_1__leaf_gpio_in[38] (net)
                      0.065956    0.008690   25.512585 ^ _104_/CLK (sky130_fd_sc_hd__dfrtp_1)
                                 -0.250000   25.262585   clock uncertainty
                                  0.000000   25.262585   clock reconvergence pessimism
                                 -0.071116   25.191469   library setup time
                                             25.191469   data required time
---------------------------------------------------------------------------------------------
                                             25.191469   data required time
                                             -2.058694   data arrival time
---------------------------------------------------------------------------------------------
                                             23.132774   slack (MET)


Startpoint: _087_ (rising edge-triggered flip-flop clocked by gpio_in[38])
Endpoint: _091_ (rising edge-triggered flip-flop clocked by gpio_in[38])
Path Group: gpio_in[38]
Path Type: max

Fanout         Cap        Slew       Delay        Time   Description
---------------------------------------------------------------------------------------------
                                  0.000000    0.000000   clock gpio_in[38] (rise edge)
                                  0.000000    0.000000   clock source latency
     2    0.090700    0.308256    0.227280    0.227280 ^ gpio_in[38] (in)
                                                         gpio_in[38] (net)
                      0.313233    0.000000    0.227280 ^ clkbuf_0_gpio_in[38]/A (sky130_fd_sc_hd__clkbuf_16)
     5    0.060445    0.064892    0.155354    0.382634 ^ clkbuf_0_gpio_in[38]/X (sky130_fd_sc_hd__clkbuf_16)
                                                         clknet_0_gpio_in[38] (net)
                      0.065246    0.003664    0.386298 ^ clkbuf_1_0__f_gpio_in[38]/A (sky130_fd_sc_hd__clkbuf_16)
    25    0.077004    0.072445    0.120922    0.507220 ^ clkbuf_1_0__f_gpio_in[38]/X (sky130_fd_sc_hd__clkbuf_16)
                                                         clknet_1_0__leaf_gpio_in[38] (net)
                      0.076118    0.012522    0.519742 ^ _087_/CLK (sky130_fd_sc_hd__dfrtp_2)
     3    0.009454    0.046829    0.239750    0.759492 ^ _087_/Q (sky130_fd_sc_hd__dfrtp_2)
                                                         gpio_18_21_bidir[18].cfg.gpio_out_val (net)
                      0.046829    0.000058    0.759551 ^ hold3/A (sky130_fd_sc_hd__dlygate4sd3_1)
     5    0.019652    0.155428    0.463556    1.223106 ^ hold3/X (sky130_fd_sc_hd__dlygate4sd3_1)
                                                         net578 (net)
                      0.155428    0.000181    1.223288 ^ _049_/A (sky130_fd_sc_hd__and4_4)
    17    0.122455    0.270106    0.302421    1.525709 ^ _049_/X (sky130_fd_sc_hd__and4_4)
                                                         _022_ (net)
                      0.283399    0.046418    1.572127 ^ _052_/B (sky130_fd_sc_hd__xor2_1)
     1    0.002300    0.074151    0.083775    1.655902 ^ _052_/X (sky130_fd_sc_hd__xor2_1)
                                                         _014_ (net)
                      0.074151    0.000021    1.655923 ^ hold21/A (sky130_fd_sc_hd__dlygate4sd3_1)
     1    0.002323    0.034540    0.375791    2.031713 ^ hold21/X (sky130_fd_sc_hd__dlygate4sd3_1)
                                                         net596 (net)
                      0.034540    0.000011    2.031724 ^ _091_/D (sky130_fd_sc_hd__dfrtp_1)
                                              2.031724   data arrival time

                                 25.000000   25.000000   clock gpio_in[38] (rise edge)
                                  0.000000   25.000000   clock source latency
     2    0.090700    0.308256    0.227281   25.227280 ^ gpio_in[38] (in)
                                                         gpio_in[38] (net)
                      0.313233    0.000000   25.227280 ^ clkbuf_0_gpio_in[38]/A (sky130_fd_sc_hd__clkbuf_16)
     5    0.060445    0.064892    0.155353   25.382633 ^ clkbuf_0_gpio_in[38]/X (sky130_fd_sc_hd__clkbuf_16)
                                                         clknet_0_gpio_in[38] (net)
                      0.065227    0.003553   25.386187 ^ clkbuf_1_1__f_gpio_in[38]/A (sky130_fd_sc_hd__clkbuf_16)
    19    0.065981    0.063940    0.117709   25.503895 ^ clkbuf_1_1__f_gpio_in[38]/X (sky130_fd_sc_hd__clkbuf_16)
                                                         clknet_1_1__leaf_gpio_in[38] (net)
                      0.066153    0.009141   25.513037 ^ _091_/CLK (sky130_fd_sc_hd__dfrtp_1)
                                 -0.250000   25.263037   clock uncertainty
                                  0.000000   25.263037   clock reconvergence pessimism
                                 -0.032920   25.230118   library setup time
                                             25.230118   data required time
---------------------------------------------------------------------------------------------
                                             25.230118   data required time
                                             -2.031724   data arrival time
---------------------------------------------------------------------------------------------
                                             23.198393   slack (MET)


Startpoint: _087_ (rising edge-triggered flip-flop clocked by gpio_in[38])
Endpoint: _103_ (rising edge-triggered flip-flop clocked by gpio_in[38])
Path Group: gpio_in[38]
Path Type: max

Fanout         Cap        Slew       Delay        Time   Description
---------------------------------------------------------------------------------------------
                                  0.000000    0.000000   clock gpio_in[38] (rise edge)
                                  0.000000    0.000000   clock source latency
     2    0.090700    0.308256    0.227280    0.227280 ^ gpio_in[38] (in)
                                                         gpio_in[38] (net)
                      0.313233    0.000000    0.227280 ^ clkbuf_0_gpio_in[38]/A (sky130_fd_sc_hd__clkbuf_16)
     5    0.060445    0.064892    0.155354    0.382634 ^ clkbuf_0_gpio_in[38]/X (sky130_fd_sc_hd__clkbuf_16)
                                                         clknet_0_gpio_in[38] (net)
                      0.065246    0.003664    0.386298 ^ clkbuf_1_0__f_gpio_in[38]/A (sky130_fd_sc_hd__clkbuf_16)
    25    0.077004    0.072445    0.120922    0.507220 ^ clkbuf_1_0__f_gpio_in[38]/X (sky130_fd_sc_hd__clkbuf_16)
                                                         clknet_1_0__leaf_gpio_in[38] (net)
                      0.076118    0.012522    0.519742 ^ _087_/CLK (sky130_fd_sc_hd__dfrtp_2)
     3    0.009454    0.046829    0.239750    0.759492 ^ _087_/Q (sky130_fd_sc_hd__dfrtp_2)
                                                         gpio_18_21_bidir[18].cfg.gpio_out_val (net)
                      0.046829    0.000058    0.759551 ^ hold3/A (sky130_fd_sc_hd__dlygate4sd3_1)
     5    0.019652    0.155428    0.463556    1.223106 ^ hold3/X (sky130_fd_sc_hd__dlygate4sd3_1)
                                                         net578 (net)
                      0.155428    0.000181    1.223288 ^ _049_/A (sky130_fd_sc_hd__and4_4)
    17    0.122455    0.270106    0.302421    1.525709 ^ _049_/X (sky130_fd_sc_hd__and4_4)
                                                         _022_ (net)
                      0.270132    0.002324    1.528033 ^ _078_/A (sky130_fd_sc_hd__and4_4)
    11    0.110411    0.244965    0.304661    1.832694 ^ _078_/X (sky130_fd_sc_hd__and4_4)
                                                         _039_ (net)
                      0.258050    0.043600    1.876294 ^ _080_/B (sky130_fd_sc_hd__xor2_1)
     1    0.002399    0.076709    0.085541    1.961835 ^ _080_/X (sky130_fd_sc_hd__xor2_1)
                                                         _007_ (net)
                      0.076709    0.000012    1.961846 ^ _103_/D (sky130_fd_sc_hd__dfrtp_1)
                                              1.961846   data arrival time

                                 25.000000   25.000000   clock gpio_in[38] (rise edge)
                                  0.000000   25.000000   clock source latency
     2    0.090700    0.308256    0.227281   25.227280 ^ gpio_in[38] (in)
                                                         gpio_in[38] (net)
                      0.313233    0.000000   25.227280 ^ clkbuf_0_gpio_in[38]/A (sky130_fd_sc_hd__clkbuf_16)
     5    0.060445    0.064892    0.155353   25.382633 ^ clkbuf_0_gpio_in[38]/X (sky130_fd_sc_hd__clkbuf_16)
                                                         clknet_0_gpio_in[38] (net)
                      0.065227    0.003553   25.386187 ^ clkbuf_1_1__f_gpio_in[38]/A (sky130_fd_sc_hd__clkbuf_16)
    19    0.065981    0.063940    0.117709   25.503895 ^ clkbuf_1_1__f_gpio_in[38]/X (sky130_fd_sc_hd__clkbuf_16)
                                                         clknet_1_1__leaf_gpio_in[38] (net)
                      0.065951    0.008678   25.512573 ^ _103_/CLK (sky130_fd_sc_hd__dfrtp_1)
                                 -0.250000   25.262573   clock uncertainty
                                  0.000000   25.262573   clock reconvergence pessimism
                                 -0.036863   25.225710   library setup time
                                             25.225710   data required time
---------------------------------------------------------------------------------------------
                                             25.225710   data required time
                                             -1.961846   data arrival time
---------------------------------------------------------------------------------------------
                                             23.263865   slack (MET)


Startpoint: _087_ (rising edge-triggered flip-flop clocked by gpio_in[38])
Endpoint: _095_ (rising edge-triggered flip-flop clocked by gpio_in[38])
Path Group: gpio_in[38]
Path Type: max

Fanout         Cap        Slew       Delay        Time   Description
---------------------------------------------------------------------------------------------
                                  0.000000    0.000000   clock gpio_in[38] (rise edge)
                                  0.000000    0.000000   clock source latency
     2    0.090700    0.308256    0.227280    0.227280 ^ gpio_in[38] (in)
                                                         gpio_in[38] (net)
                      0.313233    0.000000    0.227280 ^ clkbuf_0_gpio_in[38]/A (sky130_fd_sc_hd__clkbuf_16)
     5    0.060445    0.064892    0.155354    0.382634 ^ clkbuf_0_gpio_in[38]/X (sky130_fd_sc_hd__clkbuf_16)
                                                         clknet_0_gpio_in[38] (net)
                      0.065246    0.003664    0.386298 ^ clkbuf_1_0__f_gpio_in[38]/A (sky130_fd_sc_hd__clkbuf_16)
    25    0.077004    0.072445    0.120922    0.507220 ^ clkbuf_1_0__f_gpio_in[38]/X (sky130_fd_sc_hd__clkbuf_16)
                                                         clknet_1_0__leaf_gpio_in[38] (net)
                      0.076118    0.012522    0.519742 ^ _087_/CLK (sky130_fd_sc_hd__dfrtp_2)
     3    0.009454    0.046829    0.239750    0.759492 ^ _087_/Q (sky130_fd_sc_hd__dfrtp_2)
                                                         gpio_18_21_bidir[18].cfg.gpio_out_val (net)
                      0.046829    0.000058    0.759551 ^ hold3/A (sky130_fd_sc_hd__dlygate4sd3_1)
     5    0.019652    0.155428    0.463556    1.223106 ^ hold3/X (sky130_fd_sc_hd__dlygate4sd3_1)
                                                         net578 (net)
                      0.155428    0.000181    1.223288 ^ _049_/A (sky130_fd_sc_hd__and4_4)
    17    0.122455    0.270106    0.302421    1.525709 ^ _049_/X (sky130_fd_sc_hd__and4_4)
                                                         _022_ (net)
                      0.283297    0.046238    1.571947 ^ _059_/A (sky130_fd_sc_hd__and2_4)
     9    0.106004    0.228770    0.252020    1.823967 ^ _059_/X (sky130_fd_sc_hd__and2_4)
                                                         _028_ (net)
                      0.239836    0.038842    1.862810 ^ _061_/B (sky130_fd_sc_hd__xor2_1)
     1    0.002475    0.076789    0.086806    1.949615 ^ _061_/X (sky130_fd_sc_hd__xor2_1)
                                                         _018_ (net)
                      0.076789    0.000023    1.949639 ^ _095_/D (sky130_fd_sc_hd__dfrtp_2)
                                              1.949639   data arrival time

                                 25.000000   25.000000   clock gpio_in[38] (rise edge)
                                  0.000000   25.000000   clock source latency
     2    0.090700    0.308256    0.227281   25.227280 ^ gpio_in[38] (in)
                                                         gpio_in[38] (net)
                      0.313233    0.000000   25.227280 ^ clkbuf_0_gpio_in[38]/A (sky130_fd_sc_hd__clkbuf_16)
     5    0.060445    0.064892    0.155353   25.382633 ^ clkbuf_0_gpio_in[38]/X (sky130_fd_sc_hd__clkbuf_16)
                                                         clknet_0_gpio_in[38] (net)
                      0.065246    0.003665   25.386299 ^ clkbuf_1_0__f_gpio_in[38]/A (sky130_fd_sc_hd__clkbuf_16)
    25    0.077004    0.072445    0.120922   25.507219 ^ clkbuf_1_0__f_gpio_in[38]/X (sky130_fd_sc_hd__clkbuf_16)
                                                         clknet_1_0__leaf_gpio_in[38] (net)
                      0.075368    0.011131   25.518351 ^ _095_/CLK (sky130_fd_sc_hd__dfrtp_2)
                                 -0.250000   25.268353   clock uncertainty
                                  0.000000   25.268353   clock reconvergence pessimism
                                 -0.039259   25.229092   library setup time
                                             25.229092   data required time
---------------------------------------------------------------------------------------------
                                             25.229092   data required time
                                             -1.949639   data arrival time
---------------------------------------------------------------------------------------------
                                             23.279453   slack (MET)


Startpoint: _087_ (rising edge-triggered flip-flop clocked by gpio_in[38])
Endpoint: _092_ (rising edge-triggered flip-flop clocked by gpio_in[38])
Path Group: gpio_in[38]
Path Type: max

Fanout         Cap        Slew       Delay        Time   Description
---------------------------------------------------------------------------------------------
                                  0.000000    0.000000   clock gpio_in[38] (rise edge)
                                  0.000000    0.000000   clock source latency
     2    0.090700    0.308256    0.227280    0.227280 ^ gpio_in[38] (in)
                                                         gpio_in[38] (net)
                      0.313233    0.000000    0.227280 ^ clkbuf_0_gpio_in[38]/A (sky130_fd_sc_hd__clkbuf_16)
     5    0.060445    0.064892    0.155354    0.382634 ^ clkbuf_0_gpio_in[38]/X (sky130_fd_sc_hd__clkbuf_16)
                                                         clknet_0_gpio_in[38] (net)
                      0.065246    0.003664    0.386298 ^ clkbuf_1_0__f_gpio_in[38]/A (sky130_fd_sc_hd__clkbuf_16)
    25    0.077004    0.072445    0.120922    0.507220 ^ clkbuf_1_0__f_gpio_in[38]/X (sky130_fd_sc_hd__clkbuf_16)
                                                         clknet_1_0__leaf_gpio_in[38] (net)
                      0.076118    0.012522    0.519742 ^ _087_/CLK (sky130_fd_sc_hd__dfrtp_2)
     3    0.009454    0.046829    0.239750    0.759492 ^ _087_/Q (sky130_fd_sc_hd__dfrtp_2)
                                                         gpio_18_21_bidir[18].cfg.gpio_out_val (net)
                      0.046829    0.000058    0.759551 ^ hold3/A (sky130_fd_sc_hd__dlygate4sd3_1)
     5    0.019652    0.155428    0.463556    1.223106 ^ hold3/X (sky130_fd_sc_hd__dlygate4sd3_1)
                                                         net578 (net)
                      0.155428    0.000181    1.223288 ^ _049_/A (sky130_fd_sc_hd__and4_4)
    17    0.122455    0.270106    0.302421    1.525709 ^ _049_/X (sky130_fd_sc_hd__and4_4)
                                                         _022_ (net)
                      0.283382    0.046388    1.572097 ^ _053_/C (sky130_fd_sc_hd__and3_1)
     3    0.010989    0.091024    0.159372    1.731469 ^ _053_/X (sky130_fd_sc_hd__and3_1)
                                                         _024_ (net)
                      0.091024    0.000085    1.731554 ^ _055_/A (sky130_fd_sc_hd__nor2_1)
     1    0.003716    0.033089    0.035117    1.766671 v _055_/Y (sky130_fd_sc_hd__nor2_1)
                                                         _015_ (net)
                      0.033089    0.000051    1.766722 v _092_/D (sky130_fd_sc_hd__dfrtp_1)
                                              1.766722   data arrival time

                                 25.000000   25.000000   clock gpio_in[38] (rise edge)
                                  0.000000   25.000000   clock source latency
     2    0.090700    0.308256    0.227281   25.227280 ^ gpio_in[38] (in)
                                                         gpio_in[38] (net)
                      0.313233    0.000000   25.227280 ^ clkbuf_0_gpio_in[38]/A (sky130_fd_sc_hd__clkbuf_16)
     5    0.060445    0.064892    0.155353   25.382633 ^ clkbuf_0_gpio_in[38]/X (sky130_fd_sc_hd__clkbuf_16)
                                                         clknet_0_gpio_in[38] (net)
                      0.065227    0.003553   25.386187 ^ clkbuf_1_1__f_gpio_in[38]/A (sky130_fd_sc_hd__clkbuf_16)
    19    0.065981    0.063940    0.117709   25.503895 ^ clkbuf_1_1__f_gpio_in[38]/X (sky130_fd_sc_hd__clkbuf_16)
                                                         clknet_1_1__leaf_gpio_in[38] (net)
                      0.066153    0.009141   25.513037 ^ _092_/CLK (sky130_fd_sc_hd__dfrtp_1)
                                 -0.250000   25.263037   clock uncertainty
                                  0.000000   25.263037   clock reconvergence pessimism
                                 -0.069546   25.193491   library setup time
                                             25.193491   data required time
---------------------------------------------------------------------------------------------
                                             25.193491   data required time
                                             -1.766722   data arrival time
---------------------------------------------------------------------------------------------
                                             23.426769   slack (MET)


Startpoint: _087_ (rising edge-triggered flip-flop clocked by gpio_in[38])
Endpoint: _089_ (rising edge-triggered flip-flop clocked by gpio_in[38])
Path Group: gpio_in[38]
Path Type: max

Fanout         Cap        Slew       Delay        Time   Description
---------------------------------------------------------------------------------------------
                                  0.000000    0.000000   clock gpio_in[38] (rise edge)
                                  0.000000    0.000000   clock source latency
     2    0.090700    0.308256    0.227280    0.227280 ^ gpio_in[38] (in)
                                                         gpio_in[38] (net)
                      0.313233    0.000000    0.227280 ^ clkbuf_0_gpio_in[38]/A (sky130_fd_sc_hd__clkbuf_16)
     5    0.060445    0.064892    0.155354    0.382634 ^ clkbuf_0_gpio_in[38]/X (sky130_fd_sc_hd__clkbuf_16)
                                                         clknet_0_gpio_in[38] (net)
                      0.065246    0.003664    0.386298 ^ clkbuf_1_0__f_gpio_in[38]/A (sky130_fd_sc_hd__clkbuf_16)
    25    0.077004    0.072445    0.120922    0.507220 ^ clkbuf_1_0__f_gpio_in[38]/X (sky130_fd_sc_hd__clkbuf_16)
                                                         clknet_1_0__leaf_gpio_in[38] (net)
                      0.076118    0.012522    0.519742 ^ _087_/CLK (sky130_fd_sc_hd__dfrtp_2)
     3    0.009454    0.046829    0.239750    0.759492 ^ _087_/Q (sky130_fd_sc_hd__dfrtp_2)
                                                         gpio_18_21_bidir[18].cfg.gpio_out_val (net)
                      0.046829    0.000058    0.759551 ^ hold3/A (sky130_fd_sc_hd__dlygate4sd3_1)
     5    0.019652    0.155428    0.463556    1.223106 ^ hold3/X (sky130_fd_sc_hd__dlygate4sd3_1)
                                                         net578 (net)
                      0.155428    0.000146    1.223252 ^ _045_/A (sky130_fd_sc_hd__nand2_1)
     2    0.008237    0.063631    0.061374    1.284626 v _045_/Y (sky130_fd_sc_hd__nand2_1)
                                                         _020_ (net)
                      0.063631    0.000035    1.284661 v _048_/B (sky130_fd_sc_hd__xnor2_1)
     1    0.002442    0.034856    0.086510    1.371171 v _048_/Y (sky130_fd_sc_hd__xnor2_1)
                                                         _012_ (net)
                      0.034856    0.000016    1.371186 v hold24/A (sky130_fd_sc_hd__dlygate4sd3_1)
     1    0.002785    0.038011    0.361290    1.732476 v hold24/X (sky130_fd_sc_hd__dlygate4sd3_1)
                                                         net599 (net)
                      0.038011    0.000029    1.732505 v _089_/D (sky130_fd_sc_hd__dfrtp_1)
                                              1.732505   data arrival time

                                 25.000000   25.000000   clock gpio_in[38] (rise edge)
                                  0.000000   25.000000   clock source latency
     2    0.090700    0.308256    0.227281   25.227280 ^ gpio_in[38] (in)
                                                         gpio_in[38] (net)
                      0.313233    0.000000   25.227280 ^ clkbuf_0_gpio_in[38]/A (sky130_fd_sc_hd__clkbuf_16)
     5    0.060445    0.064892    0.155353   25.382633 ^ clkbuf_0_gpio_in[38]/X (sky130_fd_sc_hd__clkbuf_16)
                                                         clknet_0_gpio_in[38] (net)
                      0.065246    0.003665   25.386299 ^ clkbuf_1_0__f_gpio_in[38]/A (sky130_fd_sc_hd__clkbuf_16)
    25    0.077004    0.072445    0.120922   25.507219 ^ clkbuf_1_0__f_gpio_in[38]/X (sky130_fd_sc_hd__clkbuf_16)
                                                         clknet_1_0__leaf_gpio_in[38] (net)
                      0.076451    0.013099   25.520319 ^ _089_/CLK (sky130_fd_sc_hd__dfrtp_1)
                                 -0.250000   25.270319   clock uncertainty
                                  0.000000   25.270319   clock reconvergence pessimism
                                 -0.070310   25.200010   library setup time
                                             25.200010   data required time
---------------------------------------------------------------------------------------------
                                             25.200010   data required time
                                             -1.732505   data arrival time
---------------------------------------------------------------------------------------------
                                             23.467505   slack (MET)


Startpoint: _087_ (rising edge-triggered flip-flop clocked by gpio_in[38])
Endpoint: _088_ (rising edge-triggered flip-flop clocked by gpio_in[38])
Path Group: gpio_in[38]
Path Type: max

Fanout         Cap        Slew       Delay        Time   Description
---------------------------------------------------------------------------------------------
                                  0.000000    0.000000   clock gpio_in[38] (rise edge)
                                  0.000000    0.000000   clock source latency
     2    0.090700    0.308256    0.227280    0.227280 ^ gpio_in[38] (in)
                                                         gpio_in[38] (net)
                      0.313233    0.000000    0.227280 ^ clkbuf_0_gpio_in[38]/A (sky130_fd_sc_hd__clkbuf_16)
     5    0.060445    0.064892    0.155354    0.382634 ^ clkbuf_0_gpio_in[38]/X (sky130_fd_sc_hd__clkbuf_16)
                                                         clknet_0_gpio_in[38] (net)
                      0.065246    0.003664    0.386298 ^ clkbuf_1_0__f_gpio_in[38]/A (sky130_fd_sc_hd__clkbuf_16)
    25    0.077004    0.072445    0.120922    0.507220 ^ clkbuf_1_0__f_gpio_in[38]/X (sky130_fd_sc_hd__clkbuf_16)
                                                         clknet_1_0__leaf_gpio_in[38] (net)
                      0.076118    0.012522    0.519742 ^ _087_/CLK (sky130_fd_sc_hd__dfrtp_2)
     3    0.008912    0.038996    0.264853    0.784595 v _087_/Q (sky130_fd_sc_hd__dfrtp_2)
                                                         gpio_18_21_bidir[18].cfg.gpio_out_val (net)
                      0.038996    0.000055    0.784650 v hold3/A (sky130_fd_sc_hd__dlygate4sd3_1)
     5    0.018721    0.088270    0.422883    1.207533 v hold3/X (sky130_fd_sc_hd__dlygate4sd3_1)
                                                         net578 (net)
                      0.088270    0.000216    1.207748 v _046_/A (sky130_fd_sc_hd__or2_1)
     1    0.004153    0.037295    0.155390    1.363138 v _046_/X (sky130_fd_sc_hd__or2_1)
                                                         _021_ (net)
                      0.037295    0.000067    1.363205 v _047_/B (sky130_fd_sc_hd__and2_1)
     1    0.002718    0.025009    0.096869    1.460075 v _047_/X (sky130_fd_sc_hd__and2_1)
                                                         _011_ (net)
                      0.025018    0.000026    1.460101 v _088_/D (sky130_fd_sc_hd__dfrtp_1)
                                              1.460101   data arrival time

                                 25.000000   25.000000   clock gpio_in[38] (rise edge)
                                  0.000000   25.000000   clock source latency
     2    0.090700    0.308256    0.227281   25.227280 ^ gpio_in[38] (in)
                                                         gpio_in[38] (net)
                      0.313233    0.000000   25.227280 ^ clkbuf_0_gpio_in[38]/A (sky130_fd_sc_hd__clkbuf_16)
     5    0.060445    0.064892    0.155353   25.382633 ^ clkbuf_0_gpio_in[38]/X (sky130_fd_sc_hd__clkbuf_16)
                                                         clknet_0_gpio_in[38] (net)
                      0.065246    0.003665   25.386299 ^ clkbuf_1_0__f_gpio_in[38]/A (sky130_fd_sc_hd__clkbuf_16)
    25    0.077004    0.072445    0.120922   25.507219 ^ clkbuf_1_0__f_gpio_in[38]/X (sky130_fd_sc_hd__clkbuf_16)
                                                         clknet_1_0__leaf_gpio_in[38] (net)
                      0.076206    0.012676   25.519896 ^ _088_/CLK (sky130_fd_sc_hd__dfrtp_1)
                                 -0.250000   25.269897   clock uncertainty
                                  0.000000   25.269897   clock reconvergence pessimism
                                 -0.065702   25.204195   library setup time
                                             25.204195   data required time
---------------------------------------------------------------------------------------------
                                             25.204195   data required time
                                             -1.460101   data arrival time
---------------------------------------------------------------------------------------------
                                             23.744093   slack (MET)


Startpoint: _087_ (rising edge-triggered flip-flop clocked by gpio_in[38])
Endpoint: _087_ (rising edge-triggered flip-flop clocked by gpio_in[38])
Path Group: gpio_in[38]
Path Type: max

Fanout         Cap        Slew       Delay        Time   Description
---------------------------------------------------------------------------------------------
                                  0.000000    0.000000   clock gpio_in[38] (rise edge)
                                  0.000000    0.000000   clock source latency
     2    0.090700    0.308256    0.227280    0.227280 ^ gpio_in[38] (in)
                                                         gpio_in[38] (net)
                      0.313233    0.000000    0.227280 ^ clkbuf_0_gpio_in[38]/A (sky130_fd_sc_hd__clkbuf_16)
     5    0.060445    0.064892    0.155354    0.382634 ^ clkbuf_0_gpio_in[38]/X (sky130_fd_sc_hd__clkbuf_16)
                                                         clknet_0_gpio_in[38] (net)
                      0.065246    0.003664    0.386298 ^ clkbuf_1_0__f_gpio_in[38]/A (sky130_fd_sc_hd__clkbuf_16)
    25    0.077004    0.072445    0.120922    0.507220 ^ clkbuf_1_0__f_gpio_in[38]/X (sky130_fd_sc_hd__clkbuf_16)
                                                         clknet_1_0__leaf_gpio_in[38] (net)
                      0.076118    0.012522    0.519742 ^ _087_/CLK (sky130_fd_sc_hd__dfrtp_2)
     3    0.009454    0.046829    0.239750    0.759492 ^ _087_/Q (sky130_fd_sc_hd__dfrtp_2)
                                                         gpio_18_21_bidir[18].cfg.gpio_out_val (net)
                      0.046829    0.000058    0.759551 ^ hold3/A (sky130_fd_sc_hd__dlygate4sd3_1)
     5    0.019652    0.155428    0.463556    1.223106 ^ hold3/X (sky130_fd_sc_hd__dlygate4sd3_1)
                                                         net578 (net)
                      0.155428    0.000272    1.223378 ^ _043_/A (sky130_fd_sc_hd__inv_2)
     1    0.002503    0.026942    0.009398    1.232776 v _043_/Y (sky130_fd_sc_hd__inv_2)
                                                         _000_ (net)
                      0.026942    0.000023    1.232799 v _087_/D (sky130_fd_sc_hd__dfrtp_2)
                                              1.232799   data arrival time

                                 25.000000   25.000000   clock gpio_in[38] (rise edge)
                                  0.000000   25.000000   clock source latency
     2    0.090700    0.308256    0.227281   25.227280 ^ gpio_in[38] (in)
                                                         gpio_in[38] (net)
                      0.313233    0.000000   25.227280 ^ clkbuf_0_gpio_in[38]/A (sky130_fd_sc_hd__clkbuf_16)
     5    0.060445    0.064892    0.155353   25.382633 ^ clkbuf_0_gpio_in[38]/X (sky130_fd_sc_hd__clkbuf_16)
                                                         clknet_0_gpio_in[38] (net)
                      0.065246    0.003665   25.386299 ^ clkbuf_1_0__f_gpio_in[38]/A (sky130_fd_sc_hd__clkbuf_16)
    25    0.077004    0.072445    0.120922   25.507219 ^ clkbuf_1_0__f_gpio_in[38]/X (sky130_fd_sc_hd__clkbuf_16)
                                                         clknet_1_0__leaf_gpio_in[38] (net)
                      0.076118    0.012522   25.519741 ^ _087_/CLK (sky130_fd_sc_hd__dfrtp_2)
                                 -0.250000   25.269743   clock uncertainty
                                  0.000000   25.269743   clock reconvergence pessimism
                                 -0.067617   25.202126   library setup time
                                             25.202126   data required time
---------------------------------------------------------------------------------------------
                                             25.202126   data required time
                                             -1.232799   data arrival time
---------------------------------------------------------------------------------------------
                                             23.969326   slack (MET)



