
===========================================================================
report_checks -path_delay min (Hold)
============================================================================
======================= min_ff_n40C_1v95 Corner ===================================

Startpoint: _091_ (rising edge-triggered flip-flop clocked by gpio_in[38])
Endpoint: _096_ (rising edge-triggered flip-flop clocked by gpio_in[38])
Path Group: gpio_in[38]
Path Type: min

Fanout         Cap        Slew       Delay        Time   Description
---------------------------------------------------------------------------------------------
                                  0.000000    0.000000   clock gpio_in[38] (rise edge)
                                  0.000000    0.000000   clock source latency
     2    0.090700    0.308256    0.227280    0.227280 ^ gpio_in[38] (in)
                                                         gpio_in[38] (net)
                      0.313233    0.000000    0.227280 ^ clkbuf_0_gpio_in[38]/A (sky130_fd_sc_hd__clkbuf_16)
     5    0.060445    0.064892    0.155354    0.382634 ^ clkbuf_0_gpio_in[38]/X (sky130_fd_sc_hd__clkbuf_16)
                                                         clknet_0_gpio_in[38] (net)
                      0.065227    0.003553    0.386187 ^ clkbuf_1_1__f_gpio_in[38]/A (sky130_fd_sc_hd__clkbuf_16)
    19    0.065981    0.063940    0.117709    0.503896 ^ clkbuf_1_1__f_gpio_in[38]/X (sky130_fd_sc_hd__clkbuf_16)
                                                         clknet_1_1__leaf_gpio_in[38] (net)
                      0.066153    0.009141    0.513037 ^ _091_/CLK (sky130_fd_sc_hd__dfrtp_1)
     3    0.008671    0.066403    0.235900    0.748938 ^ _091_/Q (sky130_fd_sc_hd__dfrtp_1)
                                                         gpio_22_37_output[22].cfg.gpio_out_val (net)
                      0.066403    0.000028    0.748965 ^ _058_/A (sky130_fd_sc_hd__and4_4)
     9    0.103602    0.229532    0.258568    1.007534 ^ _058_/X (sky130_fd_sc_hd__and4_4)
                                                         _027_ (net)
                      0.240842    0.039292    1.046826 ^ _063_/A3 (sky130_fd_sc_hd__a31o_1)
     1    0.002112    0.023194    0.094679    1.141505 ^ _063_/X (sky130_fd_sc_hd__a31o_1)
                                                         _030_ (net)
                      0.023194    0.000018    1.141523 ^ _064_/B (sky130_fd_sc_hd__and2b_1)
     1    0.002325    0.026391    0.065892    1.207415 ^ _064_/X (sky130_fd_sc_hd__and2b_1)
                                                         _019_ (net)
                      0.026391    0.000020    1.207435 ^ _096_/D (sky130_fd_sc_hd__dfrtp_1)
                                              1.207435   data arrival time

                                  0.000000    0.000000   clock gpio_in[38] (rise edge)
                                  0.000000    0.000000   clock source latency
     2    0.090700    0.308256    0.227280    0.227280 ^ gpio_in[38] (in)
                                                         gpio_in[38] (net)
                      0.313233    0.000000    0.227280 ^ clkbuf_0_gpio_in[38]/A (sky130_fd_sc_hd__clkbuf_16)
     5    0.060445    0.064892    0.155354    0.382634 ^ clkbuf_0_gpio_in[38]/X (sky130_fd_sc_hd__clkbuf_16)
                                                         clknet_0_gpio_in[38] (net)
                      0.065246    0.003664    0.386298 ^ clkbuf_1_0__f_gpio_in[38]/A (sky130_fd_sc_hd__clkbuf_16)
    25    0.077004    0.072445    0.120922    0.507220 ^ clkbuf_1_0__f_gpio_in[38]/X (sky130_fd_sc_hd__clkbuf_16)
                                                         clknet_1_0__leaf_gpio_in[38] (net)
                      0.076017    0.012342    0.519562 ^ _096_/CLK (sky130_fd_sc_hd__dfrtp_1)
                                  0.250000    0.769562   clock uncertainty
                                  0.000000    0.769562   clock reconvergence pessimism
                                 -0.018255    0.751307   library hold time
                                              0.751307   data required time
---------------------------------------------------------------------------------------------
                                              0.751307   data required time
                                             -1.207435   data arrival time
---------------------------------------------------------------------------------------------
                                              0.456127   slack (MET)


Startpoint: _087_ (rising edge-triggered flip-flop clocked by gpio_in[38])
Endpoint: _087_ (rising edge-triggered flip-flop clocked by gpio_in[38])
Path Group: gpio_in[38]
Path Type: min

Fanout         Cap        Slew       Delay        Time   Description
---------------------------------------------------------------------------------------------
                                  0.000000    0.000000   clock gpio_in[38] (rise edge)
                                  0.000000    0.000000   clock source latency
     2    0.090700    0.308256    0.227280    0.227280 ^ gpio_in[38] (in)
                                                         gpio_in[38] (net)
                      0.313233    0.000000    0.227280 ^ clkbuf_0_gpio_in[38]/A (sky130_fd_sc_hd__clkbuf_16)
     5    0.060445    0.064892    0.155354    0.382634 ^ clkbuf_0_gpio_in[38]/X (sky130_fd_sc_hd__clkbuf_16)
                                                         clknet_0_gpio_in[38] (net)
                      0.065246    0.003664    0.386298 ^ clkbuf_1_0__f_gpio_in[38]/A (sky130_fd_sc_hd__clkbuf_16)
    25    0.077004    0.072445    0.120922    0.507220 ^ clkbuf_1_0__f_gpio_in[38]/X (sky130_fd_sc_hd__clkbuf_16)
                                                         clknet_1_0__leaf_gpio_in[38] (net)
                      0.076118    0.012522    0.519742 ^ _087_/CLK (sky130_fd_sc_hd__dfrtp_2)
     3    0.009454    0.046829    0.239750    0.759492 ^ _087_/Q (sky130_fd_sc_hd__dfrtp_2)
                                                         gpio_18_21_bidir[18].cfg.gpio_out_val (net)
                      0.046829    0.000058    0.759551 ^ hold3/A (sky130_fd_sc_hd__dlygate4sd3_1)
     5    0.019652    0.155428    0.463556    1.223106 ^ hold3/X (sky130_fd_sc_hd__dlygate4sd3_1)
                                                         net578 (net)
                      0.155428    0.000272    1.223378 ^ _043_/A (sky130_fd_sc_hd__inv_2)
     1    0.002503    0.026942    0.009398    1.232776 v _043_/Y (sky130_fd_sc_hd__inv_2)
                                                         _000_ (net)
                      0.026942    0.000023    1.232799 v _087_/D (sky130_fd_sc_hd__dfrtp_2)
                                              1.232799   data arrival time

                                  0.000000    0.000000   clock gpio_in[38] (rise edge)
                                  0.000000    0.000000   clock source latency
     2    0.090700    0.308256    0.227280    0.227280 ^ gpio_in[38] (in)
                                                         gpio_in[38] (net)
                      0.313233    0.000000    0.227280 ^ clkbuf_0_gpio_in[38]/A (sky130_fd_sc_hd__clkbuf_16)
     5    0.060445    0.064892    0.155354    0.382634 ^ clkbuf_0_gpio_in[38]/X (sky130_fd_sc_hd__clkbuf_16)
                                                         clknet_0_gpio_in[38] (net)
                      0.065246    0.003664    0.386298 ^ clkbuf_1_0__f_gpio_in[38]/A (sky130_fd_sc_hd__clkbuf_16)
    25    0.077004    0.072445    0.120922    0.507220 ^ clkbuf_1_0__f_gpio_in[38]/X (sky130_fd_sc_hd__clkbuf_16)
                                                         clknet_1_0__leaf_gpio_in[38] (net)
                      0.076118    0.012522    0.519742 ^ _087_/CLK (sky130_fd_sc_hd__dfrtp_2)
                                  0.250000    0.769742   clock uncertainty
                                  0.000000    0.769742   clock reconvergence pessimism
                                 -0.023615    0.746128   library hold time
                                              0.746128   data required time
---------------------------------------------------------------------------------------------
                                              0.746128   data required time
                                             -1.232799   data arrival time
---------------------------------------------------------------------------------------------
                                              0.486671   slack (MET)


Startpoint: _103_ (rising edge-triggered flip-flop clocked by gpio_in[38])
Endpoint: _103_ (rising edge-triggered flip-flop clocked by gpio_in[38])
Path Group: gpio_in[38]
Path Type: min

Fanout         Cap        Slew       Delay        Time   Description
---------------------------------------------------------------------------------------------
                                  0.000000    0.000000   clock gpio_in[38] (rise edge)
                                  0.000000    0.000000   clock source latency
     2    0.090700    0.308256    0.227280    0.227280 ^ gpio_in[38] (in)
                                                         gpio_in[38] (net)
                      0.313233    0.000000    0.227280 ^ clkbuf_0_gpio_in[38]/A (sky130_fd_sc_hd__clkbuf_16)
     5    0.060445    0.064892    0.155354    0.382634 ^ clkbuf_0_gpio_in[38]/X (sky130_fd_sc_hd__clkbuf_16)
                                                         clknet_0_gpio_in[38] (net)
                      0.065227    0.003553    0.386187 ^ clkbuf_1_1__f_gpio_in[38]/A (sky130_fd_sc_hd__clkbuf_16)
    19    0.065981    0.063940    0.117709    0.503896 ^ clkbuf_1_1__f_gpio_in[38]/X (sky130_fd_sc_hd__clkbuf_16)
                                                         clknet_1_1__leaf_gpio_in[38] (net)
                      0.065951    0.008678    0.512574 ^ _103_/CLK (sky130_fd_sc_hd__dfrtp_1)
     3    0.009073    0.068875    0.237726    0.750300 ^ _103_/Q (sky130_fd_sc_hd__dfrtp_1)
                                                         gpio_22_37_output[34].cfg.gpio_out_val (net)
                      0.068875    0.000106    0.750405 ^ hold19/A (sky130_fd_sc_hd__dlygate4sd3_1)
     3    0.012179    0.101555    0.429235    1.179641 ^ hold19/X (sky130_fd_sc_hd__dlygate4sd3_1)
                                                         net594 (net)
                      0.101555    0.000158    1.179798 ^ _080_/A (sky130_fd_sc_hd__xor2_1)
     1    0.002372    0.023907    0.043819    1.223617 v _080_/X (sky130_fd_sc_hd__xor2_1)
                                                         _007_ (net)
                      0.023907    0.000012    1.223629 v _103_/D (sky130_fd_sc_hd__dfrtp_1)
                                              1.223629   data arrival time

                                  0.000000    0.000000   clock gpio_in[38] (rise edge)
                                  0.000000    0.000000   clock source latency
     2    0.090700    0.308256    0.227280    0.227280 ^ gpio_in[38] (in)
                                                         gpio_in[38] (net)
                      0.313233    0.000000    0.227280 ^ clkbuf_0_gpio_in[38]/A (sky130_fd_sc_hd__clkbuf_16)
     5    0.060445    0.064892    0.155354    0.382634 ^ clkbuf_0_gpio_in[38]/X (sky130_fd_sc_hd__clkbuf_16)
                                                         clknet_0_gpio_in[38] (net)
                      0.065227    0.003553    0.386187 ^ clkbuf_1_1__f_gpio_in[38]/A (sky130_fd_sc_hd__clkbuf_16)
    19    0.065981    0.063940    0.117709    0.503896 ^ clkbuf_1_1__f_gpio_in[38]/X (sky130_fd_sc_hd__clkbuf_16)
                                                         clknet_1_1__leaf_gpio_in[38] (net)
                      0.065951    0.008678    0.512574 ^ _103_/CLK (sky130_fd_sc_hd__dfrtp_1)
                                  0.250000    0.762574   clock uncertainty
                                  0.000000    0.762574   clock reconvergence pessimism
                                 -0.026313    0.736261   library hold time
                                              0.736261   data required time
---------------------------------------------------------------------------------------------
                                              0.736261   data required time
                                             -1.223629   data arrival time
---------------------------------------------------------------------------------------------
                                              0.487368   slack (MET)


Startpoint: _095_ (rising edge-triggered flip-flop clocked by gpio_in[38])
Endpoint: _095_ (rising edge-triggered flip-flop clocked by gpio_in[38])
Path Group: gpio_in[38]
Path Type: min

Fanout         Cap        Slew       Delay        Time   Description
---------------------------------------------------------------------------------------------
                                  0.000000    0.000000   clock gpio_in[38] (rise edge)
                                  0.000000    0.000000   clock source latency
     2    0.090700    0.308256    0.227280    0.227280 ^ gpio_in[38] (in)
                                                         gpio_in[38] (net)
                      0.313233    0.000000    0.227280 ^ clkbuf_0_gpio_in[38]/A (sky130_fd_sc_hd__clkbuf_16)
     5    0.060445    0.064892    0.155354    0.382634 ^ clkbuf_0_gpio_in[38]/X (sky130_fd_sc_hd__clkbuf_16)
                                                         clknet_0_gpio_in[38] (net)
                      0.065246    0.003664    0.386298 ^ clkbuf_1_0__f_gpio_in[38]/A (sky130_fd_sc_hd__clkbuf_16)
    25    0.077004    0.072445    0.120922    0.507220 ^ clkbuf_1_0__f_gpio_in[38]/X (sky130_fd_sc_hd__clkbuf_16)
                                                         clknet_1_0__leaf_gpio_in[38] (net)
                      0.075368    0.011131    0.518352 ^ _095_/CLK (sky130_fd_sc_hd__dfrtp_2)
     3    0.011772    0.054383    0.246280    0.764632 ^ _095_/Q (sky130_fd_sc_hd__dfrtp_2)
                                                         gpio_22_37_output[26].cfg.gpio_out_val (net)
                      0.054383    0.000060    0.764691 ^ hold18/A (sky130_fd_sc_hd__dlygate4sd3_1)
     4    0.015526    0.125646    0.444047    1.208738 ^ hold18/X (sky130_fd_sc_hd__dlygate4sd3_1)
                                                         net593 (net)
                      0.125646    0.000060    1.208798 ^ _061_/A (sky130_fd_sc_hd__xor2_1)
     1    0.002447    0.024217    0.046448    1.255246 v _061_/X (sky130_fd_sc_hd__xor2_1)
                                                         _018_ (net)
                      0.024217    0.000023    1.255269 v _095_/D (sky130_fd_sc_hd__dfrtp_2)
                                              1.255269   data arrival time

                                  0.000000    0.000000   clock gpio_in[38] (rise edge)
                                  0.000000    0.000000   clock source latency
     2    0.090700    0.308256    0.227280    0.227280 ^ gpio_in[38] (in)
                                                         gpio_in[38] (net)
                      0.313233    0.000000    0.227280 ^ clkbuf_0_gpio_in[38]/A (sky130_fd_sc_hd__clkbuf_16)
     5    0.060445    0.064892    0.155354    0.382634 ^ clkbuf_0_gpio_in[38]/X (sky130_fd_sc_hd__clkbuf_16)
                                                         clknet_0_gpio_in[38] (net)
                      0.065246    0.003664    0.386298 ^ clkbuf_1_0__f_gpio_in[38]/A (sky130_fd_sc_hd__clkbuf_16)
    25    0.077004    0.072445    0.120922    0.507220 ^ clkbuf_1_0__f_gpio_in[38]/X (sky130_fd_sc_hd__clkbuf_16)
                                                         clknet_1_0__leaf_gpio_in[38] (net)
                      0.075368    0.011131    0.518352 ^ _095_/CLK (sky130_fd_sc_hd__dfrtp_2)
                                  0.250000    0.768352   clock uncertainty
                                  0.000000    0.768352   clock reconvergence pessimism
                                 -0.022817    0.745535   library hold time
                                              0.745535   data required time
---------------------------------------------------------------------------------------------
                                              0.745535   data required time
                                             -1.255269   data arrival time
---------------------------------------------------------------------------------------------
                                              0.509734   slack (MET)


Startpoint: _104_ (rising edge-triggered flip-flop clocked by gpio_in[38])
Endpoint: _104_ (rising edge-triggered flip-flop clocked by gpio_in[38])
Path Group: gpio_in[38]
Path Type: min

Fanout         Cap        Slew       Delay        Time   Description
---------------------------------------------------------------------------------------------
                                  0.000000    0.000000   clock gpio_in[38] (rise edge)
                                  0.000000    0.000000   clock source latency
     2    0.090700    0.308256    0.227280    0.227280 ^ gpio_in[38] (in)
                                                         gpio_in[38] (net)
                      0.313233    0.000000    0.227280 ^ clkbuf_0_gpio_in[38]/A (sky130_fd_sc_hd__clkbuf_16)
     5    0.060445    0.064892    0.155354    0.382634 ^ clkbuf_0_gpio_in[38]/X (sky130_fd_sc_hd__clkbuf_16)
                                                         clknet_0_gpio_in[38] (net)
                      0.065227    0.003553    0.386187 ^ clkbuf_1_1__f_gpio_in[38]/A (sky130_fd_sc_hd__clkbuf_16)
    19    0.065981    0.063940    0.117709    0.503896 ^ clkbuf_1_1__f_gpio_in[38]/X (sky130_fd_sc_hd__clkbuf_16)
                                                         clknet_1_1__leaf_gpio_in[38] (net)
                      0.065956    0.008690    0.512586 ^ _104_/CLK (sky130_fd_sc_hd__dfrtp_1)
     3    0.008712    0.066660    0.236040    0.748626 ^ _104_/Q (sky130_fd_sc_hd__dfrtp_1)
                                                         gpio_22_37_output[35].cfg.gpio_out_val (net)
                      0.066660    0.000056    0.748681 ^ hold25/A (sky130_fd_sc_hd__dlygate4sd3_1)
     2    0.006611    0.063013    0.399295    1.147977 ^ hold25/X (sky130_fd_sc_hd__dlygate4sd3_1)
                                                         net600 (net)
                      0.063013    0.000050    1.148027 ^ _081_/B1 (sky130_fd_sc_hd__a21oi_1)
     1    0.005716    0.029991    0.034958    1.182985 v _081_/Y (sky130_fd_sc_hd__a21oi_1)
                                                         _040_ (net)
                      0.029991    0.000117    1.183102 v _083_/A (sky130_fd_sc_hd__nor2_1)
     1    0.003643    0.062780    0.071919    1.255020 ^ _083_/Y (sky130_fd_sc_hd__nor2_1)
                                                         _008_ (net)
                      0.062780    0.000051    1.255072 ^ _104_/D (sky130_fd_sc_hd__dfrtp_1)
                                              1.255072   data arrival time

                                  0.000000    0.000000   clock gpio_in[38] (rise edge)
                                  0.000000    0.000000   clock source latency
     2    0.090700    0.308256    0.227280    0.227280 ^ gpio_in[38] (in)
                                                         gpio_in[38] (net)
                      0.313233    0.000000    0.227280 ^ clkbuf_0_gpio_in[38]/A (sky130_fd_sc_hd__clkbuf_16)
     5    0.060445    0.064892    0.155354    0.382634 ^ clkbuf_0_gpio_in[38]/X (sky130_fd_sc_hd__clkbuf_16)
                                                         clknet_0_gpio_in[38] (net)
                      0.065227    0.003553    0.386187 ^ clkbuf_1_1__f_gpio_in[38]/A (sky130_fd_sc_hd__clkbuf_16)
    19    0.065981    0.063940    0.117709    0.503896 ^ clkbuf_1_1__f_gpio_in[38]/X (sky130_fd_sc_hd__clkbuf_16)
                                                         clknet_1_1__leaf_gpio_in[38] (net)
                      0.065956    0.008690    0.512586 ^ _104_/CLK (sky130_fd_sc_hd__dfrtp_1)
                                  0.250000    0.762586   clock uncertainty
                                  0.000000    0.762586   clock reconvergence pessimism
                                 -0.021254    0.741332   library hold time
                                              0.741332   data required time
---------------------------------------------------------------------------------------------
                                              0.741332   data required time
                                             -1.255072   data arrival time
---------------------------------------------------------------------------------------------
                                              0.513739   slack (MET)


Startpoint: _092_ (rising edge-triggered flip-flop clocked by gpio_in[38])
Endpoint: _092_ (rising edge-triggered flip-flop clocked by gpio_in[38])
Path Group: gpio_in[38]
Path Type: min

Fanout         Cap        Slew       Delay        Time   Description
---------------------------------------------------------------------------------------------
                                  0.000000    0.000000   clock gpio_in[38] (rise edge)
                                  0.000000    0.000000   clock source latency
     2    0.090700    0.308256    0.227280    0.227280 ^ gpio_in[38] (in)
                                                         gpio_in[38] (net)
                      0.313233    0.000000    0.227280 ^ clkbuf_0_gpio_in[38]/A (sky130_fd_sc_hd__clkbuf_16)
     5    0.060445    0.064892    0.155354    0.382634 ^ clkbuf_0_gpio_in[38]/X (sky130_fd_sc_hd__clkbuf_16)
                                                         clknet_0_gpio_in[38] (net)
                      0.065227    0.003553    0.386187 ^ clkbuf_1_1__f_gpio_in[38]/A (sky130_fd_sc_hd__clkbuf_16)
    19    0.065981    0.063940    0.117709    0.503896 ^ clkbuf_1_1__f_gpio_in[38]/X (sky130_fd_sc_hd__clkbuf_16)
                                                         clknet_1_1__leaf_gpio_in[38] (net)
                      0.066153    0.009141    0.513037 ^ _092_/CLK (sky130_fd_sc_hd__dfrtp_1)
     3    0.010371    0.076426    0.244041    0.757078 ^ _092_/Q (sky130_fd_sc_hd__dfrtp_1)
                                                         gpio_22_37_output[23].cfg.gpio_out_val (net)
                      0.076426    0.000120    0.757199 ^ hold22/A (sky130_fd_sc_hd__dlygate4sd3_1)
     2    0.007191    0.066966    0.403987    1.161186 ^ hold22/X (sky130_fd_sc_hd__dlygate4sd3_1)
                                                         net597 (net)
                      0.066966    0.000036    1.161222 ^ _054_/B1 (sky130_fd_sc_hd__a21oi_1)
     1    0.004768    0.028246    0.032140    1.193361 v _054_/Y (sky130_fd_sc_hd__a21oi_1)
                                                         _025_ (net)
                      0.028247    0.000102    1.193463 v _055_/B (sky130_fd_sc_hd__nor2_1)
     1    0.003743    0.063776    0.062148    1.255611 ^ _055_/Y (sky130_fd_sc_hd__nor2_1)
                                                         _015_ (net)
                      0.063776    0.000051    1.255662 ^ _092_/D (sky130_fd_sc_hd__dfrtp_1)
                                              1.255662   data arrival time

                                  0.000000    0.000000   clock gpio_in[38] (rise edge)
                                  0.000000    0.000000   clock source latency
     2    0.090700    0.308256    0.227280    0.227280 ^ gpio_in[38] (in)
                                                         gpio_in[38] (net)
                      0.313233    0.000000    0.227280 ^ clkbuf_0_gpio_in[38]/A (sky130_fd_sc_hd__clkbuf_16)
     5    0.060445    0.064892    0.155354    0.382634 ^ clkbuf_0_gpio_in[38]/X (sky130_fd_sc_hd__clkbuf_16)
                                                         clknet_0_gpio_in[38] (net)
                      0.065227    0.003553    0.386187 ^ clkbuf_1_1__f_gpio_in[38]/A (sky130_fd_sc_hd__clkbuf_16)
    19    0.065981    0.063940    0.117709    0.503896 ^ clkbuf_1_1__f_gpio_in[38]/X (sky130_fd_sc_hd__clkbuf_16)
                                                         clknet_1_1__leaf_gpio_in[38] (net)
                      0.066153    0.009141    0.513037 ^ _092_/CLK (sky130_fd_sc_hd__dfrtp_1)
                                  0.250000    0.763037   clock uncertainty
                                  0.000000    0.763037   clock reconvergence pessimism
                                 -0.021323    0.741714   library hold time
                                              0.741714   data required time
---------------------------------------------------------------------------------------------
                                              0.741714   data required time
                                             -1.255662   data arrival time
---------------------------------------------------------------------------------------------
                                              0.513948   slack (MET)


Startpoint: _103_ (rising edge-triggered flip-flop clocked by gpio_in[38])
Endpoint: _106_ (rising edge-triggered flip-flop clocked by gpio_in[38])
Path Group: gpio_in[38]
Path Type: min

Fanout         Cap        Slew       Delay        Time   Description
---------------------------------------------------------------------------------------------
                                  0.000000    0.000000   clock gpio_in[38] (rise edge)
                                  0.000000    0.000000   clock source latency
     2    0.090700    0.308256    0.227280    0.227280 ^ gpio_in[38] (in)
                                                         gpio_in[38] (net)
                      0.313233    0.000000    0.227280 ^ clkbuf_0_gpio_in[38]/A (sky130_fd_sc_hd__clkbuf_16)
     5    0.060445    0.064892    0.155354    0.382634 ^ clkbuf_0_gpio_in[38]/X (sky130_fd_sc_hd__clkbuf_16)
                                                         clknet_0_gpio_in[38] (net)
                      0.065227    0.003553    0.386187 ^ clkbuf_1_1__f_gpio_in[38]/A (sky130_fd_sc_hd__clkbuf_16)
    19    0.065981    0.063940    0.117709    0.503896 ^ clkbuf_1_1__f_gpio_in[38]/X (sky130_fd_sc_hd__clkbuf_16)
                                                         clknet_1_1__leaf_gpio_in[38] (net)
                      0.065951    0.008678    0.512574 ^ _103_/CLK (sky130_fd_sc_hd__dfrtp_1)
     3    0.009073    0.068875    0.237726    0.750300 ^ _103_/Q (sky130_fd_sc_hd__dfrtp_1)
                                                         gpio_22_37_output[34].cfg.gpio_out_val (net)
                      0.068875    0.000171    0.750471 ^ _084_/A (sky130_fd_sc_hd__and4_1)
     1    0.006357    0.058708    0.121166    0.871637 ^ _084_/X (sky130_fd_sc_hd__and4_1)
                                                         _042_ (net)
                      0.058708    0.000095    0.871732 ^ _086_/B (sky130_fd_sc_hd__xor2_1)
     1    0.002363    0.023764    0.035753    0.907485 v _086_/X (sky130_fd_sc_hd__xor2_1)
                                                         _010_ (net)
                      0.023764    0.000014    0.907499 v hold2/A (sky130_fd_sc_hd__dlygate4sd3_1)
     1    0.003076    0.039400    0.358824    1.266323 v hold2/X (sky130_fd_sc_hd__dlygate4sd3_1)
                                                         net577 (net)
                      0.039400    0.000033    1.266356 v _106_/D (sky130_fd_sc_hd__dfrtp_1)
                                              1.266356   data arrival time

                                  0.000000    0.000000   clock gpio_in[38] (rise edge)
                                  0.000000    0.000000   clock source latency
     2    0.090700    0.308256    0.227280    0.227280 ^ gpio_in[38] (in)
                                                         gpio_in[38] (net)
                      0.313233    0.000000    0.227280 ^ clkbuf_0_gpio_in[38]/A (sky130_fd_sc_hd__clkbuf_16)
     5    0.060445    0.064892    0.155354    0.382634 ^ clkbuf_0_gpio_in[38]/X (sky130_fd_sc_hd__clkbuf_16)
                                                         clknet_0_gpio_in[38] (net)
                      0.065227    0.003553    0.386187 ^ clkbuf_1_1__f_gpio_in[38]/A (sky130_fd_sc_hd__clkbuf_16)
    19    0.065981    0.063940    0.117709    0.503896 ^ clkbuf_1_1__f_gpio_in[38]/X (sky130_fd_sc_hd__clkbuf_16)
                                                         clknet_1_1__leaf_gpio_in[38] (net)
                      0.065946    0.008668    0.512563 ^ _106_/CLK (sky130_fd_sc_hd__dfrtp_1)
                                  0.250000    0.762563   clock uncertainty
                                  0.000000    0.762563   clock reconvergence pessimism
                                 -0.031350    0.731213   library hold time
                                              0.731213   data required time
---------------------------------------------------------------------------------------------
                                              0.731213   data required time
                                             -1.266356   data arrival time
---------------------------------------------------------------------------------------------
                                              0.535143   slack (MET)


Startpoint: _099_ (rising edge-triggered flip-flop clocked by gpio_in[38])
Endpoint: _099_ (rising edge-triggered flip-flop clocked by gpio_in[38])
Path Group: gpio_in[38]
Path Type: min

Fanout         Cap        Slew       Delay        Time   Description
---------------------------------------------------------------------------------------------
                                  0.000000    0.000000   clock gpio_in[38] (rise edge)
                                  0.000000    0.000000   clock source latency
     2    0.090700    0.308256    0.227280    0.227280 ^ gpio_in[38] (in)
                                                         gpio_in[38] (net)
                      0.313233    0.000000    0.227280 ^ clkbuf_0_gpio_in[38]/A (sky130_fd_sc_hd__clkbuf_16)
     5    0.060445    0.064892    0.155354    0.382634 ^ clkbuf_0_gpio_in[38]/X (sky130_fd_sc_hd__clkbuf_16)
                                                         clknet_0_gpio_in[38] (net)
                      0.065246    0.003664    0.386298 ^ clkbuf_1_0__f_gpio_in[38]/A (sky130_fd_sc_hd__clkbuf_16)
    25    0.077004    0.072445    0.120922    0.507220 ^ clkbuf_1_0__f_gpio_in[38]/X (sky130_fd_sc_hd__clkbuf_16)
                                                         clknet_1_0__leaf_gpio_in[38] (net)
                      0.076534    0.013240    0.520460 ^ _099_/CLK (sky130_fd_sc_hd__dfrtp_1)
     5    0.011919    0.085865    0.253909    0.774369 ^ _099_/Q (sky130_fd_sc_hd__dfrtp_1)
                                                         gpio_22_37_output[30].cfg.gpio_out_val (net)
                      0.085865    0.000104    0.774473 ^ hold28/A (sky130_fd_sc_hd__dlygate4sd3_1)
     2    0.005906    0.058218    0.398492    1.172965 ^ hold28/X (sky130_fd_sc_hd__dlygate4sd3_1)
                                                         net603 (net)
                      0.058218    0.000059    1.173024 ^ _070_/A (sky130_fd_sc_hd__and2_1)
     2    0.006104    0.054208    0.092011    1.265035 ^ _070_/X (sky130_fd_sc_hd__and2_1)
                                                         _034_ (net)
                      0.054208    0.000040    1.265075 ^ _072_/A (sky130_fd_sc_hd__nor2_1)
     1    0.002654    0.017671    0.028553    1.293628 v _072_/Y (sky130_fd_sc_hd__nor2_1)
                                                         _003_ (net)
                      0.017671    0.000025    1.293653 v _099_/D (sky130_fd_sc_hd__dfrtp_1)
                                              1.293653   data arrival time

                                  0.000000    0.000000   clock gpio_in[38] (rise edge)
                                  0.000000    0.000000   clock source latency
     2    0.090700    0.308256    0.227280    0.227280 ^ gpio_in[38] (in)
                                                         gpio_in[38] (net)
                      0.313233    0.000000    0.227280 ^ clkbuf_0_gpio_in[38]/A (sky130_fd_sc_hd__clkbuf_16)
     5    0.060445    0.064892    0.155354    0.382634 ^ clkbuf_0_gpio_in[38]/X (sky130_fd_sc_hd__clkbuf_16)
                                                         clknet_0_gpio_in[38] (net)
                      0.065246    0.003664    0.386298 ^ clkbuf_1_0__f_gpio_in[38]/A (sky130_fd_sc_hd__clkbuf_16)
    25    0.077004    0.072445    0.120922    0.507220 ^ clkbuf_1_0__f_gpio_in[38]/X (sky130_fd_sc_hd__clkbuf_16)
                                                         clknet_1_0__leaf_gpio_in[38] (net)
                      0.076534    0.013240    0.520460 ^ _099_/CLK (sky130_fd_sc_hd__dfrtp_1)
                                  0.250000    0.770460   clock uncertainty
                                  0.000000    0.770460   clock reconvergence pessimism
                                 -0.023245    0.747215   library hold time
                                              0.747215   data required time
---------------------------------------------------------------------------------------------
                                              0.747215   data required time
                                             -1.293653   data arrival time
---------------------------------------------------------------------------------------------
                                              0.546438   slack (MET)


Startpoint: _095_ (rising edge-triggered flip-flop clocked by gpio_in[38])
Endpoint: _098_ (rising edge-triggered flip-flop clocked by gpio_in[38])
Path Group: gpio_in[38]
Path Type: min

Fanout         Cap        Slew       Delay        Time   Description
---------------------------------------------------------------------------------------------
                                  0.000000    0.000000   clock gpio_in[38] (rise edge)
                                  0.000000    0.000000   clock source latency
     2    0.090700    0.308256    0.227280    0.227280 ^ gpio_in[38] (in)
                                                         gpio_in[38] (net)
                      0.313233    0.000000    0.227280 ^ clkbuf_0_gpio_in[38]/A (sky130_fd_sc_hd__clkbuf_16)
     5    0.060445    0.064892    0.155354    0.382634 ^ clkbuf_0_gpio_in[38]/X (sky130_fd_sc_hd__clkbuf_16)
                                                         clknet_0_gpio_in[38] (net)
                      0.065246    0.003664    0.386298 ^ clkbuf_1_0__f_gpio_in[38]/A (sky130_fd_sc_hd__clkbuf_16)
    25    0.077004    0.072445    0.120922    0.507220 ^ clkbuf_1_0__f_gpio_in[38]/X (sky130_fd_sc_hd__clkbuf_16)
                                                         clknet_1_0__leaf_gpio_in[38] (net)
                      0.075368    0.011131    0.518352 ^ _095_/CLK (sky130_fd_sc_hd__dfrtp_2)
     3    0.011772    0.054383    0.246280    0.764632 ^ _095_/Q (sky130_fd_sc_hd__dfrtp_2)
                                                         gpio_22_37_output[26].cfg.gpio_out_val (net)
                      0.054383    0.000103    0.764734 ^ _065_/A (sky130_fd_sc_hd__and4_1)
     1    0.003128    0.038288    0.099642    0.864376 ^ _065_/X (sky130_fd_sc_hd__and4_1)
                                                         _031_ (net)
                      0.038288    0.000029    0.864405 ^ _069_/A2 (sky130_fd_sc_hd__o21ba_1)
     1    0.001949    0.025906    0.064200    0.928605 ^ _069_/X (sky130_fd_sc_hd__o21ba_1)
                                                         _002_ (net)
                      0.025906    0.000007    0.928612 ^ hold15/A (sky130_fd_sc_hd__dlygate4sd3_1)
     1    0.002821    0.037465    0.369829    1.298442 ^ hold15/X (sky130_fd_sc_hd__dlygate4sd3_1)
                                                         net590 (net)
                      0.037465    0.000028    1.298470 ^ _098_/D (sky130_fd_sc_hd__dfrtp_1)
                                              1.298470   data arrival time

                                  0.000000    0.000000   clock gpio_in[38] (rise edge)
                                  0.000000    0.000000   clock source latency
     2    0.090700    0.308256    0.227280    0.227280 ^ gpio_in[38] (in)
                                                         gpio_in[38] (net)
                      0.313233    0.000000    0.227280 ^ clkbuf_0_gpio_in[38]/A (sky130_fd_sc_hd__clkbuf_16)
     5    0.060445    0.064892    0.155354    0.382634 ^ clkbuf_0_gpio_in[38]/X (sky130_fd_sc_hd__clkbuf_16)
                                                         clknet_0_gpio_in[38] (net)
                      0.065246    0.003664    0.386298 ^ clkbuf_1_0__f_gpio_in[38]/A (sky130_fd_sc_hd__clkbuf_16)
    25    0.077004    0.072445    0.120922    0.507220 ^ clkbuf_1_0__f_gpio_in[38]/X (sky130_fd_sc_hd__clkbuf_16)
                                                         clknet_1_0__leaf_gpio_in[38] (net)
                      0.075902    0.012134    0.519355 ^ _098_/CLK (sky130_fd_sc_hd__dfrtp_1)
                                  0.250000    0.769355   clock uncertainty
                                  0.000000    0.769355   clock reconvergence pessimism
                                 -0.019088    0.750267   library hold time
                                              0.750267   data required time
---------------------------------------------------------------------------------------------
                                              0.750267   data required time
                                             -1.298470   data arrival time
---------------------------------------------------------------------------------------------
                                              0.548203   slack (MET)


Startpoint: _099_ (rising edge-triggered flip-flop clocked by gpio_in[38])
Endpoint: _101_ (rising edge-triggered flip-flop clocked by gpio_in[38])
Path Group: gpio_in[38]
Path Type: min

Fanout         Cap        Slew       Delay        Time   Description
---------------------------------------------------------------------------------------------
                                  0.000000    0.000000   clock gpio_in[38] (rise edge)
                                  0.000000    0.000000   clock source latency
     2    0.090700    0.308256    0.227280    0.227280 ^ gpio_in[38] (in)
                                                         gpio_in[38] (net)
                      0.313233    0.000000    0.227280 ^ clkbuf_0_gpio_in[38]/A (sky130_fd_sc_hd__clkbuf_16)
     5    0.060445    0.064892    0.155354    0.382634 ^ clkbuf_0_gpio_in[38]/X (sky130_fd_sc_hd__clkbuf_16)
                                                         clknet_0_gpio_in[38] (net)
                      0.065246    0.003664    0.386298 ^ clkbuf_1_0__f_gpio_in[38]/A (sky130_fd_sc_hd__clkbuf_16)
    25    0.077004    0.072445    0.120922    0.507220 ^ clkbuf_1_0__f_gpio_in[38]/X (sky130_fd_sc_hd__clkbuf_16)
                                                         clknet_1_0__leaf_gpio_in[38] (net)
                      0.076534    0.013240    0.520460 ^ _099_/CLK (sky130_fd_sc_hd__dfrtp_1)
     5    0.011919    0.085865    0.253909    0.774369 ^ _099_/Q (sky130_fd_sc_hd__dfrtp_1)
                                                         gpio_22_37_output[30].cfg.gpio_out_val (net)
                      0.085865    0.000082    0.774452 ^ _073_/A (sky130_fd_sc_hd__and3_1)
     2    0.007481    0.065355    0.118166    0.892618 ^ _073_/X (sky130_fd_sc_hd__and3_1)
                                                         _036_ (net)
                      0.065355    0.000071    0.892689 ^ _076_/B (sky130_fd_sc_hd__xor2_1)
     1    0.003795    0.027782    0.041740    0.934429 v _076_/X (sky130_fd_sc_hd__xor2_1)
                                                         _005_ (net)
                      0.027782    0.000059    0.934488 v hold11/A (sky130_fd_sc_hd__dlygate4sd3_1)
     1    0.002347    0.036599    0.355965    1.290453 v hold11/X (sky130_fd_sc_hd__dlygate4sd3_1)
                                                         net586 (net)
                      0.036599    0.000020    1.290473 v _101_/D (sky130_fd_sc_hd__dfrtp_1)
                                              1.290473   data arrival time

                                  0.000000    0.000000   clock gpio_in[38] (rise edge)
                                  0.000000    0.000000   clock source latency
     2    0.090700    0.308256    0.227280    0.227280 ^ gpio_in[38] (in)
                                                         gpio_in[38] (net)
                      0.313233    0.000000    0.227280 ^ clkbuf_0_gpio_in[38]/A (sky130_fd_sc_hd__clkbuf_16)
     5    0.060445    0.064892    0.155354    0.382634 ^ clkbuf_0_gpio_in[38]/X (sky130_fd_sc_hd__clkbuf_16)
                                                         clknet_0_gpio_in[38] (net)
                      0.065246    0.003664    0.386298 ^ clkbuf_1_0__f_gpio_in[38]/A (sky130_fd_sc_hd__clkbuf_16)
    25    0.077004    0.072445    0.120922    0.507220 ^ clkbuf_1_0__f_gpio_in[38]/X (sky130_fd_sc_hd__clkbuf_16)
                                                         clknet_1_0__leaf_gpio_in[38] (net)
                      0.076590    0.013333    0.520554 ^ _101_/CLK (sky130_fd_sc_hd__dfrtp_1)
                                  0.250000    0.770554   clock uncertainty
                                  0.000000    0.770554   clock reconvergence pessimism
                                 -0.029393    0.741161   library hold time
                                              0.741161   data required time
---------------------------------------------------------------------------------------------
                                              0.741161   data required time
                                             -1.290473   data arrival time
---------------------------------------------------------------------------------------------
                                              0.549312   slack (MET)


Startpoint: _088_ (rising edge-triggered flip-flop clocked by gpio_in[38])
Endpoint: _088_ (rising edge-triggered flip-flop clocked by gpio_in[38])
Path Group: gpio_in[38]
Path Type: min

Fanout         Cap        Slew       Delay        Time   Description
---------------------------------------------------------------------------------------------
                                  0.000000    0.000000   clock gpio_in[38] (rise edge)
                                  0.000000    0.000000   clock source latency
     2    0.090700    0.308256    0.227280    0.227280 ^ gpio_in[38] (in)
                                                         gpio_in[38] (net)
                      0.313233    0.000000    0.227280 ^ clkbuf_0_gpio_in[38]/A (sky130_fd_sc_hd__clkbuf_16)
     5    0.060445    0.064892    0.155354    0.382634 ^ clkbuf_0_gpio_in[38]/X (sky130_fd_sc_hd__clkbuf_16)
                                                         clknet_0_gpio_in[38] (net)
                      0.065246    0.003664    0.386298 ^ clkbuf_1_0__f_gpio_in[38]/A (sky130_fd_sc_hd__clkbuf_16)
    25    0.077004    0.072445    0.120922    0.507220 ^ clkbuf_1_0__f_gpio_in[38]/X (sky130_fd_sc_hd__clkbuf_16)
                                                         clknet_1_0__leaf_gpio_in[38] (net)
                      0.076206    0.012676    0.519897 ^ _088_/CLK (sky130_fd_sc_hd__dfrtp_1)
     5    0.012933    0.058520    0.269076    0.788973 v _088_/Q (sky130_fd_sc_hd__dfrtp_1)
                                                         gpio_18_21_bidir[19].cfg.gpio_out_val (net)
                      0.058520    0.000196    0.789169 v hold34/A (sky130_fd_sc_hd__dlygate4sd3_1)
     2    0.004250    0.043402    0.378356    1.167525 v hold34/X (sky130_fd_sc_hd__dlygate4sd3_1)
                                                         net609 (net)
                      0.043402    0.000026    1.167551 v _045_/B (sky130_fd_sc_hd__nand2_1)
     2    0.008509    0.068592    0.074409    1.241960 ^ _045_/Y (sky130_fd_sc_hd__nand2_1)
                                                         _020_ (net)
                      0.068592    0.000082    1.242041 ^ _047_/A (sky130_fd_sc_hd__and2_1)
     1    0.002745    0.032185    0.076718    1.318760 ^ _047_/X (sky130_fd_sc_hd__and2_1)
                                                         _011_ (net)
                      0.032185    0.000026    1.318786 ^ _088_/D (sky130_fd_sc_hd__dfrtp_1)
                                              1.318786   data arrival time

                                  0.000000    0.000000   clock gpio_in[38] (rise edge)
                                  0.000000    0.000000   clock source latency
     2    0.090700    0.308256    0.227280    0.227280 ^ gpio_in[38] (in)
                                                         gpio_in[38] (net)
                      0.313233    0.000000    0.227280 ^ clkbuf_0_gpio_in[38]/A (sky130_fd_sc_hd__clkbuf_16)
     5    0.060445    0.064892    0.155354    0.382634 ^ clkbuf_0_gpio_in[38]/X (sky130_fd_sc_hd__clkbuf_16)
                                                         clknet_0_gpio_in[38] (net)
                      0.065246    0.003664    0.386298 ^ clkbuf_1_0__f_gpio_in[38]/A (sky130_fd_sc_hd__clkbuf_16)
    25    0.077004    0.072445    0.120922    0.507220 ^ clkbuf_1_0__f_gpio_in[38]/X (sky130_fd_sc_hd__clkbuf_16)
                                                         clknet_1_0__leaf_gpio_in[38] (net)
                      0.076206    0.012676    0.519897 ^ _088_/CLK (sky130_fd_sc_hd__dfrtp_1)
                                  0.250000    0.769897   clock uncertainty
                                  0.000000    0.769897   clock reconvergence pessimism
                                 -0.018684    0.751213   library hold time
                                              0.751213   data required time
---------------------------------------------------------------------------------------------
                                              0.751213   data required time
                                             -1.318786   data arrival time
---------------------------------------------------------------------------------------------
                                              0.567573   slack (MET)


Startpoint: _099_ (rising edge-triggered flip-flop clocked by gpio_in[38])
Endpoint: _102_ (rising edge-triggered flip-flop clocked by gpio_in[38])
Path Group: gpio_in[38]
Path Type: min

Fanout         Cap        Slew       Delay        Time   Description
---------------------------------------------------------------------------------------------
                                  0.000000    0.000000   clock gpio_in[38] (rise edge)
                                  0.000000    0.000000   clock source latency
     2    0.090700    0.308256    0.227280    0.227280 ^ gpio_in[38] (in)
                                                         gpio_in[38] (net)
                      0.313233    0.000000    0.227280 ^ clkbuf_0_gpio_in[38]/A (sky130_fd_sc_hd__clkbuf_16)
     5    0.060445    0.064892    0.155354    0.382634 ^ clkbuf_0_gpio_in[38]/X (sky130_fd_sc_hd__clkbuf_16)
                                                         clknet_0_gpio_in[38] (net)
                      0.065246    0.003664    0.386298 ^ clkbuf_1_0__f_gpio_in[38]/A (sky130_fd_sc_hd__clkbuf_16)
    25    0.077004    0.072445    0.120922    0.507220 ^ clkbuf_1_0__f_gpio_in[38]/X (sky130_fd_sc_hd__clkbuf_16)
                                                         clknet_1_0__leaf_gpio_in[38] (net)
                      0.076534    0.013240    0.520460 ^ _099_/CLK (sky130_fd_sc_hd__dfrtp_1)
     5    0.011919    0.085865    0.253909    0.774369 ^ _099_/Q (sky130_fd_sc_hd__dfrtp_1)
                                                         gpio_22_37_output[30].cfg.gpio_out_val (net)
                      0.085865    0.000096    0.774465 ^ _075_/A (sky130_fd_sc_hd__and4_1)
     1    0.003889    0.043531    0.111902    0.886367 ^ _075_/X (sky130_fd_sc_hd__and4_1)
                                                         _037_ (net)
                      0.043531    0.000038    0.886405 ^ _079_/A2 (sky130_fd_sc_hd__o21ba_1)
     1    0.002452    0.028396    0.067999    0.954404 ^ _079_/X (sky130_fd_sc_hd__o21ba_1)
                                                         _006_ (net)
                      0.028396    0.000014    0.954417 ^ hold9/A (sky130_fd_sc_hd__dlygate4sd3_1)
     1    0.002925    0.038140    0.371037    1.325454 ^ hold9/X (sky130_fd_sc_hd__dlygate4sd3_1)
                                                         net584 (net)
                      0.038140    0.000030    1.325484 ^ _102_/D (sky130_fd_sc_hd__dfrtp_1)
                                              1.325484   data arrival time

                                  0.000000    0.000000   clock gpio_in[38] (rise edge)
                                  0.000000    0.000000   clock source latency
     2    0.090700    0.308256    0.227280    0.227280 ^ gpio_in[38] (in)
                                                         gpio_in[38] (net)
                      0.313233    0.000000    0.227280 ^ clkbuf_0_gpio_in[38]/A (sky130_fd_sc_hd__clkbuf_16)
     5    0.060445    0.064892    0.155354    0.382634 ^ clkbuf_0_gpio_in[38]/X (sky130_fd_sc_hd__clkbuf_16)
                                                         clknet_0_gpio_in[38] (net)
                      0.065246    0.003664    0.386298 ^ clkbuf_1_0__f_gpio_in[38]/A (sky130_fd_sc_hd__clkbuf_16)
    25    0.077004    0.072445    0.120922    0.507220 ^ clkbuf_1_0__f_gpio_in[38]/X (sky130_fd_sc_hd__clkbuf_16)
                                                         clknet_1_0__leaf_gpio_in[38] (net)
                      0.076552    0.013269    0.520490 ^ _102_/CLK (sky130_fd_sc_hd__dfrtp_1)
                                  0.250000    0.770490   clock uncertainty
                                  0.000000    0.770490   clock reconvergence pessimism
                                 -0.019121    0.751369   library hold time
                                              0.751369   data required time
---------------------------------------------------------------------------------------------
                                              0.751369   data required time
                                             -1.325484   data arrival time
---------------------------------------------------------------------------------------------
                                              0.574116   slack (MET)


Startpoint: _099_ (rising edge-triggered flip-flop clocked by gpio_in[38])
Endpoint: _100_ (rising edge-triggered flip-flop clocked by gpio_in[38])
Path Group: gpio_in[38]
Path Type: min

Fanout         Cap        Slew       Delay        Time   Description
---------------------------------------------------------------------------------------------
                                  0.000000    0.000000   clock gpio_in[38] (rise edge)
                                  0.000000    0.000000   clock source latency
     2    0.090700    0.308256    0.227280    0.227280 ^ gpio_in[38] (in)
                                                         gpio_in[38] (net)
                      0.313233    0.000000    0.227280 ^ clkbuf_0_gpio_in[38]/A (sky130_fd_sc_hd__clkbuf_16)
     5    0.060445    0.064892    0.155354    0.382634 ^ clkbuf_0_gpio_in[38]/X (sky130_fd_sc_hd__clkbuf_16)
                                                         clknet_0_gpio_in[38] (net)
                      0.065246    0.003664    0.386298 ^ clkbuf_1_0__f_gpio_in[38]/A (sky130_fd_sc_hd__clkbuf_16)
    25    0.077004    0.072445    0.120922    0.507220 ^ clkbuf_1_0__f_gpio_in[38]/X (sky130_fd_sc_hd__clkbuf_16)
                                                         clknet_1_0__leaf_gpio_in[38] (net)
                      0.076534    0.013240    0.520460 ^ _099_/CLK (sky130_fd_sc_hd__dfrtp_1)
     5    0.011919    0.085865    0.253909    0.774369 ^ _099_/Q (sky130_fd_sc_hd__dfrtp_1)
                                                         gpio_22_37_output[30].cfg.gpio_out_val (net)
                      0.085865    0.000082    0.774452 ^ _073_/A (sky130_fd_sc_hd__and3_1)
     2    0.007481    0.065355    0.118166    0.892618 ^ _073_/X (sky130_fd_sc_hd__and3_1)
                                                         _036_ (net)
                      0.065355    0.000050    0.892668 ^ _074_/B1_N (sky130_fd_sc_hd__o21ba_1)
     1    0.003544    0.020451    0.092526    0.985194 v _074_/X (sky130_fd_sc_hd__o21ba_1)
                                                         _004_ (net)
                      0.020451    0.000042    0.985237 v hold27/A (sky130_fd_sc_hd__dlygate4sd3_1)
     1    0.002463    0.036946    0.354116    1.339352 v hold27/X (sky130_fd_sc_hd__dlygate4sd3_1)
                                                         net602 (net)
                      0.036946    0.000022    1.339374 v _100_/D (sky130_fd_sc_hd__dfrtp_1)
                                              1.339374   data arrival time

                                  0.000000    0.000000   clock gpio_in[38] (rise edge)
                                  0.000000    0.000000   clock source latency
     2    0.090700    0.308256    0.227280    0.227280 ^ gpio_in[38] (in)
                                                         gpio_in[38] (net)
                      0.313233    0.000000    0.227280 ^ clkbuf_0_gpio_in[38]/A (sky130_fd_sc_hd__clkbuf_16)
     5    0.060445    0.064892    0.155354    0.382634 ^ clkbuf_0_gpio_in[38]/X (sky130_fd_sc_hd__clkbuf_16)
                                                         clknet_0_gpio_in[38] (net)
                      0.065246    0.003664    0.386298 ^ clkbuf_1_0__f_gpio_in[38]/A (sky130_fd_sc_hd__clkbuf_16)
    25    0.077004    0.072445    0.120922    0.507220 ^ clkbuf_1_0__f_gpio_in[38]/X (sky130_fd_sc_hd__clkbuf_16)
                                                         clknet_1_0__leaf_gpio_in[38] (net)
                      0.076604    0.013358    0.520578 ^ _100_/CLK (sky130_fd_sc_hd__dfrtp_1)
                                  0.250000    0.770578   clock uncertainty
                                  0.000000    0.770578   clock reconvergence pessimism
                                 -0.029504    0.741075   library hold time
                                              0.741075   data required time
---------------------------------------------------------------------------------------------
                                              0.741075   data required time
                                             -1.339374   data arrival time
---------------------------------------------------------------------------------------------
                                              0.598299   slack (MET)


Startpoint: _105_ (rising edge-triggered flip-flop clocked by gpio_in[38])
Endpoint: _105_ (rising edge-triggered flip-flop clocked by gpio_in[38])
Path Group: gpio_in[38]
Path Type: min

Fanout         Cap        Slew       Delay        Time   Description
---------------------------------------------------------------------------------------------
                                  0.000000    0.000000   clock gpio_in[38] (rise edge)
                                  0.000000    0.000000   clock source latency
     2    0.090700    0.308256    0.227280    0.227280 ^ gpio_in[38] (in)
                                                         gpio_in[38] (net)
                      0.313233    0.000000    0.227280 ^ clkbuf_0_gpio_in[38]/A (sky130_fd_sc_hd__clkbuf_16)
     5    0.060445    0.064892    0.155354    0.382634 ^ clkbuf_0_gpio_in[38]/X (sky130_fd_sc_hd__clkbuf_16)
                                                         clknet_0_gpio_in[38] (net)
                      0.065227    0.003553    0.386187 ^ clkbuf_1_1__f_gpio_in[38]/A (sky130_fd_sc_hd__clkbuf_16)
    19    0.065981    0.063940    0.117709    0.503896 ^ clkbuf_1_1__f_gpio_in[38]/X (sky130_fd_sc_hd__clkbuf_16)
                                                         clknet_1_1__leaf_gpio_in[38] (net)
                      0.065960    0.008700    0.512595 ^ _105_/CLK (sky130_fd_sc_hd__dfrtp_1)
     3    0.009184    0.069546    0.238286    0.750882 ^ _105_/Q (sky130_fd_sc_hd__dfrtp_1)
                                                         gpio_22_37_output[36].cfg.gpio_out_val (net)
                      0.069546    0.000134    0.751016 ^ hold4/A (sky130_fd_sc_hd__dlygate4sd3_1)
     1    0.007134    0.066593    0.402558    1.153574 ^ hold4/X (sky130_fd_sc_hd__dlygate4sd3_1)
                                                         net579 (net)
                      0.066593    0.000147    1.153721 ^ _085_/A (sky130_fd_sc_hd__xor2_1)
     1    0.002160    0.023163    0.039210    1.192932 v _085_/X (sky130_fd_sc_hd__xor2_1)
                                                         _009_ (net)
                      0.023163    0.000012    1.192943 v hold5/A (sky130_fd_sc_hd__dlygate4sd3_1)
     1    0.002945    0.038791    0.357804    1.550748 v hold5/X (sky130_fd_sc_hd__dlygate4sd3_1)
                                                         net580 (net)
                      0.038791    0.000036    1.550783 v _105_/D (sky130_fd_sc_hd__dfrtp_1)
                                              1.550783   data arrival time

                                  0.000000    0.000000   clock gpio_in[38] (rise edge)
                                  0.000000    0.000000   clock source latency
     2    0.090700    0.308256    0.227280    0.227280 ^ gpio_in[38] (in)
                                                         gpio_in[38] (net)
                      0.313233    0.000000    0.227280 ^ clkbuf_0_gpio_in[38]/A (sky130_fd_sc_hd__clkbuf_16)
     5    0.060445    0.064892    0.155354    0.382634 ^ clkbuf_0_gpio_in[38]/X (sky130_fd_sc_hd__clkbuf_16)
                                                         clknet_0_gpio_in[38] (net)
                      0.065227    0.003553    0.386187 ^ clkbuf_1_1__f_gpio_in[38]/A (sky130_fd_sc_hd__clkbuf_16)
    19    0.065981    0.063940    0.117709    0.503896 ^ clkbuf_1_1__f_gpio_in[38]/X (sky130_fd_sc_hd__clkbuf_16)
                                                         clknet_1_1__leaf_gpio_in[38] (net)
                      0.065960    0.008700    0.512595 ^ _105_/CLK (sky130_fd_sc_hd__dfrtp_1)
                                  0.250000    0.762595   clock uncertainty
                                  0.000000    0.762595   clock reconvergence pessimism
                                 -0.031151    0.731445   library hold time
                                              0.731445   data required time
---------------------------------------------------------------------------------------------
                                              0.731445   data required time
                                             -1.550783   data arrival time
---------------------------------------------------------------------------------------------
                                              0.819339   slack (MET)


Startpoint: _093_ (rising edge-triggered flip-flop clocked by gpio_in[38])
Endpoint: _093_ (rising edge-triggered flip-flop clocked by gpio_in[38])
Path Group: gpio_in[38]
Path Type: min

Fanout         Cap        Slew       Delay        Time   Description
---------------------------------------------------------------------------------------------
                                  0.000000    0.000000   clock gpio_in[38] (rise edge)
                                  0.000000    0.000000   clock source latency
     2    0.090700    0.308256    0.227280    0.227280 ^ gpio_in[38] (in)
                                                         gpio_in[38] (net)
                      0.313233    0.000000    0.227280 ^ clkbuf_0_gpio_in[38]/A (sky130_fd_sc_hd__clkbuf_16)
     5    0.060445    0.064892    0.155354    0.382634 ^ clkbuf_0_gpio_in[38]/X (sky130_fd_sc_hd__clkbuf_16)
                                                         clknet_0_gpio_in[38] (net)
                      0.065227    0.003553    0.386187 ^ clkbuf_1_1__f_gpio_in[38]/A (sky130_fd_sc_hd__clkbuf_16)
    19    0.065981    0.063940    0.117709    0.503896 ^ clkbuf_1_1__f_gpio_in[38]/X (sky130_fd_sc_hd__clkbuf_16)
                                                         clknet_1_1__leaf_gpio_in[38] (net)
                      0.066158    0.009152    0.513048 ^ _093_/CLK (sky130_fd_sc_hd__dfrtp_1)
     3    0.010181    0.075378    0.243131    0.756179 ^ _093_/Q (sky130_fd_sc_hd__dfrtp_1)
                                                         gpio_22_37_output[24].cfg.gpio_out_val (net)
                      0.075378    0.000119    0.756298 ^ hold12/A (sky130_fd_sc_hd__dlygate4sd3_1)
     2    0.007993    0.072562    0.408186    1.164483 ^ hold12/X (sky130_fd_sc_hd__dlygate4sd3_1)
                                                         net587 (net)
                      0.072562    0.000104    1.164587 ^ _057_/A (sky130_fd_sc_hd__xor2_1)
     1    0.001754    0.022021    0.038103    1.202690 v _057_/X (sky130_fd_sc_hd__xor2_1)
                                                         _016_ (net)
                      0.022021    0.000006    1.202697 v hold13/A (sky130_fd_sc_hd__dlygate4sd3_1)
     1    0.003413    0.041070    0.360279    1.562975 v hold13/X (sky130_fd_sc_hd__dlygate4sd3_1)
                                                         net588 (net)
                      0.041070    0.000045    1.563020 v _093_/D (sky130_fd_sc_hd__dfrtp_1)
                                              1.563020   data arrival time

                                  0.000000    0.000000   clock gpio_in[38] (rise edge)
                                  0.000000    0.000000   clock source latency
     2    0.090700    0.308256    0.227280    0.227280 ^ gpio_in[38] (in)
                                                         gpio_in[38] (net)
                      0.313233    0.000000    0.227280 ^ clkbuf_0_gpio_in[38]/A (sky130_fd_sc_hd__clkbuf_16)
     5    0.060445    0.064892    0.155354    0.382634 ^ clkbuf_0_gpio_in[38]/X (sky130_fd_sc_hd__clkbuf_16)
                                                         clknet_0_gpio_in[38] (net)
                      0.065227    0.003553    0.386187 ^ clkbuf_1_1__f_gpio_in[38]/A (sky130_fd_sc_hd__clkbuf_16)
    19    0.065981    0.063940    0.117709    0.503896 ^ clkbuf_1_1__f_gpio_in[38]/X (sky130_fd_sc_hd__clkbuf_16)
                                                         clknet_1_1__leaf_gpio_in[38] (net)
                      0.066158    0.009152    0.513048 ^ _093_/CLK (sky130_fd_sc_hd__dfrtp_1)
                                  0.250000    0.763048   clock uncertainty
                                  0.000000    0.763048   clock reconvergence pessimism
                                 -0.031872    0.731176   library hold time
                                              0.731176   data required time
---------------------------------------------------------------------------------------------
                                              0.731176   data required time
                                             -1.563020   data arrival time
---------------------------------------------------------------------------------------------
                                              0.831845   slack (MET)


Startpoint: _091_ (rising edge-triggered flip-flop clocked by gpio_in[38])
Endpoint: _091_ (rising edge-triggered flip-flop clocked by gpio_in[38])
Path Group: gpio_in[38]
Path Type: min

Fanout         Cap        Slew       Delay        Time   Description
---------------------------------------------------------------------------------------------
                                  0.000000    0.000000   clock gpio_in[38] (rise edge)
                                  0.000000    0.000000   clock source latency
     2    0.090700    0.308256    0.227280    0.227280 ^ gpio_in[38] (in)
                                                         gpio_in[38] (net)
                      0.313233    0.000000    0.227280 ^ clkbuf_0_gpio_in[38]/A (sky130_fd_sc_hd__clkbuf_16)
     5    0.060445    0.064892    0.155354    0.382634 ^ clkbuf_0_gpio_in[38]/X (sky130_fd_sc_hd__clkbuf_16)
                                                         clknet_0_gpio_in[38] (net)
                      0.065227    0.003553    0.386187 ^ clkbuf_1_1__f_gpio_in[38]/A (sky130_fd_sc_hd__clkbuf_16)
    19    0.065981    0.063940    0.117709    0.503896 ^ clkbuf_1_1__f_gpio_in[38]/X (sky130_fd_sc_hd__clkbuf_16)
                                                         clknet_1_1__leaf_gpio_in[38] (net)
                      0.066153    0.009141    0.513037 ^ _091_/CLK (sky130_fd_sc_hd__dfrtp_1)
     3    0.008671    0.066403    0.235900    0.748938 ^ _091_/Q (sky130_fd_sc_hd__dfrtp_1)
                                                         gpio_22_37_output[22].cfg.gpio_out_val (net)
                      0.066403    0.000066    0.749003 ^ hold20/A (sky130_fd_sc_hd__dlygate4sd3_1)
     3    0.010883    0.092239    0.422263    1.171267 ^ hold20/X (sky130_fd_sc_hd__dlygate4sd3_1)
                                                         net595 (net)
                      0.092239    0.000034    1.171301 ^ _052_/A (sky130_fd_sc_hd__xor2_1)
     1    0.002130    0.023150    0.041696    1.212997 v _052_/X (sky130_fd_sc_hd__xor2_1)
                                                         _014_ (net)
                      0.023150    0.000019    1.213017 v hold21/A (sky130_fd_sc_hd__dlygate4sd3_1)
     1    0.002296    0.036397    0.353897    1.566913 v hold21/X (sky130_fd_sc_hd__dlygate4sd3_1)
                                                         net596 (net)
                      0.036397    0.000010    1.566924 v _091_/D (sky130_fd_sc_hd__dfrtp_1)
                                              1.566924   data arrival time

                                  0.000000    0.000000   clock gpio_in[38] (rise edge)
                                  0.000000    0.000000   clock source latency
     2    0.090700    0.308256    0.227280    0.227280 ^ gpio_in[38] (in)
                                                         gpio_in[38] (net)
                      0.313233    0.000000    0.227280 ^ clkbuf_0_gpio_in[38]/A (sky130_fd_sc_hd__clkbuf_16)
     5    0.060445    0.064892    0.155354    0.382634 ^ clkbuf_0_gpio_in[38]/X (sky130_fd_sc_hd__clkbuf_16)
                                                         clknet_0_gpio_in[38] (net)
                      0.065227    0.003553    0.386187 ^ clkbuf_1_1__f_gpio_in[38]/A (sky130_fd_sc_hd__clkbuf_16)
    19    0.065981    0.063940    0.117709    0.503896 ^ clkbuf_1_1__f_gpio_in[38]/X (sky130_fd_sc_hd__clkbuf_16)
                                                         clknet_1_1__leaf_gpio_in[38] (net)
                      0.066153    0.009141    0.513037 ^ _091_/CLK (sky130_fd_sc_hd__dfrtp_1)
                                  0.250000    0.763037   clock uncertainty
                                  0.000000    0.763037   clock reconvergence pessimism
                                 -0.030353    0.732684   library hold time
                                              0.732684   data required time
---------------------------------------------------------------------------------------------
                                              0.732684   data required time
                                             -1.566924   data arrival time
---------------------------------------------------------------------------------------------
                                              0.834240   slack (MET)


Startpoint: _097_ (rising edge-triggered flip-flop clocked by gpio_in[38])
Endpoint: _097_ (rising edge-triggered flip-flop clocked by gpio_in[38])
Path Group: gpio_in[38]
Path Type: min

Fanout         Cap        Slew       Delay        Time   Description
---------------------------------------------------------------------------------------------
                                  0.000000    0.000000   clock gpio_in[38] (rise edge)
                                  0.000000    0.000000   clock source latency
     2    0.090700    0.308256    0.227280    0.227280 ^ gpio_in[38] (in)
                                                         gpio_in[38] (net)
                      0.313233    0.000000    0.227280 ^ clkbuf_0_gpio_in[38]/A (sky130_fd_sc_hd__clkbuf_16)
     5    0.060445    0.064892    0.155354    0.382634 ^ clkbuf_0_gpio_in[38]/X (sky130_fd_sc_hd__clkbuf_16)
                                                         clknet_0_gpio_in[38] (net)
                      0.065246    0.003664    0.386298 ^ clkbuf_1_0__f_gpio_in[38]/A (sky130_fd_sc_hd__clkbuf_16)
    25    0.077004    0.072445    0.120922    0.507220 ^ clkbuf_1_0__f_gpio_in[38]/X (sky130_fd_sc_hd__clkbuf_16)
                                                         clknet_1_0__leaf_gpio_in[38] (net)
                      0.076010    0.012329    0.519550 ^ _097_/CLK (sky130_fd_sc_hd__dfrtp_1)
     2    0.006387    0.052567    0.227490    0.747039 ^ _097_/Q (sky130_fd_sc_hd__dfrtp_1)
                                                         gpio_22_37_output[28].cfg.gpio_out_val (net)
                      0.052567    0.000057    0.747097 ^ hold6/A (sky130_fd_sc_hd__dlygate4sd3_1)
     3    0.013003    0.107474    0.430851    1.177947 ^ hold6/X (sky130_fd_sc_hd__dlygate4sd3_1)
                                                         net581 (net)
                      0.107474    0.000103    1.178051 ^ _066_/A (sky130_fd_sc_hd__xor2_1)
     1    0.001837    0.022329    0.041800    1.219851 v _066_/X (sky130_fd_sc_hd__xor2_1)
                                                         _001_ (net)
                      0.022329    0.000015    1.219866 v hold7/A (sky130_fd_sc_hd__dlygate4sd3_1)
     1    0.002548    0.037203    0.355165    1.575031 v hold7/X (sky130_fd_sc_hd__dlygate4sd3_1)
                                                         net582 (net)
                      0.037203    0.000023    1.575054 v _097_/D (sky130_fd_sc_hd__dfrtp_1)
                                              1.575054   data arrival time

                                  0.000000    0.000000   clock gpio_in[38] (rise edge)
                                  0.000000    0.000000   clock source latency
     2    0.090700    0.308256    0.227280    0.227280 ^ gpio_in[38] (in)
                                                         gpio_in[38] (net)
                      0.313233    0.000000    0.227280 ^ clkbuf_0_gpio_in[38]/A (sky130_fd_sc_hd__clkbuf_16)
     5    0.060445    0.064892    0.155354    0.382634 ^ clkbuf_0_gpio_in[38]/X (sky130_fd_sc_hd__clkbuf_16)
                                                         clknet_0_gpio_in[38] (net)
                      0.065246    0.003664    0.386298 ^ clkbuf_1_0__f_gpio_in[38]/A (sky130_fd_sc_hd__clkbuf_16)
    25    0.077004    0.072445    0.120922    0.507220 ^ clkbuf_1_0__f_gpio_in[38]/X (sky130_fd_sc_hd__clkbuf_16)
                                                         clknet_1_0__leaf_gpio_in[38] (net)
                      0.076010    0.012329    0.519550 ^ _097_/CLK (sky130_fd_sc_hd__dfrtp_1)
                                  0.250000    0.769550   clock uncertainty
                                  0.000000    0.769550   clock reconvergence pessimism
                                 -0.029646    0.739904   library hold time
                                              0.739904   data required time
---------------------------------------------------------------------------------------------
                                              0.739904   data required time
                                             -1.575054   data arrival time
---------------------------------------------------------------------------------------------
                                              0.835150   slack (MET)


Startpoint: _089_ (rising edge-triggered flip-flop clocked by gpio_in[38])
Endpoint: _089_ (rising edge-triggered flip-flop clocked by gpio_in[38])
Path Group: gpio_in[38]
Path Type: min

Fanout         Cap        Slew       Delay        Time   Description
---------------------------------------------------------------------------------------------
                                  0.000000    0.000000   clock gpio_in[38] (rise edge)
                                  0.000000    0.000000   clock source latency
     2    0.090700    0.308256    0.227280    0.227280 ^ gpio_in[38] (in)
                                                         gpio_in[38] (net)
                      0.313233    0.000000    0.227280 ^ clkbuf_0_gpio_in[38]/A (sky130_fd_sc_hd__clkbuf_16)
     5    0.060445    0.064892    0.155354    0.382634 ^ clkbuf_0_gpio_in[38]/X (sky130_fd_sc_hd__clkbuf_16)
                                                         clknet_0_gpio_in[38] (net)
                      0.065246    0.003664    0.386298 ^ clkbuf_1_0__f_gpio_in[38]/A (sky130_fd_sc_hd__clkbuf_16)
    25    0.077004    0.072445    0.120922    0.507220 ^ clkbuf_1_0__f_gpio_in[38]/X (sky130_fd_sc_hd__clkbuf_16)
                                                         clknet_1_0__leaf_gpio_in[38] (net)
                      0.076451    0.013099    0.520320 ^ _089_/CLK (sky130_fd_sc_hd__dfrtp_1)
     3    0.008565    0.065752    0.238087    0.758406 ^ _089_/Q (sky130_fd_sc_hd__dfrtp_1)
                                                         gpio_18_21_bidir[20].cfg.gpio_out_val (net)
                      0.065752    0.000060    0.758466 ^ hold23/A (sky130_fd_sc_hd__dlygate4sd3_1)
     3    0.013440    0.110616    0.435219    1.193685 ^ hold23/X (sky130_fd_sc_hd__dlygate4sd3_1)
                                                         net598 (net)
                      0.110616    0.000079    1.193765 ^ _048_/A (sky130_fd_sc_hd__xnor2_1)
     1    0.002442    0.022566    0.046812    1.240577 v _048_/Y (sky130_fd_sc_hd__xnor2_1)
                                                         _012_ (net)
                      0.022566    0.000016    1.240592 v hold24/A (sky130_fd_sc_hd__dlygate4sd3_1)
     1    0.002785    0.038062    0.356658    1.597250 v hold24/X (sky130_fd_sc_hd__dlygate4sd3_1)
                                                         net599 (net)
                      0.038062    0.000029    1.597279 v _089_/D (sky130_fd_sc_hd__dfrtp_1)
                                              1.597279   data arrival time

                                  0.000000    0.000000   clock gpio_in[38] (rise edge)
                                  0.000000    0.000000   clock source latency
     2    0.090700    0.308256    0.227280    0.227280 ^ gpio_in[38] (in)
                                                         gpio_in[38] (net)
                      0.313233    0.000000    0.227280 ^ clkbuf_0_gpio_in[38]/A (sky130_fd_sc_hd__clkbuf_16)
     5    0.060445    0.064892    0.155354    0.382634 ^ clkbuf_0_gpio_in[38]/X (sky130_fd_sc_hd__clkbuf_16)
                                                         clknet_0_gpio_in[38] (net)
                      0.065246    0.003664    0.386298 ^ clkbuf_1_0__f_gpio_in[38]/A (sky130_fd_sc_hd__clkbuf_16)
    25    0.077004    0.072445    0.120922    0.507220 ^ clkbuf_1_0__f_gpio_in[38]/X (sky130_fd_sc_hd__clkbuf_16)
                                                         clknet_1_0__leaf_gpio_in[38] (net)
                      0.076451    0.013099    0.520320 ^ _089_/CLK (sky130_fd_sc_hd__dfrtp_1)
                                  0.250000    0.770320   clock uncertainty
                                  0.000000    0.770320   clock reconvergence pessimism
                                 -0.029882    0.740438   library hold time
                                              0.740438   data required time
---------------------------------------------------------------------------------------------
                                              0.740438   data required time
                                             -1.597279   data arrival time
---------------------------------------------------------------------------------------------
                                              0.856841   slack (MET)


Startpoint: _094_ (rising edge-triggered flip-flop clocked by gpio_in[38])
Endpoint: _094_ (rising edge-triggered flip-flop clocked by gpio_in[38])
Path Group: gpio_in[38]
Path Type: min

Fanout         Cap        Slew       Delay        Time   Description
---------------------------------------------------------------------------------------------
                                  0.000000    0.000000   clock gpio_in[38] (rise edge)
                                  0.000000    0.000000   clock source latency
     2    0.090700    0.308256    0.227280    0.227280 ^ gpio_in[38] (in)
                                                         gpio_in[38] (net)
                      0.313233    0.000000    0.227280 ^ clkbuf_0_gpio_in[38]/A (sky130_fd_sc_hd__clkbuf_16)
     5    0.060445    0.064892    0.155354    0.382634 ^ clkbuf_0_gpio_in[38]/X (sky130_fd_sc_hd__clkbuf_16)
                                                         clknet_0_gpio_in[38] (net)
                      0.065227    0.003553    0.386187 ^ clkbuf_1_1__f_gpio_in[38]/A (sky130_fd_sc_hd__clkbuf_16)
    19    0.065981    0.063940    0.117709    0.503896 ^ clkbuf_1_1__f_gpio_in[38]/X (sky130_fd_sc_hd__clkbuf_16)
                                                         clknet_1_1__leaf_gpio_in[38] (net)
                      0.066131    0.009091    0.512987 ^ _094_/CLK (sky130_fd_sc_hd__dfrtp_1)
     3    0.007801    0.061111    0.231708    0.744695 ^ _094_/Q (sky130_fd_sc_hd__dfrtp_1)
                                                         gpio_22_37_output[25].cfg.gpio_out_val (net)
                      0.061111    0.000050    0.744745 ^ hold16/A (sky130_fd_sc_hd__dlygate4sd3_1)
     1    0.005776    0.057361    0.393847    1.138592 ^ hold16/X (sky130_fd_sc_hd__dlygate4sd3_1)
                                                         net591 (net)
                      0.057361    0.000103    1.138695 ^ _060_/A1 (sky130_fd_sc_hd__o21ba_1)
     1    0.004488    0.042187    0.089927    1.228622 ^ _060_/X (sky130_fd_sc_hd__o21ba_1)
                                                         _017_ (net)
                      0.042187    0.000079    1.228700 ^ hold17/A (sky130_fd_sc_hd__dlygate4sd3_1)
     1    0.002800    0.037338    0.373189    1.601889 ^ hold17/X (sky130_fd_sc_hd__dlygate4sd3_1)
                                                         net592 (net)
                      0.037338    0.000031    1.601920 ^ _094_/D (sky130_fd_sc_hd__dfrtp_1)
                                              1.601920   data arrival time

                                  0.000000    0.000000   clock gpio_in[38] (rise edge)
                                  0.000000    0.000000   clock source latency
     2    0.090700    0.308256    0.227280    0.227280 ^ gpio_in[38] (in)
                                                         gpio_in[38] (net)
                      0.313233    0.000000    0.227280 ^ clkbuf_0_gpio_in[38]/A (sky130_fd_sc_hd__clkbuf_16)
     5    0.060445    0.064892    0.155354    0.382634 ^ clkbuf_0_gpio_in[38]/X (sky130_fd_sc_hd__clkbuf_16)
                                                         clknet_0_gpio_in[38] (net)
                      0.065227    0.003553    0.386187 ^ clkbuf_1_1__f_gpio_in[38]/A (sky130_fd_sc_hd__clkbuf_16)
    19    0.065981    0.063940    0.117709    0.503896 ^ clkbuf_1_1__f_gpio_in[38]/X (sky130_fd_sc_hd__clkbuf_16)
                                                         clknet_1_1__leaf_gpio_in[38] (net)
                      0.066131    0.009091    0.512987 ^ _094_/CLK (sky130_fd_sc_hd__dfrtp_1)
                                  0.250000    0.762987   clock uncertainty
                                  0.000000    0.762987   clock reconvergence pessimism
                                 -0.019338    0.743649   library hold time
                                              0.743649   data required time
---------------------------------------------------------------------------------------------
                                              0.743649   data required time
                                             -1.601920   data arrival time
---------------------------------------------------------------------------------------------
                                              0.858272   slack (MET)


Startpoint: _088_ (rising edge-triggered flip-flop clocked by gpio_in[38])
Endpoint: _090_ (rising edge-triggered flip-flop clocked by gpio_in[38])
Path Group: gpio_in[38]
Path Type: min

Fanout         Cap        Slew       Delay        Time   Description
---------------------------------------------------------------------------------------------
                                  0.000000    0.000000   clock gpio_in[38] (rise edge)
                                  0.000000    0.000000   clock source latency
     2    0.090700    0.308256    0.227280    0.227280 ^ gpio_in[38] (in)
                                                         gpio_in[38] (net)
                      0.313233    0.000000    0.227280 ^ clkbuf_0_gpio_in[38]/A (sky130_fd_sc_hd__clkbuf_16)
     5    0.060445    0.064892    0.155354    0.382634 ^ clkbuf_0_gpio_in[38]/X (sky130_fd_sc_hd__clkbuf_16)
                                                         clknet_0_gpio_in[38] (net)
                      0.065246    0.003664    0.386298 ^ clkbuf_1_0__f_gpio_in[38]/A (sky130_fd_sc_hd__clkbuf_16)
    25    0.077004    0.072445    0.120922    0.507220 ^ clkbuf_1_0__f_gpio_in[38]/X (sky130_fd_sc_hd__clkbuf_16)
                                                         clknet_1_0__leaf_gpio_in[38] (net)
                      0.076206    0.012676    0.519897 ^ _088_/CLK (sky130_fd_sc_hd__dfrtp_1)
     5    0.013839    0.098012    0.262464    0.782361 ^ _088_/Q (sky130_fd_sc_hd__dfrtp_1)
                                                         gpio_18_21_bidir[19].cfg.gpio_out_val (net)
                      0.098012    0.000114    0.782476 ^ _050_/A2 (sky130_fd_sc_hd__a31o_1)
     1    0.001953    0.022331    0.084418    0.866894 ^ _050_/X (sky130_fd_sc_hd__a31o_1)
                                                         _023_ (net)
                      0.022331    0.000007    0.866901 ^ hold32/A (sky130_fd_sc_hd__dlygate4sd3_1)
     1    0.003865    0.044731    0.375575    1.242476 ^ hold32/X (sky130_fd_sc_hd__dlygate4sd3_1)
                                                         net607 (net)
                      0.044731    0.000062    1.242537 ^ _051_/B (sky130_fd_sc_hd__and2b_1)
     1    0.002888    0.029707    0.073486    1.316023 ^ _051_/X (sky130_fd_sc_hd__and2b_1)
                                                         _013_ (net)
                      0.029707    0.000035    1.316058 ^ hold33/A (sky130_fd_sc_hd__dlygate4sd3_1)
     1    0.003003    0.038641    0.371816    1.687875 ^ hold33/X (sky130_fd_sc_hd__dlygate4sd3_1)
                                                         net608 (net)
                      0.038641    0.000034    1.687909 ^ _090_/D (sky130_fd_sc_hd__dfrtp_1)
                                              1.687909   data arrival time

                                  0.000000    0.000000   clock gpio_in[38] (rise edge)
                                  0.000000    0.000000   clock source latency
     2    0.090700    0.308256    0.227280    0.227280 ^ gpio_in[38] (in)
                                                         gpio_in[38] (net)
                      0.313233    0.000000    0.227280 ^ clkbuf_0_gpio_in[38]/A (sky130_fd_sc_hd__clkbuf_16)
     5    0.060445    0.064892    0.155354    0.382634 ^ clkbuf_0_gpio_in[38]/X (sky130_fd_sc_hd__clkbuf_16)
                                                         clknet_0_gpio_in[38] (net)
                      0.065246    0.003664    0.386298 ^ clkbuf_1_0__f_gpio_in[38]/A (sky130_fd_sc_hd__clkbuf_16)
    25    0.077004    0.072445    0.120922    0.507220 ^ clkbuf_1_0__f_gpio_in[38]/X (sky130_fd_sc_hd__clkbuf_16)
                                                         clknet_1_0__leaf_gpio_in[38] (net)
                      0.076351    0.012929    0.520149 ^ _090_/CLK (sky130_fd_sc_hd__dfrtp_1)
                                  0.250000    0.770149   clock uncertainty
                                  0.000000    0.770149   clock reconvergence pessimism
                                 -0.019164    0.750985   library hold time
                                              0.750985   data required time
---------------------------------------------------------------------------------------------
                                              0.750985   data required time
                                             -1.687909   data arrival time
---------------------------------------------------------------------------------------------
                                              0.936924   slack (MET)


Startpoint: resetb_l (input port clocked by gpio_in[38])
Endpoint: _105_ (removal check against rising-edge clock gpio_in[38])
Path Group: asynchronous
Path Type: min

Fanout         Cap        Slew       Delay        Time   Description
---------------------------------------------------------------------------------------------
                                  0.000000    0.000000   clock gpio_in[38] (rise edge)
                                  0.000000    0.000000   clock network delay (propagated)
                                  5.000000    5.000000 ^ input external delay
     2    0.008980    0.035063    0.022597    5.022598 ^ resetb_l (in)
                                                         resetb_l (net)
                      0.035063    0.000000    5.022598 ^ input2/A (sky130_fd_sc_hd__buf_8)
    11    0.123690    0.146938    0.134072    5.156670 ^ input2/X (sky130_fd_sc_hd__buf_8)
                                                         net2 (net)
                      0.173150    0.046651    5.203321 ^ _105_/RESET_B (sky130_fd_sc_hd__dfrtp_1)
                                              5.203321   data arrival time

                                  0.000000    0.000000   clock gpio_in[38] (rise edge)
                                  0.000000    0.000000   clock source latency
     2    0.090700    0.308256    0.227280    0.227280 ^ gpio_in[38] (in)
                                                         gpio_in[38] (net)
                      0.313233    0.000000    0.227280 ^ clkbuf_0_gpio_in[38]/A (sky130_fd_sc_hd__clkbuf_16)
     5    0.060445    0.064892    0.155354    0.382634 ^ clkbuf_0_gpio_in[38]/X (sky130_fd_sc_hd__clkbuf_16)
                                                         clknet_0_gpio_in[38] (net)
                      0.065227    0.003553    0.386187 ^ clkbuf_1_1__f_gpio_in[38]/A (sky130_fd_sc_hd__clkbuf_16)
    19    0.065981    0.063940    0.117709    0.503896 ^ clkbuf_1_1__f_gpio_in[38]/X (sky130_fd_sc_hd__clkbuf_16)
                                                         clknet_1_1__leaf_gpio_in[38] (net)
                      0.065960    0.008700    0.512595 ^ _105_/CLK (sky130_fd_sc_hd__dfrtp_1)
                                  0.250000    0.762595   clock uncertainty
                                  0.000000    0.762595   clock reconvergence pessimism
                                  0.238841    1.001436   library removal time
                                              1.001436   data required time
---------------------------------------------------------------------------------------------
                                              1.001436   data required time
                                             -5.203321   data arrival time
---------------------------------------------------------------------------------------------
                                              4.201884   slack (MET)


Startpoint: resetb_l (input port clocked by gpio_in[38])
Endpoint: _104_ (removal check against rising-edge clock gpio_in[38])
Path Group: asynchronous
Path Type: min

Fanout         Cap        Slew       Delay        Time   Description
---------------------------------------------------------------------------------------------
                                  0.000000    0.000000   clock gpio_in[38] (rise edge)
                                  0.000000    0.000000   clock network delay (propagated)
                                  5.000000    5.000000 ^ input external delay
     2    0.008980    0.035063    0.022597    5.022598 ^ resetb_l (in)
                                                         resetb_l (net)
                      0.035063    0.000000    5.022598 ^ input2/A (sky130_fd_sc_hd__buf_8)
    11    0.123690    0.146938    0.134072    5.156670 ^ input2/X (sky130_fd_sc_hd__buf_8)
                                                         net2 (net)
                      0.173251    0.046751    5.203421 ^ _104_/RESET_B (sky130_fd_sc_hd__dfrtp_1)
                                              5.203421   data arrival time

                                  0.000000    0.000000   clock gpio_in[38] (rise edge)
                                  0.000000    0.000000   clock source latency
     2    0.090700    0.308256    0.227280    0.227280 ^ gpio_in[38] (in)
                                                         gpio_in[38] (net)
                      0.313233    0.000000    0.227280 ^ clkbuf_0_gpio_in[38]/A (sky130_fd_sc_hd__clkbuf_16)
     5    0.060445    0.064892    0.155354    0.382634 ^ clkbuf_0_gpio_in[38]/X (sky130_fd_sc_hd__clkbuf_16)
                                                         clknet_0_gpio_in[38] (net)
                      0.065227    0.003553    0.386187 ^ clkbuf_1_1__f_gpio_in[38]/A (sky130_fd_sc_hd__clkbuf_16)
    19    0.065981    0.063940    0.117709    0.503896 ^ clkbuf_1_1__f_gpio_in[38]/X (sky130_fd_sc_hd__clkbuf_16)
                                                         clknet_1_1__leaf_gpio_in[38] (net)
                      0.065956    0.008690    0.512586 ^ _104_/CLK (sky130_fd_sc_hd__dfrtp_1)
                                  0.250000    0.762586   clock uncertainty
                                  0.000000    0.762586   clock reconvergence pessimism
                                  0.238866    1.001452   library removal time
                                              1.001452   data required time
---------------------------------------------------------------------------------------------
                                              1.001452   data required time
                                             -5.203421   data arrival time
---------------------------------------------------------------------------------------------
                                              4.201969   slack (MET)


Startpoint: resetb_l (input port clocked by gpio_in[38])
Endpoint: _103_ (removal check against rising-edge clock gpio_in[38])
Path Group: asynchronous
Path Type: min

Fanout         Cap        Slew       Delay        Time   Description
---------------------------------------------------------------------------------------------
                                  0.000000    0.000000   clock gpio_in[38] (rise edge)
                                  0.000000    0.000000   clock network delay (propagated)
                                  5.000000    5.000000 ^ input external delay
     2    0.008980    0.035063    0.022597    5.022598 ^ resetb_l (in)
                                                         resetb_l (net)
                      0.035063    0.000000    5.022598 ^ input2/A (sky130_fd_sc_hd__buf_8)
    11    0.123690    0.146938    0.134072    5.156670 ^ input2/X (sky130_fd_sc_hd__buf_8)
                                                         net2 (net)
                      0.173245    0.046746    5.203415 ^ _103_/RESET_B (sky130_fd_sc_hd__dfrtp_1)
                                              5.203415   data arrival time

                                  0.000000    0.000000   clock gpio_in[38] (rise edge)
                                  0.000000    0.000000   clock source latency
     2    0.090700    0.308256    0.227280    0.227280 ^ gpio_in[38] (in)
                                                         gpio_in[38] (net)
                      0.313233    0.000000    0.227280 ^ clkbuf_0_gpio_in[38]/A (sky130_fd_sc_hd__clkbuf_16)
     5    0.060445    0.064892    0.155354    0.382634 ^ clkbuf_0_gpio_in[38]/X (sky130_fd_sc_hd__clkbuf_16)
                                                         clknet_0_gpio_in[38] (net)
                      0.065227    0.003553    0.386187 ^ clkbuf_1_1__f_gpio_in[38]/A (sky130_fd_sc_hd__clkbuf_16)
    19    0.065981    0.063940    0.117709    0.503896 ^ clkbuf_1_1__f_gpio_in[38]/X (sky130_fd_sc_hd__clkbuf_16)
                                                         clknet_1_1__leaf_gpio_in[38] (net)
                      0.065951    0.008678    0.512574 ^ _103_/CLK (sky130_fd_sc_hd__dfrtp_1)
                                  0.250000    0.762574   clock uncertainty
                                  0.000000    0.762574   clock reconvergence pessimism
                                  0.238864    1.001438   library removal time
                                              1.001438   data required time
---------------------------------------------------------------------------------------------
                                              1.001438   data required time
                                             -5.203415   data arrival time
---------------------------------------------------------------------------------------------
                                              4.201978   slack (MET)


Startpoint: resetb_l (input port clocked by gpio_in[38])
Endpoint: _106_ (removal check against rising-edge clock gpio_in[38])
Path Group: asynchronous
Path Type: min

Fanout         Cap        Slew       Delay        Time   Description
---------------------------------------------------------------------------------------------
                                  0.000000    0.000000   clock gpio_in[38] (rise edge)
                                  0.000000    0.000000   clock network delay (propagated)
                                  5.000000    5.000000 ^ input external delay
     2    0.008980    0.035063    0.022597    5.022598 ^ resetb_l (in)
                                                         resetb_l (net)
                      0.035063    0.000000    5.022598 ^ input2/A (sky130_fd_sc_hd__buf_8)
    11    0.123690    0.146938    0.134072    5.156670 ^ input2/X (sky130_fd_sc_hd__buf_8)
                                                         net2 (net)
                      0.173271    0.046771    5.203441 ^ _106_/RESET_B (sky130_fd_sc_hd__dfrtp_1)
                                              5.203441   data arrival time

                                  0.000000    0.000000   clock gpio_in[38] (rise edge)
                                  0.000000    0.000000   clock source latency
     2    0.090700    0.308256    0.227280    0.227280 ^ gpio_in[38] (in)
                                                         gpio_in[38] (net)
                      0.313233    0.000000    0.227280 ^ clkbuf_0_gpio_in[38]/A (sky130_fd_sc_hd__clkbuf_16)
     5    0.060445    0.064892    0.155354    0.382634 ^ clkbuf_0_gpio_in[38]/X (sky130_fd_sc_hd__clkbuf_16)
                                                         clknet_0_gpio_in[38] (net)
                      0.065227    0.003553    0.386187 ^ clkbuf_1_1__f_gpio_in[38]/A (sky130_fd_sc_hd__clkbuf_16)
    19    0.065981    0.063940    0.117709    0.503896 ^ clkbuf_1_1__f_gpio_in[38]/X (sky130_fd_sc_hd__clkbuf_16)
                                                         clknet_1_1__leaf_gpio_in[38] (net)
                      0.065946    0.008668    0.512563 ^ _106_/CLK (sky130_fd_sc_hd__dfrtp_1)
                                  0.250000    0.762563   clock uncertainty
                                  0.000000    0.762563   clock reconvergence pessimism
                                  0.238870    1.001434   library removal time
                                              1.001434   data required time
---------------------------------------------------------------------------------------------
                                              1.001434   data required time
                                             -5.203441   data arrival time
---------------------------------------------------------------------------------------------
                                              4.202007   slack (MET)


Startpoint: resetb_l (input port clocked by gpio_in[38])
Endpoint: _101_ (removal check against rising-edge clock gpio_in[38])
Path Group: asynchronous
Path Type: min

Fanout         Cap        Slew       Delay        Time   Description
---------------------------------------------------------------------------------------------
                                  0.000000    0.000000   clock gpio_in[38] (rise edge)
                                  0.000000    0.000000   clock network delay (propagated)
                                  5.000000    5.000000 ^ input external delay
     2    0.008980    0.035063    0.022597    5.022598 ^ resetb_l (in)
                                                         resetb_l (net)
                      0.035063    0.000000    5.022598 ^ input2/A (sky130_fd_sc_hd__buf_8)
    11    0.123690    0.146938    0.134072    5.156670 ^ input2/X (sky130_fd_sc_hd__buf_8)
                                                         net2 (net)
                      0.146939    0.000316    5.156986 ^ fanout31/A (sky130_fd_sc_hd__clkbuf_16)
    33    0.177541    0.141503    0.184987    5.341973 ^ fanout31/X (sky130_fd_sc_hd__clkbuf_16)
                                                         net31 (net)
                      0.141513    0.001050    5.343023 ^ _101_/RESET_B (sky130_fd_sc_hd__dfrtp_1)
                                              5.343023   data arrival time

                                  0.000000    0.000000   clock gpio_in[38] (rise edge)
                                  0.000000    0.000000   clock source latency
     2    0.090700    0.308256    0.227280    0.227280 ^ gpio_in[38] (in)
                                                         gpio_in[38] (net)
                      0.313233    0.000000    0.227280 ^ clkbuf_0_gpio_in[38]/A (sky130_fd_sc_hd__clkbuf_16)
     5    0.060445    0.064892    0.155354    0.382634 ^ clkbuf_0_gpio_in[38]/X (sky130_fd_sc_hd__clkbuf_16)
                                                         clknet_0_gpio_in[38] (net)
                      0.065246    0.003664    0.386298 ^ clkbuf_1_0__f_gpio_in[38]/A (sky130_fd_sc_hd__clkbuf_16)
    25    0.077004    0.072445    0.120922    0.507220 ^ clkbuf_1_0__f_gpio_in[38]/X (sky130_fd_sc_hd__clkbuf_16)
                                                         clknet_1_0__leaf_gpio_in[38] (net)
                      0.076590    0.013333    0.520554 ^ _101_/CLK (sky130_fd_sc_hd__dfrtp_1)
                                  0.250000    0.770554   clock uncertainty
                                  0.000000    0.770554   clock reconvergence pessimism
                                  0.232079    1.002633   library removal time
                                              1.002633   data required time
---------------------------------------------------------------------------------------------
                                              1.002633   data required time
                                             -5.343023   data arrival time
---------------------------------------------------------------------------------------------
                                              4.340390   slack (MET)


Startpoint: resetb_l (input port clocked by gpio_in[38])
Endpoint: _102_ (removal check against rising-edge clock gpio_in[38])
Path Group: asynchronous
Path Type: min

Fanout         Cap        Slew       Delay        Time   Description
---------------------------------------------------------------------------------------------
                                  0.000000    0.000000   clock gpio_in[38] (rise edge)
                                  0.000000    0.000000   clock network delay (propagated)
                                  5.000000    5.000000 ^ input external delay
     2    0.008980    0.035063    0.022597    5.022598 ^ resetb_l (in)
                                                         resetb_l (net)
                      0.035063    0.000000    5.022598 ^ input2/A (sky130_fd_sc_hd__buf_8)
    11    0.123690    0.146938    0.134072    5.156670 ^ input2/X (sky130_fd_sc_hd__buf_8)
                                                         net2 (net)
                      0.146939    0.000316    5.156986 ^ fanout31/A (sky130_fd_sc_hd__clkbuf_16)
    33    0.177541    0.141503    0.184987    5.341973 ^ fanout31/X (sky130_fd_sc_hd__clkbuf_16)
                                                         net31 (net)
                      0.141522    0.001366    5.343339 ^ _102_/RESET_B (sky130_fd_sc_hd__dfrtp_1)
                                              5.343339   data arrival time

                                  0.000000    0.000000   clock gpio_in[38] (rise edge)
                                  0.000000    0.000000   clock source latency
     2    0.090700    0.308256    0.227280    0.227280 ^ gpio_in[38] (in)
                                                         gpio_in[38] (net)
                      0.313233    0.000000    0.227280 ^ clkbuf_0_gpio_in[38]/A (sky130_fd_sc_hd__clkbuf_16)
     5    0.060445    0.064892    0.155354    0.382634 ^ clkbuf_0_gpio_in[38]/X (sky130_fd_sc_hd__clkbuf_16)
                                                         clknet_0_gpio_in[38] (net)
                      0.065246    0.003664    0.386298 ^ clkbuf_1_0__f_gpio_in[38]/A (sky130_fd_sc_hd__clkbuf_16)
    25    0.077004    0.072445    0.120922    0.507220 ^ clkbuf_1_0__f_gpio_in[38]/X (sky130_fd_sc_hd__clkbuf_16)
                                                         clknet_1_0__leaf_gpio_in[38] (net)
                      0.076552    0.013269    0.520490 ^ _102_/CLK (sky130_fd_sc_hd__dfrtp_1)
                                  0.250000    0.770490   clock uncertainty
                                  0.000000    0.770490   clock reconvergence pessimism
                                  0.232076    1.002566   library removal time
                                              1.002566   data required time
---------------------------------------------------------------------------------------------
                                              1.002566   data required time
                                             -5.343339   data arrival time
---------------------------------------------------------------------------------------------
                                              4.340773   slack (MET)


Startpoint: resetb_l (input port clocked by gpio_in[38])
Endpoint: _100_ (removal check against rising-edge clock gpio_in[38])
Path Group: asynchronous
Path Type: min

Fanout         Cap        Slew       Delay        Time   Description
---------------------------------------------------------------------------------------------
                                  0.000000    0.000000   clock gpio_in[38] (rise edge)
                                  0.000000    0.000000   clock network delay (propagated)
                                  5.000000    5.000000 ^ input external delay
     2    0.008980    0.035063    0.022597    5.022598 ^ resetb_l (in)
                                                         resetb_l (net)
                      0.035063    0.000000    5.022598 ^ input2/A (sky130_fd_sc_hd__buf_8)
    11    0.123690    0.146938    0.134072    5.156670 ^ input2/X (sky130_fd_sc_hd__buf_8)
                                                         net2 (net)
                      0.146939    0.000316    5.156986 ^ fanout31/A (sky130_fd_sc_hd__clkbuf_16)
    33    0.177541    0.141503    0.184987    5.341973 ^ fanout31/X (sky130_fd_sc_hd__clkbuf_16)
                                                         net31 (net)
                      0.141539    0.001864    5.343837 ^ _100_/RESET_B (sky130_fd_sc_hd__dfrtp_1)
                                              5.343837   data arrival time

                                  0.000000    0.000000   clock gpio_in[38] (rise edge)
                                  0.000000    0.000000   clock source latency
     2    0.090700    0.308256    0.227280    0.227280 ^ gpio_in[38] (in)
                                                         gpio_in[38] (net)
                      0.313233    0.000000    0.227280 ^ clkbuf_0_gpio_in[38]/A (sky130_fd_sc_hd__clkbuf_16)
     5    0.060445    0.064892    0.155354    0.382634 ^ clkbuf_0_gpio_in[38]/X (sky130_fd_sc_hd__clkbuf_16)
                                                         clknet_0_gpio_in[38] (net)
                      0.065246    0.003664    0.386298 ^ clkbuf_1_0__f_gpio_in[38]/A (sky130_fd_sc_hd__clkbuf_16)
    25    0.077004    0.072445    0.120922    0.507220 ^ clkbuf_1_0__f_gpio_in[38]/X (sky130_fd_sc_hd__clkbuf_16)
                                                         clknet_1_0__leaf_gpio_in[38] (net)
                      0.076604    0.013358    0.520578 ^ _100_/CLK (sky130_fd_sc_hd__dfrtp_1)
                                  0.250000    0.770578   clock uncertainty
                                  0.000000    0.770578   clock reconvergence pessimism
                                  0.232088    1.002666   library removal time
                                              1.002666   data required time
---------------------------------------------------------------------------------------------
                                              1.002666   data required time
                                             -5.343837   data arrival time
---------------------------------------------------------------------------------------------
                                              4.341170   slack (MET)


Startpoint: resetb_l (input port clocked by gpio_in[38])
Endpoint: _099_ (removal check against rising-edge clock gpio_in[38])
Path Group: asynchronous
Path Type: min

Fanout         Cap        Slew       Delay        Time   Description
---------------------------------------------------------------------------------------------
                                  0.000000    0.000000   clock gpio_in[38] (rise edge)
                                  0.000000    0.000000   clock network delay (propagated)
                                  5.000000    5.000000 ^ input external delay
     2    0.008980    0.035063    0.022597    5.022598 ^ resetb_l (in)
                                                         resetb_l (net)
                      0.035063    0.000000    5.022598 ^ input2/A (sky130_fd_sc_hd__buf_8)
    11    0.123690    0.146938    0.134072    5.156670 ^ input2/X (sky130_fd_sc_hd__buf_8)
                                                         net2 (net)
                      0.146939    0.000316    5.156986 ^ fanout31/A (sky130_fd_sc_hd__clkbuf_16)
    33    0.177541    0.141503    0.184987    5.341973 ^ fanout31/X (sky130_fd_sc_hd__clkbuf_16)
                                                         net31 (net)
                      0.141581    0.002685    5.344658 ^ _099_/RESET_B (sky130_fd_sc_hd__dfrtp_1)
                                              5.344658   data arrival time

                                  0.000000    0.000000   clock gpio_in[38] (rise edge)
                                  0.000000    0.000000   clock source latency
     2    0.090700    0.308256    0.227280    0.227280 ^ gpio_in[38] (in)
                                                         gpio_in[38] (net)
                      0.313233    0.000000    0.227280 ^ clkbuf_0_gpio_in[38]/A (sky130_fd_sc_hd__clkbuf_16)
     5    0.060445    0.064892    0.155354    0.382634 ^ clkbuf_0_gpio_in[38]/X (sky130_fd_sc_hd__clkbuf_16)
                                                         clknet_0_gpio_in[38] (net)
                      0.065246    0.003664    0.386298 ^ clkbuf_1_0__f_gpio_in[38]/A (sky130_fd_sc_hd__clkbuf_16)
    25    0.077004    0.072445    0.120922    0.507220 ^ clkbuf_1_0__f_gpio_in[38]/X (sky130_fd_sc_hd__clkbuf_16)
                                                         clknet_1_0__leaf_gpio_in[38] (net)
                      0.076534    0.013240    0.520460 ^ _099_/CLK (sky130_fd_sc_hd__dfrtp_1)
                                  0.250000    0.770460   clock uncertainty
                                  0.000000    0.770460   clock reconvergence pessimism
                                  0.232089    1.002549   library removal time
                                              1.002549   data required time
---------------------------------------------------------------------------------------------
                                              1.002549   data required time
                                             -5.344658   data arrival time
---------------------------------------------------------------------------------------------
                                              4.342109   slack (MET)


Startpoint: resetb_l (input port clocked by gpio_in[38])
Endpoint: _089_ (removal check against rising-edge clock gpio_in[38])
Path Group: asynchronous
Path Type: min

Fanout         Cap        Slew       Delay        Time   Description
---------------------------------------------------------------------------------------------
                                  0.000000    0.000000   clock gpio_in[38] (rise edge)
                                  0.000000    0.000000   clock network delay (propagated)
                                  5.000000    5.000000 ^ input external delay
     2    0.008980    0.035063    0.022597    5.022598 ^ resetb_l (in)
                                                         resetb_l (net)
                      0.035063    0.000000    5.022598 ^ input2/A (sky130_fd_sc_hd__buf_8)
    11    0.123690    0.146938    0.134072    5.156670 ^ input2/X (sky130_fd_sc_hd__buf_8)
                                                         net2 (net)
                      0.146939    0.000316    5.156986 ^ fanout31/A (sky130_fd_sc_hd__clkbuf_16)
    33    0.177541    0.141503    0.184987    5.341973 ^ fanout31/X (sky130_fd_sc_hd__clkbuf_16)
                                                         net31 (net)
                      0.141726    0.004376    5.346349 ^ _089_/RESET_B (sky130_fd_sc_hd__dfrtp_1)
                                              5.346349   data arrival time

                                  0.000000    0.000000   clock gpio_in[38] (rise edge)
                                  0.000000    0.000000   clock source latency
     2    0.090700    0.308256    0.227280    0.227280 ^ gpio_in[38] (in)
                                                         gpio_in[38] (net)
                      0.313233    0.000000    0.227280 ^ clkbuf_0_gpio_in[38]/A (sky130_fd_sc_hd__clkbuf_16)
     5    0.060445    0.064892    0.155354    0.382634 ^ clkbuf_0_gpio_in[38]/X (sky130_fd_sc_hd__clkbuf_16)
                                                         clknet_0_gpio_in[38] (net)
                      0.065246    0.003664    0.386298 ^ clkbuf_1_0__f_gpio_in[38]/A (sky130_fd_sc_hd__clkbuf_16)
    25    0.077004    0.072445    0.120922    0.507220 ^ clkbuf_1_0__f_gpio_in[38]/X (sky130_fd_sc_hd__clkbuf_16)
                                                         clknet_1_0__leaf_gpio_in[38] (net)
                      0.076451    0.013099    0.520320 ^ _089_/CLK (sky130_fd_sc_hd__dfrtp_1)
                                  0.250000    0.770320   clock uncertainty
                                  0.000000    0.770320   clock reconvergence pessimism
                                  0.232116    1.002435   library removal time
                                              1.002435   data required time
---------------------------------------------------------------------------------------------
                                              1.002435   data required time
                                             -5.346349   data arrival time
---------------------------------------------------------------------------------------------
                                              4.343914   slack (MET)


Startpoint: resetb_l (input port clocked by gpio_in[38])
Endpoint: _090_ (removal check against rising-edge clock gpio_in[38])
Path Group: asynchronous
Path Type: min

Fanout         Cap        Slew       Delay        Time   Description
---------------------------------------------------------------------------------------------
                                  0.000000    0.000000   clock gpio_in[38] (rise edge)
                                  0.000000    0.000000   clock network delay (propagated)
                                  5.000000    5.000000 ^ input external delay
     2    0.008980    0.035063    0.022597    5.022598 ^ resetb_l (in)
                                                         resetb_l (net)
                      0.035063    0.000000    5.022598 ^ input2/A (sky130_fd_sc_hd__buf_8)
    11    0.123690    0.146938    0.134072    5.156670 ^ input2/X (sky130_fd_sc_hd__buf_8)
                                                         net2 (net)
                      0.146939    0.000316    5.156986 ^ fanout31/A (sky130_fd_sc_hd__clkbuf_16)
    33    0.177541    0.141503    0.184987    5.341973 ^ fanout31/X (sky130_fd_sc_hd__clkbuf_16)
                                                         net31 (net)
                      0.141869    0.005491    5.347464 ^ _090_/RESET_B (sky130_fd_sc_hd__dfrtp_1)
                                              5.347464   data arrival time

                                  0.000000    0.000000   clock gpio_in[38] (rise edge)
                                  0.000000    0.000000   clock source latency
     2    0.090700    0.308256    0.227280    0.227280 ^ gpio_in[38] (in)
                                                         gpio_in[38] (net)
                      0.313233    0.000000    0.227280 ^ clkbuf_0_gpio_in[38]/A (sky130_fd_sc_hd__clkbuf_16)
     5    0.060445    0.064892    0.155354    0.382634 ^ clkbuf_0_gpio_in[38]/X (sky130_fd_sc_hd__clkbuf_16)
                                                         clknet_0_gpio_in[38] (net)
                      0.065246    0.003664    0.386298 ^ clkbuf_1_0__f_gpio_in[38]/A (sky130_fd_sc_hd__clkbuf_16)
    25    0.077004    0.072445    0.120922    0.507220 ^ clkbuf_1_0__f_gpio_in[38]/X (sky130_fd_sc_hd__clkbuf_16)
                                                         clknet_1_0__leaf_gpio_in[38] (net)
                      0.076351    0.012929    0.520149 ^ _090_/CLK (sky130_fd_sc_hd__dfrtp_1)
                                  0.250000    0.770149   clock uncertainty
                                  0.000000    0.770149   clock reconvergence pessimism
                                  0.232139    1.002288   library removal time
                                              1.002288   data required time
---------------------------------------------------------------------------------------------
                                              1.002288   data required time
                                             -5.347464   data arrival time
---------------------------------------------------------------------------------------------
                                              4.345175   slack (MET)


Startpoint: resetb_l (input port clocked by gpio_in[38])
Endpoint: _088_ (removal check against rising-edge clock gpio_in[38])
Path Group: asynchronous
Path Type: min

Fanout         Cap        Slew       Delay        Time   Description
---------------------------------------------------------------------------------------------
                                  0.000000    0.000000   clock gpio_in[38] (rise edge)
                                  0.000000    0.000000   clock network delay (propagated)
                                  5.000000    5.000000 ^ input external delay
     2    0.008980    0.035063    0.022597    5.022598 ^ resetb_l (in)
                                                         resetb_l (net)
                      0.035063    0.000000    5.022598 ^ input2/A (sky130_fd_sc_hd__buf_8)
    11    0.123690    0.146938    0.134072    5.156670 ^ input2/X (sky130_fd_sc_hd__buf_8)
                                                         net2 (net)
                      0.146939    0.000316    5.156986 ^ fanout31/A (sky130_fd_sc_hd__clkbuf_16)
    33    0.177541    0.141503    0.184987    5.341973 ^ fanout31/X (sky130_fd_sc_hd__clkbuf_16)
                                                         net31 (net)
                      0.142058    0.006647    5.348620 ^ _088_/RESET_B (sky130_fd_sc_hd__dfrtp_1)
                                              5.348620   data arrival time

                                  0.000000    0.000000   clock gpio_in[38] (rise edge)
                                  0.000000    0.000000   clock source latency
     2    0.090700    0.308256    0.227280    0.227280 ^ gpio_in[38] (in)
                                                         gpio_in[38] (net)
                      0.313233    0.000000    0.227280 ^ clkbuf_0_gpio_in[38]/A (sky130_fd_sc_hd__clkbuf_16)
     5    0.060445    0.064892    0.155354    0.382634 ^ clkbuf_0_gpio_in[38]/X (sky130_fd_sc_hd__clkbuf_16)
                                                         clknet_0_gpio_in[38] (net)
                      0.065246    0.003664    0.386298 ^ clkbuf_1_0__f_gpio_in[38]/A (sky130_fd_sc_hd__clkbuf_16)
    25    0.077004    0.072445    0.120922    0.507220 ^ clkbuf_1_0__f_gpio_in[38]/X (sky130_fd_sc_hd__clkbuf_16)
                                                         clknet_1_0__leaf_gpio_in[38] (net)
                      0.076206    0.012676    0.519897 ^ _088_/CLK (sky130_fd_sc_hd__dfrtp_1)
                                  0.250000    0.769897   clock uncertainty
                                  0.000000    0.769897   clock reconvergence pessimism
                                  0.232168    1.002065   library removal time
                                              1.002065   data required time
---------------------------------------------------------------------------------------------
                                              1.002065   data required time
                                             -5.348620   data arrival time
---------------------------------------------------------------------------------------------
                                              4.346555   slack (MET)


Startpoint: resetb_l (input port clocked by gpio_in[38])
Endpoint: _087_ (removal check against rising-edge clock gpio_in[38])
Path Group: asynchronous
Path Type: min

Fanout         Cap        Slew       Delay        Time   Description
---------------------------------------------------------------------------------------------
                                  0.000000    0.000000   clock gpio_in[38] (rise edge)
                                  0.000000    0.000000   clock network delay (propagated)
                                  5.000000    5.000000 ^ input external delay
     2    0.008980    0.035063    0.022597    5.022598 ^ resetb_l (in)
                                                         resetb_l (net)
                      0.035063    0.000000    5.022598 ^ input2/A (sky130_fd_sc_hd__buf_8)
    11    0.123690    0.146938    0.134072    5.156670 ^ input2/X (sky130_fd_sc_hd__buf_8)
                                                         net2 (net)
                      0.146939    0.000316    5.156986 ^ fanout31/A (sky130_fd_sc_hd__clkbuf_16)
    33    0.177541    0.141503    0.184987    5.341973 ^ fanout31/X (sky130_fd_sc_hd__clkbuf_16)
                                                         net31 (net)
                      0.142207    0.007415    5.349388 ^ _087_/RESET_B (sky130_fd_sc_hd__dfrtp_2)
                                              5.349388   data arrival time

                                  0.000000    0.000000   clock gpio_in[38] (rise edge)
                                  0.000000    0.000000   clock source latency
     2    0.090700    0.308256    0.227280    0.227280 ^ gpio_in[38] (in)
                                                         gpio_in[38] (net)
                      0.313233    0.000000    0.227280 ^ clkbuf_0_gpio_in[38]/A (sky130_fd_sc_hd__clkbuf_16)
     5    0.060445    0.064892    0.155354    0.382634 ^ clkbuf_0_gpio_in[38]/X (sky130_fd_sc_hd__clkbuf_16)
                                                         clknet_0_gpio_in[38] (net)
                      0.065246    0.003664    0.386298 ^ clkbuf_1_0__f_gpio_in[38]/A (sky130_fd_sc_hd__clkbuf_16)
    25    0.077004    0.072445    0.120922    0.507220 ^ clkbuf_1_0__f_gpio_in[38]/X (sky130_fd_sc_hd__clkbuf_16)
                                                         clknet_1_0__leaf_gpio_in[38] (net)
                      0.076118    0.012522    0.519742 ^ _087_/CLK (sky130_fd_sc_hd__dfrtp_2)
                                  0.250000    0.769742   clock uncertainty
                                  0.000000    0.769742   clock reconvergence pessimism
                                  0.232195    1.001938   library removal time
                                              1.001938   data required time
---------------------------------------------------------------------------------------------
                                              1.001938   data required time
                                             -5.349388   data arrival time
---------------------------------------------------------------------------------------------
                                              4.347451   slack (MET)


Startpoint: resetb_l (input port clocked by gpio_in[38])
Endpoint: _096_ (removal check against rising-edge clock gpio_in[38])
Path Group: asynchronous
Path Type: min

Fanout         Cap        Slew       Delay        Time   Description
---------------------------------------------------------------------------------------------
                                  0.000000    0.000000   clock gpio_in[38] (rise edge)
                                  0.000000    0.000000   clock network delay (propagated)
                                  5.000000    5.000000 ^ input external delay
     2    0.008980    0.035063    0.022597    5.022598 ^ resetb_l (in)
                                                         resetb_l (net)
                      0.035063    0.000000    5.022598 ^ input2/A (sky130_fd_sc_hd__buf_8)
    11    0.123690    0.146938    0.134072    5.156670 ^ input2/X (sky130_fd_sc_hd__buf_8)
                                                         net2 (net)
                      0.146939    0.000316    5.156986 ^ fanout31/A (sky130_fd_sc_hd__clkbuf_16)
    33    0.177541    0.141503    0.184987    5.341973 ^ fanout31/X (sky130_fd_sc_hd__clkbuf_16)
                                                         net31 (net)
                      0.142536    0.008857    5.350830 ^ _096_/RESET_B (sky130_fd_sc_hd__dfrtp_1)
                                              5.350830   data arrival time

                                  0.000000    0.000000   clock gpio_in[38] (rise edge)
                                  0.000000    0.000000   clock source latency
     2    0.090700    0.308256    0.227280    0.227280 ^ gpio_in[38] (in)
                                                         gpio_in[38] (net)
                      0.313233    0.000000    0.227280 ^ clkbuf_0_gpio_in[38]/A (sky130_fd_sc_hd__clkbuf_16)
     5    0.060445    0.064892    0.155354    0.382634 ^ clkbuf_0_gpio_in[38]/X (sky130_fd_sc_hd__clkbuf_16)
                                                         clknet_0_gpio_in[38] (net)
                      0.065246    0.003664    0.386298 ^ clkbuf_1_0__f_gpio_in[38]/A (sky130_fd_sc_hd__clkbuf_16)
    25    0.077004    0.072445    0.120922    0.507220 ^ clkbuf_1_0__f_gpio_in[38]/X (sky130_fd_sc_hd__clkbuf_16)
                                                         clknet_1_0__leaf_gpio_in[38] (net)
                      0.076017    0.012342    0.519562 ^ _096_/CLK (sky130_fd_sc_hd__dfrtp_1)
                                  0.250000    0.769562   clock uncertainty
                                  0.000000    0.769562   clock reconvergence pessimism
                                  0.232267    1.001829   library removal time
                                              1.001829   data required time
---------------------------------------------------------------------------------------------
                                              1.001829   data required time
                                             -5.350830   data arrival time
---------------------------------------------------------------------------------------------
                                              4.349001   slack (MET)


Startpoint: resetb_l (input port clocked by gpio_in[38])
Endpoint: _097_ (removal check against rising-edge clock gpio_in[38])
Path Group: asynchronous
Path Type: min

Fanout         Cap        Slew       Delay        Time   Description
---------------------------------------------------------------------------------------------
                                  0.000000    0.000000   clock gpio_in[38] (rise edge)
                                  0.000000    0.000000   clock network delay (propagated)
                                  5.000000    5.000000 ^ input external delay
     2    0.008980    0.035063    0.022597    5.022598 ^ resetb_l (in)
                                                         resetb_l (net)
                      0.035063    0.000000    5.022598 ^ input2/A (sky130_fd_sc_hd__buf_8)
    11    0.123690    0.146938    0.134072    5.156670 ^ input2/X (sky130_fd_sc_hd__buf_8)
                                                         net2 (net)
                      0.146939    0.000316    5.156986 ^ fanout31/A (sky130_fd_sc_hd__clkbuf_16)
    33    0.177541    0.141503    0.184987    5.341973 ^ fanout31/X (sky130_fd_sc_hd__clkbuf_16)
                                                         net31 (net)
                      0.142543    0.008887    5.350860 ^ _097_/RESET_B (sky130_fd_sc_hd__dfrtp_1)
                                              5.350860   data arrival time

                                  0.000000    0.000000   clock gpio_in[38] (rise edge)
                                  0.000000    0.000000   clock source latency
     2    0.090700    0.308256    0.227280    0.227280 ^ gpio_in[38] (in)
                                                         gpio_in[38] (net)
                      0.313233    0.000000    0.227280 ^ clkbuf_0_gpio_in[38]/A (sky130_fd_sc_hd__clkbuf_16)
     5    0.060445    0.064892    0.155354    0.382634 ^ clkbuf_0_gpio_in[38]/X (sky130_fd_sc_hd__clkbuf_16)
                                                         clknet_0_gpio_in[38] (net)
                      0.065246    0.003664    0.386298 ^ clkbuf_1_0__f_gpio_in[38]/A (sky130_fd_sc_hd__clkbuf_16)
    25    0.077004    0.072445    0.120922    0.507220 ^ clkbuf_1_0__f_gpio_in[38]/X (sky130_fd_sc_hd__clkbuf_16)
                                                         clknet_1_0__leaf_gpio_in[38] (net)
                      0.076010    0.012329    0.519550 ^ _097_/CLK (sky130_fd_sc_hd__dfrtp_1)
                                  0.250000    0.769550   clock uncertainty
                                  0.000000    0.769550   clock reconvergence pessimism
                                  0.232268    1.001817   library removal time
                                              1.001817   data required time
---------------------------------------------------------------------------------------------
                                              1.001817   data required time
                                             -5.350860   data arrival time
---------------------------------------------------------------------------------------------
                                              4.349042   slack (MET)


Startpoint: resetb_l (input port clocked by gpio_in[38])
Endpoint: _098_ (removal check against rising-edge clock gpio_in[38])
Path Group: asynchronous
Path Type: min

Fanout         Cap        Slew       Delay        Time   Description
---------------------------------------------------------------------------------------------
                                  0.000000    0.000000   clock gpio_in[38] (rise edge)
                                  0.000000    0.000000   clock network delay (propagated)
                                  5.000000    5.000000 ^ input external delay
     2    0.008980    0.035063    0.022597    5.022598 ^ resetb_l (in)
                                                         resetb_l (net)
                      0.035063    0.000000    5.022598 ^ input2/A (sky130_fd_sc_hd__buf_8)
    11    0.123690    0.146938    0.134072    5.156670 ^ input2/X (sky130_fd_sc_hd__buf_8)
                                                         net2 (net)
                      0.146939    0.000316    5.156986 ^ fanout31/A (sky130_fd_sc_hd__clkbuf_16)
    33    0.177541    0.141503    0.184987    5.341973 ^ fanout31/X (sky130_fd_sc_hd__clkbuf_16)
                                                         net31 (net)
                      0.142526    0.008817    5.350790 ^ _098_/RESET_B (sky130_fd_sc_hd__dfrtp_1)
                                              5.350790   data arrival time

                                  0.000000    0.000000   clock gpio_in[38] (rise edge)
                                  0.000000    0.000000   clock source latency
     2    0.090700    0.308256    0.227280    0.227280 ^ gpio_in[38] (in)
                                                         gpio_in[38] (net)
                      0.313233    0.000000    0.227280 ^ clkbuf_0_gpio_in[38]/A (sky130_fd_sc_hd__clkbuf_16)
     5    0.060445    0.064892    0.155354    0.382634 ^ clkbuf_0_gpio_in[38]/X (sky130_fd_sc_hd__clkbuf_16)
                                                         clknet_0_gpio_in[38] (net)
                      0.065246    0.003664    0.386298 ^ clkbuf_1_0__f_gpio_in[38]/A (sky130_fd_sc_hd__clkbuf_16)
    25    0.077004    0.072445    0.120922    0.507220 ^ clkbuf_1_0__f_gpio_in[38]/X (sky130_fd_sc_hd__clkbuf_16)
                                                         clknet_1_0__leaf_gpio_in[38] (net)
                      0.075902    0.012134    0.519355 ^ _098_/CLK (sky130_fd_sc_hd__dfrtp_1)
                                  0.250000    0.769355   clock uncertainty
                                  0.000000    0.769355   clock reconvergence pessimism
                                  0.232248    1.001603   library removal time
                                              1.001603   data required time
---------------------------------------------------------------------------------------------
                                              1.001603   data required time
                                             -5.350790   data arrival time
---------------------------------------------------------------------------------------------
                                              4.349187   slack (MET)


Startpoint: resetb_l (input port clocked by gpio_in[38])
Endpoint: _095_ (removal check against rising-edge clock gpio_in[38])
Path Group: asynchronous
Path Type: min

Fanout         Cap        Slew       Delay        Time   Description
---------------------------------------------------------------------------------------------
                                  0.000000    0.000000   clock gpio_in[38] (rise edge)
                                  0.000000    0.000000   clock network delay (propagated)
                                  5.000000    5.000000 ^ input external delay
     2    0.008980    0.035063    0.022597    5.022598 ^ resetb_l (in)
                                                         resetb_l (net)
                      0.035063    0.000000    5.022598 ^ input2/A (sky130_fd_sc_hd__buf_8)
    11    0.123690    0.146938    0.134072    5.156670 ^ input2/X (sky130_fd_sc_hd__buf_8)
                                                         net2 (net)
                      0.146939    0.000316    5.156986 ^ fanout31/A (sky130_fd_sc_hd__clkbuf_16)
    33    0.177541    0.141503    0.184987    5.341973 ^ fanout31/X (sky130_fd_sc_hd__clkbuf_16)
                                                         net31 (net)
                      0.143162    0.011078    5.353051 ^ _095_/RESET_B (sky130_fd_sc_hd__dfrtp_2)
                                              5.353051   data arrival time

                                  0.000000    0.000000   clock gpio_in[38] (rise edge)
                                  0.000000    0.000000   clock source latency
     2    0.090700    0.308256    0.227280    0.227280 ^ gpio_in[38] (in)
                                                         gpio_in[38] (net)
                      0.313233    0.000000    0.227280 ^ clkbuf_0_gpio_in[38]/A (sky130_fd_sc_hd__clkbuf_16)
     5    0.060445    0.064892    0.155354    0.382634 ^ clkbuf_0_gpio_in[38]/X (sky130_fd_sc_hd__clkbuf_16)
                                                         clknet_0_gpio_in[38] (net)
                      0.065246    0.003664    0.386298 ^ clkbuf_1_0__f_gpio_in[38]/A (sky130_fd_sc_hd__clkbuf_16)
    25    0.077004    0.072445    0.120922    0.507220 ^ clkbuf_1_0__f_gpio_in[38]/X (sky130_fd_sc_hd__clkbuf_16)
                                                         clknet_1_0__leaf_gpio_in[38] (net)
                      0.075368    0.011131    0.518352 ^ _095_/CLK (sky130_fd_sc_hd__dfrtp_2)
                                  0.250000    0.768352   clock uncertainty
                                  0.000000    0.768352   clock reconvergence pessimism
                                  0.232341    1.000692   library removal time
                                              1.000692   data required time
---------------------------------------------------------------------------------------------
                                              1.000692   data required time
                                             -5.353051   data arrival time
---------------------------------------------------------------------------------------------
                                              4.352359   slack (MET)


Startpoint: resetb_l (input port clocked by gpio_in[38])
Endpoint: _093_ (removal check against rising-edge clock gpio_in[38])
Path Group: asynchronous
Path Type: min

Fanout         Cap        Slew       Delay        Time   Description
---------------------------------------------------------------------------------------------
                                  0.000000    0.000000   clock gpio_in[38] (rise edge)
                                  0.000000    0.000000   clock network delay (propagated)
                                  5.000000    5.000000 ^ input external delay
     2    0.008980    0.035063    0.022597    5.022598 ^ resetb_l (in)
                                                         resetb_l (net)
                      0.035063    0.000000    5.022598 ^ input2/A (sky130_fd_sc_hd__buf_8)
    11    0.123690    0.146938    0.134072    5.156670 ^ input2/X (sky130_fd_sc_hd__buf_8)
                                                         net2 (net)
                      0.146939    0.000316    5.156986 ^ fanout31/A (sky130_fd_sc_hd__clkbuf_16)
    33    0.177541    0.141503    0.184987    5.341973 ^ fanout31/X (sky130_fd_sc_hd__clkbuf_16)
                                                         net31 (net)
                      0.170542    0.049468    5.391441 ^ _093_/RESET_B (sky130_fd_sc_hd__dfrtp_1)
                                              5.391441   data arrival time

                                  0.000000    0.000000   clock gpio_in[38] (rise edge)
                                  0.000000    0.000000   clock source latency
     2    0.090700    0.308256    0.227280    0.227280 ^ gpio_in[38] (in)
                                                         gpio_in[38] (net)
                      0.313233    0.000000    0.227280 ^ clkbuf_0_gpio_in[38]/A (sky130_fd_sc_hd__clkbuf_16)
     5    0.060445    0.064892    0.155354    0.382634 ^ clkbuf_0_gpio_in[38]/X (sky130_fd_sc_hd__clkbuf_16)
                                                         clknet_0_gpio_in[38] (net)
                      0.065227    0.003553    0.386187 ^ clkbuf_1_1__f_gpio_in[38]/A (sky130_fd_sc_hd__clkbuf_16)
    19    0.065981    0.063940    0.117709    0.503896 ^ clkbuf_1_1__f_gpio_in[38]/X (sky130_fd_sc_hd__clkbuf_16)
                                                         clknet_1_1__leaf_gpio_in[38] (net)
                      0.066158    0.009152    0.513048 ^ _093_/CLK (sky130_fd_sc_hd__dfrtp_1)
                                  0.250000    0.763048   clock uncertainty
                                  0.000000    0.763048   clock reconvergence pessimism
                                  0.238191    1.001239   library removal time
                                              1.001239   data required time
---------------------------------------------------------------------------------------------
                                              1.001239   data required time
                                             -5.391441   data arrival time
---------------------------------------------------------------------------------------------
                                              4.390202   slack (MET)


Startpoint: resetb_l (input port clocked by gpio_in[38])
Endpoint: _091_ (removal check against rising-edge clock gpio_in[38])
Path Group: asynchronous
Path Type: min

Fanout         Cap        Slew       Delay        Time   Description
---------------------------------------------------------------------------------------------
                                  0.000000    0.000000   clock gpio_in[38] (rise edge)
                                  0.000000    0.000000   clock network delay (propagated)
                                  5.000000    5.000000 ^ input external delay
     2    0.008980    0.035063    0.022597    5.022598 ^ resetb_l (in)
                                                         resetb_l (net)
                      0.035063    0.000000    5.022598 ^ input2/A (sky130_fd_sc_hd__buf_8)
    11    0.123690    0.146938    0.134072    5.156670 ^ input2/X (sky130_fd_sc_hd__buf_8)
                                                         net2 (net)
                      0.146939    0.000316    5.156986 ^ fanout31/A (sky130_fd_sc_hd__clkbuf_16)
    33    0.177541    0.141503    0.184987    5.341973 ^ fanout31/X (sky130_fd_sc_hd__clkbuf_16)
                                                         net31 (net)
                      0.170601    0.049526    5.391499 ^ _091_/RESET_B (sky130_fd_sc_hd__dfrtp_1)
                                              5.391499   data arrival time

                                  0.000000    0.000000   clock gpio_in[38] (rise edge)
                                  0.000000    0.000000   clock source latency
     2    0.090700    0.308256    0.227280    0.227280 ^ gpio_in[38] (in)
                                                         gpio_in[38] (net)
                      0.313233    0.000000    0.227280 ^ clkbuf_0_gpio_in[38]/A (sky130_fd_sc_hd__clkbuf_16)
     5    0.060445    0.064892    0.155354    0.382634 ^ clkbuf_0_gpio_in[38]/X (sky130_fd_sc_hd__clkbuf_16)
                                                         clknet_0_gpio_in[38] (net)
                      0.065227    0.003553    0.386187 ^ clkbuf_1_1__f_gpio_in[38]/A (sky130_fd_sc_hd__clkbuf_16)
    19    0.065981    0.063940    0.117709    0.503896 ^ clkbuf_1_1__f_gpio_in[38]/X (sky130_fd_sc_hd__clkbuf_16)
                                                         clknet_1_1__leaf_gpio_in[38] (net)
                      0.066153    0.009141    0.513037 ^ _091_/CLK (sky130_fd_sc_hd__dfrtp_1)
                                  0.250000    0.763037   clock uncertainty
                                  0.000000    0.763037   clock reconvergence pessimism
                                  0.238206    1.001243   library removal time
                                              1.001243   data required time
---------------------------------------------------------------------------------------------
                                              1.001243   data required time
                                             -5.391499   data arrival time
---------------------------------------------------------------------------------------------
                                              4.390255   slack (MET)


Startpoint: resetb_l (input port clocked by gpio_in[38])
Endpoint: _092_ (removal check against rising-edge clock gpio_in[38])
Path Group: asynchronous
Path Type: min

Fanout         Cap        Slew       Delay        Time   Description
---------------------------------------------------------------------------------------------
                                  0.000000    0.000000   clock gpio_in[38] (rise edge)
                                  0.000000    0.000000   clock network delay (propagated)
                                  5.000000    5.000000 ^ input external delay
     2    0.008980    0.035063    0.022597    5.022598 ^ resetb_l (in)
                                                         resetb_l (net)
                      0.035063    0.000000    5.022598 ^ input2/A (sky130_fd_sc_hd__buf_8)
    11    0.123690    0.146938    0.134072    5.156670 ^ input2/X (sky130_fd_sc_hd__buf_8)
                                                         net2 (net)
                      0.146939    0.000316    5.156986 ^ fanout31/A (sky130_fd_sc_hd__clkbuf_16)
    33    0.177541    0.141503    0.184987    5.341973 ^ fanout31/X (sky130_fd_sc_hd__clkbuf_16)
                                                         net31 (net)
                      0.170639    0.049563    5.391535 ^ _092_/RESET_B (sky130_fd_sc_hd__dfrtp_1)
                                              5.391535   data arrival time

                                  0.000000    0.000000   clock gpio_in[38] (rise edge)
                                  0.000000    0.000000   clock source latency
     2    0.090700    0.308256    0.227280    0.227280 ^ gpio_in[38] (in)
                                                         gpio_in[38] (net)
                      0.313233    0.000000    0.227280 ^ clkbuf_0_gpio_in[38]/A (sky130_fd_sc_hd__clkbuf_16)
     5    0.060445    0.064892    0.155354    0.382634 ^ clkbuf_0_gpio_in[38]/X (sky130_fd_sc_hd__clkbuf_16)
                                                         clknet_0_gpio_in[38] (net)
                      0.065227    0.003553    0.386187 ^ clkbuf_1_1__f_gpio_in[38]/A (sky130_fd_sc_hd__clkbuf_16)
    19    0.065981    0.063940    0.117709    0.503896 ^ clkbuf_1_1__f_gpio_in[38]/X (sky130_fd_sc_hd__clkbuf_16)
                                                         clknet_1_1__leaf_gpio_in[38] (net)
                      0.066153    0.009141    0.513037 ^ _092_/CLK (sky130_fd_sc_hd__dfrtp_1)
                                  0.250000    0.763037   clock uncertainty
                                  0.000000    0.763037   clock reconvergence pessimism
                                  0.238216    1.001252   library removal time
                                              1.001252   data required time
---------------------------------------------------------------------------------------------
                                              1.001252   data required time
                                             -5.391535   data arrival time
---------------------------------------------------------------------------------------------
                                              4.390283   slack (MET)


Startpoint: resetb_l (input port clocked by gpio_in[38])
Endpoint: _094_ (removal check against rising-edge clock gpio_in[38])
Path Group: asynchronous
Path Type: min

Fanout         Cap        Slew       Delay        Time   Description
---------------------------------------------------------------------------------------------
                                  0.000000    0.000000   clock gpio_in[38] (rise edge)
                                  0.000000    0.000000   clock network delay (propagated)
                                  5.000000    5.000000 ^ input external delay
     2    0.008980    0.035063    0.022597    5.022598 ^ resetb_l (in)
                                                         resetb_l (net)
                      0.035063    0.000000    5.022598 ^ input2/A (sky130_fd_sc_hd__buf_8)
    11    0.123690    0.146938    0.134072    5.156670 ^ input2/X (sky130_fd_sc_hd__buf_8)
                                                         net2 (net)
                      0.146939    0.000316    5.156986 ^ fanout31/A (sky130_fd_sc_hd__clkbuf_16)
    33    0.177541    0.141503    0.184987    5.341973 ^ fanout31/X (sky130_fd_sc_hd__clkbuf_16)
                                                         net31 (net)
                      0.170621    0.049545    5.391518 ^ _094_/RESET_B (sky130_fd_sc_hd__dfrtp_1)
                                              5.391518   data arrival time

                                  0.000000    0.000000   clock gpio_in[38] (rise edge)
                                  0.000000    0.000000   clock source latency
     2    0.090700    0.308256    0.227280    0.227280 ^ gpio_in[38] (in)
                                                         gpio_in[38] (net)
                      0.313233    0.000000    0.227280 ^ clkbuf_0_gpio_in[38]/A (sky130_fd_sc_hd__clkbuf_16)
     5    0.060445    0.064892    0.155354    0.382634 ^ clkbuf_0_gpio_in[38]/X (sky130_fd_sc_hd__clkbuf_16)
                                                         clknet_0_gpio_in[38] (net)
                      0.065227    0.003553    0.386187 ^ clkbuf_1_1__f_gpio_in[38]/A (sky130_fd_sc_hd__clkbuf_16)
    19    0.065981    0.063940    0.117709    0.503896 ^ clkbuf_1_1__f_gpio_in[38]/X (sky130_fd_sc_hd__clkbuf_16)
                                                         clknet_1_1__leaf_gpio_in[38] (net)
                      0.066131    0.009091    0.512987 ^ _094_/CLK (sky130_fd_sc_hd__dfrtp_1)
                                  0.250000    0.762987   clock uncertainty
                                  0.000000    0.762987   clock reconvergence pessimism
                                  0.238208    1.001194   library removal time
                                              1.001194   data required time
---------------------------------------------------------------------------------------------
                                              1.001194   data required time
                                             -5.391518   data arrival time
---------------------------------------------------------------------------------------------
                                              4.390323   slack (MET)


Startpoint: _106_ (rising edge-triggered flip-flop clocked by gpio_in[38])
Endpoint: gpio_out[37] (output port clocked by gpio_in[38])
Path Group: gpio_in[38]
Path Type: min

Fanout         Cap        Slew       Delay        Time   Description
---------------------------------------------------------------------------------------------
                                  0.000000    0.000000   clock gpio_in[38] (rise edge)
                                  0.000000    0.000000   clock source latency
     2    0.090700    0.308256    0.227280    0.227280 ^ gpio_in[38] (in)
                                                         gpio_in[38] (net)
                      0.313233    0.000000    0.227280 ^ clkbuf_0_gpio_in[38]/A (sky130_fd_sc_hd__clkbuf_16)
     5    0.060445    0.064892    0.155354    0.382634 ^ clkbuf_0_gpio_in[38]/X (sky130_fd_sc_hd__clkbuf_16)
                                                         clknet_0_gpio_in[38] (net)
                      0.065227    0.003553    0.386187 ^ clkbuf_1_1__f_gpio_in[38]/A (sky130_fd_sc_hd__clkbuf_16)
    19    0.065981    0.063940    0.117709    0.503896 ^ clkbuf_1_1__f_gpio_in[38]/X (sky130_fd_sc_hd__clkbuf_16)
                                                         clknet_1_1__leaf_gpio_in[38] (net)
                      0.065946    0.008668    0.512563 ^ _106_/CLK (sky130_fd_sc_hd__dfrtp_1)
     2    0.005641    0.036907    0.241894    0.754457 v _106_/Q (sky130_fd_sc_hd__dfrtp_1)
                                                         gpio_22_37_output[37].cfg.gpio_out_val (net)
                      0.036907    0.000074    0.754531 v _678_/A (sky130_fd_sc_hd__clkbuf_1)
     1    0.001889    0.015358    0.055486    0.810017 v _678_/X (sky130_fd_sc_hd__clkbuf_1)
                                                         net27 (net)
                      0.015358    0.000015    0.810033 v output27/A (sky130_fd_sc_hd__buf_2)
     1    0.034420    0.062857    0.112083    0.922115 v output27/X (sky130_fd_sc_hd__buf_2)
                                                         gpio_out[37] (net)
                      0.062859    0.000418    0.922533 v gpio_out[37] (out)
                                              0.922533   data arrival time

                                  0.000000    0.000000   clock gpio_in[38] (rise edge)
                                  0.000000    0.000000   clock network delay (propagated)
                                  0.250000    0.250000   clock uncertainty
                                  0.000000    0.250000   clock reconvergence pessimism
                                 -5.000000   -4.750000   output external delay
                                             -4.750000   data required time
---------------------------------------------------------------------------------------------
                                             -4.750000   data required time
                                             -0.922533   data arrival time
---------------------------------------------------------------------------------------------
                                              5.672533   slack (MET)


Startpoint: _094_ (rising edge-triggered flip-flop clocked by gpio_in[38])
Endpoint: gpio_out[25] (output port clocked by gpio_in[38])
Path Group: gpio_in[38]
Path Type: min

Fanout         Cap        Slew       Delay        Time   Description
---------------------------------------------------------------------------------------------
                                  0.000000    0.000000   clock gpio_in[38] (rise edge)
                                  0.000000    0.000000   clock source latency
     2    0.090700    0.308256    0.227280    0.227280 ^ gpio_in[38] (in)
                                                         gpio_in[38] (net)
                      0.313233    0.000000    0.227280 ^ clkbuf_0_gpio_in[38]/A (sky130_fd_sc_hd__clkbuf_16)
     5    0.060445    0.064892    0.155354    0.382634 ^ clkbuf_0_gpio_in[38]/X (sky130_fd_sc_hd__clkbuf_16)
                                                         clknet_0_gpio_in[38] (net)
                      0.065227    0.003553    0.386187 ^ clkbuf_1_1__f_gpio_in[38]/A (sky130_fd_sc_hd__clkbuf_16)
    19    0.065981    0.063940    0.117709    0.503896 ^ clkbuf_1_1__f_gpio_in[38]/X (sky130_fd_sc_hd__clkbuf_16)
                                                         clknet_1_1__leaf_gpio_in[38] (net)
                      0.066131    0.009091    0.512987 ^ _094_/CLK (sky130_fd_sc_hd__dfrtp_1)
     3    0.007185    0.041948    0.247572    0.760559 v _094_/Q (sky130_fd_sc_hd__dfrtp_1)
                                                         gpio_22_37_output[25].cfg.gpio_out_val (net)
                      0.041948    0.000052    0.760611 v _666_/A (sky130_fd_sc_hd__clkbuf_1)
     1    0.002253    0.016625    0.058910    0.819521 v _666_/X (sky130_fd_sc_hd__clkbuf_1)
                                                         net14 (net)
                      0.016625    0.000023    0.819543 v output14/A (sky130_fd_sc_hd__buf_2)
     1    0.034464    0.062931    0.112585    0.932128 v output14/X (sky130_fd_sc_hd__buf_2)
                                                         gpio_out[25] (net)
                      0.062933    0.000420    0.932548 v gpio_out[25] (out)
                                              0.932548   data arrival time

                                  0.000000    0.000000   clock gpio_in[38] (rise edge)
                                  0.000000    0.000000   clock network delay (propagated)
                                  0.250000    0.250000   clock uncertainty
                                  0.000000    0.250000   clock reconvergence pessimism
                                 -5.000000   -4.750000   output external delay
                                             -4.750000   data required time
---------------------------------------------------------------------------------------------
                                             -4.750000   data required time
                                             -0.932548   data arrival time
---------------------------------------------------------------------------------------------
                                              5.682548   slack (MET)


Startpoint: _091_ (rising edge-triggered flip-flop clocked by gpio_in[38])
Endpoint: gpio_out[22] (output port clocked by gpio_in[38])
Path Group: gpio_in[38]
Path Type: min

Fanout         Cap        Slew       Delay        Time   Description
---------------------------------------------------------------------------------------------
                                  0.000000    0.000000   clock gpio_in[38] (rise edge)
                                  0.000000    0.000000   clock source latency
     2    0.090700    0.308256    0.227280    0.227280 ^ gpio_in[38] (in)
                                                         gpio_in[38] (net)
                      0.313233    0.000000    0.227280 ^ clkbuf_0_gpio_in[38]/A (sky130_fd_sc_hd__clkbuf_16)
     5    0.060445    0.064892    0.155354    0.382634 ^ clkbuf_0_gpio_in[38]/X (sky130_fd_sc_hd__clkbuf_16)
                                                         clknet_0_gpio_in[38] (net)
                      0.065227    0.003553    0.386187 ^ clkbuf_1_1__f_gpio_in[38]/A (sky130_fd_sc_hd__clkbuf_16)
    19    0.065981    0.063940    0.117709    0.503896 ^ clkbuf_1_1__f_gpio_in[38]/X (sky130_fd_sc_hd__clkbuf_16)
                                                         clknet_1_1__leaf_gpio_in[38] (net)
                      0.066153    0.009141    0.513037 ^ _091_/CLK (sky130_fd_sc_hd__dfrtp_1)
     3    0.008194    0.045379    0.251251    0.764289 v _091_/Q (sky130_fd_sc_hd__dfrtp_1)
                                                         gpio_22_37_output[22].cfg.gpio_out_val (net)
                      0.045379    0.000061    0.764350 v _663_/A (sky130_fd_sc_hd__clkbuf_1)
     1    0.002141    0.016260    0.059896    0.824246 v _663_/X (sky130_fd_sc_hd__clkbuf_1)
                                                         net11 (net)
                      0.016260    0.000020    0.824266 v output11/A (sky130_fd_sc_hd__buf_2)
     1    0.034382    0.062802    0.112363    0.936629 v output11/X (sky130_fd_sc_hd__buf_2)
                                                         gpio_out[22] (net)
                      0.062804    0.000406    0.937034 v gpio_out[22] (out)
                                              0.937034   data arrival time

                                  0.000000    0.000000   clock gpio_in[38] (rise edge)
                                  0.000000    0.000000   clock network delay (propagated)
                                  0.250000    0.250000   clock uncertainty
                                  0.000000    0.250000   clock reconvergence pessimism
                                 -5.000000   -4.750000   output external delay
                                             -4.750000   data required time
---------------------------------------------------------------------------------------------
                                             -4.750000   data required time
                                             -0.937034   data arrival time
---------------------------------------------------------------------------------------------
                                              5.687035   slack (MET)


Startpoint: _090_ (rising edge-triggered flip-flop clocked by gpio_in[38])
Endpoint: gpio_out[21] (output port clocked by gpio_in[38])
Path Group: gpio_in[38]
Path Type: min

Fanout         Cap        Slew       Delay        Time   Description
---------------------------------------------------------------------------------------------
                                  0.000000    0.000000   clock gpio_in[38] (rise edge)
                                  0.000000    0.000000   clock source latency
     2    0.090700    0.308256    0.227280    0.227280 ^ gpio_in[38] (in)
                                                         gpio_in[38] (net)
                      0.313233    0.000000    0.227280 ^ clkbuf_0_gpio_in[38]/A (sky130_fd_sc_hd__clkbuf_16)
     5    0.060445    0.064892    0.155354    0.382634 ^ clkbuf_0_gpio_in[38]/X (sky130_fd_sc_hd__clkbuf_16)
                                                         clknet_0_gpio_in[38] (net)
                      0.065246    0.003664    0.386298 ^ clkbuf_1_0__f_gpio_in[38]/A (sky130_fd_sc_hd__clkbuf_16)
    25    0.077004    0.072445    0.120922    0.507220 ^ clkbuf_1_0__f_gpio_in[38]/X (sky130_fd_sc_hd__clkbuf_16)
                                                         clknet_1_0__leaf_gpio_in[38] (net)
                      0.076351    0.012929    0.520149 ^ _090_/CLK (sky130_fd_sc_hd__dfrtp_1)
     3    0.007472    0.042909    0.251254    0.771403 v _090_/Q (sky130_fd_sc_hd__dfrtp_1)
                                                         gpio_18_21_bidir[21].cfg.gpio_out_val (net)
                      0.042909    0.000094    0.771497 v _662_/A (sky130_fd_sc_hd__clkbuf_1)
     1    0.001850    0.015270    0.057798    0.829296 v _662_/X (sky130_fd_sc_hd__clkbuf_1)
                                                         net10 (net)
                      0.015270    0.000008    0.829303 v output10/A (sky130_fd_sc_hd__buf_2)
     1    0.034256    0.062584    0.111897    0.941200 v output10/X (sky130_fd_sc_hd__buf_2)
                                                         gpio_out[21] (net)
                      0.062585    0.000345    0.941545 v gpio_out[21] (out)
                                              0.941545   data arrival time

                                  0.000000    0.000000   clock gpio_in[38] (rise edge)
                                  0.000000    0.000000   clock network delay (propagated)
                                  0.250000    0.250000   clock uncertainty
                                  0.000000    0.250000   clock reconvergence pessimism
                                 -5.000000   -4.750000   output external delay
                                             -4.750000   data required time
---------------------------------------------------------------------------------------------
                                             -4.750000   data required time
                                             -0.941545   data arrival time
---------------------------------------------------------------------------------------------
                                              5.691545   slack (MET)


Startpoint: _098_ (rising edge-triggered flip-flop clocked by gpio_in[38])
Endpoint: gpio_out[29] (output port clocked by gpio_in[38])
Path Group: gpio_in[38]
Path Type: min

Fanout         Cap        Slew       Delay        Time   Description
---------------------------------------------------------------------------------------------
                                  0.000000    0.000000   clock gpio_in[38] (rise edge)
                                  0.000000    0.000000   clock source latency
     2    0.090700    0.308256    0.227280    0.227280 ^ gpio_in[38] (in)
                                                         gpio_in[38] (net)
                      0.313233    0.000000    0.227280 ^ clkbuf_0_gpio_in[38]/A (sky130_fd_sc_hd__clkbuf_16)
     5    0.060445    0.064892    0.155354    0.382634 ^ clkbuf_0_gpio_in[38]/X (sky130_fd_sc_hd__clkbuf_16)
                                                         clknet_0_gpio_in[38] (net)
                      0.065246    0.003664    0.386298 ^ clkbuf_1_0__f_gpio_in[38]/A (sky130_fd_sc_hd__clkbuf_16)
    25    0.077004    0.072445    0.120922    0.507220 ^ clkbuf_1_0__f_gpio_in[38]/X (sky130_fd_sc_hd__clkbuf_16)
                                                         clknet_1_0__leaf_gpio_in[38] (net)
                      0.075902    0.012134    0.519355 ^ _098_/CLK (sky130_fd_sc_hd__dfrtp_1)
     2    0.005752    0.037239    0.244892    0.764246 v _098_/Q (sky130_fd_sc_hd__dfrtp_1)
                                                         gpio_22_37_output[29].cfg.gpio_out_val (net)
                      0.037239    0.000049    0.764296 v _670_/A (sky130_fd_sc_hd__clkbuf_1)
     1    0.004255    0.023592    0.064011    0.828306 v _670_/X (sky130_fd_sc_hd__clkbuf_1)
                                                         net18 (net)
                      0.023592    0.000075    0.828381 v output18/A (sky130_fd_sc_hd__buf_2)
     1    0.034256    0.062634    0.114870    0.943251 v output18/X (sky130_fd_sc_hd__buf_2)
                                                         gpio_out[29] (net)
                      0.062636    0.000345    0.943596 v gpio_out[29] (out)
                                              0.943596   data arrival time

                                  0.000000    0.000000   clock gpio_in[38] (rise edge)
                                  0.000000    0.000000   clock network delay (propagated)
                                  0.250000    0.250000   clock uncertainty
                                  0.000000    0.250000   clock reconvergence pessimism
                                 -5.000000   -4.750000   output external delay
                                             -4.750000   data required time
---------------------------------------------------------------------------------------------
                                             -4.750000   data required time
                                             -0.943596   data arrival time
---------------------------------------------------------------------------------------------
                                              5.693596   slack (MET)


Startpoint: _089_ (rising edge-triggered flip-flop clocked by gpio_in[38])
Endpoint: gpio_out[4] (output port clocked by gpio_in[38])
Path Group: gpio_in[38]
Path Type: min

Fanout         Cap        Slew       Delay        Time   Description
---------------------------------------------------------------------------------------------
                                  0.000000    0.000000   clock gpio_in[38] (rise edge)
                                  0.000000    0.000000   clock source latency
     2    0.090700    0.308256    0.227280    0.227280 ^ gpio_in[38] (in)
                                                         gpio_in[38] (net)
                      0.313233    0.000000    0.227280 ^ clkbuf_0_gpio_in[38]/A (sky130_fd_sc_hd__clkbuf_16)
     5    0.060445    0.064892    0.155354    0.382634 ^ clkbuf_0_gpio_in[38]/X (sky130_fd_sc_hd__clkbuf_16)
                                                         clknet_0_gpio_in[38] (net)
                      0.065246    0.003664    0.386298 ^ clkbuf_1_0__f_gpio_in[38]/A (sky130_fd_sc_hd__clkbuf_16)
    25    0.077004    0.072445    0.120922    0.507220 ^ clkbuf_1_0__f_gpio_in[38]/X (sky130_fd_sc_hd__clkbuf_16)
                                                         clknet_1_0__leaf_gpio_in[38] (net)
                      0.076451    0.013099    0.520320 ^ _089_/CLK (sky130_fd_sc_hd__dfrtp_1)
     3    0.008023    0.044781    0.253293    0.773612 v _089_/Q (sky130_fd_sc_hd__dfrtp_1)
                                                         gpio_18_21_bidir[20].cfg.gpio_out_val (net)
                      0.044781    0.000079    0.773692 v _657_/A (sky130_fd_sc_hd__clkbuf_1)
     1    0.002092    0.016088    0.059467    0.833158 v _657_/X (sky130_fd_sc_hd__clkbuf_1)
                                                         net29 (net)
                      0.016088    0.000019    0.833177 v output29/A (sky130_fd_sc_hd__buf_2)
     1    0.034256    0.062589    0.112187    0.945364 v output29/X (sky130_fd_sc_hd__buf_2)
                                                         gpio_out[4] (net)
                      0.062590    0.000345    0.945708 v gpio_out[4] (out)
                                              0.945708   data arrival time

                                  0.000000    0.000000   clock gpio_in[38] (rise edge)
                                  0.000000    0.000000   clock network delay (propagated)
                                  0.250000    0.250000   clock uncertainty
                                  0.000000    0.250000   clock reconvergence pessimism
                                 -5.000000   -4.750000   output external delay
                                             -4.750000   data required time
---------------------------------------------------------------------------------------------
                                             -4.750000   data required time
                                             -0.945708   data arrival time
---------------------------------------------------------------------------------------------
                                              5.695708   slack (MET)


Startpoint: _092_ (rising edge-triggered flip-flop clocked by gpio_in[38])
Endpoint: gpio_out[23] (output port clocked by gpio_in[38])
Path Group: gpio_in[38]
Path Type: min

Fanout         Cap        Slew       Delay        Time   Description
---------------------------------------------------------------------------------------------
                                  0.000000    0.000000   clock gpio_in[38] (rise edge)
                                  0.000000    0.000000   clock source latency
     2    0.090700    0.308256    0.227280    0.227280 ^ gpio_in[38] (in)
                                                         gpio_in[38] (net)
                      0.313233    0.000000    0.227280 ^ clkbuf_0_gpio_in[38]/A (sky130_fd_sc_hd__clkbuf_16)
     5    0.060445    0.064892    0.155354    0.382634 ^ clkbuf_0_gpio_in[38]/X (sky130_fd_sc_hd__clkbuf_16)
                                                         clknet_0_gpio_in[38] (net)
                      0.065227    0.003553    0.386187 ^ clkbuf_1_1__f_gpio_in[38]/A (sky130_fd_sc_hd__clkbuf_16)
    19    0.065981    0.063940    0.117709    0.503896 ^ clkbuf_1_1__f_gpio_in[38]/X (sky130_fd_sc_hd__clkbuf_16)
                                                         clknet_1_1__leaf_gpio_in[38] (net)
                      0.066153    0.009141    0.513037 ^ _092_/CLK (sky130_fd_sc_hd__dfrtp_1)
     3    0.009848    0.050919    0.257229    0.770266 v _092_/Q (sky130_fd_sc_hd__dfrtp_1)
                                                         gpio_22_37_output[23].cfg.gpio_out_val (net)
                      0.050919    0.000156    0.770423 v _664_/A (sky130_fd_sc_hd__clkbuf_1)
     1    0.002197    0.016490    0.062371    0.832794 v _664_/X (sky130_fd_sc_hd__clkbuf_1)
                                                         net12 (net)
                      0.016490    0.000022    0.832816 v output12/A (sky130_fd_sc_hd__buf_2)
     1    0.034420    0.062864    0.112483    0.945299 v output12/X (sky130_fd_sc_hd__buf_2)
                                                         gpio_out[23] (net)
                      0.062866    0.000418    0.945717 v gpio_out[23] (out)
                                              0.945717   data arrival time

                                  0.000000    0.000000   clock gpio_in[38] (rise edge)
                                  0.000000    0.000000   clock network delay (propagated)
                                  0.250000    0.250000   clock uncertainty
                                  0.000000    0.250000   clock reconvergence pessimism
                                 -5.000000   -4.750000   output external delay
                                             -4.750000   data required time
---------------------------------------------------------------------------------------------
                                             -4.750000   data required time
                                             -0.945717   data arrival time
---------------------------------------------------------------------------------------------
                                              5.695716   slack (MET)


Startpoint: _089_ (rising edge-triggered flip-flop clocked by gpio_in[38])
Endpoint: gpio_out[20] (output port clocked by gpio_in[38])
Path Group: gpio_in[38]
Path Type: min

Fanout         Cap        Slew       Delay        Time   Description
---------------------------------------------------------------------------------------------
                                  0.000000    0.000000   clock gpio_in[38] (rise edge)
                                  0.000000    0.000000   clock source latency
     2    0.090700    0.308256    0.227280    0.227280 ^ gpio_in[38] (in)
                                                         gpio_in[38] (net)
                      0.313233    0.000000    0.227280 ^ clkbuf_0_gpio_in[38]/A (sky130_fd_sc_hd__clkbuf_16)
     5    0.060445    0.064892    0.155354    0.382634 ^ clkbuf_0_gpio_in[38]/X (sky130_fd_sc_hd__clkbuf_16)
                                                         clknet_0_gpio_in[38] (net)
                      0.065246    0.003664    0.386298 ^ clkbuf_1_0__f_gpio_in[38]/A (sky130_fd_sc_hd__clkbuf_16)
    25    0.077004    0.072445    0.120922    0.507220 ^ clkbuf_1_0__f_gpio_in[38]/X (sky130_fd_sc_hd__clkbuf_16)
                                                         clknet_1_0__leaf_gpio_in[38] (net)
                      0.076451    0.013099    0.520320 ^ _089_/CLK (sky130_fd_sc_hd__dfrtp_1)
     3    0.008023    0.044781    0.253293    0.773612 v _089_/Q (sky130_fd_sc_hd__dfrtp_1)
                                                         gpio_18_21_bidir[20].cfg.gpio_out_val (net)
                      0.044781    0.000082    0.773694 v _661_/A (sky130_fd_sc_hd__clkbuf_1)
     1    0.002096    0.016101    0.059481    0.833176 v _661_/X (sky130_fd_sc_hd__clkbuf_1)
                                                         net9 (net)
                      0.016101    0.000019    0.833194 v output9/A (sky130_fd_sc_hd__buf_2)
     1    0.034256    0.062589    0.112191    0.945386 v output9/X (sky130_fd_sc_hd__buf_2)
                                                         gpio_out[20] (net)
                      0.062590    0.000345    0.945730 v gpio_out[20] (out)
                                              0.945730   data arrival time

                                  0.000000    0.000000   clock gpio_in[38] (rise edge)
                                  0.000000    0.000000   clock network delay (propagated)
                                  0.250000    0.250000   clock uncertainty
                                  0.000000    0.250000   clock reconvergence pessimism
                                 -5.000000   -4.750000   output external delay
                                             -4.750000   data required time
---------------------------------------------------------------------------------------------
                                             -4.750000   data required time
                                             -0.945730   data arrival time
---------------------------------------------------------------------------------------------
                                              5.695730   slack (MET)


Startpoint: _087_ (rising edge-triggered flip-flop clocked by gpio_in[38])
Endpoint: gpio_out[18] (output port clocked by gpio_in[38])
Path Group: gpio_in[38]
Path Type: min

Fanout         Cap        Slew       Delay        Time   Description
---------------------------------------------------------------------------------------------
                                  0.000000    0.000000   clock gpio_in[38] (rise edge)
                                  0.000000    0.000000   clock source latency
     2    0.090700    0.308256    0.227280    0.227280 ^ gpio_in[38] (in)
                                                         gpio_in[38] (net)
                      0.313233    0.000000    0.227280 ^ clkbuf_0_gpio_in[38]/A (sky130_fd_sc_hd__clkbuf_16)
     5    0.060445    0.064892    0.155354    0.382634 ^ clkbuf_0_gpio_in[38]/X (sky130_fd_sc_hd__clkbuf_16)
                                                         clknet_0_gpio_in[38] (net)
                      0.065246    0.003664    0.386298 ^ clkbuf_1_0__f_gpio_in[38]/A (sky130_fd_sc_hd__clkbuf_16)
    25    0.077004    0.072445    0.120922    0.507220 ^ clkbuf_1_0__f_gpio_in[38]/X (sky130_fd_sc_hd__clkbuf_16)
                                                         clknet_1_0__leaf_gpio_in[38] (net)
                      0.076118    0.012522    0.519742 ^ _087_/CLK (sky130_fd_sc_hd__dfrtp_2)
     3    0.009454    0.046829    0.239750    0.759492 ^ _087_/Q (sky130_fd_sc_hd__dfrtp_2)
                                                         gpio_18_21_bidir[18].cfg.gpio_out_val (net)
                      0.046829    0.000116    0.759608 ^ _659_/A (sky130_fd_sc_hd__clkbuf_1)
     1    0.002251    0.027946    0.051599    0.811207 ^ _659_/X (sky130_fd_sc_hd__clkbuf_1)
                                                         net7 (net)
                      0.027946    0.000020    0.811227 ^ output7/A (sky130_fd_sc_hd__buf_2)
     1    0.034319    0.128395    0.136629    0.947857 ^ output7/X (sky130_fd_sc_hd__buf_2)
                                                         gpio_out[18] (net)
                      0.128397    0.000357    0.948213 ^ gpio_out[18] (out)
                                              0.948213   data arrival time

                                  0.000000    0.000000   clock gpio_in[38] (rise edge)
                                  0.000000    0.000000   clock network delay (propagated)
                                  0.250000    0.250000   clock uncertainty
                                  0.000000    0.250000   clock reconvergence pessimism
                                 -5.000000   -4.750000   output external delay
                                             -4.750000   data required time
---------------------------------------------------------------------------------------------
                                             -4.750000   data required time
                                             -0.948213   data arrival time
---------------------------------------------------------------------------------------------
                                              5.698214   slack (MET)


Startpoint: _087_ (rising edge-triggered flip-flop clocked by gpio_in[38])
Endpoint: gpio_out[2] (output port clocked by gpio_in[38])
Path Group: gpio_in[38]
Path Type: min

Fanout         Cap        Slew       Delay        Time   Description
---------------------------------------------------------------------------------------------
                                  0.000000    0.000000   clock gpio_in[38] (rise edge)
                                  0.000000    0.000000   clock source latency
     2    0.090700    0.308256    0.227280    0.227280 ^ gpio_in[38] (in)
                                                         gpio_in[38] (net)
                      0.313233    0.000000    0.227280 ^ clkbuf_0_gpio_in[38]/A (sky130_fd_sc_hd__clkbuf_16)
     5    0.060445    0.064892    0.155354    0.382634 ^ clkbuf_0_gpio_in[38]/X (sky130_fd_sc_hd__clkbuf_16)
                                                         clknet_0_gpio_in[38] (net)
                      0.065246    0.003664    0.386298 ^ clkbuf_1_0__f_gpio_in[38]/A (sky130_fd_sc_hd__clkbuf_16)
    25    0.077004    0.072445    0.120922    0.507220 ^ clkbuf_1_0__f_gpio_in[38]/X (sky130_fd_sc_hd__clkbuf_16)
                                                         clknet_1_0__leaf_gpio_in[38] (net)
                      0.076118    0.012522    0.519742 ^ _087_/CLK (sky130_fd_sc_hd__dfrtp_2)
     3    0.009454    0.046829    0.239750    0.759492 ^ _087_/Q (sky130_fd_sc_hd__dfrtp_2)
                                                         gpio_18_21_bidir[18].cfg.gpio_out_val (net)
                      0.046829    0.000125    0.759618 ^ _655_/A (sky130_fd_sc_hd__clkbuf_1)
     1    0.002353    0.028752    0.052213    0.811831 ^ _655_/X (sky130_fd_sc_hd__clkbuf_1)
                                                         net19 (net)
                      0.028752    0.000023    0.811854 ^ output19/A (sky130_fd_sc_hd__buf_2)
     1    0.034315    0.128382    0.136866    0.948719 ^ output19/X (sky130_fd_sc_hd__buf_2)
                                                         gpio_out[2] (net)
                      0.128383    0.000357    0.949076 ^ gpio_out[2] (out)
                                              0.949076   data arrival time

                                  0.000000    0.000000   clock gpio_in[38] (rise edge)
                                  0.000000    0.000000   clock network delay (propagated)
                                  0.250000    0.250000   clock uncertainty
                                  0.000000    0.250000   clock reconvergence pessimism
                                 -5.000000   -4.750000   output external delay
                                             -4.750000   data required time
---------------------------------------------------------------------------------------------
                                             -4.750000   data required time
                                             -0.949076   data arrival time
---------------------------------------------------------------------------------------------
                                              5.699076   slack (MET)


Startpoint: _102_ (rising edge-triggered flip-flop clocked by gpio_in[38])
Endpoint: gpio_out[33] (output port clocked by gpio_in[38])
Path Group: gpio_in[38]
Path Type: min

Fanout         Cap        Slew       Delay        Time   Description
---------------------------------------------------------------------------------------------
                                  0.000000    0.000000   clock gpio_in[38] (rise edge)
                                  0.000000    0.000000   clock source latency
     2    0.090700    0.308256    0.227280    0.227280 ^ gpio_in[38] (in)
                                                         gpio_in[38] (net)
                      0.313233    0.000000    0.227280 ^ clkbuf_0_gpio_in[38]/A (sky130_fd_sc_hd__clkbuf_16)
     5    0.060445    0.064892    0.155354    0.382634 ^ clkbuf_0_gpio_in[38]/X (sky130_fd_sc_hd__clkbuf_16)
                                                         clknet_0_gpio_in[38] (net)
                      0.065246    0.003664    0.386298 ^ clkbuf_1_0__f_gpio_in[38]/A (sky130_fd_sc_hd__clkbuf_16)
    25    0.077004    0.072445    0.120922    0.507220 ^ clkbuf_1_0__f_gpio_in[38]/X (sky130_fd_sc_hd__clkbuf_16)
                                                         clknet_1_0__leaf_gpio_in[38] (net)
                      0.076552    0.013269    0.520490 ^ _102_/CLK (sky130_fd_sc_hd__dfrtp_1)
     3    0.008426    0.046164    0.254786    0.775276 v _102_/Q (sky130_fd_sc_hd__dfrtp_1)
                                                         gpio_22_37_output[33].cfg.gpio_out_val (net)
                      0.046164    0.000080    0.775356 v _674_/A (sky130_fd_sc_hd__clkbuf_1)
     1    0.003303    0.020354    0.064553    0.839909 v _674_/X (sky130_fd_sc_hd__clkbuf_1)
                                                         net23 (net)
                      0.020354    0.000045    0.839955 v output23/A (sky130_fd_sc_hd__buf_2)
     1    0.034256    0.062617    0.113698    0.953653 v output23/X (sky130_fd_sc_hd__buf_2)
                                                         gpio_out[33] (net)
                      0.062618    0.000345    0.953997 v gpio_out[33] (out)
                                              0.953997   data arrival time

                                  0.000000    0.000000   clock gpio_in[38] (rise edge)
                                  0.000000    0.000000   clock network delay (propagated)
                                  0.250000    0.250000   clock uncertainty
                                  0.000000    0.250000   clock reconvergence pessimism
                                 -5.000000   -4.750000   output external delay
                                             -4.750000   data required time
---------------------------------------------------------------------------------------------
                                             -4.750000   data required time
                                             -0.953997   data arrival time
---------------------------------------------------------------------------------------------
                                              5.703998   slack (MET)


Startpoint: _090_ (rising edge-triggered flip-flop clocked by gpio_in[38])
Endpoint: gpio_out[5] (output port clocked by gpio_in[38])
Path Group: gpio_in[38]
Path Type: min

Fanout         Cap        Slew       Delay        Time   Description
---------------------------------------------------------------------------------------------
                                  0.000000    0.000000   clock gpio_in[38] (rise edge)
                                  0.000000    0.000000   clock source latency
     2    0.090700    0.308256    0.227280    0.227280 ^ gpio_in[38] (in)
                                                         gpio_in[38] (net)
                      0.313233    0.000000    0.227280 ^ clkbuf_0_gpio_in[38]/A (sky130_fd_sc_hd__clkbuf_16)
     5    0.060445    0.064892    0.155354    0.382634 ^ clkbuf_0_gpio_in[38]/X (sky130_fd_sc_hd__clkbuf_16)
                                                         clknet_0_gpio_in[38] (net)
                      0.065246    0.003664    0.386298 ^ clkbuf_1_0__f_gpio_in[38]/A (sky130_fd_sc_hd__clkbuf_16)
    25    0.077004    0.072445    0.120922    0.507220 ^ clkbuf_1_0__f_gpio_in[38]/X (sky130_fd_sc_hd__clkbuf_16)
                                                         clknet_1_0__leaf_gpio_in[38] (net)
                      0.076351    0.012929    0.520149 ^ _090_/CLK (sky130_fd_sc_hd__dfrtp_1)
     3    0.007472    0.042909    0.251254    0.771403 v _090_/Q (sky130_fd_sc_hd__dfrtp_1)
                                                         gpio_18_21_bidir[21].cfg.gpio_out_val (net)
                      0.042909    0.000071    0.771474 v _658_/A (sky130_fd_sc_hd__clkbuf_1)
     1    0.006166    0.030454    0.072302    0.843776 v _658_/X (sky130_fd_sc_hd__clkbuf_1)
                                                         net30 (net)
                      0.030454    0.000143    0.843919 v output30/A (sky130_fd_sc_hd__buf_2)
     1    0.034315    0.062728    0.117687    0.961605 v output30/X (sky130_fd_sc_hd__buf_2)
                                                         gpio_out[5] (net)
                      0.062729    0.000356    0.961962 v gpio_out[5] (out)
                                              0.961962   data arrival time

                                  0.000000    0.000000   clock gpio_in[38] (rise edge)
                                  0.000000    0.000000   clock network delay (propagated)
                                  0.250000    0.250000   clock uncertainty
                                  0.000000    0.250000   clock reconvergence pessimism
                                 -5.000000   -4.750000   output external delay
                                             -4.750000   data required time
---------------------------------------------------------------------------------------------
                                             -4.750000   data required time
                                             -0.961962   data arrival time
---------------------------------------------------------------------------------------------
                                              5.711962   slack (MET)


Startpoint: _088_ (rising edge-triggered flip-flop clocked by gpio_in[38])
Endpoint: gpio_out[19] (output port clocked by gpio_in[38])
Path Group: gpio_in[38]
Path Type: min

Fanout         Cap        Slew       Delay        Time   Description
---------------------------------------------------------------------------------------------
                                  0.000000    0.000000   clock gpio_in[38] (rise edge)
                                  0.000000    0.000000   clock source latency
     2    0.090700    0.308256    0.227280    0.227280 ^ gpio_in[38] (in)
                                                         gpio_in[38] (net)
                      0.313233    0.000000    0.227280 ^ clkbuf_0_gpio_in[38]/A (sky130_fd_sc_hd__clkbuf_16)
     5    0.060445    0.064892    0.155354    0.382634 ^ clkbuf_0_gpio_in[38]/X (sky130_fd_sc_hd__clkbuf_16)
                                                         clknet_0_gpio_in[38] (net)
                      0.065246    0.003664    0.386298 ^ clkbuf_1_0__f_gpio_in[38]/A (sky130_fd_sc_hd__clkbuf_16)
    25    0.077004    0.072445    0.120922    0.507220 ^ clkbuf_1_0__f_gpio_in[38]/X (sky130_fd_sc_hd__clkbuf_16)
                                                         clknet_1_0__leaf_gpio_in[38] (net)
                      0.076206    0.012676    0.519897 ^ _088_/CLK (sky130_fd_sc_hd__dfrtp_1)
     5    0.012933    0.058520    0.269076    0.788973 v _088_/Q (sky130_fd_sc_hd__dfrtp_1)
                                                         gpio_18_21_bidir[19].cfg.gpio_out_val (net)
                      0.058520    0.000152    0.789125 v _660_/A (sky130_fd_sc_hd__clkbuf_1)
     1    0.002415    0.017455    0.065913    0.855038 v _660_/X (sky130_fd_sc_hd__clkbuf_1)
                                                         net8 (net)
                      0.017455    0.000025    0.855063 v output8/A (sky130_fd_sc_hd__buf_2)
     1    0.034319    0.062695    0.112742    0.967805 v output8/X (sky130_fd_sc_hd__buf_2)
                                                         gpio_out[19] (net)
                      0.062697    0.000357    0.968162 v gpio_out[19] (out)
                                              0.968162   data arrival time

                                  0.000000    0.000000   clock gpio_in[38] (rise edge)
                                  0.000000    0.000000   clock network delay (propagated)
                                  0.250000    0.250000   clock uncertainty
                                  0.000000    0.250000   clock reconvergence pessimism
                                 -5.000000   -4.750000   output external delay
                                             -4.750000   data required time
---------------------------------------------------------------------------------------------
                                             -4.750000   data required time
                                             -0.968162   data arrival time
---------------------------------------------------------------------------------------------
                                              5.718162   slack (MET)


Startpoint: _099_ (rising edge-triggered flip-flop clocked by gpio_in[38])
Endpoint: gpio_out[30] (output port clocked by gpio_in[38])
Path Group: gpio_in[38]
Path Type: min

Fanout         Cap        Slew       Delay        Time   Description
---------------------------------------------------------------------------------------------
                                  0.000000    0.000000   clock gpio_in[38] (rise edge)
                                  0.000000    0.000000   clock source latency
     2    0.090700    0.308256    0.227280    0.227280 ^ gpio_in[38] (in)
                                                         gpio_in[38] (net)
                      0.313233    0.000000    0.227280 ^ clkbuf_0_gpio_in[38]/A (sky130_fd_sc_hd__clkbuf_16)
     5    0.060445    0.064892    0.155354    0.382634 ^ clkbuf_0_gpio_in[38]/X (sky130_fd_sc_hd__clkbuf_16)
                                                         clknet_0_gpio_in[38] (net)
                      0.065246    0.003664    0.386298 ^ clkbuf_1_0__f_gpio_in[38]/A (sky130_fd_sc_hd__clkbuf_16)
    25    0.077004    0.072445    0.120922    0.507220 ^ clkbuf_1_0__f_gpio_in[38]/X (sky130_fd_sc_hd__clkbuf_16)
                                                         clknet_1_0__leaf_gpio_in[38] (net)
                      0.076534    0.013240    0.520460 ^ _099_/CLK (sky130_fd_sc_hd__dfrtp_1)
     5    0.011406    0.054097    0.265038    0.785498 v _099_/Q (sky130_fd_sc_hd__dfrtp_1)
                                                         gpio_22_37_output[30].cfg.gpio_out_val (net)
                      0.054097    0.000077    0.785576 v _671_/A (sky130_fd_sc_hd__clkbuf_1)
     1    0.003482    0.021061    0.068402    0.853978 v _671_/X (sky130_fd_sc_hd__clkbuf_1)
                                                         net20 (net)
                      0.021061    0.000049    0.854027 v output20/A (sky130_fd_sc_hd__buf_2)
     1    0.034669    0.063263    0.114421    0.968447 v output20/X (sky130_fd_sc_hd__buf_2)
                                                         gpio_out[30] (net)
                      0.063265    0.000418    0.968865 v gpio_out[30] (out)
                                              0.968865   data arrival time

                                  0.000000    0.000000   clock gpio_in[38] (rise edge)
                                  0.000000    0.000000   clock network delay (propagated)
                                  0.250000    0.250000   clock uncertainty
                                  0.000000    0.250000   clock reconvergence pessimism
                                 -5.000000   -4.750000   output external delay
                                             -4.750000   data required time
---------------------------------------------------------------------------------------------
                                             -4.750000   data required time
                                             -0.968865   data arrival time
---------------------------------------------------------------------------------------------
                                              5.718865   slack (MET)


Startpoint: _100_ (rising edge-triggered flip-flop clocked by gpio_in[38])
Endpoint: gpio_out[31] (output port clocked by gpio_in[38])
Path Group: gpio_in[38]
Path Type: min

Fanout         Cap        Slew       Delay        Time   Description
---------------------------------------------------------------------------------------------
                                  0.000000    0.000000   clock gpio_in[38] (rise edge)
                                  0.000000    0.000000   clock source latency
     2    0.090700    0.308256    0.227280    0.227280 ^ gpio_in[38] (in)
                                                         gpio_in[38] (net)
                      0.313233    0.000000    0.227280 ^ clkbuf_0_gpio_in[38]/A (sky130_fd_sc_hd__clkbuf_16)
     5    0.060445    0.064892    0.155354    0.382634 ^ clkbuf_0_gpio_in[38]/X (sky130_fd_sc_hd__clkbuf_16)
                                                         clknet_0_gpio_in[38] (net)
                      0.065246    0.003664    0.386298 ^ clkbuf_1_0__f_gpio_in[38]/A (sky130_fd_sc_hd__clkbuf_16)
    25    0.077004    0.072445    0.120922    0.507220 ^ clkbuf_1_0__f_gpio_in[38]/X (sky130_fd_sc_hd__clkbuf_16)
                                                         clknet_1_0__leaf_gpio_in[38] (net)
                      0.076604    0.013358    0.520578 ^ _100_/CLK (sky130_fd_sc_hd__dfrtp_1)
     4    0.012939    0.058521    0.269224    0.789802 v _100_/Q (sky130_fd_sc_hd__dfrtp_1)
                                                         gpio_22_37_output[31].cfg.gpio_out_val (net)
                      0.058521    0.000062    0.789864 v _672_/A (sky130_fd_sc_hd__clkbuf_1)
     1    0.002571    0.018008    0.066502    0.856366 v _672_/X (sky130_fd_sc_hd__clkbuf_1)
                                                         net21 (net)
                      0.018008    0.000027    0.856393 v output21/A (sky130_fd_sc_hd__buf_2)
     1    0.034585    0.063117    0.113231    0.969624 v output21/X (sky130_fd_sc_hd__buf_2)
                                                         gpio_out[31] (net)
                      0.063119    0.000417    0.970041 v gpio_out[31] (out)
                                              0.970041   data arrival time

                                  0.000000    0.000000   clock gpio_in[38] (rise edge)
                                  0.000000    0.000000   clock network delay (propagated)
                                  0.250000    0.250000   clock uncertainty
                                  0.000000    0.250000   clock reconvergence pessimism
                                 -5.000000   -4.750000   output external delay
                                             -4.750000   data required time
---------------------------------------------------------------------------------------------
                                             -4.750000   data required time
                                             -0.970041   data arrival time
---------------------------------------------------------------------------------------------
                                              5.720041   slack (MET)


Startpoint: _093_ (rising edge-triggered flip-flop clocked by gpio_in[38])
Endpoint: gpio_out[24] (output port clocked by gpio_in[38])
Path Group: gpio_in[38]
Path Type: min

Fanout         Cap        Slew       Delay        Time   Description
---------------------------------------------------------------------------------------------
                                  0.000000    0.000000   clock gpio_in[38] (rise edge)
                                  0.000000    0.000000   clock source latency
     2    0.090700    0.308256    0.227280    0.227280 ^ gpio_in[38] (in)
                                                         gpio_in[38] (net)
                      0.313233    0.000000    0.227280 ^ clkbuf_0_gpio_in[38]/A (sky130_fd_sc_hd__clkbuf_16)
     5    0.060445    0.064892    0.155354    0.382634 ^ clkbuf_0_gpio_in[38]/X (sky130_fd_sc_hd__clkbuf_16)
                                                         clknet_0_gpio_in[38] (net)
                      0.065227    0.003553    0.386187 ^ clkbuf_1_1__f_gpio_in[38]/A (sky130_fd_sc_hd__clkbuf_16)
    19    0.065981    0.063940    0.117709    0.503896 ^ clkbuf_1_1__f_gpio_in[38]/X (sky130_fd_sc_hd__clkbuf_16)
                                                         clknet_1_1__leaf_gpio_in[38] (net)
                      0.066158    0.009152    0.513048 ^ _093_/CLK (sky130_fd_sc_hd__dfrtp_1)
     3    0.009636    0.050454    0.256462    0.769510 v _093_/Q (sky130_fd_sc_hd__dfrtp_1)
                                                         gpio_22_37_output[24].cfg.gpio_out_val (net)
                      0.050454    0.000143    0.769653 v _665_/A (sky130_fd_sc_hd__buf_1)
     1    0.007991    0.037177    0.081087    0.850740 v _665_/X (sky130_fd_sc_hd__buf_1)
                                                         net13 (net)
                      0.037178    0.000283    0.851023 v output13/A (sky130_fd_sc_hd__buf_2)
     1    0.034382    0.062848    0.120429    0.971452 v output13/X (sky130_fd_sc_hd__buf_2)
                                                         gpio_out[24] (net)
                      0.062850    0.000406    0.971857 v gpio_out[24] (out)
                                              0.971857   data arrival time

                                  0.000000    0.000000   clock gpio_in[38] (rise edge)
                                  0.000000    0.000000   clock network delay (propagated)
                                  0.250000    0.250000   clock uncertainty
                                  0.000000    0.250000   clock reconvergence pessimism
                                 -5.000000   -4.750000   output external delay
                                             -4.750000   data required time
---------------------------------------------------------------------------------------------
                                             -4.750000   data required time
                                             -0.971857   data arrival time
---------------------------------------------------------------------------------------------
                                              5.721858   slack (MET)


Startpoint: _097_ (rising edge-triggered flip-flop clocked by gpio_in[38])
Endpoint: gpio_out[28] (output port clocked by gpio_in[38])
Path Group: gpio_in[38]
Path Type: min

Fanout         Cap        Slew       Delay        Time   Description
---------------------------------------------------------------------------------------------
                                  0.000000    0.000000   clock gpio_in[38] (rise edge)
                                  0.000000    0.000000   clock source latency
     2    0.090700    0.308256    0.227280    0.227280 ^ gpio_in[38] (in)
                                                         gpio_in[38] (net)
                      0.313233    0.000000    0.227280 ^ clkbuf_0_gpio_in[38]/A (sky130_fd_sc_hd__clkbuf_16)
     5    0.060445    0.064892    0.155354    0.382634 ^ clkbuf_0_gpio_in[38]/X (sky130_fd_sc_hd__clkbuf_16)
                                                         clknet_0_gpio_in[38] (net)
                      0.065246    0.003664    0.386298 ^ clkbuf_1_0__f_gpio_in[38]/A (sky130_fd_sc_hd__clkbuf_16)
    25    0.077004    0.072445    0.120922    0.507220 ^ clkbuf_1_0__f_gpio_in[38]/X (sky130_fd_sc_hd__clkbuf_16)
                                                         clknet_1_0__leaf_gpio_in[38] (net)
                      0.076010    0.012329    0.519550 ^ _097_/CLK (sky130_fd_sc_hd__dfrtp_1)
     2    0.006029    0.038121    0.245916    0.765466 v _097_/Q (sky130_fd_sc_hd__dfrtp_1)
                                                         gpio_22_37_output[28].cfg.gpio_out_val (net)
                      0.038121    0.000083    0.765549 v _669_/A (sky130_fd_sc_hd__buf_1)
     1    0.013124    0.055701    0.091086    0.856636 v _669_/X (sky130_fd_sc_hd__buf_1)
                                                         net17 (net)
                      0.055706    0.000560    0.857196 v output17/A (sky130_fd_sc_hd__buf_2)
     1    0.034253    0.062640    0.127747    0.984943 v output17/X (sky130_fd_sc_hd__buf_2)
                                                         gpio_out[28] (net)
                      0.062641    0.000345    0.985287 v gpio_out[28] (out)
                                              0.985287   data arrival time

                                  0.000000    0.000000   clock gpio_in[38] (rise edge)
                                  0.000000    0.000000   clock network delay (propagated)
                                  0.250000    0.250000   clock uncertainty
                                  0.000000    0.250000   clock reconvergence pessimism
                                 -5.000000   -4.750000   output external delay
                                             -4.750000   data required time
---------------------------------------------------------------------------------------------
                                             -4.750000   data required time
                                             -0.985287   data arrival time
---------------------------------------------------------------------------------------------
                                              5.735287   slack (MET)


Startpoint: _101_ (rising edge-triggered flip-flop clocked by gpio_in[38])
Endpoint: gpio_out[32] (output port clocked by gpio_in[38])
Path Group: gpio_in[38]
Path Type: min

Fanout         Cap        Slew       Delay        Time   Description
---------------------------------------------------------------------------------------------
                                  0.000000    0.000000   clock gpio_in[38] (rise edge)
                                  0.000000    0.000000   clock source latency
     2    0.090700    0.308256    0.227280    0.227280 ^ gpio_in[38] (in)
                                                         gpio_in[38] (net)
                      0.313233    0.000000    0.227280 ^ clkbuf_0_gpio_in[38]/A (sky130_fd_sc_hd__clkbuf_16)
     5    0.060445    0.064892    0.155354    0.382634 ^ clkbuf_0_gpio_in[38]/X (sky130_fd_sc_hd__clkbuf_16)
                                                         clknet_0_gpio_in[38] (net)
                      0.065246    0.003664    0.386298 ^ clkbuf_1_0__f_gpio_in[38]/A (sky130_fd_sc_hd__clkbuf_16)
    25    0.077004    0.072445    0.120922    0.507220 ^ clkbuf_1_0__f_gpio_in[38]/X (sky130_fd_sc_hd__clkbuf_16)
                                                         clknet_1_0__leaf_gpio_in[38] (net)
                      0.076590    0.013333    0.520554 ^ _101_/CLK (sky130_fd_sc_hd__dfrtp_1)
     4    0.013872    0.061257    0.271751    0.792305 v _101_/Q (sky130_fd_sc_hd__dfrtp_1)
                                                         gpio_22_37_output[32].cfg.gpio_out_val (net)
                      0.061257    0.000117    0.792422 v _673_/A (sky130_fd_sc_hd__clkbuf_1)
     1    0.007251    0.034661    0.082716    0.875138 v _673_/X (sky130_fd_sc_hd__clkbuf_1)
                                                         net22 (net)
                      0.034661    0.000208    0.875346 v output22/A (sky130_fd_sc_hd__buf_2)
     1    0.034315    0.062729    0.119372    0.994718 v output22/X (sky130_fd_sc_hd__buf_2)
                                                         gpio_out[32] (net)
                      0.062730    0.000356    0.995074 v gpio_out[32] (out)
                                              0.995074   data arrival time

                                  0.000000    0.000000   clock gpio_in[38] (rise edge)
                                  0.000000    0.000000   clock network delay (propagated)
                                  0.250000    0.250000   clock uncertainty
                                  0.000000    0.250000   clock reconvergence pessimism
                                 -5.000000   -4.750000   output external delay
                                             -4.750000   data required time
---------------------------------------------------------------------------------------------
                                             -4.750000   data required time
                                             -0.995074   data arrival time
---------------------------------------------------------------------------------------------
                                              5.745074   slack (MET)


Startpoint: _096_ (rising edge-triggered flip-flop clocked by gpio_in[38])
Endpoint: gpio_out[27] (output port clocked by gpio_in[38])
Path Group: gpio_in[38]
Path Type: min

Fanout         Cap        Slew       Delay        Time   Description
---------------------------------------------------------------------------------------------
                                  0.000000    0.000000   clock gpio_in[38] (rise edge)
                                  0.000000    0.000000   clock source latency
     2    0.090700    0.308256    0.227280    0.227280 ^ gpio_in[38] (in)
                                                         gpio_in[38] (net)
                      0.313233    0.000000    0.227280 ^ clkbuf_0_gpio_in[38]/A (sky130_fd_sc_hd__clkbuf_16)
     5    0.060445    0.064892    0.155354    0.382634 ^ clkbuf_0_gpio_in[38]/X (sky130_fd_sc_hd__clkbuf_16)
                                                         clknet_0_gpio_in[38] (net)
                      0.065246    0.003664    0.386298 ^ clkbuf_1_0__f_gpio_in[38]/A (sky130_fd_sc_hd__clkbuf_16)
    25    0.077004    0.072445    0.120922    0.507220 ^ clkbuf_1_0__f_gpio_in[38]/X (sky130_fd_sc_hd__clkbuf_16)
                                                         clknet_1_0__leaf_gpio_in[38] (net)
                      0.076017    0.012342    0.519562 ^ _096_/CLK (sky130_fd_sc_hd__dfrtp_1)
     4    0.010678    0.052061    0.262850    0.782412 v _096_/Q (sky130_fd_sc_hd__dfrtp_1)
                                                         gpio_22_37_output[27].cfg.gpio_out_val (net)
                      0.052061    0.000093    0.782506 v _668_/A (sky130_fd_sc_hd__buf_1)
     1    0.012976    0.055085    0.096346    0.878851 v _668_/X (sky130_fd_sc_hd__buf_1)
                                                         net16 (net)
                      0.055091    0.000591    0.879443 v output16/A (sky130_fd_sc_hd__buf_2)
     1    0.034253    0.062638    0.127497    1.006939 v output16/X (sky130_fd_sc_hd__buf_2)
                                                         gpio_out[27] (net)
                      0.062640    0.000345    1.007284 v gpio_out[27] (out)
                                              1.007284   data arrival time

                                  0.000000    0.000000   clock gpio_in[38] (rise edge)
                                  0.000000    0.000000   clock network delay (propagated)
                                  0.250000    0.250000   clock uncertainty
                                  0.000000    0.250000   clock reconvergence pessimism
                                 -5.000000   -4.750000   output external delay
                                             -4.750000   data required time
---------------------------------------------------------------------------------------------
                                             -4.750000   data required time
                                             -1.007284   data arrival time
---------------------------------------------------------------------------------------------
                                              5.757284   slack (MET)


Startpoint: _103_ (rising edge-triggered flip-flop clocked by gpio_in[38])
Endpoint: gpio_out[34] (output port clocked by gpio_in[38])
Path Group: gpio_in[38]
Path Type: min

Fanout         Cap        Slew       Delay        Time   Description
---------------------------------------------------------------------------------------------
                                  0.000000    0.000000   clock gpio_in[38] (rise edge)
                                  0.000000    0.000000   clock source latency
     2    0.090700    0.308256    0.227280    0.227280 ^ gpio_in[38] (in)
                                                         gpio_in[38] (net)
                      0.313233    0.000000    0.227280 ^ clkbuf_0_gpio_in[38]/A (sky130_fd_sc_hd__clkbuf_16)
     5    0.060445    0.064892    0.155354    0.382634 ^ clkbuf_0_gpio_in[38]/X (sky130_fd_sc_hd__clkbuf_16)
                                                         clknet_0_gpio_in[38] (net)
                      0.065227    0.003553    0.386187 ^ clkbuf_1_1__f_gpio_in[38]/A (sky130_fd_sc_hd__clkbuf_16)
    19    0.065981    0.063940    0.117709    0.503896 ^ clkbuf_1_1__f_gpio_in[38]/X (sky130_fd_sc_hd__clkbuf_16)
                                                         clknet_1_1__leaf_gpio_in[38] (net)
                      0.065951    0.008678    0.512574 ^ _103_/CLK (sky130_fd_sc_hd__dfrtp_1)
     3    0.008626    0.046915    0.252713    0.765287 v _103_/Q (sky130_fd_sc_hd__dfrtp_1)
                                                         gpio_22_37_output[34].cfg.gpio_out_val (net)
                      0.046915    0.000143    0.765430 v _675_/A (sky130_fd_sc_hd__clkbuf_2)
     3    0.023702    0.065713    0.113443    0.878874 v _675_/X (sky130_fd_sc_hd__clkbuf_2)
                                                         net24 (net)
                      0.065813    0.001777    0.880650 v output24/A (sky130_fd_sc_hd__buf_2)
     1    0.034420    0.062946    0.132012    1.012662 v output24/X (sky130_fd_sc_hd__buf_2)
                                                         gpio_out[34] (net)
                      0.062948    0.000418    1.013080 v gpio_out[34] (out)
                                              1.013080   data arrival time

                                  0.000000    0.000000   clock gpio_in[38] (rise edge)
                                  0.000000    0.000000   clock network delay (propagated)
                                  0.250000    0.250000   clock uncertainty
                                  0.000000    0.250000   clock reconvergence pessimism
                                 -5.000000   -4.750000   output external delay
                                             -4.750000   data required time
---------------------------------------------------------------------------------------------
                                             -4.750000   data required time
                                             -1.013080   data arrival time
---------------------------------------------------------------------------------------------
                                              5.763080   slack (MET)


Startpoint: _104_ (rising edge-triggered flip-flop clocked by gpio_in[38])
Endpoint: gpio_out[35] (output port clocked by gpio_in[38])
Path Group: gpio_in[38]
Path Type: min

Fanout         Cap        Slew       Delay        Time   Description
---------------------------------------------------------------------------------------------
                                  0.000000    0.000000   clock gpio_in[38] (rise edge)
                                  0.000000    0.000000   clock source latency
     2    0.090700    0.308256    0.227280    0.227280 ^ gpio_in[38] (in)
                                                         gpio_in[38] (net)
                      0.313233    0.000000    0.227280 ^ clkbuf_0_gpio_in[38]/A (sky130_fd_sc_hd__clkbuf_16)
     5    0.060445    0.064892    0.155354    0.382634 ^ clkbuf_0_gpio_in[38]/X (sky130_fd_sc_hd__clkbuf_16)
                                                         clknet_0_gpio_in[38] (net)
                      0.065227    0.003553    0.386187 ^ clkbuf_1_1__f_gpio_in[38]/A (sky130_fd_sc_hd__clkbuf_16)
    19    0.065981    0.063940    0.117709    0.503896 ^ clkbuf_1_1__f_gpio_in[38]/X (sky130_fd_sc_hd__clkbuf_16)
                                                         clknet_1_1__leaf_gpio_in[38] (net)
                      0.065956    0.008690    0.512586 ^ _104_/CLK (sky130_fd_sc_hd__dfrtp_1)
     3    0.008244    0.045560    0.251375    0.763961 v _104_/Q (sky130_fd_sc_hd__dfrtp_1)
                                                         gpio_22_37_output[35].cfg.gpio_out_val (net)
                      0.045560    0.000068    0.764028 v _676_/A (sky130_fd_sc_hd__clkbuf_2)
     3    0.026557    0.072739    0.117708    0.881736 v _676_/X (sky130_fd_sc_hd__clkbuf_2)
                                                         net25 (net)
                      0.072869    0.002282    0.884018 v output25/A (sky130_fd_sc_hd__buf_2)
     1    0.034453    0.063016    0.134917    1.018935 v output25/X (sky130_fd_sc_hd__buf_2)
                                                         gpio_out[35] (net)
                      0.063018    0.000421    1.019356 v gpio_out[35] (out)
                                              1.019356   data arrival time

                                  0.000000    0.000000   clock gpio_in[38] (rise edge)
                                  0.000000    0.000000   clock network delay (propagated)
                                  0.250000    0.250000   clock uncertainty
                                  0.000000    0.250000   clock reconvergence pessimism
                                 -5.000000   -4.750000   output external delay
                                             -4.750000   data required time
---------------------------------------------------------------------------------------------
                                             -4.750000   data required time
                                             -1.019356   data arrival time
---------------------------------------------------------------------------------------------
                                              5.769357   slack (MET)


Startpoint: _105_ (rising edge-triggered flip-flop clocked by gpio_in[38])
Endpoint: gpio_out[36] (output port clocked by gpio_in[38])
Path Group: gpio_in[38]
Path Type: min

Fanout         Cap        Slew       Delay        Time   Description
---------------------------------------------------------------------------------------------
                                  0.000000    0.000000   clock gpio_in[38] (rise edge)
                                  0.000000    0.000000   clock source latency
     2    0.090700    0.308256    0.227280    0.227280 ^ gpio_in[38] (in)
                                                         gpio_in[38] (net)
                      0.313233    0.000000    0.227280 ^ clkbuf_0_gpio_in[38]/A (sky130_fd_sc_hd__clkbuf_16)
     5    0.060445    0.064892    0.155354    0.382634 ^ clkbuf_0_gpio_in[38]/X (sky130_fd_sc_hd__clkbuf_16)
                                                         clknet_0_gpio_in[38] (net)
                      0.065227    0.003553    0.386187 ^ clkbuf_1_1__f_gpio_in[38]/A (sky130_fd_sc_hd__clkbuf_16)
    19    0.065981    0.063940    0.117709    0.503896 ^ clkbuf_1_1__f_gpio_in[38]/X (sky130_fd_sc_hd__clkbuf_16)
                                                         clknet_1_1__leaf_gpio_in[38] (net)
                      0.065960    0.008700    0.512595 ^ _105_/CLK (sky130_fd_sc_hd__dfrtp_1)
     3    0.008754    0.047345    0.253207    0.765802 v _105_/Q (sky130_fd_sc_hd__dfrtp_1)
                                                         gpio_22_37_output[36].cfg.gpio_out_val (net)
                      0.047345    0.000107    0.765909 v _677_/A (sky130_fd_sc_hd__clkbuf_1)
     3    0.020410    0.083158    0.115278    0.881187 v _677_/X (sky130_fd_sc_hd__clkbuf_1)
                                                         net26 (net)
                      0.083217    0.001419    0.882605 v output26/A (sky130_fd_sc_hd__buf_2)
     1    0.034468    0.063066    0.139139    1.021744 v output26/X (sky130_fd_sc_hd__buf_2)
                                                         gpio_out[36] (net)
                      0.063068    0.000421    1.022166 v gpio_out[36] (out)
                                              1.022166   data arrival time

                                  0.000000    0.000000   clock gpio_in[38] (rise edge)
                                  0.000000    0.000000   clock network delay (propagated)
                                  0.250000    0.250000   clock uncertainty
                                  0.000000    0.250000   clock reconvergence pessimism
                                 -5.000000   -4.750000   output external delay
                                             -4.750000   data required time
---------------------------------------------------------------------------------------------
                                             -4.750000   data required time
                                             -1.022166   data arrival time
---------------------------------------------------------------------------------------------
                                              5.772166   slack (MET)


Startpoint: _088_ (rising edge-triggered flip-flop clocked by gpio_in[38])
Endpoint: gpio_out[3] (output port clocked by gpio_in[38])
Path Group: gpio_in[38]
Path Type: min

Fanout         Cap        Slew       Delay        Time   Description
---------------------------------------------------------------------------------------------
                                  0.000000    0.000000   clock gpio_in[38] (rise edge)
                                  0.000000    0.000000   clock source latency
     2    0.090700    0.308256    0.227280    0.227280 ^ gpio_in[38] (in)
                                                         gpio_in[38] (net)
                      0.313233    0.000000    0.227280 ^ clkbuf_0_gpio_in[38]/A (sky130_fd_sc_hd__clkbuf_16)
     5    0.060445    0.064892    0.155354    0.382634 ^ clkbuf_0_gpio_in[38]/X (sky130_fd_sc_hd__clkbuf_16)
                                                         clknet_0_gpio_in[38] (net)
                      0.065246    0.003664    0.386298 ^ clkbuf_1_0__f_gpio_in[38]/A (sky130_fd_sc_hd__clkbuf_16)
    25    0.077004    0.072445    0.120922    0.507220 ^ clkbuf_1_0__f_gpio_in[38]/X (sky130_fd_sc_hd__clkbuf_16)
                                                         clknet_1_0__leaf_gpio_in[38] (net)
                      0.076206    0.012676    0.519897 ^ _088_/CLK (sky130_fd_sc_hd__dfrtp_1)
     5    0.012933    0.058520    0.269076    0.788973 v _088_/Q (sky130_fd_sc_hd__dfrtp_1)
                                                         gpio_18_21_bidir[19].cfg.gpio_out_val (net)
                      0.058520    0.000160    0.789133 v _656_/A (sky130_fd_sc_hd__buf_1)
     1    0.015884    0.066083    0.106879    0.896012 v _656_/X (sky130_fd_sc_hd__buf_1)
                                                         net28 (net)
                      0.066096    0.000917    0.896929 v output28/A (sky130_fd_sc_hd__buf_2)
     1    0.034256    0.062674    0.131972    1.028901 v output28/X (sky130_fd_sc_hd__buf_2)
                                                         gpio_out[3] (net)
                      0.062675    0.000345    1.029245 v gpio_out[3] (out)
                                              1.029245   data arrival time

                                  0.000000    0.000000   clock gpio_in[38] (rise edge)
                                  0.000000    0.000000   clock network delay (propagated)
                                  0.250000    0.250000   clock uncertainty
                                  0.000000    0.250000   clock reconvergence pessimism
                                 -5.000000   -4.750000   output external delay
                                             -4.750000   data required time
---------------------------------------------------------------------------------------------
                                             -4.750000   data required time
                                             -1.029245   data arrival time
---------------------------------------------------------------------------------------------
                                              5.779246   slack (MET)


Startpoint: _095_ (rising edge-triggered flip-flop clocked by gpio_in[38])
Endpoint: gpio_out[26] (output port clocked by gpio_in[38])
Path Group: gpio_in[38]
Path Type: min

Fanout         Cap        Slew       Delay        Time   Description
---------------------------------------------------------------------------------------------
                                  0.000000    0.000000   clock gpio_in[38] (rise edge)
                                  0.000000    0.000000   clock source latency
     2    0.090700    0.308256    0.227280    0.227280 ^ gpio_in[38] (in)
                                                         gpio_in[38] (net)
                      0.313233    0.000000    0.227280 ^ clkbuf_0_gpio_in[38]/A (sky130_fd_sc_hd__clkbuf_16)
     5    0.060445    0.064892    0.155354    0.382634 ^ clkbuf_0_gpio_in[38]/X (sky130_fd_sc_hd__clkbuf_16)
                                                         clknet_0_gpio_in[38] (net)
                      0.065246    0.003664    0.386298 ^ clkbuf_1_0__f_gpio_in[38]/A (sky130_fd_sc_hd__clkbuf_16)
    25    0.077004    0.072445    0.120922    0.507220 ^ clkbuf_1_0__f_gpio_in[38]/X (sky130_fd_sc_hd__clkbuf_16)
                                                         clknet_1_0__leaf_gpio_in[38] (net)
                      0.075368    0.011131    0.518352 ^ _095_/CLK (sky130_fd_sc_hd__dfrtp_2)
     3    0.011066    0.043223    0.269972    0.788324 v _095_/Q (sky130_fd_sc_hd__dfrtp_2)
                                                         gpio_22_37_output[26].cfg.gpio_out_val (net)
                      0.043223    0.000101    0.788424 v _667_/A (sky130_fd_sc_hd__buf_6)
     3    0.095548    0.059329    0.114010    0.902434 v _667_/X (sky130_fd_sc_hd__buf_6)
                                                         net15 (net)
                      0.088293    0.032464    0.934898 v output15/A (sky130_fd_sc_hd__buf_2)
     1    0.034382    0.062948    0.141103    1.076001 v output15/X (sky130_fd_sc_hd__buf_2)
                                                         gpio_out[26] (net)
                      0.062950    0.000406    1.076407 v gpio_out[26] (out)
                                              1.076407   data arrival time

                                  0.000000    0.000000   clock gpio_in[38] (rise edge)
                                  0.000000    0.000000   clock network delay (propagated)
                                  0.250000    0.250000   clock uncertainty
                                  0.000000    0.250000   clock reconvergence pessimism
                                 -5.000000   -4.750000   output external delay
                                             -4.750000   data required time
---------------------------------------------------------------------------------------------
                                             -4.750000   data required time
                                             -1.076407   data arrival time
---------------------------------------------------------------------------------------------
                                              5.826407   slack (MET)


Startpoint: gpio_in[0] (input port clocked by gpio_in[38])
Endpoint: gpio_oeb[19] (output port clocked by gpio_in[38])
Path Group: gpio_in[38]
Path Type: min

Fanout         Cap        Slew       Delay        Time   Description
---------------------------------------------------------------------------------------------
                                  0.000000    0.000000   clock gpio_in[38] (rise edge)
                                  0.000000    0.000000   clock network delay (propagated)
                                  5.000000    5.000000 ^ input external delay
     2    0.004060    0.018428    0.010518    5.010518 ^ gpio_in[0] (in)
                                                         gpio_in[0] (net)
                      0.018428    0.000000    5.010518 ^ input1/A (sky130_fd_sc_hd__clkbuf_4)
     3    0.044538    0.106688    0.134615    5.145133 ^ input1/X (sky130_fd_sc_hd__clkbuf_4)
                                                         net1 (net)
                      0.107559    0.007711    5.152843 ^ _044_/A (sky130_fd_sc_hd__inv_2)
     9    0.043397    0.082600    0.079699    5.232543 v _044_/Y (sky130_fd_sc_hd__inv_2)
                                                         bidir_oeb (net)
                      0.083421    0.006754    5.239296 v _652_/A (sky130_fd_sc_hd__clkbuf_1)
     1    0.002024    0.017032    0.072819    5.312115 v _652_/X (sky130_fd_sc_hd__clkbuf_1)
                                                         net4 (net)
                      0.017032    0.000017    5.312132 v output4/A (sky130_fd_sc_hd__buf_2)
     1    0.034256    0.062595    0.112522    5.424654 v output4/X (sky130_fd_sc_hd__buf_2)
                                                         gpio_oeb[19] (net)
                      0.062596    0.000345    5.424998 v gpio_oeb[19] (out)
                                              5.424998   data arrival time

                                  0.000000    0.000000   clock gpio_in[38] (rise edge)
                                  0.000000    0.000000   clock network delay (propagated)
                                  0.250000    0.250000   clock uncertainty
                                  0.000000    0.250000   clock reconvergence pessimism
                                 -5.000000   -4.750000   output external delay
                                             -4.750000   data required time
---------------------------------------------------------------------------------------------
                                             -4.750000   data required time
                                             -5.424998   data arrival time
---------------------------------------------------------------------------------------------
                                             10.174999   slack (MET)


Startpoint: gpio_in[0] (input port clocked by gpio_in[38])
Endpoint: gpio_oeb[20] (output port clocked by gpio_in[38])
Path Group: gpio_in[38]
Path Type: min

Fanout         Cap        Slew       Delay        Time   Description
---------------------------------------------------------------------------------------------
                                  0.000000    0.000000   clock gpio_in[38] (rise edge)
                                  0.000000    0.000000   clock network delay (propagated)
                                  5.000000    5.000000 ^ input external delay
     2    0.004060    0.018428    0.010518    5.010518 ^ gpio_in[0] (in)
                                                         gpio_in[0] (net)
                      0.018428    0.000000    5.010518 ^ input1/A (sky130_fd_sc_hd__clkbuf_4)
     3    0.044538    0.106688    0.134615    5.145133 ^ input1/X (sky130_fd_sc_hd__clkbuf_4)
                                                         net1 (net)
                      0.107559    0.007711    5.152843 ^ _044_/A (sky130_fd_sc_hd__inv_2)
     9    0.043397    0.082600    0.079699    5.232543 v _044_/Y (sky130_fd_sc_hd__inv_2)
                                                         bidir_oeb (net)
                      0.083414    0.006726    5.239269 v _653_/A (sky130_fd_sc_hd__clkbuf_1)
     1    0.002025    0.017036    0.072821    5.312089 v _653_/X (sky130_fd_sc_hd__clkbuf_1)
                                                         net5 (net)
                      0.017036    0.000017    5.312107 v output5/A (sky130_fd_sc_hd__buf_2)
     1    0.034315    0.062688    0.112589    5.424696 v output5/X (sky130_fd_sc_hd__buf_2)
                                                         gpio_oeb[20] (net)
                      0.062689    0.000357    5.425053 v gpio_oeb[20] (out)
                                              5.425053   data arrival time

                                  0.000000    0.000000   clock gpio_in[38] (rise edge)
                                  0.000000    0.000000   clock network delay (propagated)
                                  0.250000    0.250000   clock uncertainty
                                  0.000000    0.250000   clock reconvergence pessimism
                                 -5.000000   -4.750000   output external delay
                                             -4.750000   data required time
---------------------------------------------------------------------------------------------
                                             -4.750000   data required time
                                             -5.425053   data arrival time
---------------------------------------------------------------------------------------------
                                             10.175053   slack (MET)


Startpoint: gpio_in[0] (input port clocked by gpio_in[38])
Endpoint: gpio_oeb[18] (output port clocked by gpio_in[38])
Path Group: gpio_in[38]
Path Type: min

Fanout         Cap        Slew       Delay        Time   Description
---------------------------------------------------------------------------------------------
                                  0.000000    0.000000   clock gpio_in[38] (rise edge)
                                  0.000000    0.000000   clock network delay (propagated)
                                  5.000000    5.000000 ^ input external delay
     2    0.004060    0.018428    0.010518    5.010518 ^ gpio_in[0] (in)
                                                         gpio_in[0] (net)
                      0.018428    0.000000    5.010518 ^ input1/A (sky130_fd_sc_hd__clkbuf_4)
     3    0.044538    0.106688    0.134615    5.145133 ^ input1/X (sky130_fd_sc_hd__clkbuf_4)
                                                         net1 (net)
                      0.107559    0.007711    5.152843 ^ _044_/A (sky130_fd_sc_hd__inv_2)
     9    0.043397    0.082600    0.079699    5.232543 v _044_/Y (sky130_fd_sc_hd__inv_2)
                                                         bidir_oeb (net)
                      0.083315    0.006330    5.238873 v _651_/A (sky130_fd_sc_hd__clkbuf_1)
     1    0.002392    0.018244    0.074220    5.313093 v _651_/X (sky130_fd_sc_hd__clkbuf_1)
                                                         net3 (net)
                      0.018244    0.000024    5.313117 v output3/A (sky130_fd_sc_hd__buf_2)
     1    0.034319    0.062700    0.113022    5.426138 v output3/X (sky130_fd_sc_hd__buf_2)
                                                         gpio_oeb[18] (net)
                      0.062702    0.000357    5.426495 v gpio_oeb[18] (out)
                                              5.426495   data arrival time

                                  0.000000    0.000000   clock gpio_in[38] (rise edge)
                                  0.000000    0.000000   clock network delay (propagated)
                                  0.250000    0.250000   clock uncertainty
                                  0.000000    0.250000   clock reconvergence pessimism
                                 -5.000000   -4.750000   output external delay
                                             -4.750000   data required time
---------------------------------------------------------------------------------------------
                                             -4.750000   data required time
                                             -5.426495   data arrival time
---------------------------------------------------------------------------------------------
                                             10.176495   slack (MET)


Startpoint: gpio_in[0] (input port clocked by gpio_in[38])
Endpoint: gpio_oeb[21] (output port clocked by gpio_in[38])
Path Group: gpio_in[38]
Path Type: min

Fanout         Cap        Slew       Delay        Time   Description
---------------------------------------------------------------------------------------------
                                  0.000000    0.000000   clock gpio_in[38] (rise edge)
                                  0.000000    0.000000   clock network delay (propagated)
                                  5.000000    5.000000 ^ input external delay
     2    0.004060    0.018428    0.010518    5.010518 ^ gpio_in[0] (in)
                                                         gpio_in[0] (net)
                      0.018428    0.000000    5.010518 ^ input1/A (sky130_fd_sc_hd__clkbuf_4)
     3    0.044538    0.106688    0.134615    5.145133 ^ input1/X (sky130_fd_sc_hd__clkbuf_4)
                                                         net1 (net)
                      0.107559    0.007711    5.152843 ^ _044_/A (sky130_fd_sc_hd__inv_2)
     9    0.043397    0.082600    0.079699    5.232543 v _044_/Y (sky130_fd_sc_hd__inv_2)
                                                         bidir_oeb (net)
                      0.083422    0.006755    5.239297 v _654_/A (sky130_fd_sc_hd__clkbuf_1)
     1    0.005511    0.028957    0.084973    5.324271 v _654_/X (sky130_fd_sc_hd__clkbuf_1)
                                                         net6 (net)
                      0.028957    0.000119    5.324389 v output6/A (sky130_fd_sc_hd__buf_2)
     1    0.034319    0.062733    0.117091    5.441480 v output6/X (sky130_fd_sc_hd__buf_2)
                                                         gpio_oeb[21] (net)
                      0.062734    0.000357    5.441837 v gpio_oeb[21] (out)
                                              5.441837   data arrival time

                                  0.000000    0.000000   clock gpio_in[38] (rise edge)
                                  0.000000    0.000000   clock network delay (propagated)
                                  0.250000    0.250000   clock uncertainty
                                  0.000000    0.250000   clock reconvergence pessimism
                                 -5.000000   -4.750000   output external delay
                                             -4.750000   data required time
---------------------------------------------------------------------------------------------
                                             -4.750000   data required time
                                             -5.441837   data arrival time
---------------------------------------------------------------------------------------------
                                             10.191837   slack (MET)



