
===========================================================================
report_checks -path_delay min (Hold)
============================================================================
======================= nom_tt_025C_1v80 Corner ===================================

Startpoint: _091_ (rising edge-triggered flip-flop clocked by gpio_in[38])
Endpoint: _096_ (rising edge-triggered flip-flop clocked by gpio_in[38])
Path Group: gpio_in[38]
Path Type: min

Fanout         Cap        Slew       Delay        Time   Description
---------------------------------------------------------------------------------------------
                                  0.000000    0.000000   clock gpio_in[38] (rise edge)
                                  0.000000    0.000000   clock source latency
     2    0.097745    0.444379    0.325002    0.325002 ^ gpio_in[38] (in)
                                                         gpio_in[38] (net)
                      0.450391    0.000000    0.325002 ^ clkbuf_0_gpio_in[38]/A (sky130_fd_sc_hd__clkbuf_16)
     5    0.064163    0.088060    0.266247    0.591249 ^ clkbuf_0_gpio_in[38]/X (sky130_fd_sc_hd__clkbuf_16)
                                                         clknet_0_gpio_in[38] (net)
                      0.088536    0.005038    0.596287 ^ clkbuf_1_1__f_gpio_in[38]/A (sky130_fd_sc_hd__clkbuf_16)
    19    0.069510    0.087641    0.175023    0.771310 ^ clkbuf_1_1__f_gpio_in[38]/X (sky130_fd_sc_hd__clkbuf_16)
                                                         clknet_1_1__leaf_gpio_in[38] (net)
                      0.090487    0.012252    0.783562 ^ _091_/CLK (sky130_fd_sc_hd__dfrtp_1)
     3    0.008247    0.064883    0.399972    1.183534 v _091_/Q (sky130_fd_sc_hd__dfrtp_1)
                                                         gpio_22_37_output[22].cfg.gpio_out_val (net)
                      0.064883    0.000109    1.183642 v _058_/A (sky130_fd_sc_hd__and4_4)
     9    0.110805    0.144905    0.247320    1.430962 v _058_/X (sky130_fd_sc_hd__and4_4)
                                                         _027_ (net)
                      0.173566    0.048359    1.479321 v _063_/A3 (sky130_fd_sc_hd__a31o_1)
     1    0.001910    0.029707    0.255313    1.734635 v _063_/X (sky130_fd_sc_hd__a31o_1)
                                                         _030_ (net)
                      0.029707    0.000052    1.734687 v _064_/B (sky130_fd_sc_hd__and2b_1)
     1    0.002215    0.030391    0.140062    1.874749 v _064_/X (sky130_fd_sc_hd__and2b_1)
                                                         _019_ (net)
                      0.030391    0.000062    1.874811 v _096_/D (sky130_fd_sc_hd__dfrtp_1)
                                              1.874811   data arrival time

                                  0.000000    0.000000   clock gpio_in[38] (rise edge)
                                  0.000000    0.000000   clock source latency
     2    0.097745    0.444379    0.325002    0.325002 ^ gpio_in[38] (in)
                                                         gpio_in[38] (net)
                      0.450391    0.000000    0.325002 ^ clkbuf_0_gpio_in[38]/A (sky130_fd_sc_hd__clkbuf_16)
     5    0.064163    0.088060    0.266247    0.591249 ^ clkbuf_0_gpio_in[38]/X (sky130_fd_sc_hd__clkbuf_16)
                                                         clknet_0_gpio_in[38] (net)
                      0.088562    0.005179    0.596428 ^ clkbuf_1_0__f_gpio_in[38]/A (sky130_fd_sc_hd__clkbuf_16)
    25    0.081607    0.100020    0.179923    0.776351 ^ clkbuf_1_0__f_gpio_in[38]/X (sky130_fd_sc_hd__clkbuf_16)
                                                         clknet_1_0__leaf_gpio_in[38] (net)
                      0.104666    0.016661    0.793011 ^ _096_/CLK (sky130_fd_sc_hd__dfrtp_1)
                                  0.250000    1.043011   clock uncertainty
                                  0.000000    1.043011   clock reconvergence pessimism
                                 -0.026222    1.016789   library hold time
                                              1.016789   data required time
---------------------------------------------------------------------------------------------
                                              1.016789   data required time
                                             -1.874811   data arrival time
---------------------------------------------------------------------------------------------
                                              0.858022   slack (MET)


Startpoint: _103_ (rising edge-triggered flip-flop clocked by gpio_in[38])
Endpoint: _103_ (rising edge-triggered flip-flop clocked by gpio_in[38])
Path Group: gpio_in[38]
Path Type: min

Fanout         Cap        Slew       Delay        Time   Description
---------------------------------------------------------------------------------------------
                                  0.000000    0.000000   clock gpio_in[38] (rise edge)
                                  0.000000    0.000000   clock source latency
     2    0.097745    0.444379    0.325002    0.325002 ^ gpio_in[38] (in)
                                                         gpio_in[38] (net)
                      0.450391    0.000000    0.325002 ^ clkbuf_0_gpio_in[38]/A (sky130_fd_sc_hd__clkbuf_16)
     5    0.064163    0.088060    0.266247    0.591249 ^ clkbuf_0_gpio_in[38]/X (sky130_fd_sc_hd__clkbuf_16)
                                                         clknet_0_gpio_in[38] (net)
                      0.088536    0.005038    0.596287 ^ clkbuf_1_1__f_gpio_in[38]/A (sky130_fd_sc_hd__clkbuf_16)
    19    0.069510    0.087641    0.175023    0.771310 ^ clkbuf_1_1__f_gpio_in[38]/X (sky130_fd_sc_hd__clkbuf_16)
                                                         clknet_1_1__leaf_gpio_in[38] (net)
                      0.090184    0.011554    0.782864 ^ _103_/CLK (sky130_fd_sc_hd__dfrtp_1)
     3    0.009193    0.093955    0.374895    1.157759 ^ _103_/Q (sky130_fd_sc_hd__dfrtp_1)
                                                         gpio_22_37_output[34].cfg.gpio_out_val (net)
                      0.093955    0.000241    1.158000 ^ hold19/A (sky130_fd_sc_hd__dlygate4sd3_1)
     3    0.012496    0.138744    0.621676    1.779676 ^ hold19/X (sky130_fd_sc_hd__dlygate4sd3_1)
                                                         net594 (net)
                      0.138744    0.000363    1.780040 ^ _080_/A (sky130_fd_sc_hd__xor2_1)
     1    0.002297    0.034184    0.079941    1.859980 v _080_/X (sky130_fd_sc_hd__xor2_1)
                                                         _007_ (net)
                      0.034184    0.000046    1.860026 v _103_/D (sky130_fd_sc_hd__dfrtp_1)
                                              1.860026   data arrival time

                                  0.000000    0.000000   clock gpio_in[38] (rise edge)
                                  0.000000    0.000000   clock source latency
     2    0.097745    0.444379    0.325002    0.325002 ^ gpio_in[38] (in)
                                                         gpio_in[38] (net)
                      0.450391    0.000000    0.325002 ^ clkbuf_0_gpio_in[38]/A (sky130_fd_sc_hd__clkbuf_16)
     5    0.064163    0.088060    0.266247    0.591249 ^ clkbuf_0_gpio_in[38]/X (sky130_fd_sc_hd__clkbuf_16)
                                                         clknet_0_gpio_in[38] (net)
                      0.088536    0.005038    0.596287 ^ clkbuf_1_1__f_gpio_in[38]/A (sky130_fd_sc_hd__clkbuf_16)
    19    0.069510    0.087641    0.175023    0.771310 ^ clkbuf_1_1__f_gpio_in[38]/X (sky130_fd_sc_hd__clkbuf_16)
                                                         clknet_1_1__leaf_gpio_in[38] (net)
                      0.090184    0.011554    0.782864 ^ _103_/CLK (sky130_fd_sc_hd__dfrtp_1)
                                  0.250000    1.032864   clock uncertainty
                                  0.000000    1.032864   clock reconvergence pessimism
                                 -0.031068    1.001797   library hold time
                                              1.001797   data required time
---------------------------------------------------------------------------------------------
                                              1.001797   data required time
                                             -1.860026   data arrival time
---------------------------------------------------------------------------------------------
                                              0.858230   slack (MET)


Startpoint: _087_ (rising edge-triggered flip-flop clocked by gpio_in[38])
Endpoint: _087_ (rising edge-triggered flip-flop clocked by gpio_in[38])
Path Group: gpio_in[38]
Path Type: min

Fanout         Cap        Slew       Delay        Time   Description
---------------------------------------------------------------------------------------------
                                  0.000000    0.000000   clock gpio_in[38] (rise edge)
                                  0.000000    0.000000   clock source latency
     2    0.097745    0.444379    0.325002    0.325002 ^ gpio_in[38] (in)
                                                         gpio_in[38] (net)
                      0.450391    0.000000    0.325002 ^ clkbuf_0_gpio_in[38]/A (sky130_fd_sc_hd__clkbuf_16)
     5    0.064163    0.088060    0.266247    0.591249 ^ clkbuf_0_gpio_in[38]/X (sky130_fd_sc_hd__clkbuf_16)
                                                         clknet_0_gpio_in[38] (net)
                      0.088562    0.005179    0.596428 ^ clkbuf_1_0__f_gpio_in[38]/A (sky130_fd_sc_hd__clkbuf_16)
    25    0.081607    0.100020    0.179923    0.776351 ^ clkbuf_1_0__f_gpio_in[38]/X (sky130_fd_sc_hd__clkbuf_16)
                                                         clknet_1_0__leaf_gpio_in[38] (net)
                      0.104784    0.016873    0.793224 ^ _087_/CLK (sky130_fd_sc_hd__dfrtp_2)
     3    0.009524    0.066918    0.383890    1.177114 ^ _087_/Q (sky130_fd_sc_hd__dfrtp_2)
                                                         gpio_18_21_bidir[18].cfg.gpio_out_val (net)
                      0.066918    0.000182    1.177296 ^ hold3/A (sky130_fd_sc_hd__dlygate4sd3_1)
     5    0.020176    0.210019    0.666575    1.843871 ^ hold3/X (sky130_fd_sc_hd__dlygate4sd3_1)
                                                         net578 (net)
                      0.210019    0.000613    1.844484 ^ _043_/A (sky130_fd_sc_hd__inv_2)
     1    0.002441    0.036294    0.039040    1.883524 v _043_/Y (sky130_fd_sc_hd__inv_2)
                                                         _000_ (net)
                      0.036294    0.000069    1.883593 v _087_/D (sky130_fd_sc_hd__dfrtp_2)
                                              1.883593   data arrival time

                                  0.000000    0.000000   clock gpio_in[38] (rise edge)
                                  0.000000    0.000000   clock source latency
     2    0.097745    0.444379    0.325002    0.325002 ^ gpio_in[38] (in)
                                                         gpio_in[38] (net)
                      0.450391    0.000000    0.325002 ^ clkbuf_0_gpio_in[38]/A (sky130_fd_sc_hd__clkbuf_16)
     5    0.064163    0.088060    0.266247    0.591249 ^ clkbuf_0_gpio_in[38]/X (sky130_fd_sc_hd__clkbuf_16)
                                                         clknet_0_gpio_in[38] (net)
                      0.088562    0.005179    0.596428 ^ clkbuf_1_0__f_gpio_in[38]/A (sky130_fd_sc_hd__clkbuf_16)
    25    0.081607    0.100020    0.179923    0.776351 ^ clkbuf_1_0__f_gpio_in[38]/X (sky130_fd_sc_hd__clkbuf_16)
                                                         clknet_1_0__leaf_gpio_in[38] (net)
                      0.104784    0.016873    0.793224 ^ _087_/CLK (sky130_fd_sc_hd__dfrtp_2)
                                  0.250000    1.043224   clock uncertainty
                                  0.000000    1.043224   clock reconvergence pessimism
                                 -0.024934    1.018289   library hold time
                                              1.018289   data required time
---------------------------------------------------------------------------------------------
                                              1.018289   data required time
                                             -1.883593   data arrival time
---------------------------------------------------------------------------------------------
                                              0.865304   slack (MET)


Startpoint: _095_ (rising edge-triggered flip-flop clocked by gpio_in[38])
Endpoint: _095_ (rising edge-triggered flip-flop clocked by gpio_in[38])
Path Group: gpio_in[38]
Path Type: min

Fanout         Cap        Slew       Delay        Time   Description
---------------------------------------------------------------------------------------------
                                  0.000000    0.000000   clock gpio_in[38] (rise edge)
                                  0.000000    0.000000   clock source latency
     2    0.097745    0.444379    0.325002    0.325002 ^ gpio_in[38] (in)
                                                         gpio_in[38] (net)
                      0.450391    0.000000    0.325002 ^ clkbuf_0_gpio_in[38]/A (sky130_fd_sc_hd__clkbuf_16)
     5    0.064163    0.088060    0.266247    0.591249 ^ clkbuf_0_gpio_in[38]/X (sky130_fd_sc_hd__clkbuf_16)
                                                         clknet_0_gpio_in[38] (net)
                      0.088562    0.005179    0.596428 ^ clkbuf_1_0__f_gpio_in[38]/A (sky130_fd_sc_hd__clkbuf_16)
    25    0.081607    0.100020    0.179923    0.776351 ^ clkbuf_1_0__f_gpio_in[38]/X (sky130_fd_sc_hd__clkbuf_16)
                                                         clknet_1_0__leaf_gpio_in[38] (net)
                      0.103715    0.014860    0.791210 ^ _095_/CLK (sky130_fd_sc_hd__dfrtp_2)
     3    0.011815    0.076955    0.393309    1.184519 ^ _095_/Q (sky130_fd_sc_hd__dfrtp_2)
                                                         gpio_22_37_output[26].cfg.gpio_out_val (net)
                      0.076955    0.000199    1.184718 ^ hold18/A (sky130_fd_sc_hd__dlygate4sd3_1)
     4    0.015885    0.170125    0.640065    1.824783 ^ hold18/X (sky130_fd_sc_hd__dlygate4sd3_1)
                                                         net593 (net)
                      0.170125    0.000226    1.825009 ^ _061_/A (sky130_fd_sc_hd__xor2_1)
     1    0.002375    0.034528    0.085823    1.910832 v _061_/X (sky130_fd_sc_hd__xor2_1)
                                                         _018_ (net)
                      0.034528    0.000068    1.910900 v _095_/D (sky130_fd_sc_hd__dfrtp_2)
                                              1.910900   data arrival time

                                  0.000000    0.000000   clock gpio_in[38] (rise edge)
                                  0.000000    0.000000   clock source latency
     2    0.097745    0.444379    0.325002    0.325002 ^ gpio_in[38] (in)
                                                         gpio_in[38] (net)
                      0.450391    0.000000    0.325002 ^ clkbuf_0_gpio_in[38]/A (sky130_fd_sc_hd__clkbuf_16)
     5    0.064163    0.088060    0.266247    0.591249 ^ clkbuf_0_gpio_in[38]/X (sky130_fd_sc_hd__clkbuf_16)
                                                         clknet_0_gpio_in[38] (net)
                      0.088562    0.005179    0.596428 ^ clkbuf_1_0__f_gpio_in[38]/A (sky130_fd_sc_hd__clkbuf_16)
    25    0.081607    0.100020    0.179923    0.776351 ^ clkbuf_1_0__f_gpio_in[38]/X (sky130_fd_sc_hd__clkbuf_16)
                                                         clknet_1_0__leaf_gpio_in[38] (net)
                      0.103715    0.014860    0.791210 ^ _095_/CLK (sky130_fd_sc_hd__dfrtp_2)
                                  0.250000    1.041210   clock uncertainty
                                  0.000000    1.041210   clock reconvergence pessimism
                                 -0.024460    1.016750   library hold time
                                              1.016750   data required time
---------------------------------------------------------------------------------------------
                                              1.016750   data required time
                                             -1.910900   data arrival time
---------------------------------------------------------------------------------------------
                                              0.894149   slack (MET)


Startpoint: _104_ (rising edge-triggered flip-flop clocked by gpio_in[38])
Endpoint: _104_ (rising edge-triggered flip-flop clocked by gpio_in[38])
Path Group: gpio_in[38]
Path Type: min

Fanout         Cap        Slew       Delay        Time   Description
---------------------------------------------------------------------------------------------
                                  0.000000    0.000000   clock gpio_in[38] (rise edge)
                                  0.000000    0.000000   clock source latency
     2    0.097745    0.444379    0.325002    0.325002 ^ gpio_in[38] (in)
                                                         gpio_in[38] (net)
                      0.450391    0.000000    0.325002 ^ clkbuf_0_gpio_in[38]/A (sky130_fd_sc_hd__clkbuf_16)
     5    0.064163    0.088060    0.266247    0.591249 ^ clkbuf_0_gpio_in[38]/X (sky130_fd_sc_hd__clkbuf_16)
                                                         clknet_0_gpio_in[38] (net)
                      0.088536    0.005038    0.596287 ^ clkbuf_1_1__f_gpio_in[38]/A (sky130_fd_sc_hd__clkbuf_16)
    19    0.069510    0.087641    0.175023    0.771310 ^ clkbuf_1_1__f_gpio_in[38]/X (sky130_fd_sc_hd__clkbuf_16)
                                                         clknet_1_1__leaf_gpio_in[38] (net)
                      0.090191    0.011569    0.782879 ^ _104_/CLK (sky130_fd_sc_hd__dfrtp_1)
     3    0.008790    0.091186    0.372238    1.155117 ^ _104_/Q (sky130_fd_sc_hd__dfrtp_1)
                                                         gpio_22_37_output[35].cfg.gpio_out_val (net)
                      0.091186    0.000175    1.155292 ^ hold25/A (sky130_fd_sc_hd__dlygate4sd3_1)
     2    0.006776    0.087644    0.580010    1.735301 ^ hold25/X (sky130_fd_sc_hd__dlygate4sd3_1)
                                                         net600 (net)
                      0.087644    0.000156    1.735457 ^ _081_/B1 (sky130_fd_sc_hd__a21oi_1)
     1    0.006140    0.046108    0.062094    1.797551 v _081_/Y (sky130_fd_sc_hd__a21oi_1)
                                                         _040_ (net)
                      0.046110    0.000241    1.797793 v _083_/A (sky130_fd_sc_hd__nor2_1)
     1    0.003725    0.090540    0.108176    1.905969 ^ _083_/Y (sky130_fd_sc_hd__nor2_1)
                                                         _008_ (net)
                      0.090540    0.000125    1.906094 ^ _104_/D (sky130_fd_sc_hd__dfrtp_1)
                                              1.906094   data arrival time

                                  0.000000    0.000000   clock gpio_in[38] (rise edge)
                                  0.000000    0.000000   clock source latency
     2    0.097745    0.444379    0.325002    0.325002 ^ gpio_in[38] (in)
                                                         gpio_in[38] (net)
                      0.450391    0.000000    0.325002 ^ clkbuf_0_gpio_in[38]/A (sky130_fd_sc_hd__clkbuf_16)
     5    0.064163    0.088060    0.266247    0.591249 ^ clkbuf_0_gpio_in[38]/X (sky130_fd_sc_hd__clkbuf_16)
                                                         clknet_0_gpio_in[38] (net)
                      0.088536    0.005038    0.596287 ^ clkbuf_1_1__f_gpio_in[38]/A (sky130_fd_sc_hd__clkbuf_16)
    19    0.069510    0.087641    0.175023    0.771310 ^ clkbuf_1_1__f_gpio_in[38]/X (sky130_fd_sc_hd__clkbuf_16)
                                                         clknet_1_1__leaf_gpio_in[38] (net)
                      0.090191    0.011569    0.782879 ^ _104_/CLK (sky130_fd_sc_hd__dfrtp_1)
                                  0.250000    1.032879   clock uncertainty
                                  0.000000    1.032879   clock reconvergence pessimism
                                 -0.038082    0.994797   library hold time
                                              0.994797   data required time
---------------------------------------------------------------------------------------------
                                              0.994797   data required time
                                             -1.906094   data arrival time
---------------------------------------------------------------------------------------------
                                              0.911297   slack (MET)


Startpoint: _092_ (rising edge-triggered flip-flop clocked by gpio_in[38])
Endpoint: _092_ (rising edge-triggered flip-flop clocked by gpio_in[38])
Path Group: gpio_in[38]
Path Type: min

Fanout         Cap        Slew       Delay        Time   Description
---------------------------------------------------------------------------------------------
                                  0.000000    0.000000   clock gpio_in[38] (rise edge)
                                  0.000000    0.000000   clock source latency
     2    0.097745    0.444379    0.325002    0.325002 ^ gpio_in[38] (in)
                                                         gpio_in[38] (net)
                      0.450391    0.000000    0.325002 ^ clkbuf_0_gpio_in[38]/A (sky130_fd_sc_hd__clkbuf_16)
     5    0.064163    0.088060    0.266247    0.591249 ^ clkbuf_0_gpio_in[38]/X (sky130_fd_sc_hd__clkbuf_16)
                                                         clknet_0_gpio_in[38] (net)
                      0.088536    0.005038    0.596287 ^ clkbuf_1_1__f_gpio_in[38]/A (sky130_fd_sc_hd__clkbuf_16)
    19    0.069510    0.087641    0.175023    0.771310 ^ clkbuf_1_1__f_gpio_in[38]/X (sky130_fd_sc_hd__clkbuf_16)
                                                         clknet_1_1__leaf_gpio_in[38] (net)
                      0.090489    0.012256    0.783566 ^ _092_/CLK (sky130_fd_sc_hd__dfrtp_1)
     3    0.010520    0.104552    0.383194    1.166760 ^ _092_/Q (sky130_fd_sc_hd__dfrtp_1)
                                                         gpio_22_37_output[23].cfg.gpio_out_val (net)
                      0.104552    0.000267    1.167027 ^ hold22/A (sky130_fd_sc_hd__dlygate4sd3_1)
     2    0.007419    0.093375    0.588810    1.755836 ^ hold22/X (sky130_fd_sc_hd__dlygate4sd3_1)
                                                         net597 (net)
                      0.093375    0.000116    1.755952 ^ _054_/B1 (sky130_fd_sc_hd__a21oi_1)
     1    0.005061    0.043780    0.058847    1.814799 v _054_/Y (sky130_fd_sc_hd__a21oi_1)
                                                         _025_ (net)
                      0.043780    0.000209    1.815008 v _055_/B (sky130_fd_sc_hd__nor2_1)
     1    0.003862    0.092566    0.094075    1.909082 ^ _055_/Y (sky130_fd_sc_hd__nor2_1)
                                                         _015_ (net)
                      0.092566    0.000126    1.909208 ^ _092_/D (sky130_fd_sc_hd__dfrtp_1)
                                              1.909208   data arrival time

                                  0.000000    0.000000   clock gpio_in[38] (rise edge)
                                  0.000000    0.000000   clock source latency
     2    0.097745    0.444379    0.325002    0.325002 ^ gpio_in[38] (in)
                                                         gpio_in[38] (net)
                      0.450391    0.000000    0.325002 ^ clkbuf_0_gpio_in[38]/A (sky130_fd_sc_hd__clkbuf_16)
     5    0.064163    0.088060    0.266247    0.591249 ^ clkbuf_0_gpio_in[38]/X (sky130_fd_sc_hd__clkbuf_16)
                                                         clknet_0_gpio_in[38] (net)
                      0.088536    0.005038    0.596287 ^ clkbuf_1_1__f_gpio_in[38]/A (sky130_fd_sc_hd__clkbuf_16)
    19    0.069510    0.087641    0.175023    0.771310 ^ clkbuf_1_1__f_gpio_in[38]/X (sky130_fd_sc_hd__clkbuf_16)
                                                         clknet_1_1__leaf_gpio_in[38] (net)
                      0.090489    0.012256    0.783566 ^ _092_/CLK (sky130_fd_sc_hd__dfrtp_1)
                                  0.250000    1.033566   clock uncertainty
                                  0.000000    1.033566   clock reconvergence pessimism
                                 -0.038463    0.995102   library hold time
                                              0.995102   data required time
---------------------------------------------------------------------------------------------
                                              0.995102   data required time
                                             -1.909208   data arrival time
---------------------------------------------------------------------------------------------
                                              0.914106   slack (MET)


Startpoint: _099_ (rising edge-triggered flip-flop clocked by gpio_in[38])
Endpoint: _099_ (rising edge-triggered flip-flop clocked by gpio_in[38])
Path Group: gpio_in[38]
Path Type: min

Fanout         Cap        Slew       Delay        Time   Description
---------------------------------------------------------------------------------------------
                                  0.000000    0.000000   clock gpio_in[38] (rise edge)
                                  0.000000    0.000000   clock source latency
     2    0.097745    0.444379    0.325002    0.325002 ^ gpio_in[38] (in)
                                                         gpio_in[38] (net)
                      0.450391    0.000000    0.325002 ^ clkbuf_0_gpio_in[38]/A (sky130_fd_sc_hd__clkbuf_16)
     5    0.064163    0.088060    0.266247    0.591249 ^ clkbuf_0_gpio_in[38]/X (sky130_fd_sc_hd__clkbuf_16)
                                                         clknet_0_gpio_in[38] (net)
                      0.088562    0.005179    0.596428 ^ clkbuf_1_0__f_gpio_in[38]/A (sky130_fd_sc_hd__clkbuf_16)
    25    0.081607    0.100020    0.179923    0.776351 ^ clkbuf_1_0__f_gpio_in[38]/X (sky130_fd_sc_hd__clkbuf_16)
                                                         clknet_1_0__leaf_gpio_in[38] (net)
                      0.105436    0.018005    0.794356 ^ _099_/CLK (sky130_fd_sc_hd__dfrtp_1)
     5    0.011742    0.114520    0.396194    1.190550 ^ _099_/Q (sky130_fd_sc_hd__dfrtp_1)
                                                         gpio_22_37_output[30].cfg.gpio_out_val (net)
                      0.114520    0.000253    1.190803 ^ hold28/A (sky130_fd_sc_hd__dlygate4sd3_1)
     2    0.006014    0.080887    0.580880    1.771682 ^ hold28/X (sky130_fd_sc_hd__dlygate4sd3_1)
                                                         net603 (net)
                      0.080887    0.000144    1.771827 ^ _070_/A (sky130_fd_sc_hd__and2_1)
     2    0.006193    0.075290    0.145931    1.917758 ^ _070_/X (sky130_fd_sc_hd__and2_1)
                                                         _034_ (net)
                      0.075290    0.000130    1.917888 ^ _072_/A (sky130_fd_sc_hd__nor2_1)
     1    0.002622    0.023137    0.048601    1.966490 v _072_/Y (sky130_fd_sc_hd__nor2_1)
                                                         _003_ (net)
                      0.023137    0.000077    1.966567 v _099_/D (sky130_fd_sc_hd__dfrtp_1)
                                              1.966567   data arrival time

                                  0.000000    0.000000   clock gpio_in[38] (rise edge)
                                  0.000000    0.000000   clock source latency
     2    0.097745    0.444379    0.325002    0.325002 ^ gpio_in[38] (in)
                                                         gpio_in[38] (net)
                      0.450391    0.000000    0.325002 ^ clkbuf_0_gpio_in[38]/A (sky130_fd_sc_hd__clkbuf_16)
     5    0.064163    0.088060    0.266247    0.591249 ^ clkbuf_0_gpio_in[38]/X (sky130_fd_sc_hd__clkbuf_16)
                                                         clknet_0_gpio_in[38] (net)
                      0.088562    0.005179    0.596428 ^ clkbuf_1_0__f_gpio_in[38]/A (sky130_fd_sc_hd__clkbuf_16)
    25    0.081607    0.100020    0.179923    0.776351 ^ clkbuf_1_0__f_gpio_in[38]/X (sky130_fd_sc_hd__clkbuf_16)
                                                         clknet_1_0__leaf_gpio_in[38] (net)
                      0.105436    0.018005    0.794356 ^ _099_/CLK (sky130_fd_sc_hd__dfrtp_1)
                                  0.250000    1.044356   clock uncertainty
                                  0.000000    1.044356   clock reconvergence pessimism
                                 -0.023096    1.021261   library hold time
                                              1.021261   data required time
---------------------------------------------------------------------------------------------
                                              1.021261   data required time
                                             -1.966567   data arrival time
---------------------------------------------------------------------------------------------
                                              0.945306   slack (MET)


Startpoint: _095_ (rising edge-triggered flip-flop clocked by gpio_in[38])
Endpoint: _098_ (rising edge-triggered flip-flop clocked by gpio_in[38])
Path Group: gpio_in[38]
Path Type: min

Fanout         Cap        Slew       Delay        Time   Description
---------------------------------------------------------------------------------------------
                                  0.000000    0.000000   clock gpio_in[38] (rise edge)
                                  0.000000    0.000000   clock source latency
     2    0.097745    0.444379    0.325002    0.325002 ^ gpio_in[38] (in)
                                                         gpio_in[38] (net)
                      0.450391    0.000000    0.325002 ^ clkbuf_0_gpio_in[38]/A (sky130_fd_sc_hd__clkbuf_16)
     5    0.064163    0.088060    0.266247    0.591249 ^ clkbuf_0_gpio_in[38]/X (sky130_fd_sc_hd__clkbuf_16)
                                                         clknet_0_gpio_in[38] (net)
                      0.088562    0.005179    0.596428 ^ clkbuf_1_0__f_gpio_in[38]/A (sky130_fd_sc_hd__clkbuf_16)
    25    0.081607    0.100020    0.179923    0.776351 ^ clkbuf_1_0__f_gpio_in[38]/X (sky130_fd_sc_hd__clkbuf_16)
                                                         clknet_1_0__leaf_gpio_in[38] (net)
                      0.103715    0.014860    0.791210 ^ _095_/CLK (sky130_fd_sc_hd__dfrtp_2)
     3    0.011815    0.076955    0.393309    1.184519 ^ _095_/Q (sky130_fd_sc_hd__dfrtp_2)
                                                         gpio_22_37_output[26].cfg.gpio_out_val (net)
                      0.076955    0.000264    1.184783 ^ _065_/A (sky130_fd_sc_hd__and4_1)
     1    0.003174    0.057809    0.171363    1.356146 ^ _065_/X (sky130_fd_sc_hd__and4_1)
                                                         _031_ (net)
                      0.057809    0.000092    1.356239 ^ _069_/A2 (sky130_fd_sc_hd__o21ba_1)
     1    0.001850    0.034271    0.104328    1.460567 ^ _069_/X (sky130_fd_sc_hd__o21ba_1)
                                                         _002_ (net)
                      0.034271    0.000035    1.460603 ^ hold15/A (sky130_fd_sc_hd__dlygate4sd3_1)
     1    0.002841    0.053251    0.531717    1.992320 ^ hold15/X (sky130_fd_sc_hd__dlygate4sd3_1)
                                                         net590 (net)
                      0.053251    0.000082    1.992402 ^ _098_/D (sky130_fd_sc_hd__dfrtp_1)
                                              1.992402   data arrival time

                                  0.000000    0.000000   clock gpio_in[38] (rise edge)
                                  0.000000    0.000000   clock source latency
     2    0.097745    0.444379    0.325002    0.325002 ^ gpio_in[38] (in)
                                                         gpio_in[38] (net)
                      0.450391    0.000000    0.325002 ^ clkbuf_0_gpio_in[38]/A (sky130_fd_sc_hd__clkbuf_16)
     5    0.064163    0.088060    0.266247    0.591249 ^ clkbuf_0_gpio_in[38]/X (sky130_fd_sc_hd__clkbuf_16)
                                                         clknet_0_gpio_in[38] (net)
                      0.088562    0.005179    0.596428 ^ clkbuf_1_0__f_gpio_in[38]/A (sky130_fd_sc_hd__clkbuf_16)
    25    0.081607    0.100020    0.179923    0.776351 ^ clkbuf_1_0__f_gpio_in[38]/X (sky130_fd_sc_hd__clkbuf_16)
                                                         clknet_1_0__leaf_gpio_in[38] (net)
                      0.104466    0.016296    0.792647 ^ _098_/CLK (sky130_fd_sc_hd__dfrtp_1)
                                  0.250000    1.042647   clock uncertainty
                                  0.000000    1.042647   clock reconvergence pessimism
                                 -0.028355    1.014292   library hold time
                                              1.014292   data required time
---------------------------------------------------------------------------------------------
                                              1.014292   data required time
                                             -1.992402   data arrival time
---------------------------------------------------------------------------------------------
                                              0.978110   slack (MET)


Startpoint: _103_ (rising edge-triggered flip-flop clocked by gpio_in[38])
Endpoint: _106_ (rising edge-triggered flip-flop clocked by gpio_in[38])
Path Group: gpio_in[38]
Path Type: min

Fanout         Cap        Slew       Delay        Time   Description
---------------------------------------------------------------------------------------------
                                  0.000000    0.000000   clock gpio_in[38] (rise edge)
                                  0.000000    0.000000   clock source latency
     2    0.097745    0.444379    0.325002    0.325002 ^ gpio_in[38] (in)
                                                         gpio_in[38] (net)
                      0.450391    0.000000    0.325002 ^ clkbuf_0_gpio_in[38]/A (sky130_fd_sc_hd__clkbuf_16)
     5    0.064163    0.088060    0.266247    0.591249 ^ clkbuf_0_gpio_in[38]/X (sky130_fd_sc_hd__clkbuf_16)
                                                         clknet_0_gpio_in[38] (net)
                      0.088536    0.005038    0.596287 ^ clkbuf_1_1__f_gpio_in[38]/A (sky130_fd_sc_hd__clkbuf_16)
    19    0.069510    0.087641    0.175023    0.771310 ^ clkbuf_1_1__f_gpio_in[38]/X (sky130_fd_sc_hd__clkbuf_16)
                                                         clknet_1_1__leaf_gpio_in[38] (net)
                      0.090184    0.011554    0.782864 ^ _103_/CLK (sky130_fd_sc_hd__dfrtp_1)
     3    0.009193    0.093955    0.374895    1.157759 ^ _103_/Q (sky130_fd_sc_hd__dfrtp_1)
                                                         gpio_22_37_output[34].cfg.gpio_out_val (net)
                      0.093955    0.000347    1.158107 ^ _084_/A (sky130_fd_sc_hd__and4_1)
     1    0.006617    0.086604    0.204509    1.362616 ^ _084_/X (sky130_fd_sc_hd__and4_1)
                                                         _042_ (net)
                      0.086604    0.000234    1.362850 ^ _086_/B (sky130_fd_sc_hd__xor2_1)
     1    0.002351    0.034388    0.065047    1.427897 v _086_/X (sky130_fd_sc_hd__xor2_1)
                                                         _010_ (net)
                      0.034388    0.000051    1.427947 v hold2/A (sky130_fd_sc_hd__dlygate4sd3_1)
     1    0.003095    0.054992    0.546715    1.974663 v hold2/X (sky130_fd_sc_hd__dlygate4sd3_1)
                                                         net577 (net)
                      0.054992    0.000090    1.974752 v _106_/D (sky130_fd_sc_hd__dfrtp_1)
                                              1.974752   data arrival time

                                  0.000000    0.000000   clock gpio_in[38] (rise edge)
                                  0.000000    0.000000   clock source latency
     2    0.097745    0.444379    0.325002    0.325002 ^ gpio_in[38] (in)
                                                         gpio_in[38] (net)
                      0.450391    0.000000    0.325002 ^ clkbuf_0_gpio_in[38]/A (sky130_fd_sc_hd__clkbuf_16)
     5    0.064163    0.088060    0.266247    0.591249 ^ clkbuf_0_gpio_in[38]/X (sky130_fd_sc_hd__clkbuf_16)
                                                         clknet_0_gpio_in[38] (net)
                      0.088536    0.005038    0.596287 ^ clkbuf_1_1__f_gpio_in[38]/A (sky130_fd_sc_hd__clkbuf_16)
    19    0.069510    0.087641    0.175023    0.771310 ^ clkbuf_1_1__f_gpio_in[38]/X (sky130_fd_sc_hd__clkbuf_16)
                                                         clknet_1_1__leaf_gpio_in[38] (net)
                      0.090183    0.011551    0.782861 ^ _106_/CLK (sky130_fd_sc_hd__dfrtp_1)
                                  0.250000    1.032861   clock uncertainty
                                  0.000000    1.032861   clock reconvergence pessimism
                                 -0.039535    0.993327   library hold time
                                              0.993327   data required time
---------------------------------------------------------------------------------------------
                                              0.993327   data required time
                                             -1.974752   data arrival time
---------------------------------------------------------------------------------------------
                                              0.981425   slack (MET)


Startpoint: _088_ (rising edge-triggered flip-flop clocked by gpio_in[38])
Endpoint: _088_ (rising edge-triggered flip-flop clocked by gpio_in[38])
Path Group: gpio_in[38]
Path Type: min

Fanout         Cap        Slew       Delay        Time   Description
---------------------------------------------------------------------------------------------
                                  0.000000    0.000000   clock gpio_in[38] (rise edge)
                                  0.000000    0.000000   clock source latency
     2    0.097745    0.444379    0.325002    0.325002 ^ gpio_in[38] (in)
                                                         gpio_in[38] (net)
                      0.450391    0.000000    0.325002 ^ clkbuf_0_gpio_in[38]/A (sky130_fd_sc_hd__clkbuf_16)
     5    0.064163    0.088060    0.266247    0.591249 ^ clkbuf_0_gpio_in[38]/X (sky130_fd_sc_hd__clkbuf_16)
                                                         clknet_0_gpio_in[38] (net)
                      0.088562    0.005179    0.596428 ^ clkbuf_1_0__f_gpio_in[38]/A (sky130_fd_sc_hd__clkbuf_16)
    25    0.081607    0.100020    0.179923    0.776351 ^ clkbuf_1_0__f_gpio_in[38]/X (sky130_fd_sc_hd__clkbuf_16)
                                                         clknet_1_0__leaf_gpio_in[38] (net)
                      0.104931    0.017133    0.793484 ^ _088_/CLK (sky130_fd_sc_hd__dfrtp_1)
     5    0.013805    0.131449    0.408424    1.201908 ^ _088_/Q (sky130_fd_sc_hd__dfrtp_1)
                                                         gpio_18_21_bidir[19].cfg.gpio_out_val (net)
                      0.131449    0.000438    1.202345 ^ hold34/A (sky130_fd_sc_hd__dlygate4sd3_1)
     2    0.004613    0.068776    0.574283    1.776629 ^ hold34/X (sky130_fd_sc_hd__dlygate4sd3_1)
                                                         net609 (net)
                      0.068776    0.000061    1.776690 ^ _046_/B (sky130_fd_sc_hd__or2_1)
     1    0.004527    0.054183    0.107400    1.884090 ^ _046_/X (sky130_fd_sc_hd__or2_1)
                                                         _021_ (net)
                      0.054183    0.000158    1.884247 ^ _047_/B (sky130_fd_sc_hd__and2_1)
     1    0.002755    0.045631    0.117006    2.001253 ^ _047_/X (sky130_fd_sc_hd__and2_1)
                                                         _011_ (net)
                      0.045631    0.000079    2.001333 ^ _088_/D (sky130_fd_sc_hd__dfrtp_1)
                                              2.001333   data arrival time

                                  0.000000    0.000000   clock gpio_in[38] (rise edge)
                                  0.000000    0.000000   clock source latency
     2    0.097745    0.444379    0.325002    0.325002 ^ gpio_in[38] (in)
                                                         gpio_in[38] (net)
                      0.450391    0.000000    0.325002 ^ clkbuf_0_gpio_in[38]/A (sky130_fd_sc_hd__clkbuf_16)
     5    0.064163    0.088060    0.266247    0.591249 ^ clkbuf_0_gpio_in[38]/X (sky130_fd_sc_hd__clkbuf_16)
                                                         clknet_0_gpio_in[38] (net)
                      0.088562    0.005179    0.596428 ^ clkbuf_1_0__f_gpio_in[38]/A (sky130_fd_sc_hd__clkbuf_16)
    25    0.081607    0.100020    0.179923    0.776351 ^ clkbuf_1_0__f_gpio_in[38]/X (sky130_fd_sc_hd__clkbuf_16)
                                                         clknet_1_0__leaf_gpio_in[38] (net)
                      0.104931    0.017133    0.793484 ^ _088_/CLK (sky130_fd_sc_hd__dfrtp_1)
                                  0.250000    1.043484   clock uncertainty
                                  0.000000    1.043484   clock reconvergence pessimism
                                 -0.026706    1.016777   library hold time
                                              1.016777   data required time
---------------------------------------------------------------------------------------------
                                              1.016777   data required time
                                             -2.001333   data arrival time
---------------------------------------------------------------------------------------------
                                              0.984555   slack (MET)


Startpoint: _099_ (rising edge-triggered flip-flop clocked by gpio_in[38])
Endpoint: _101_ (rising edge-triggered flip-flop clocked by gpio_in[38])
Path Group: gpio_in[38]
Path Type: min

Fanout         Cap        Slew       Delay        Time   Description
---------------------------------------------------------------------------------------------
                                  0.000000    0.000000   clock gpio_in[38] (rise edge)
                                  0.000000    0.000000   clock source latency
     2    0.097745    0.444379    0.325002    0.325002 ^ gpio_in[38] (in)
                                                         gpio_in[38] (net)
                      0.450391    0.000000    0.325002 ^ clkbuf_0_gpio_in[38]/A (sky130_fd_sc_hd__clkbuf_16)
     5    0.064163    0.088060    0.266247    0.591249 ^ clkbuf_0_gpio_in[38]/X (sky130_fd_sc_hd__clkbuf_16)
                                                         clknet_0_gpio_in[38] (net)
                      0.088562    0.005179    0.596428 ^ clkbuf_1_0__f_gpio_in[38]/A (sky130_fd_sc_hd__clkbuf_16)
    25    0.081607    0.100020    0.179923    0.776351 ^ clkbuf_1_0__f_gpio_in[38]/X (sky130_fd_sc_hd__clkbuf_16)
                                                         clknet_1_0__leaf_gpio_in[38] (net)
                      0.105436    0.018005    0.794356 ^ _099_/CLK (sky130_fd_sc_hd__dfrtp_1)
     5    0.011742    0.114520    0.396194    1.190550 ^ _099_/Q (sky130_fd_sc_hd__dfrtp_1)
                                                         gpio_22_37_output[30].cfg.gpio_out_val (net)
                      0.114520    0.000227    1.190777 ^ _073_/A (sky130_fd_sc_hd__and3_1)
     2    0.007605    0.090629    0.192722    1.383499 ^ _073_/X (sky130_fd_sc_hd__and3_1)
                                                         _036_ (net)
                      0.090629    0.000204    1.383703 ^ _076_/B (sky130_fd_sc_hd__xor2_1)
     1    0.003964    0.040691    0.075170    1.458873 v _076_/X (sky130_fd_sc_hd__xor2_1)
                                                         _005_ (net)
                      0.040707    0.000141    1.459013 v hold11/A (sky130_fd_sc_hd__dlygate4sd3_1)
     1    0.002272    0.050180    0.541701    2.000715 v hold11/X (sky130_fd_sc_hd__dlygate4sd3_1)
                                                         net586 (net)
                      0.050180    0.000064    2.000778 v _101_/D (sky130_fd_sc_hd__dfrtp_1)
                                              2.000778   data arrival time

                                  0.000000    0.000000   clock gpio_in[38] (rise edge)
                                  0.000000    0.000000   clock source latency
     2    0.097745    0.444379    0.325002    0.325002 ^ gpio_in[38] (in)
                                                         gpio_in[38] (net)
                      0.450391    0.000000    0.325002 ^ clkbuf_0_gpio_in[38]/A (sky130_fd_sc_hd__clkbuf_16)
     5    0.064163    0.088060    0.266247    0.591249 ^ clkbuf_0_gpio_in[38]/X (sky130_fd_sc_hd__clkbuf_16)
                                                         clknet_0_gpio_in[38] (net)
                      0.088562    0.005179    0.596428 ^ clkbuf_1_0__f_gpio_in[38]/A (sky130_fd_sc_hd__clkbuf_16)
    25    0.081607    0.100020    0.179923    0.776351 ^ clkbuf_1_0__f_gpio_in[38]/X (sky130_fd_sc_hd__clkbuf_16)
                                                         clknet_1_0__leaf_gpio_in[38] (net)
                      0.105515    0.018137    0.794488 ^ _101_/CLK (sky130_fd_sc_hd__dfrtp_1)
                                  0.250000    1.044488   clock uncertainty
                                  0.000000    1.044488   clock reconvergence pessimism
                                 -0.034079    1.010409   library hold time
                                              1.010409   data required time
---------------------------------------------------------------------------------------------
                                              1.010409   data required time
                                             -2.000778   data arrival time
---------------------------------------------------------------------------------------------
                                              0.990369   slack (MET)


Startpoint: _099_ (rising edge-triggered flip-flop clocked by gpio_in[38])
Endpoint: _102_ (rising edge-triggered flip-flop clocked by gpio_in[38])
Path Group: gpio_in[38]
Path Type: min

Fanout         Cap        Slew       Delay        Time   Description
---------------------------------------------------------------------------------------------
                                  0.000000    0.000000   clock gpio_in[38] (rise edge)
                                  0.000000    0.000000   clock source latency
     2    0.097745    0.444379    0.325002    0.325002 ^ gpio_in[38] (in)
                                                         gpio_in[38] (net)
                      0.450391    0.000000    0.325002 ^ clkbuf_0_gpio_in[38]/A (sky130_fd_sc_hd__clkbuf_16)
     5    0.064163    0.088060    0.266247    0.591249 ^ clkbuf_0_gpio_in[38]/X (sky130_fd_sc_hd__clkbuf_16)
                                                         clknet_0_gpio_in[38] (net)
                      0.088562    0.005179    0.596428 ^ clkbuf_1_0__f_gpio_in[38]/A (sky130_fd_sc_hd__clkbuf_16)
    25    0.081607    0.100020    0.179923    0.776351 ^ clkbuf_1_0__f_gpio_in[38]/X (sky130_fd_sc_hd__clkbuf_16)
                                                         clknet_1_0__leaf_gpio_in[38] (net)
                      0.105436    0.018005    0.794356 ^ _099_/CLK (sky130_fd_sc_hd__dfrtp_1)
     5    0.011742    0.114520    0.396194    1.190550 ^ _099_/Q (sky130_fd_sc_hd__dfrtp_1)
                                                         gpio_22_37_output[30].cfg.gpio_out_val (net)
                      0.114520    0.000243    1.190792 ^ _075_/A (sky130_fd_sc_hd__and4_1)
     1    0.004014    0.064755    0.190591    1.381383 ^ _075_/X (sky130_fd_sc_hd__and4_1)
                                                         _037_ (net)
                      0.064755    0.000102    1.381485 ^ _079_/A2 (sky130_fd_sc_hd__o21ba_1)
     1    0.002424    0.039038    0.110481    1.491966 ^ _079_/X (sky130_fd_sc_hd__o21ba_1)
                                                         _006_ (net)
                      0.039038    0.000051    1.492017 ^ hold9/A (sky130_fd_sc_hd__dlygate4sd3_1)
     1    0.002953    0.054231    0.534334    2.026351 ^ hold9/X (sky130_fd_sc_hd__dlygate4sd3_1)
                                                         net584 (net)
                      0.054231    0.000087    2.026438 ^ _102_/D (sky130_fd_sc_hd__dfrtp_1)
                                              2.026438   data arrival time

                                  0.000000    0.000000   clock gpio_in[38] (rise edge)
                                  0.000000    0.000000   clock source latency
     2    0.097745    0.444379    0.325002    0.325002 ^ gpio_in[38] (in)
                                                         gpio_in[38] (net)
                      0.450391    0.000000    0.325002 ^ clkbuf_0_gpio_in[38]/A (sky130_fd_sc_hd__clkbuf_16)
     5    0.064163    0.088060    0.266247    0.591249 ^ clkbuf_0_gpio_in[38]/X (sky130_fd_sc_hd__clkbuf_16)
                                                         clknet_0_gpio_in[38] (net)
                      0.088562    0.005179    0.596428 ^ clkbuf_1_0__f_gpio_in[38]/A (sky130_fd_sc_hd__clkbuf_16)
    25    0.081607    0.100020    0.179923    0.776351 ^ clkbuf_1_0__f_gpio_in[38]/X (sky130_fd_sc_hd__clkbuf_16)
                                                         clknet_1_0__leaf_gpio_in[38] (net)
                      0.105463    0.018050    0.794401 ^ _102_/CLK (sky130_fd_sc_hd__dfrtp_1)
                                  0.250000    1.044401   clock uncertainty
                                  0.000000    1.044401   clock reconvergence pessimism
                                 -0.028423    1.015978   library hold time
                                              1.015978   data required time
---------------------------------------------------------------------------------------------
                                              1.015978   data required time
                                             -2.026438   data arrival time
---------------------------------------------------------------------------------------------
                                              1.010460   slack (MET)


Startpoint: _099_ (rising edge-triggered flip-flop clocked by gpio_in[38])
Endpoint: _100_ (rising edge-triggered flip-flop clocked by gpio_in[38])
Path Group: gpio_in[38]
Path Type: min

Fanout         Cap        Slew       Delay        Time   Description
---------------------------------------------------------------------------------------------
                                  0.000000    0.000000   clock gpio_in[38] (rise edge)
                                  0.000000    0.000000   clock source latency
     2    0.097745    0.444379    0.325002    0.325002 ^ gpio_in[38] (in)
                                                         gpio_in[38] (net)
                      0.450391    0.000000    0.325002 ^ clkbuf_0_gpio_in[38]/A (sky130_fd_sc_hd__clkbuf_16)
     5    0.064163    0.088060    0.266247    0.591249 ^ clkbuf_0_gpio_in[38]/X (sky130_fd_sc_hd__clkbuf_16)
                                                         clknet_0_gpio_in[38] (net)
                      0.088562    0.005179    0.596428 ^ clkbuf_1_0__f_gpio_in[38]/A (sky130_fd_sc_hd__clkbuf_16)
    25    0.081607    0.100020    0.179923    0.776351 ^ clkbuf_1_0__f_gpio_in[38]/X (sky130_fd_sc_hd__clkbuf_16)
                                                         clknet_1_0__leaf_gpio_in[38] (net)
                      0.105436    0.018005    0.794356 ^ _099_/CLK (sky130_fd_sc_hd__dfrtp_1)
     5    0.011742    0.114520    0.396194    1.190550 ^ _099_/Q (sky130_fd_sc_hd__dfrtp_1)
                                                         gpio_22_37_output[30].cfg.gpio_out_val (net)
                      0.114520    0.000227    1.190777 ^ _073_/A (sky130_fd_sc_hd__and3_1)
     2    0.007605    0.090629    0.192722    1.383499 ^ _073_/X (sky130_fd_sc_hd__and3_1)
                                                         _036_ (net)
                      0.090629    0.000150    1.383649 ^ _074_/B1_N (sky130_fd_sc_hd__o21ba_1)
     1    0.003642    0.034479    0.154289    1.537938 v _074_/X (sky130_fd_sc_hd__o21ba_1)
                                                         _004_ (net)
                      0.034479    0.000100    1.538038 v hold27/A (sky130_fd_sc_hd__dlygate4sd3_1)
     1    0.002406    0.050785    0.540491    2.078529 v hold27/X (sky130_fd_sc_hd__dlygate4sd3_1)
                                                         net602 (net)
                      0.050785    0.000068    2.078598 v _100_/D (sky130_fd_sc_hd__dfrtp_1)
                                              2.078598   data arrival time

                                  0.000000    0.000000   clock gpio_in[38] (rise edge)
                                  0.000000    0.000000   clock source latency
     2    0.097745    0.444379    0.325002    0.325002 ^ gpio_in[38] (in)
                                                         gpio_in[38] (net)
                      0.450391    0.000000    0.325002 ^ clkbuf_0_gpio_in[38]/A (sky130_fd_sc_hd__clkbuf_16)
     5    0.064163    0.088060    0.266247    0.591249 ^ clkbuf_0_gpio_in[38]/X (sky130_fd_sc_hd__clkbuf_16)
                                                         clknet_0_gpio_in[38] (net)
                      0.088562    0.005179    0.596428 ^ clkbuf_1_0__f_gpio_in[38]/A (sky130_fd_sc_hd__clkbuf_16)
    25    0.081607    0.100020    0.179923    0.776351 ^ clkbuf_1_0__f_gpio_in[38]/X (sky130_fd_sc_hd__clkbuf_16)
                                                         clknet_1_0__leaf_gpio_in[38] (net)
                      0.105541    0.018182    0.794533 ^ _100_/CLK (sky130_fd_sc_hd__dfrtp_1)
                                  0.250000    1.044533   clock uncertainty
                                  0.000000    1.044533   clock reconvergence pessimism
                                 -0.034319    1.010214   library hold time
                                              1.010214   data required time
---------------------------------------------------------------------------------------------
                                              1.010214   data required time
                                             -2.078598   data arrival time
---------------------------------------------------------------------------------------------
                                              1.068384   slack (MET)


Startpoint: _105_ (rising edge-triggered flip-flop clocked by gpio_in[38])
Endpoint: _105_ (rising edge-triggered flip-flop clocked by gpio_in[38])
Path Group: gpio_in[38]
Path Type: min

Fanout         Cap        Slew       Delay        Time   Description
---------------------------------------------------------------------------------------------
                                  0.000000    0.000000   clock gpio_in[38] (rise edge)
                                  0.000000    0.000000   clock source latency
     2    0.097745    0.444379    0.325002    0.325002 ^ gpio_in[38] (in)
                                                         gpio_in[38] (net)
                      0.450391    0.000000    0.325002 ^ clkbuf_0_gpio_in[38]/A (sky130_fd_sc_hd__clkbuf_16)
     5    0.064163    0.088060    0.266247    0.591249 ^ clkbuf_0_gpio_in[38]/X (sky130_fd_sc_hd__clkbuf_16)
                                                         clknet_0_gpio_in[38] (net)
                      0.088536    0.005038    0.596287 ^ clkbuf_1_1__f_gpio_in[38]/A (sky130_fd_sc_hd__clkbuf_16)
    19    0.069510    0.087641    0.175023    0.771310 ^ clkbuf_1_1__f_gpio_in[38]/X (sky130_fd_sc_hd__clkbuf_16)
                                                         clknet_1_1__leaf_gpio_in[38] (net)
                      0.090196    0.011582    0.782892 ^ _105_/CLK (sky130_fd_sc_hd__dfrtp_1)
     3    0.009368    0.095164    0.376118    1.159010 ^ _105_/Q (sky130_fd_sc_hd__dfrtp_1)
                                                         gpio_22_37_output[36].cfg.gpio_out_val (net)
                      0.095164    0.000286    1.159296 ^ hold4/A (sky130_fd_sc_hd__dlygate4sd3_1)
     1    0.007407    0.093307    0.585950    1.745246 ^ hold4/X (sky130_fd_sc_hd__dlygate4sd3_1)
                                                         net579 (net)
                      0.093307    0.000303    1.745548 ^ _085_/A (sky130_fd_sc_hd__xor2_1)
     1    0.002110    0.033379    0.068133    1.813681 v _085_/X (sky130_fd_sc_hd__xor2_1)
                                                         _009_ (net)
                      0.033379    0.000043    1.813724 v hold5/A (sky130_fd_sc_hd__dlygate4sd3_1)
     1    0.002914    0.053823    0.544674    2.358398 v hold5/X (sky130_fd_sc_hd__dlygate4sd3_1)
                                                         net580 (net)
                      0.053823    0.000092    2.358490 v _105_/D (sky130_fd_sc_hd__dfrtp_1)
                                              2.358490   data arrival time

                                  0.000000    0.000000   clock gpio_in[38] (rise edge)
                                  0.000000    0.000000   clock source latency
     2    0.097745    0.444379    0.325002    0.325002 ^ gpio_in[38] (in)
                                                         gpio_in[38] (net)
                      0.450391    0.000000    0.325002 ^ clkbuf_0_gpio_in[38]/A (sky130_fd_sc_hd__clkbuf_16)
     5    0.064163    0.088060    0.266247    0.591249 ^ clkbuf_0_gpio_in[38]/X (sky130_fd_sc_hd__clkbuf_16)
                                                         clknet_0_gpio_in[38] (net)
                      0.088536    0.005038    0.596287 ^ clkbuf_1_1__f_gpio_in[38]/A (sky130_fd_sc_hd__clkbuf_16)
    19    0.069510    0.087641    0.175023    0.771310 ^ clkbuf_1_1__f_gpio_in[38]/X (sky130_fd_sc_hd__clkbuf_16)
                                                         clknet_1_1__leaf_gpio_in[38] (net)
                      0.090196    0.011582    0.782892 ^ _105_/CLK (sky130_fd_sc_hd__dfrtp_1)
                                  0.250000    1.032892   clock uncertainty
                                  0.000000    1.032892   clock reconvergence pessimism
                                 -0.039056    0.993836   library hold time
                                              0.993836   data required time
---------------------------------------------------------------------------------------------
                                              0.993836   data required time
                                             -2.358490   data arrival time
---------------------------------------------------------------------------------------------
                                              1.364654   slack (MET)


Startpoint: _093_ (rising edge-triggered flip-flop clocked by gpio_in[38])
Endpoint: _093_ (rising edge-triggered flip-flop clocked by gpio_in[38])
Path Group: gpio_in[38]
Path Type: min

Fanout         Cap        Slew       Delay        Time   Description
---------------------------------------------------------------------------------------------
                                  0.000000    0.000000   clock gpio_in[38] (rise edge)
                                  0.000000    0.000000   clock source latency
     2    0.097745    0.444379    0.325002    0.325002 ^ gpio_in[38] (in)
                                                         gpio_in[38] (net)
                      0.450391    0.000000    0.325002 ^ clkbuf_0_gpio_in[38]/A (sky130_fd_sc_hd__clkbuf_16)
     5    0.064163    0.088060    0.266247    0.591249 ^ clkbuf_0_gpio_in[38]/X (sky130_fd_sc_hd__clkbuf_16)
                                                         clknet_0_gpio_in[38] (net)
                      0.088536    0.005038    0.596287 ^ clkbuf_1_1__f_gpio_in[38]/A (sky130_fd_sc_hd__clkbuf_16)
    19    0.069510    0.087641    0.175023    0.771310 ^ clkbuf_1_1__f_gpio_in[38]/X (sky130_fd_sc_hd__clkbuf_16)
                                                         clknet_1_1__leaf_gpio_in[38] (net)
                      0.090494    0.012268    0.783578 ^ _093_/CLK (sky130_fd_sc_hd__dfrtp_1)
     3    0.010358    0.103231    0.382220    1.165799 ^ _093_/Q (sky130_fd_sc_hd__dfrtp_1)
                                                         gpio_22_37_output[24].cfg.gpio_out_val (net)
                      0.103231    0.000268    1.166067 ^ hold12/A (sky130_fd_sc_hd__dlygate4sd3_1)
     2    0.008157    0.099720    0.594072    1.760139 ^ hold12/X (sky130_fd_sc_hd__dlygate4sd3_1)
                                                         net587 (net)
                      0.099720    0.000260    1.760399 ^ _057_/A (sky130_fd_sc_hd__xor2_1)
     1    0.001655    0.031510    0.067186    1.827585 v _057_/X (sky130_fd_sc_hd__xor2_1)
                                                         _016_ (net)
                      0.031510    0.000031    1.827616 v hold13/A (sky130_fd_sc_hd__dlygate4sd3_1)
     1    0.003448    0.057217    0.548632    2.376248 v hold13/X (sky130_fd_sc_hd__dlygate4sd3_1)
                                                         net588 (net)
                      0.057217    0.000113    2.376361 v _093_/D (sky130_fd_sc_hd__dfrtp_1)
                                              2.376361   data arrival time

                                  0.000000    0.000000   clock gpio_in[38] (rise edge)
                                  0.000000    0.000000   clock source latency
     2    0.097745    0.444379    0.325002    0.325002 ^ gpio_in[38] (in)
                                                         gpio_in[38] (net)
                      0.450391    0.000000    0.325002 ^ clkbuf_0_gpio_in[38]/A (sky130_fd_sc_hd__clkbuf_16)
     5    0.064163    0.088060    0.266247    0.591249 ^ clkbuf_0_gpio_in[38]/X (sky130_fd_sc_hd__clkbuf_16)
                                                         clknet_0_gpio_in[38] (net)
                      0.088536    0.005038    0.596287 ^ clkbuf_1_1__f_gpio_in[38]/A (sky130_fd_sc_hd__clkbuf_16)
    19    0.069510    0.087641    0.175023    0.771310 ^ clkbuf_1_1__f_gpio_in[38]/X (sky130_fd_sc_hd__clkbuf_16)
                                                         clknet_1_1__leaf_gpio_in[38] (net)
                      0.090494    0.012268    0.783578 ^ _093_/CLK (sky130_fd_sc_hd__dfrtp_1)
                                  0.250000    1.033578   clock uncertainty
                                  0.000000    1.033578   clock reconvergence pessimism
                                 -0.040369    0.993209   library hold time
                                              0.993209   data required time
---------------------------------------------------------------------------------------------
                                              0.993209   data required time
                                             -2.376361   data arrival time
---------------------------------------------------------------------------------------------
                                              1.383152   slack (MET)


Startpoint: _091_ (rising edge-triggered flip-flop clocked by gpio_in[38])
Endpoint: _091_ (rising edge-triggered flip-flop clocked by gpio_in[38])
Path Group: gpio_in[38]
Path Type: min

Fanout         Cap        Slew       Delay        Time   Description
---------------------------------------------------------------------------------------------
                                  0.000000    0.000000   clock gpio_in[38] (rise edge)
                                  0.000000    0.000000   clock source latency
     2    0.097745    0.444379    0.325002    0.325002 ^ gpio_in[38] (in)
                                                         gpio_in[38] (net)
                      0.450391    0.000000    0.325002 ^ clkbuf_0_gpio_in[38]/A (sky130_fd_sc_hd__clkbuf_16)
     5    0.064163    0.088060    0.266247    0.591249 ^ clkbuf_0_gpio_in[38]/X (sky130_fd_sc_hd__clkbuf_16)
                                                         clknet_0_gpio_in[38] (net)
                      0.088536    0.005038    0.596287 ^ clkbuf_1_1__f_gpio_in[38]/A (sky130_fd_sc_hd__clkbuf_16)
    19    0.069510    0.087641    0.175023    0.771310 ^ clkbuf_1_1__f_gpio_in[38]/X (sky130_fd_sc_hd__clkbuf_16)
                                                         clknet_1_1__leaf_gpio_in[38] (net)
                      0.090487    0.012252    0.783562 ^ _091_/CLK (sky130_fd_sc_hd__dfrtp_1)
     3    0.008690    0.090500    0.371700    1.155262 ^ _091_/Q (sky130_fd_sc_hd__dfrtp_1)
                                                         gpio_22_37_output[22].cfg.gpio_out_val (net)
                      0.090500    0.000178    1.155441 ^ hold20/A (sky130_fd_sc_hd__dlygate4sd3_1)
     3    0.011035    0.125287    0.610739    1.766180 ^ hold20/X (sky130_fd_sc_hd__dlygate4sd3_1)
                                                         net595 (net)
                      0.125287    0.000157    1.766336 ^ _052_/A (sky130_fd_sc_hd__xor2_1)
     1    0.002076    0.033250    0.076264    1.842600 v _052_/X (sky130_fd_sc_hd__xor2_1)
                                                         _014_ (net)
                      0.033250    0.000060    1.842660 v hold21/A (sky130_fd_sc_hd__dlygate4sd3_1)
     1    0.002211    0.050029    0.538258    2.380918 v hold21/X (sky130_fd_sc_hd__dlygate4sd3_1)
                                                         net596 (net)
                      0.050029    0.000044    2.380961 v _091_/D (sky130_fd_sc_hd__dfrtp_1)
                                              2.380961   data arrival time

                                  0.000000    0.000000   clock gpio_in[38] (rise edge)
                                  0.000000    0.000000   clock source latency
     2    0.097745    0.444379    0.325002    0.325002 ^ gpio_in[38] (in)
                                                         gpio_in[38] (net)
                      0.450391    0.000000    0.325002 ^ clkbuf_0_gpio_in[38]/A (sky130_fd_sc_hd__clkbuf_16)
     5    0.064163    0.088060    0.266247    0.591249 ^ clkbuf_0_gpio_in[38]/X (sky130_fd_sc_hd__clkbuf_16)
                                                         clknet_0_gpio_in[38] (net)
                      0.088536    0.005038    0.596287 ^ clkbuf_1_1__f_gpio_in[38]/A (sky130_fd_sc_hd__clkbuf_16)
    19    0.069510    0.087641    0.175023    0.771310 ^ clkbuf_1_1__f_gpio_in[38]/X (sky130_fd_sc_hd__clkbuf_16)
                                                         clknet_1_1__leaf_gpio_in[38] (net)
                      0.090487    0.012252    0.783562 ^ _091_/CLK (sky130_fd_sc_hd__dfrtp_1)
                                  0.250000    1.033562   clock uncertainty
                                  0.000000    1.033562   clock reconvergence pessimism
                                 -0.037446    0.996116   library hold time
                                              0.996116   data required time
---------------------------------------------------------------------------------------------
                                              0.996116   data required time
                                             -2.380961   data arrival time
---------------------------------------------------------------------------------------------
                                              1.384845   slack (MET)


Startpoint: _097_ (rising edge-triggered flip-flop clocked by gpio_in[38])
Endpoint: _097_ (rising edge-triggered flip-flop clocked by gpio_in[38])
Path Group: gpio_in[38]
Path Type: min

Fanout         Cap        Slew       Delay        Time   Description
---------------------------------------------------------------------------------------------
                                  0.000000    0.000000   clock gpio_in[38] (rise edge)
                                  0.000000    0.000000   clock source latency
     2    0.097745    0.444379    0.325002    0.325002 ^ gpio_in[38] (in)
                                                         gpio_in[38] (net)
                      0.450391    0.000000    0.325002 ^ clkbuf_0_gpio_in[38]/A (sky130_fd_sc_hd__clkbuf_16)
     5    0.064163    0.088060    0.266247    0.591249 ^ clkbuf_0_gpio_in[38]/X (sky130_fd_sc_hd__clkbuf_16)
                                                         clknet_0_gpio_in[38] (net)
                      0.088562    0.005179    0.596428 ^ clkbuf_1_0__f_gpio_in[38]/A (sky130_fd_sc_hd__clkbuf_16)
    25    0.081607    0.100020    0.179923    0.776351 ^ clkbuf_1_0__f_gpio_in[38]/X (sky130_fd_sc_hd__clkbuf_16)
                                                         clknet_1_0__leaf_gpio_in[38] (net)
                      0.104653    0.016636    0.792987 ^ _097_/CLK (sky130_fd_sc_hd__dfrtp_1)
     2    0.006499    0.073456    0.362188    1.155175 ^ _097_/Q (sky130_fd_sc_hd__dfrtp_1)
                                                         gpio_22_37_output[28].cfg.gpio_out_val (net)
                      0.073456    0.000154    1.155329 ^ hold6/A (sky130_fd_sc_hd__dlygate4sd3_1)
     3    0.013462    0.147714    0.622440    1.777769 ^ hold6/X (sky130_fd_sc_hd__dlygate4sd3_1)
                                                         net581 (net)
                      0.147714    0.000288    1.778057 ^ _066_/A (sky130_fd_sc_hd__xor2_1)
     1    0.001745    0.031889    0.077809    1.855866 v _066_/X (sky130_fd_sc_hd__xor2_1)
                                                         _001_ (net)
                      0.031889    0.000048    1.855914 v hold7/A (sky130_fd_sc_hd__dlygate4sd3_1)
     1    0.002497    0.051323    0.540309    2.396223 v hold7/X (sky130_fd_sc_hd__dlygate4sd3_1)
                                                         net582 (net)
                      0.051323    0.000071    2.396294 v _097_/D (sky130_fd_sc_hd__dfrtp_1)
                                              2.396294   data arrival time

                                  0.000000    0.000000   clock gpio_in[38] (rise edge)
                                  0.000000    0.000000   clock source latency
     2    0.097745    0.444379    0.325002    0.325002 ^ gpio_in[38] (in)
                                                         gpio_in[38] (net)
                      0.450391    0.000000    0.325002 ^ clkbuf_0_gpio_in[38]/A (sky130_fd_sc_hd__clkbuf_16)
     5    0.064163    0.088060    0.266247    0.591249 ^ clkbuf_0_gpio_in[38]/X (sky130_fd_sc_hd__clkbuf_16)
                                                         clknet_0_gpio_in[38] (net)
                      0.088562    0.005179    0.596428 ^ clkbuf_1_0__f_gpio_in[38]/A (sky130_fd_sc_hd__clkbuf_16)
    25    0.081607    0.100020    0.179923    0.776351 ^ clkbuf_1_0__f_gpio_in[38]/X (sky130_fd_sc_hd__clkbuf_16)
                                                         clknet_1_0__leaf_gpio_in[38] (net)
                      0.104653    0.016636    0.792987 ^ _097_/CLK (sky130_fd_sc_hd__dfrtp_1)
                                  0.250000    1.042987   clock uncertainty
                                  0.000000    1.042987   clock reconvergence pessimism
                                 -0.034741    1.008247   library hold time
                                              1.008247   data required time
---------------------------------------------------------------------------------------------
                                              1.008247   data required time
                                             -2.396294   data arrival time
---------------------------------------------------------------------------------------------
                                              1.388048   slack (MET)


Startpoint: _094_ (rising edge-triggered flip-flop clocked by gpio_in[38])
Endpoint: _094_ (rising edge-triggered flip-flop clocked by gpio_in[38])
Path Group: gpio_in[38]
Path Type: min

Fanout         Cap        Slew       Delay        Time   Description
---------------------------------------------------------------------------------------------
                                  0.000000    0.000000   clock gpio_in[38] (rise edge)
                                  0.000000    0.000000   clock source latency
     2    0.097745    0.444379    0.325002    0.325002 ^ gpio_in[38] (in)
                                                         gpio_in[38] (net)
                      0.450391    0.000000    0.325002 ^ clkbuf_0_gpio_in[38]/A (sky130_fd_sc_hd__clkbuf_16)
     5    0.064163    0.088060    0.266247    0.591249 ^ clkbuf_0_gpio_in[38]/X (sky130_fd_sc_hd__clkbuf_16)
                                                         clknet_0_gpio_in[38] (net)
                      0.088536    0.005038    0.596287 ^ clkbuf_1_1__f_gpio_in[38]/A (sky130_fd_sc_hd__clkbuf_16)
    19    0.069510    0.087641    0.175023    0.771310 ^ clkbuf_1_1__f_gpio_in[38]/X (sky130_fd_sc_hd__clkbuf_16)
                                                         clknet_1_1__leaf_gpio_in[38] (net)
                      0.090452    0.012172    0.783482 ^ _094_/CLK (sky130_fd_sc_hd__dfrtp_1)
     3    0.007726    0.083185    0.365178    1.148660 ^ _094_/Q (sky130_fd_sc_hd__dfrtp_1)
                                                         gpio_22_37_output[25].cfg.gpio_out_val (net)
                      0.083185    0.000149    1.148809 ^ hold16/A (sky130_fd_sc_hd__dlygate4sd3_1)
     1    0.006206    0.082610    0.573308    1.722117 ^ hold16/X (sky130_fd_sc_hd__dlygate4sd3_1)
                                                         net591 (net)
                      0.082610    0.000224    1.722341 ^ _060_/A1 (sky130_fd_sc_hd__o21ba_1)
     1    0.004694    0.058948    0.145471    1.867812 ^ _060_/X (sky130_fd_sc_hd__o21ba_1)
                                                         _017_ (net)
                      0.058948    0.000168    1.867980 ^ hold17/A (sky130_fd_sc_hd__dlygate4sd3_1)
     1    0.002792    0.052846    0.539090    2.407070 ^ hold17/X (sky130_fd_sc_hd__dlygate4sd3_1)
                                                         net592 (net)
                      0.052846    0.000084    2.407155 ^ _094_/D (sky130_fd_sc_hd__dfrtp_1)
                                              2.407155   data arrival time

                                  0.000000    0.000000   clock gpio_in[38] (rise edge)
                                  0.000000    0.000000   clock source latency
     2    0.097745    0.444379    0.325002    0.325002 ^ gpio_in[38] (in)
                                                         gpio_in[38] (net)
                      0.450391    0.000000    0.325002 ^ clkbuf_0_gpio_in[38]/A (sky130_fd_sc_hd__clkbuf_16)
     5    0.064163    0.088060    0.266247    0.591249 ^ clkbuf_0_gpio_in[38]/X (sky130_fd_sc_hd__clkbuf_16)
                                                         clknet_0_gpio_in[38] (net)
                      0.088536    0.005038    0.596287 ^ clkbuf_1_1__f_gpio_in[38]/A (sky130_fd_sc_hd__clkbuf_16)
    19    0.069510    0.087641    0.175023    0.771310 ^ clkbuf_1_1__f_gpio_in[38]/X (sky130_fd_sc_hd__clkbuf_16)
                                                         clknet_1_1__leaf_gpio_in[38] (net)
                      0.090452    0.012172    0.783482 ^ _094_/CLK (sky130_fd_sc_hd__dfrtp_1)
                                  0.250000    1.033482   clock uncertainty
                                  0.000000    1.033482   clock reconvergence pessimism
                                 -0.030189    1.003294   library hold time
                                              1.003294   data required time
---------------------------------------------------------------------------------------------
                                              1.003294   data required time
                                             -2.407155   data arrival time
---------------------------------------------------------------------------------------------
                                              1.403861   slack (MET)


Startpoint: _089_ (rising edge-triggered flip-flop clocked by gpio_in[38])
Endpoint: _089_ (rising edge-triggered flip-flop clocked by gpio_in[38])
Path Group: gpio_in[38]
Path Type: min

Fanout         Cap        Slew       Delay        Time   Description
---------------------------------------------------------------------------------------------
                                  0.000000    0.000000   clock gpio_in[38] (rise edge)
                                  0.000000    0.000000   clock source latency
     2    0.097745    0.444379    0.325002    0.325002 ^ gpio_in[38] (in)
                                                         gpio_in[38] (net)
                      0.450391    0.000000    0.325002 ^ clkbuf_0_gpio_in[38]/A (sky130_fd_sc_hd__clkbuf_16)
     5    0.064163    0.088060    0.266247    0.591249 ^ clkbuf_0_gpio_in[38]/X (sky130_fd_sc_hd__clkbuf_16)
                                                         clknet_0_gpio_in[38] (net)
                      0.088562    0.005179    0.596428 ^ clkbuf_1_0__f_gpio_in[38]/A (sky130_fd_sc_hd__clkbuf_16)
    25    0.081607    0.100020    0.179923    0.776351 ^ clkbuf_1_0__f_gpio_in[38]/X (sky130_fd_sc_hd__clkbuf_16)
                                                         clknet_1_0__leaf_gpio_in[38] (net)
                      0.105303    0.017778    0.794129 ^ _089_/CLK (sky130_fd_sc_hd__dfrtp_1)
     3    0.008562    0.089631    0.376334    1.170463 ^ _089_/Q (sky130_fd_sc_hd__dfrtp_1)
                                                         gpio_18_21_bidir[20].cfg.gpio_out_val (net)
                      0.089631    0.000173    1.170636 ^ hold23/A (sky130_fd_sc_hd__dlygate4sd3_1)
     3    0.013888    0.151598    0.630028    1.800664 ^ hold23/X (sky130_fd_sc_hd__dlygate4sd3_1)
                                                         net598 (net)
                      0.151598    0.000245    1.800909 ^ _048_/A (sky130_fd_sc_hd__xnor2_1)
     1    0.002433    0.034744    0.087402    1.888311 v _048_/Y (sky130_fd_sc_hd__xnor2_1)
                                                         _012_ (net)
                      0.034744    0.000052    1.888364 v hold24/A (sky130_fd_sc_hd__dlygate4sd3_1)
     1    0.002755    0.052827    0.543767    2.432130 v hold24/X (sky130_fd_sc_hd__dlygate4sd3_1)
                                                         net599 (net)
                      0.052827    0.000083    2.432213 v _089_/D (sky130_fd_sc_hd__dfrtp_1)
                                              2.432213   data arrival time

                                  0.000000    0.000000   clock gpio_in[38] (rise edge)
                                  0.000000    0.000000   clock source latency
     2    0.097745    0.444379    0.325002    0.325002 ^ gpio_in[38] (in)
                                                         gpio_in[38] (net)
                      0.450391    0.000000    0.325002 ^ clkbuf_0_gpio_in[38]/A (sky130_fd_sc_hd__clkbuf_16)
     5    0.064163    0.088060    0.266247    0.591249 ^ clkbuf_0_gpio_in[38]/X (sky130_fd_sc_hd__clkbuf_16)
                                                         clknet_0_gpio_in[38] (net)
                      0.088562    0.005179    0.596428 ^ clkbuf_1_0__f_gpio_in[38]/A (sky130_fd_sc_hd__clkbuf_16)
    25    0.081607    0.100020    0.179923    0.776351 ^ clkbuf_1_0__f_gpio_in[38]/X (sky130_fd_sc_hd__clkbuf_16)
                                                         clknet_1_0__leaf_gpio_in[38] (net)
                      0.105303    0.017778    0.794129 ^ _089_/CLK (sky130_fd_sc_hd__dfrtp_1)
                                  0.250000    1.044129   clock uncertainty
                                  0.000000    1.044129   clock reconvergence pessimism
                                 -0.035204    1.008925   library hold time
                                              1.008925   data required time
---------------------------------------------------------------------------------------------
                                              1.008925   data required time
                                             -2.432213   data arrival time
---------------------------------------------------------------------------------------------
                                              1.423288   slack (MET)


Startpoint: _088_ (rising edge-triggered flip-flop clocked by gpio_in[38])
Endpoint: _090_ (rising edge-triggered flip-flop clocked by gpio_in[38])
Path Group: gpio_in[38]
Path Type: min

Fanout         Cap        Slew       Delay        Time   Description
---------------------------------------------------------------------------------------------
                                  0.000000    0.000000   clock gpio_in[38] (rise edge)
                                  0.000000    0.000000   clock source latency
     2    0.097745    0.444379    0.325002    0.325002 ^ gpio_in[38] (in)
                                                         gpio_in[38] (net)
                      0.450391    0.000000    0.325002 ^ clkbuf_0_gpio_in[38]/A (sky130_fd_sc_hd__clkbuf_16)
     5    0.064163    0.088060    0.266247    0.591249 ^ clkbuf_0_gpio_in[38]/X (sky130_fd_sc_hd__clkbuf_16)
                                                         clknet_0_gpio_in[38] (net)
                      0.088562    0.005179    0.596428 ^ clkbuf_1_0__f_gpio_in[38]/A (sky130_fd_sc_hd__clkbuf_16)
    25    0.081607    0.100020    0.179923    0.776351 ^ clkbuf_1_0__f_gpio_in[38]/X (sky130_fd_sc_hd__clkbuf_16)
                                                         clknet_1_0__leaf_gpio_in[38] (net)
                      0.104931    0.017133    0.793484 ^ _088_/CLK (sky130_fd_sc_hd__dfrtp_1)
     5    0.013805    0.131449    0.408424    1.201908 ^ _088_/Q (sky130_fd_sc_hd__dfrtp_1)
                                                         gpio_18_21_bidir[19].cfg.gpio_out_val (net)
                      0.131449    0.000316    1.202223 ^ _050_/A2 (sky130_fd_sc_hd__a31o_1)
     1    0.001857    0.033720    0.146077    1.348300 ^ _050_/X (sky130_fd_sc_hd__a31o_1)
                                                         _023_ (net)
                      0.033720    0.000035    1.348336 ^ hold32/A (sky130_fd_sc_hd__dlygate4sd3_1)
     1    0.003984    0.063462    0.541242    1.889577 ^ hold32/X (sky130_fd_sc_hd__dlygate4sd3_1)
                                                         net607 (net)
                      0.063462    0.000143    1.889719 ^ _051_/B (sky130_fd_sc_hd__and2b_1)
     1    0.002898    0.042122    0.118443    2.008162 ^ _051_/X (sky130_fd_sc_hd__and2b_1)
                                                         _013_ (net)
                      0.042122    0.000090    2.008252 ^ hold33/A (sky130_fd_sc_hd__dlygate4sd3_1)
     1    0.003026    0.054869    0.536031    2.544283 ^ hold33/X (sky130_fd_sc_hd__dlygate4sd3_1)
                                                         net608 (net)
                      0.054869    0.000091    2.544374 ^ _090_/D (sky130_fd_sc_hd__dfrtp_1)
                                              2.544374   data arrival time

                                  0.000000    0.000000   clock gpio_in[38] (rise edge)
                                  0.000000    0.000000   clock source latency
     2    0.097745    0.444379    0.325002    0.325002 ^ gpio_in[38] (in)
                                                         gpio_in[38] (net)
                      0.450391    0.000000    0.325002 ^ clkbuf_0_gpio_in[38]/A (sky130_fd_sc_hd__clkbuf_16)
     5    0.064163    0.088060    0.266247    0.591249 ^ clkbuf_0_gpio_in[38]/X (sky130_fd_sc_hd__clkbuf_16)
                                                         clknet_0_gpio_in[38] (net)
                      0.088562    0.005179    0.596428 ^ clkbuf_1_0__f_gpio_in[38]/A (sky130_fd_sc_hd__clkbuf_16)
    25    0.081607    0.100020    0.179923    0.776351 ^ clkbuf_1_0__f_gpio_in[38]/X (sky130_fd_sc_hd__clkbuf_16)
                                                         clknet_1_0__leaf_gpio_in[38] (net)
                      0.105112    0.017450    0.793801 ^ _090_/CLK (sky130_fd_sc_hd__dfrtp_1)
                                  0.250000    1.043801   clock uncertainty
                                  0.000000    1.043801   clock reconvergence pessimism
                                 -0.028604    1.015197   library hold time
                                              1.015197   data required time
---------------------------------------------------------------------------------------------
                                              1.015197   data required time
                                             -2.544374   data arrival time
---------------------------------------------------------------------------------------------
                                              1.529177   slack (MET)


Startpoint: resetb_l (input port clocked by gpio_in[38])
Endpoint: _105_ (removal check against rising-edge clock gpio_in[38])
Path Group: asynchronous
Path Type: min

Fanout         Cap        Slew       Delay        Time   Description
---------------------------------------------------------------------------------------------
                                  0.000000    0.000000   clock gpio_in[38] (rise edge)
                                  0.000000    0.000000   clock network delay (propagated)
                                  5.000000    5.000000 ^ input external delay
     2    0.009093    0.047386    0.031110    5.031110 ^ resetb_l (in)
                                                         resetb_l (net)
                      0.047387    0.000000    5.031110 ^ input2/A (sky130_fd_sc_hd__buf_8)
    11    0.131664    0.207859    0.196926    5.228036 ^ input2/X (sky130_fd_sc_hd__buf_8)
                                                         net2 (net)
                      0.239613    0.061157    5.289193 ^ _105_/RESET_B (sky130_fd_sc_hd__dfrtp_1)
                                              5.289193   data arrival time

                                  0.000000    0.000000   clock gpio_in[38] (rise edge)
                                  0.000000    0.000000   clock source latency
     2    0.097745    0.444379    0.325002    0.325002 ^ gpio_in[38] (in)
                                                         gpio_in[38] (net)
                      0.450391    0.000000    0.325002 ^ clkbuf_0_gpio_in[38]/A (sky130_fd_sc_hd__clkbuf_16)
     5    0.064163    0.088060    0.266247    0.591249 ^ clkbuf_0_gpio_in[38]/X (sky130_fd_sc_hd__clkbuf_16)
                                                         clknet_0_gpio_in[38] (net)
                      0.088536    0.005038    0.596287 ^ clkbuf_1_1__f_gpio_in[38]/A (sky130_fd_sc_hd__clkbuf_16)
    19    0.069510    0.087641    0.175023    0.771310 ^ clkbuf_1_1__f_gpio_in[38]/X (sky130_fd_sc_hd__clkbuf_16)
                                                         clknet_1_1__leaf_gpio_in[38] (net)
                      0.090196    0.011582    0.782892 ^ _105_/CLK (sky130_fd_sc_hd__dfrtp_1)
                                  0.250000    1.032892   clock uncertainty
                                  0.000000    1.032892   clock reconvergence pessimism
                                  0.386066    1.418958   library removal time
                                              1.418958   data required time
---------------------------------------------------------------------------------------------
                                              1.418958   data required time
                                             -5.289193   data arrival time
---------------------------------------------------------------------------------------------
                                              3.870236   slack (MET)


Startpoint: resetb_l (input port clocked by gpio_in[38])
Endpoint: _103_ (removal check against rising-edge clock gpio_in[38])
Path Group: asynchronous
Path Type: min

Fanout         Cap        Slew       Delay        Time   Description
---------------------------------------------------------------------------------------------
                                  0.000000    0.000000   clock gpio_in[38] (rise edge)
                                  0.000000    0.000000   clock network delay (propagated)
                                  5.000000    5.000000 ^ input external delay
     2    0.009093    0.047386    0.031110    5.031110 ^ resetb_l (in)
                                                         resetb_l (net)
                      0.047387    0.000000    5.031110 ^ input2/A (sky130_fd_sc_hd__buf_8)
    11    0.131664    0.207859    0.196926    5.228036 ^ input2/X (sky130_fd_sc_hd__buf_8)
                                                         net2 (net)
                      0.239754    0.061306    5.289341 ^ _103_/RESET_B (sky130_fd_sc_hd__dfrtp_1)
                                              5.289341   data arrival time

                                  0.000000    0.000000   clock gpio_in[38] (rise edge)
                                  0.000000    0.000000   clock source latency
     2    0.097745    0.444379    0.325002    0.325002 ^ gpio_in[38] (in)
                                                         gpio_in[38] (net)
                      0.450391    0.000000    0.325002 ^ clkbuf_0_gpio_in[38]/A (sky130_fd_sc_hd__clkbuf_16)
     5    0.064163    0.088060    0.266247    0.591249 ^ clkbuf_0_gpio_in[38]/X (sky130_fd_sc_hd__clkbuf_16)
                                                         clknet_0_gpio_in[38] (net)
                      0.088536    0.005038    0.596287 ^ clkbuf_1_1__f_gpio_in[38]/A (sky130_fd_sc_hd__clkbuf_16)
    19    0.069510    0.087641    0.175023    0.771310 ^ clkbuf_1_1__f_gpio_in[38]/X (sky130_fd_sc_hd__clkbuf_16)
                                                         clknet_1_1__leaf_gpio_in[38] (net)
                      0.090184    0.011554    0.782864 ^ _103_/CLK (sky130_fd_sc_hd__dfrtp_1)
                                  0.250000    1.032864   clock uncertainty
                                  0.000000    1.032864   clock reconvergence pessimism
                                  0.386101    1.418966   library removal time
                                              1.418966   data required time
---------------------------------------------------------------------------------------------
                                              1.418966   data required time
                                             -5.289341   data arrival time
---------------------------------------------------------------------------------------------
                                              3.870376   slack (MET)


Startpoint: resetb_l (input port clocked by gpio_in[38])
Endpoint: _104_ (removal check against rising-edge clock gpio_in[38])
Path Group: asynchronous
Path Type: min

Fanout         Cap        Slew       Delay        Time   Description
---------------------------------------------------------------------------------------------
                                  0.000000    0.000000   clock gpio_in[38] (rise edge)
                                  0.000000    0.000000   clock network delay (propagated)
                                  5.000000    5.000000 ^ input external delay
     2    0.009093    0.047386    0.031110    5.031110 ^ resetb_l (in)
                                                         resetb_l (net)
                      0.047387    0.000000    5.031110 ^ input2/A (sky130_fd_sc_hd__buf_8)
    11    0.131664    0.207859    0.196926    5.228036 ^ input2/X (sky130_fd_sc_hd__buf_8)
                                                         net2 (net)
                      0.239770    0.061323    5.289359 ^ _104_/RESET_B (sky130_fd_sc_hd__dfrtp_1)
                                              5.289359   data arrival time

                                  0.000000    0.000000   clock gpio_in[38] (rise edge)
                                  0.000000    0.000000   clock source latency
     2    0.097745    0.444379    0.325002    0.325002 ^ gpio_in[38] (in)
                                                         gpio_in[38] (net)
                      0.450391    0.000000    0.325002 ^ clkbuf_0_gpio_in[38]/A (sky130_fd_sc_hd__clkbuf_16)
     5    0.064163    0.088060    0.266247    0.591249 ^ clkbuf_0_gpio_in[38]/X (sky130_fd_sc_hd__clkbuf_16)
                                                         clknet_0_gpio_in[38] (net)
                      0.088536    0.005038    0.596287 ^ clkbuf_1_1__f_gpio_in[38]/A (sky130_fd_sc_hd__clkbuf_16)
    19    0.069510    0.087641    0.175023    0.771310 ^ clkbuf_1_1__f_gpio_in[38]/X (sky130_fd_sc_hd__clkbuf_16)
                                                         clknet_1_1__leaf_gpio_in[38] (net)
                      0.090191    0.011569    0.782879 ^ _104_/CLK (sky130_fd_sc_hd__dfrtp_1)
                                  0.250000    1.032879   clock uncertainty
                                  0.000000    1.032879   clock reconvergence pessimism
                                  0.386108    1.418987   library removal time
                                              1.418987   data required time
---------------------------------------------------------------------------------------------
                                              1.418987   data required time
                                             -5.289359   data arrival time
---------------------------------------------------------------------------------------------
                                              3.870372   slack (MET)


Startpoint: resetb_l (input port clocked by gpio_in[38])
Endpoint: _106_ (removal check against rising-edge clock gpio_in[38])
Path Group: asynchronous
Path Type: min

Fanout         Cap        Slew       Delay        Time   Description
---------------------------------------------------------------------------------------------
                                  0.000000    0.000000   clock gpio_in[38] (rise edge)
                                  0.000000    0.000000   clock network delay (propagated)
                                  5.000000    5.000000 ^ input external delay
     2    0.009093    0.047386    0.031110    5.031110 ^ resetb_l (in)
                                                         resetb_l (net)
                      0.047387    0.000000    5.031110 ^ input2/A (sky130_fd_sc_hd__buf_8)
    11    0.131664    0.207859    0.196926    5.228036 ^ input2/X (sky130_fd_sc_hd__buf_8)
                                                         net2 (net)
                      0.239794    0.061348    5.289384 ^ _106_/RESET_B (sky130_fd_sc_hd__dfrtp_1)
                                              5.289384   data arrival time

                                  0.000000    0.000000   clock gpio_in[38] (rise edge)
                                  0.000000    0.000000   clock source latency
     2    0.097745    0.444379    0.325002    0.325002 ^ gpio_in[38] (in)
                                                         gpio_in[38] (net)
                      0.450391    0.000000    0.325002 ^ clkbuf_0_gpio_in[38]/A (sky130_fd_sc_hd__clkbuf_16)
     5    0.064163    0.088060    0.266247    0.591249 ^ clkbuf_0_gpio_in[38]/X (sky130_fd_sc_hd__clkbuf_16)
                                                         clknet_0_gpio_in[38] (net)
                      0.088536    0.005038    0.596287 ^ clkbuf_1_1__f_gpio_in[38]/A (sky130_fd_sc_hd__clkbuf_16)
    19    0.069510    0.087641    0.175023    0.771310 ^ clkbuf_1_1__f_gpio_in[38]/X (sky130_fd_sc_hd__clkbuf_16)
                                                         clknet_1_1__leaf_gpio_in[38] (net)
                      0.090183    0.011551    0.782861 ^ _106_/CLK (sky130_fd_sc_hd__dfrtp_1)
                                  0.250000    1.032861   clock uncertainty
                                  0.000000    1.032861   clock reconvergence pessimism
                                  0.386112    1.418974   library removal time
                                              1.418974   data required time
---------------------------------------------------------------------------------------------
                                              1.418974   data required time
                                             -5.289384   data arrival time
---------------------------------------------------------------------------------------------
                                              3.870410   slack (MET)


Startpoint: resetb_l (input port clocked by gpio_in[38])
Endpoint: _101_ (removal check against rising-edge clock gpio_in[38])
Path Group: asynchronous
Path Type: min

Fanout         Cap        Slew       Delay        Time   Description
---------------------------------------------------------------------------------------------
                                  0.000000    0.000000   clock gpio_in[38] (rise edge)
                                  0.000000    0.000000   clock network delay (propagated)
                                  5.000000    5.000000 ^ input external delay
     2    0.009093    0.047386    0.031110    5.031110 ^ resetb_l (in)
                                                         resetb_l (net)
                      0.047387    0.000000    5.031110 ^ input2/A (sky130_fd_sc_hd__buf_8)
    11    0.131664    0.207859    0.196926    5.228036 ^ input2/X (sky130_fd_sc_hd__buf_8)
                                                         net2 (net)
                      0.207872    0.001469    5.229505 ^ fanout31/A (sky130_fd_sc_hd__clkbuf_16)
    33    0.188982    0.195480    0.279999    5.509504 ^ fanout31/X (sky130_fd_sc_hd__clkbuf_16)
                                                         net31 (net)
                      0.195550    0.003135    5.512640 ^ _101_/RESET_B (sky130_fd_sc_hd__dfrtp_1)
                                              5.512640   data arrival time

                                  0.000000    0.000000   clock gpio_in[38] (rise edge)
                                  0.000000    0.000000   clock source latency
     2    0.097745    0.444379    0.325002    0.325002 ^ gpio_in[38] (in)
                                                         gpio_in[38] (net)
                      0.450391    0.000000    0.325002 ^ clkbuf_0_gpio_in[38]/A (sky130_fd_sc_hd__clkbuf_16)
     5    0.064163    0.088060    0.266247    0.591249 ^ clkbuf_0_gpio_in[38]/X (sky130_fd_sc_hd__clkbuf_16)
                                                         clknet_0_gpio_in[38] (net)
                      0.088562    0.005179    0.596428 ^ clkbuf_1_0__f_gpio_in[38]/A (sky130_fd_sc_hd__clkbuf_16)
    25    0.081607    0.100020    0.179923    0.776351 ^ clkbuf_1_0__f_gpio_in[38]/X (sky130_fd_sc_hd__clkbuf_16)
                                                         clknet_1_0__leaf_gpio_in[38] (net)
                      0.105515    0.018137    0.794488 ^ _101_/CLK (sky130_fd_sc_hd__dfrtp_1)
                                  0.250000    1.044488   clock uncertainty
                                  0.000000    1.044488   clock reconvergence pessimism
                                  0.378117    1.422606   library removal time
                                              1.422606   data required time
---------------------------------------------------------------------------------------------
                                              1.422606   data required time
                                             -5.512640   data arrival time
---------------------------------------------------------------------------------------------
                                              4.090034   slack (MET)


Startpoint: resetb_l (input port clocked by gpio_in[38])
Endpoint: _102_ (removal check against rising-edge clock gpio_in[38])
Path Group: asynchronous
Path Type: min

Fanout         Cap        Slew       Delay        Time   Description
---------------------------------------------------------------------------------------------
                                  0.000000    0.000000   clock gpio_in[38] (rise edge)
                                  0.000000    0.000000   clock network delay (propagated)
                                  5.000000    5.000000 ^ input external delay
     2    0.009093    0.047386    0.031110    5.031110 ^ resetb_l (in)
                                                         resetb_l (net)
                      0.047387    0.000000    5.031110 ^ input2/A (sky130_fd_sc_hd__buf_8)
    11    0.131664    0.207859    0.196926    5.228036 ^ input2/X (sky130_fd_sc_hd__buf_8)
                                                         net2 (net)
                      0.207872    0.001469    5.229505 ^ fanout31/A (sky130_fd_sc_hd__clkbuf_16)
    33    0.188982    0.195480    0.279999    5.509504 ^ fanout31/X (sky130_fd_sc_hd__clkbuf_16)
                                                         net31 (net)
                      0.195569    0.003530    5.513034 ^ _102_/RESET_B (sky130_fd_sc_hd__dfrtp_1)
                                              5.513034   data arrival time

                                  0.000000    0.000000   clock gpio_in[38] (rise edge)
                                  0.000000    0.000000   clock source latency
     2    0.097745    0.444379    0.325002    0.325002 ^ gpio_in[38] (in)
                                                         gpio_in[38] (net)
                      0.450391    0.000000    0.325002 ^ clkbuf_0_gpio_in[38]/A (sky130_fd_sc_hd__clkbuf_16)
     5    0.064163    0.088060    0.266247    0.591249 ^ clkbuf_0_gpio_in[38]/X (sky130_fd_sc_hd__clkbuf_16)
                                                         clknet_0_gpio_in[38] (net)
                      0.088562    0.005179    0.596428 ^ clkbuf_1_0__f_gpio_in[38]/A (sky130_fd_sc_hd__clkbuf_16)
    25    0.081607    0.100020    0.179923    0.776351 ^ clkbuf_1_0__f_gpio_in[38]/X (sky130_fd_sc_hd__clkbuf_16)
                                                         clknet_1_0__leaf_gpio_in[38] (net)
                      0.105463    0.018050    0.794401 ^ _102_/CLK (sky130_fd_sc_hd__dfrtp_1)
                                  0.250000    1.044401   clock uncertainty
                                  0.000000    1.044401   clock reconvergence pessimism
                                  0.378109    1.422510   library removal time
                                              1.422510   data required time
---------------------------------------------------------------------------------------------
                                              1.422510   data required time
                                             -5.513034   data arrival time
---------------------------------------------------------------------------------------------
                                              4.090524   slack (MET)


Startpoint: resetb_l (input port clocked by gpio_in[38])
Endpoint: _100_ (removal check against rising-edge clock gpio_in[38])
Path Group: asynchronous
Path Type: min

Fanout         Cap        Slew       Delay        Time   Description
---------------------------------------------------------------------------------------------
                                  0.000000    0.000000   clock gpio_in[38] (rise edge)
                                  0.000000    0.000000   clock network delay (propagated)
                                  5.000000    5.000000 ^ input external delay
     2    0.009093    0.047386    0.031110    5.031110 ^ resetb_l (in)
                                                         resetb_l (net)
                      0.047387    0.000000    5.031110 ^ input2/A (sky130_fd_sc_hd__buf_8)
    11    0.131664    0.207859    0.196926    5.228036 ^ input2/X (sky130_fd_sc_hd__buf_8)
                                                         net2 (net)
                      0.207872    0.001469    5.229505 ^ fanout31/A (sky130_fd_sc_hd__clkbuf_16)
    33    0.188982    0.195480    0.279999    5.509504 ^ fanout31/X (sky130_fd_sc_hd__clkbuf_16)
                                                         net31 (net)
                      0.195630    0.004526    5.514030 ^ _100_/RESET_B (sky130_fd_sc_hd__dfrtp_1)
                                              5.514030   data arrival time

                                  0.000000    0.000000   clock gpio_in[38] (rise edge)
                                  0.000000    0.000000   clock source latency
     2    0.097745    0.444379    0.325002    0.325002 ^ gpio_in[38] (in)
                                                         gpio_in[38] (net)
                      0.450391    0.000000    0.325002 ^ clkbuf_0_gpio_in[38]/A (sky130_fd_sc_hd__clkbuf_16)
     5    0.064163    0.088060    0.266247    0.591249 ^ clkbuf_0_gpio_in[38]/X (sky130_fd_sc_hd__clkbuf_16)
                                                         clknet_0_gpio_in[38] (net)
                      0.088562    0.005179    0.596428 ^ clkbuf_1_0__f_gpio_in[38]/A (sky130_fd_sc_hd__clkbuf_16)
    25    0.081607    0.100020    0.179923    0.776351 ^ clkbuf_1_0__f_gpio_in[38]/X (sky130_fd_sc_hd__clkbuf_16)
                                                         clknet_1_0__leaf_gpio_in[38] (net)
                      0.105541    0.018182    0.794533 ^ _100_/CLK (sky130_fd_sc_hd__dfrtp_1)
                                  0.250000    1.044533   clock uncertainty
                                  0.000000    1.044533   clock reconvergence pessimism
                                  0.378147    1.422680   library removal time
                                              1.422680   data required time
---------------------------------------------------------------------------------------------
                                              1.422680   data required time
                                             -5.514030   data arrival time
---------------------------------------------------------------------------------------------
                                              4.091351   slack (MET)


Startpoint: resetb_l (input port clocked by gpio_in[38])
Endpoint: _099_ (removal check against rising-edge clock gpio_in[38])
Path Group: asynchronous
Path Type: min

Fanout         Cap        Slew       Delay        Time   Description
---------------------------------------------------------------------------------------------
                                  0.000000    0.000000   clock gpio_in[38] (rise edge)
                                  0.000000    0.000000   clock network delay (propagated)
                                  5.000000    5.000000 ^ input external delay
     2    0.009093    0.047386    0.031110    5.031110 ^ resetb_l (in)
                                                         resetb_l (net)
                      0.047387    0.000000    5.031110 ^ input2/A (sky130_fd_sc_hd__buf_8)
    11    0.131664    0.207859    0.196926    5.228036 ^ input2/X (sky130_fd_sc_hd__buf_8)
                                                         net2 (net)
                      0.207872    0.001469    5.229505 ^ fanout31/A (sky130_fd_sc_hd__clkbuf_16)
    33    0.188982    0.195480    0.279999    5.509504 ^ fanout31/X (sky130_fd_sc_hd__clkbuf_16)
                                                         net31 (net)
                      0.195712    0.005564    5.515068 ^ _099_/RESET_B (sky130_fd_sc_hd__dfrtp_1)
                                              5.515068   data arrival time

                                  0.000000    0.000000   clock gpio_in[38] (rise edge)
                                  0.000000    0.000000   clock source latency
     2    0.097745    0.444379    0.325002    0.325002 ^ gpio_in[38] (in)
                                                         gpio_in[38] (net)
                      0.450391    0.000000    0.325002 ^ clkbuf_0_gpio_in[38]/A (sky130_fd_sc_hd__clkbuf_16)
     5    0.064163    0.088060    0.266247    0.591249 ^ clkbuf_0_gpio_in[38]/X (sky130_fd_sc_hd__clkbuf_16)
                                                         clknet_0_gpio_in[38] (net)
                      0.088562    0.005179    0.596428 ^ clkbuf_1_0__f_gpio_in[38]/A (sky130_fd_sc_hd__clkbuf_16)
    25    0.081607    0.100020    0.179923    0.776351 ^ clkbuf_1_0__f_gpio_in[38]/X (sky130_fd_sc_hd__clkbuf_16)
                                                         clknet_1_0__leaf_gpio_in[38] (net)
                      0.105436    0.018005    0.794356 ^ _099_/CLK (sky130_fd_sc_hd__dfrtp_1)
                                  0.250000    1.044356   clock uncertainty
                                  0.000000    1.044356   clock reconvergence pessimism
                                  0.378141    1.422497   library removal time
                                              1.422497   data required time
---------------------------------------------------------------------------------------------
                                              1.422497   data required time
                                             -5.515068   data arrival time
---------------------------------------------------------------------------------------------
                                              4.092571   slack (MET)


Startpoint: resetb_l (input port clocked by gpio_in[38])
Endpoint: _089_ (removal check against rising-edge clock gpio_in[38])
Path Group: asynchronous
Path Type: min

Fanout         Cap        Slew       Delay        Time   Description
---------------------------------------------------------------------------------------------
                                  0.000000    0.000000   clock gpio_in[38] (rise edge)
                                  0.000000    0.000000   clock network delay (propagated)
                                  5.000000    5.000000 ^ input external delay
     2    0.009093    0.047386    0.031110    5.031110 ^ resetb_l (in)
                                                         resetb_l (net)
                      0.047387    0.000000    5.031110 ^ input2/A (sky130_fd_sc_hd__buf_8)
    11    0.131664    0.207859    0.196926    5.228036 ^ input2/X (sky130_fd_sc_hd__buf_8)
                                                         net2 (net)
                      0.207872    0.001469    5.229505 ^ fanout31/A (sky130_fd_sc_hd__clkbuf_16)
    33    0.188982    0.195480    0.279999    5.509504 ^ fanout31/X (sky130_fd_sc_hd__clkbuf_16)
                                                         net31 (net)
                      0.196044    0.008381    5.517885 ^ _089_/RESET_B (sky130_fd_sc_hd__dfrtp_1)
                                              5.517885   data arrival time

                                  0.000000    0.000000   clock gpio_in[38] (rise edge)
                                  0.000000    0.000000   clock source latency
     2    0.097745    0.444379    0.325002    0.325002 ^ gpio_in[38] (in)
                                                         gpio_in[38] (net)
                      0.450391    0.000000    0.325002 ^ clkbuf_0_gpio_in[38]/A (sky130_fd_sc_hd__clkbuf_16)
     5    0.064163    0.088060    0.266247    0.591249 ^ clkbuf_0_gpio_in[38]/X (sky130_fd_sc_hd__clkbuf_16)
                                                         clknet_0_gpio_in[38] (net)
                      0.088562    0.005179    0.596428 ^ clkbuf_1_0__f_gpio_in[38]/A (sky130_fd_sc_hd__clkbuf_16)
    25    0.081607    0.100020    0.179923    0.776351 ^ clkbuf_1_0__f_gpio_in[38]/X (sky130_fd_sc_hd__clkbuf_16)
                                                         clknet_1_0__leaf_gpio_in[38] (net)
                      0.105303    0.017778    0.794129 ^ _089_/CLK (sky130_fd_sc_hd__dfrtp_1)
                                  0.250000    1.044129   clock uncertainty
                                  0.000000    1.044129   clock reconvergence pessimism
                                  0.378196    1.422325   library removal time
                                              1.422325   data required time
---------------------------------------------------------------------------------------------
                                              1.422325   data required time
                                             -5.517885   data arrival time
---------------------------------------------------------------------------------------------
                                              4.095561   slack (MET)


Startpoint: resetb_l (input port clocked by gpio_in[38])
Endpoint: _090_ (removal check against rising-edge clock gpio_in[38])
Path Group: asynchronous
Path Type: min

Fanout         Cap        Slew       Delay        Time   Description
---------------------------------------------------------------------------------------------
                                  0.000000    0.000000   clock gpio_in[38] (rise edge)
                                  0.000000    0.000000   clock network delay (propagated)
                                  5.000000    5.000000 ^ input external delay
     2    0.009093    0.047386    0.031110    5.031110 ^ resetb_l (in)
                                                         resetb_l (net)
                      0.047387    0.000000    5.031110 ^ input2/A (sky130_fd_sc_hd__buf_8)
    11    0.131664    0.207859    0.196926    5.228036 ^ input2/X (sky130_fd_sc_hd__buf_8)
                                                         net2 (net)
                      0.207872    0.001469    5.229505 ^ fanout31/A (sky130_fd_sc_hd__clkbuf_16)
    33    0.188982    0.195480    0.279999    5.509504 ^ fanout31/X (sky130_fd_sc_hd__clkbuf_16)
                                                         net31 (net)
                      0.196338    0.010127    5.519631 ^ _090_/RESET_B (sky130_fd_sc_hd__dfrtp_1)
                                              5.519631   data arrival time

                                  0.000000    0.000000   clock gpio_in[38] (rise edge)
                                  0.000000    0.000000   clock source latency
     2    0.097745    0.444379    0.325002    0.325002 ^ gpio_in[38] (in)
                                                         gpio_in[38] (net)
                      0.450391    0.000000    0.325002 ^ clkbuf_0_gpio_in[38]/A (sky130_fd_sc_hd__clkbuf_16)
     5    0.064163    0.088060    0.266247    0.591249 ^ clkbuf_0_gpio_in[38]/X (sky130_fd_sc_hd__clkbuf_16)
                                                         clknet_0_gpio_in[38] (net)
                      0.088562    0.005179    0.596428 ^ clkbuf_1_0__f_gpio_in[38]/A (sky130_fd_sc_hd__clkbuf_16)
    25    0.081607    0.100020    0.179923    0.776351 ^ clkbuf_1_0__f_gpio_in[38]/X (sky130_fd_sc_hd__clkbuf_16)
                                                         clknet_1_0__leaf_gpio_in[38] (net)
                      0.105112    0.017450    0.793801 ^ _090_/CLK (sky130_fd_sc_hd__dfrtp_1)
                                  0.250000    1.043801   clock uncertainty
                                  0.000000    1.043801   clock reconvergence pessimism
                                  0.378224    1.422025   library removal time
                                              1.422025   data required time
---------------------------------------------------------------------------------------------
                                              1.422025   data required time
                                             -5.519631   data arrival time
---------------------------------------------------------------------------------------------
                                              4.097606   slack (MET)


Startpoint: resetb_l (input port clocked by gpio_in[38])
Endpoint: _088_ (removal check against rising-edge clock gpio_in[38])
Path Group: asynchronous
Path Type: min

Fanout         Cap        Slew       Delay        Time   Description
---------------------------------------------------------------------------------------------
                                  0.000000    0.000000   clock gpio_in[38] (rise edge)
                                  0.000000    0.000000   clock network delay (propagated)
                                  5.000000    5.000000 ^ input external delay
     2    0.009093    0.047386    0.031110    5.031110 ^ resetb_l (in)
                                                         resetb_l (net)
                      0.047387    0.000000    5.031110 ^ input2/A (sky130_fd_sc_hd__buf_8)
    11    0.131664    0.207859    0.196926    5.228036 ^ input2/X (sky130_fd_sc_hd__buf_8)
                                                         net2 (net)
                      0.207872    0.001469    5.229505 ^ fanout31/A (sky130_fd_sc_hd__clkbuf_16)
    33    0.188982    0.195480    0.279999    5.509504 ^ fanout31/X (sky130_fd_sc_hd__clkbuf_16)
                                                         net31 (net)
                      0.196774    0.012192    5.521697 ^ _088_/RESET_B (sky130_fd_sc_hd__dfrtp_1)
                                              5.521697   data arrival time

                                  0.000000    0.000000   clock gpio_in[38] (rise edge)
                                  0.000000    0.000000   clock source latency
     2    0.097745    0.444379    0.325002    0.325002 ^ gpio_in[38] (in)
                                                         gpio_in[38] (net)
                      0.450391    0.000000    0.325002 ^ clkbuf_0_gpio_in[38]/A (sky130_fd_sc_hd__clkbuf_16)
     5    0.064163    0.088060    0.266247    0.591249 ^ clkbuf_0_gpio_in[38]/X (sky130_fd_sc_hd__clkbuf_16)
                                                         clknet_0_gpio_in[38] (net)
                      0.088562    0.005179    0.596428 ^ clkbuf_1_0__f_gpio_in[38]/A (sky130_fd_sc_hd__clkbuf_16)
    25    0.081607    0.100020    0.179923    0.776351 ^ clkbuf_1_0__f_gpio_in[38]/X (sky130_fd_sc_hd__clkbuf_16)
                                                         clknet_1_0__leaf_gpio_in[38] (net)
                      0.104931    0.017133    0.793484 ^ _088_/CLK (sky130_fd_sc_hd__dfrtp_1)
                                  0.250000    1.043484   clock uncertainty
                                  0.000000    1.043484   clock reconvergence pessimism
                                  0.378295    1.421779   library removal time
                                              1.421779   data required time
---------------------------------------------------------------------------------------------
                                              1.421779   data required time
                                             -5.521697   data arrival time
---------------------------------------------------------------------------------------------
                                              4.099918   slack (MET)


Startpoint: resetb_l (input port clocked by gpio_in[38])
Endpoint: _087_ (removal check against rising-edge clock gpio_in[38])
Path Group: asynchronous
Path Type: min

Fanout         Cap        Slew       Delay        Time   Description
---------------------------------------------------------------------------------------------
                                  0.000000    0.000000   clock gpio_in[38] (rise edge)
                                  0.000000    0.000000   clock network delay (propagated)
                                  5.000000    5.000000 ^ input external delay
     2    0.009093    0.047386    0.031110    5.031110 ^ resetb_l (in)
                                                         resetb_l (net)
                      0.047387    0.000000    5.031110 ^ input2/A (sky130_fd_sc_hd__buf_8)
    11    0.131664    0.207859    0.196926    5.228036 ^ input2/X (sky130_fd_sc_hd__buf_8)
                                                         net2 (net)
                      0.207872    0.001469    5.229505 ^ fanout31/A (sky130_fd_sc_hd__clkbuf_16)
    33    0.188982    0.195480    0.279999    5.509504 ^ fanout31/X (sky130_fd_sc_hd__clkbuf_16)
                                                         net31 (net)
                      0.197086    0.013448    5.522952 ^ _087_/RESET_B (sky130_fd_sc_hd__dfrtp_2)
                                              5.522952   data arrival time

                                  0.000000    0.000000   clock gpio_in[38] (rise edge)
                                  0.000000    0.000000   clock source latency
     2    0.097745    0.444379    0.325002    0.325002 ^ gpio_in[38] (in)
                                                         gpio_in[38] (net)
                      0.450391    0.000000    0.325002 ^ clkbuf_0_gpio_in[38]/A (sky130_fd_sc_hd__clkbuf_16)
     5    0.064163    0.088060    0.266247    0.591249 ^ clkbuf_0_gpio_in[38]/X (sky130_fd_sc_hd__clkbuf_16)
                                                         clknet_0_gpio_in[38] (net)
                      0.088562    0.005179    0.596428 ^ clkbuf_1_0__f_gpio_in[38]/A (sky130_fd_sc_hd__clkbuf_16)
    25    0.081607    0.100020    0.179923    0.776351 ^ clkbuf_1_0__f_gpio_in[38]/X (sky130_fd_sc_hd__clkbuf_16)
                                                         clknet_1_0__leaf_gpio_in[38] (net)
                      0.104784    0.016873    0.793224 ^ _087_/CLK (sky130_fd_sc_hd__dfrtp_2)
                                  0.250000    1.043224   clock uncertainty
                                  0.000000    1.043224   clock reconvergence pessimism
                                  0.378111    1.421335   library removal time
                                              1.421335   data required time
---------------------------------------------------------------------------------------------
                                              1.421335   data required time
                                             -5.522952   data arrival time
---------------------------------------------------------------------------------------------
                                              4.101617   slack (MET)


Startpoint: resetb_l (input port clocked by gpio_in[38])
Endpoint: _096_ (removal check against rising-edge clock gpio_in[38])
Path Group: asynchronous
Path Type: min

Fanout         Cap        Slew       Delay        Time   Description
---------------------------------------------------------------------------------------------
                                  0.000000    0.000000   clock gpio_in[38] (rise edge)
                                  0.000000    0.000000   clock network delay (propagated)
                                  5.000000    5.000000 ^ input external delay
     2    0.009093    0.047386    0.031110    5.031110 ^ resetb_l (in)
                                                         resetb_l (net)
                      0.047387    0.000000    5.031110 ^ input2/A (sky130_fd_sc_hd__buf_8)
    11    0.131664    0.207859    0.196926    5.228036 ^ input2/X (sky130_fd_sc_hd__buf_8)
                                                         net2 (net)
                      0.207872    0.001469    5.229505 ^ fanout31/A (sky130_fd_sc_hd__clkbuf_16)
    33    0.188982    0.195480    0.279999    5.509504 ^ fanout31/X (sky130_fd_sc_hd__clkbuf_16)
                                                         net31 (net)
                      0.197694    0.015579    5.525083 ^ _096_/RESET_B (sky130_fd_sc_hd__dfrtp_1)
                                              5.525083   data arrival time

                                  0.000000    0.000000   clock gpio_in[38] (rise edge)
                                  0.000000    0.000000   clock source latency
     2    0.097745    0.444379    0.325002    0.325002 ^ gpio_in[38] (in)
                                                         gpio_in[38] (net)
                      0.450391    0.000000    0.325002 ^ clkbuf_0_gpio_in[38]/A (sky130_fd_sc_hd__clkbuf_16)
     5    0.064163    0.088060    0.266247    0.591249 ^ clkbuf_0_gpio_in[38]/X (sky130_fd_sc_hd__clkbuf_16)
                                                         clknet_0_gpio_in[38] (net)
                      0.088562    0.005179    0.596428 ^ clkbuf_1_0__f_gpio_in[38]/A (sky130_fd_sc_hd__clkbuf_16)
    25    0.081607    0.100020    0.179923    0.776351 ^ clkbuf_1_0__f_gpio_in[38]/X (sky130_fd_sc_hd__clkbuf_16)
                                                         clknet_1_0__leaf_gpio_in[38] (net)
                      0.104666    0.016661    0.793011 ^ _096_/CLK (sky130_fd_sc_hd__dfrtp_1)
                                  0.250000    1.043011   clock uncertainty
                                  0.000000    1.043011   clock reconvergence pessimism
                                  0.378476    1.421487   library removal time
                                              1.421487   data required time
---------------------------------------------------------------------------------------------
                                              1.421487   data required time
                                             -5.525083   data arrival time
---------------------------------------------------------------------------------------------
                                              4.103596   slack (MET)


Startpoint: resetb_l (input port clocked by gpio_in[38])
Endpoint: _097_ (removal check against rising-edge clock gpio_in[38])
Path Group: asynchronous
Path Type: min

Fanout         Cap        Slew       Delay        Time   Description
---------------------------------------------------------------------------------------------
                                  0.000000    0.000000   clock gpio_in[38] (rise edge)
                                  0.000000    0.000000   clock network delay (propagated)
                                  5.000000    5.000000 ^ input external delay
     2    0.009093    0.047386    0.031110    5.031110 ^ resetb_l (in)
                                                         resetb_l (net)
                      0.047387    0.000000    5.031110 ^ input2/A (sky130_fd_sc_hd__buf_8)
    11    0.131664    0.207859    0.196926    5.228036 ^ input2/X (sky130_fd_sc_hd__buf_8)
                                                         net2 (net)
                      0.207872    0.001469    5.229505 ^ fanout31/A (sky130_fd_sc_hd__clkbuf_16)
    33    0.188982    0.195480    0.279999    5.509504 ^ fanout31/X (sky130_fd_sc_hd__clkbuf_16)
                                                         net31 (net)
                      0.197710    0.015633    5.525137 ^ _097_/RESET_B (sky130_fd_sc_hd__dfrtp_1)
                                              5.525137   data arrival time

                                  0.000000    0.000000   clock gpio_in[38] (rise edge)
                                  0.000000    0.000000   clock source latency
     2    0.097745    0.444379    0.325002    0.325002 ^ gpio_in[38] (in)
                                                         gpio_in[38] (net)
                      0.450391    0.000000    0.325002 ^ clkbuf_0_gpio_in[38]/A (sky130_fd_sc_hd__clkbuf_16)
     5    0.064163    0.088060    0.266247    0.591249 ^ clkbuf_0_gpio_in[38]/X (sky130_fd_sc_hd__clkbuf_16)
                                                         clknet_0_gpio_in[38] (net)
                      0.088562    0.005179    0.596428 ^ clkbuf_1_0__f_gpio_in[38]/A (sky130_fd_sc_hd__clkbuf_16)
    25    0.081607    0.100020    0.179923    0.776351 ^ clkbuf_1_0__f_gpio_in[38]/X (sky130_fd_sc_hd__clkbuf_16)
                                                         clknet_1_0__leaf_gpio_in[38] (net)
                      0.104653    0.016636    0.792987 ^ _097_/CLK (sky130_fd_sc_hd__dfrtp_1)
                                  0.250000    1.042987   clock uncertainty
                                  0.000000    1.042987   clock reconvergence pessimism
                                  0.378477    1.421464   library removal time
                                              1.421464   data required time
---------------------------------------------------------------------------------------------
                                              1.421464   data required time
                                             -5.525137   data arrival time
---------------------------------------------------------------------------------------------
                                              4.103673   slack (MET)


Startpoint: resetb_l (input port clocked by gpio_in[38])
Endpoint: _098_ (removal check against rising-edge clock gpio_in[38])
Path Group: asynchronous
Path Type: min

Fanout         Cap        Slew       Delay        Time   Description
---------------------------------------------------------------------------------------------
                                  0.000000    0.000000   clock gpio_in[38] (rise edge)
                                  0.000000    0.000000   clock network delay (propagated)
                                  5.000000    5.000000 ^ input external delay
     2    0.009093    0.047386    0.031110    5.031110 ^ resetb_l (in)
                                                         resetb_l (net)
                      0.047387    0.000000    5.031110 ^ input2/A (sky130_fd_sc_hd__buf_8)
    11    0.131664    0.207859    0.196926    5.228036 ^ input2/X (sky130_fd_sc_hd__buf_8)
                                                         net2 (net)
                      0.207872    0.001469    5.229505 ^ fanout31/A (sky130_fd_sc_hd__clkbuf_16)
    33    0.188982    0.195480    0.279999    5.509504 ^ fanout31/X (sky130_fd_sc_hd__clkbuf_16)
                                                         net31 (net)
                      0.197679    0.015531    5.525035 ^ _098_/RESET_B (sky130_fd_sc_hd__dfrtp_1)
                                              5.525035   data arrival time

                                  0.000000    0.000000   clock gpio_in[38] (rise edge)
                                  0.000000    0.000000   clock source latency
     2    0.097745    0.444379    0.325002    0.325002 ^ gpio_in[38] (in)
                                                         gpio_in[38] (net)
                      0.450391    0.000000    0.325002 ^ clkbuf_0_gpio_in[38]/A (sky130_fd_sc_hd__clkbuf_16)
     5    0.064163    0.088060    0.266247    0.591249 ^ clkbuf_0_gpio_in[38]/X (sky130_fd_sc_hd__clkbuf_16)
                                                         clknet_0_gpio_in[38] (net)
                      0.088562    0.005179    0.596428 ^ clkbuf_1_0__f_gpio_in[38]/A (sky130_fd_sc_hd__clkbuf_16)
    25    0.081607    0.100020    0.179923    0.776351 ^ clkbuf_1_0__f_gpio_in[38]/X (sky130_fd_sc_hd__clkbuf_16)
                                                         clknet_1_0__leaf_gpio_in[38] (net)
                      0.104466    0.016296    0.792647 ^ _098_/CLK (sky130_fd_sc_hd__dfrtp_1)
                                  0.250000    1.042647   clock uncertainty
                                  0.000000    1.042647   clock reconvergence pessimism
                                  0.378417    1.421064   library removal time
                                              1.421064   data required time
---------------------------------------------------------------------------------------------
                                              1.421064   data required time
                                             -5.525035   data arrival time
---------------------------------------------------------------------------------------------
                                              4.103971   slack (MET)


Startpoint: resetb_l (input port clocked by gpio_in[38])
Endpoint: _095_ (removal check against rising-edge clock gpio_in[38])
Path Group: asynchronous
Path Type: min

Fanout         Cap        Slew       Delay        Time   Description
---------------------------------------------------------------------------------------------
                                  0.000000    0.000000   clock gpio_in[38] (rise edge)
                                  0.000000    0.000000   clock network delay (propagated)
                                  5.000000    5.000000 ^ input external delay
     2    0.009093    0.047386    0.031110    5.031110 ^ resetb_l (in)
                                                         resetb_l (net)
                      0.047387    0.000000    5.031110 ^ input2/A (sky130_fd_sc_hd__buf_8)
    11    0.131664    0.207859    0.196926    5.228036 ^ input2/X (sky130_fd_sc_hd__buf_8)
                                                         net2 (net)
                      0.207872    0.001469    5.229505 ^ fanout31/A (sky130_fd_sc_hd__clkbuf_16)
    33    0.188982    0.195480    0.279999    5.509504 ^ fanout31/X (sky130_fd_sc_hd__clkbuf_16)
                                                         net31 (net)
                      0.198720    0.018609    5.528113 ^ _095_/RESET_B (sky130_fd_sc_hd__dfrtp_2)
                                              5.528113   data arrival time

                                  0.000000    0.000000   clock gpio_in[38] (rise edge)
                                  0.000000    0.000000   clock source latency
     2    0.097745    0.444379    0.325002    0.325002 ^ gpio_in[38] (in)
                                                         gpio_in[38] (net)
                      0.450391    0.000000    0.325002 ^ clkbuf_0_gpio_in[38]/A (sky130_fd_sc_hd__clkbuf_16)
     5    0.064163    0.088060    0.266247    0.591249 ^ clkbuf_0_gpio_in[38]/X (sky130_fd_sc_hd__clkbuf_16)
                                                         clknet_0_gpio_in[38] (net)
                      0.088562    0.005179    0.596428 ^ clkbuf_1_0__f_gpio_in[38]/A (sky130_fd_sc_hd__clkbuf_16)
    25    0.081607    0.100020    0.179923    0.776351 ^ clkbuf_1_0__f_gpio_in[38]/X (sky130_fd_sc_hd__clkbuf_16)
                                                         clknet_1_0__leaf_gpio_in[38] (net)
                      0.103715    0.014860    0.791210 ^ _095_/CLK (sky130_fd_sc_hd__dfrtp_2)
                                  0.250000    1.041210   clock uncertainty
                                  0.000000    1.041210   clock reconvergence pessimism
                                  0.378263    1.419473   library removal time
                                              1.419473   data required time
---------------------------------------------------------------------------------------------
                                              1.419473   data required time
                                             -5.528113   data arrival time
---------------------------------------------------------------------------------------------
                                              4.108640   slack (MET)


Startpoint: resetb_l (input port clocked by gpio_in[38])
Endpoint: _093_ (removal check against rising-edge clock gpio_in[38])
Path Group: asynchronous
Path Type: min

Fanout         Cap        Slew       Delay        Time   Description
---------------------------------------------------------------------------------------------
                                  0.000000    0.000000   clock gpio_in[38] (rise edge)
                                  0.000000    0.000000   clock network delay (propagated)
                                  5.000000    5.000000 ^ input external delay
     2    0.009093    0.047386    0.031110    5.031110 ^ resetb_l (in)
                                                         resetb_l (net)
                      0.047387    0.000000    5.031110 ^ input2/A (sky130_fd_sc_hd__buf_8)
    11    0.131664    0.207859    0.196926    5.228036 ^ input2/X (sky130_fd_sc_hd__buf_8)
                                                         net2 (net)
                      0.207872    0.001469    5.229505 ^ fanout31/A (sky130_fd_sc_hd__clkbuf_16)
    33    0.188982    0.195480    0.279999    5.509504 ^ fanout31/X (sky130_fd_sc_hd__clkbuf_16)
                                                         net31 (net)
                      0.234911    0.067347    5.576851 ^ _093_/RESET_B (sky130_fd_sc_hd__dfrtp_1)
                                              5.576851   data arrival time

                                  0.000000    0.000000   clock gpio_in[38] (rise edge)
                                  0.000000    0.000000   clock source latency
     2    0.097745    0.444379    0.325002    0.325002 ^ gpio_in[38] (in)
                                                         gpio_in[38] (net)
                      0.450391    0.000000    0.325002 ^ clkbuf_0_gpio_in[38]/A (sky130_fd_sc_hd__clkbuf_16)
     5    0.064163    0.088060    0.266247    0.591249 ^ clkbuf_0_gpio_in[38]/X (sky130_fd_sc_hd__clkbuf_16)
                                                         clknet_0_gpio_in[38] (net)
                      0.088536    0.005038    0.596287 ^ clkbuf_1_1__f_gpio_in[38]/A (sky130_fd_sc_hd__clkbuf_16)
    19    0.069510    0.087641    0.175023    0.771310 ^ clkbuf_1_1__f_gpio_in[38]/X (sky130_fd_sc_hd__clkbuf_16)
                                                         clknet_1_1__leaf_gpio_in[38] (net)
                      0.090494    0.012268    0.783578 ^ _093_/CLK (sky130_fd_sc_hd__dfrtp_1)
                                  0.250000    1.033578   clock uncertainty
                                  0.000000    1.033578   clock reconvergence pessimism
                                  0.384854    1.418432   library removal time
                                              1.418432   data required time
---------------------------------------------------------------------------------------------
                                              1.418432   data required time
                                             -5.576851   data arrival time
---------------------------------------------------------------------------------------------
                                              4.158419   slack (MET)


Startpoint: resetb_l (input port clocked by gpio_in[38])
Endpoint: _091_ (removal check against rising-edge clock gpio_in[38])
Path Group: asynchronous
Path Type: min

Fanout         Cap        Slew       Delay        Time   Description
---------------------------------------------------------------------------------------------
                                  0.000000    0.000000   clock gpio_in[38] (rise edge)
                                  0.000000    0.000000   clock network delay (propagated)
                                  5.000000    5.000000 ^ input external delay
     2    0.009093    0.047386    0.031110    5.031110 ^ resetb_l (in)
                                                         resetb_l (net)
                      0.047387    0.000000    5.031110 ^ input2/A (sky130_fd_sc_hd__buf_8)
    11    0.131664    0.207859    0.196926    5.228036 ^ input2/X (sky130_fd_sc_hd__buf_8)
                                                         net2 (net)
                      0.207872    0.001469    5.229505 ^ fanout31/A (sky130_fd_sc_hd__clkbuf_16)
    33    0.188982    0.195480    0.279999    5.509504 ^ fanout31/X (sky130_fd_sc_hd__clkbuf_16)
                                                         net31 (net)
                      0.235018    0.067451    5.576955 ^ _091_/RESET_B (sky130_fd_sc_hd__dfrtp_1)
                                              5.576955   data arrival time

                                  0.000000    0.000000   clock gpio_in[38] (rise edge)
                                  0.000000    0.000000   clock source latency
     2    0.097745    0.444379    0.325002    0.325002 ^ gpio_in[38] (in)
                                                         gpio_in[38] (net)
                      0.450391    0.000000    0.325002 ^ clkbuf_0_gpio_in[38]/A (sky130_fd_sc_hd__clkbuf_16)
     5    0.064163    0.088060    0.266247    0.591249 ^ clkbuf_0_gpio_in[38]/X (sky130_fd_sc_hd__clkbuf_16)
                                                         clknet_0_gpio_in[38] (net)
                      0.088536    0.005038    0.596287 ^ clkbuf_1_1__f_gpio_in[38]/A (sky130_fd_sc_hd__clkbuf_16)
    19    0.069510    0.087641    0.175023    0.771310 ^ clkbuf_1_1__f_gpio_in[38]/X (sky130_fd_sc_hd__clkbuf_16)
                                                         clknet_1_1__leaf_gpio_in[38] (net)
                      0.090487    0.012252    0.783562 ^ _091_/CLK (sky130_fd_sc_hd__dfrtp_1)
                                  0.250000    1.033562   clock uncertainty
                                  0.000000    1.033562   clock reconvergence pessimism
                                  0.384882    1.418444   library removal time
                                              1.418444   data required time
---------------------------------------------------------------------------------------------
                                              1.418444   data required time
                                             -5.576955   data arrival time
---------------------------------------------------------------------------------------------
                                              4.158511   slack (MET)


Startpoint: resetb_l (input port clocked by gpio_in[38])
Endpoint: _092_ (removal check against rising-edge clock gpio_in[38])
Path Group: asynchronous
Path Type: min

Fanout         Cap        Slew       Delay        Time   Description
---------------------------------------------------------------------------------------------
                                  0.000000    0.000000   clock gpio_in[38] (rise edge)
                                  0.000000    0.000000   clock network delay (propagated)
                                  5.000000    5.000000 ^ input external delay
     2    0.009093    0.047386    0.031110    5.031110 ^ resetb_l (in)
                                                         resetb_l (net)
                      0.047387    0.000000    5.031110 ^ input2/A (sky130_fd_sc_hd__buf_8)
    11    0.131664    0.207859    0.196926    5.228036 ^ input2/X (sky130_fd_sc_hd__buf_8)
                                                         net2 (net)
                      0.207872    0.001469    5.229505 ^ fanout31/A (sky130_fd_sc_hd__clkbuf_16)
    33    0.188982    0.195480    0.279999    5.509504 ^ fanout31/X (sky130_fd_sc_hd__clkbuf_16)
                                                         net31 (net)
                      0.235066    0.067497    5.577001 ^ _092_/RESET_B (sky130_fd_sc_hd__dfrtp_1)
                                              5.577001   data arrival time

                                  0.000000    0.000000   clock gpio_in[38] (rise edge)
                                  0.000000    0.000000   clock source latency
     2    0.097745    0.444379    0.325002    0.325002 ^ gpio_in[38] (in)
                                                         gpio_in[38] (net)
                      0.450391    0.000000    0.325002 ^ clkbuf_0_gpio_in[38]/A (sky130_fd_sc_hd__clkbuf_16)
     5    0.064163    0.088060    0.266247    0.591249 ^ clkbuf_0_gpio_in[38]/X (sky130_fd_sc_hd__clkbuf_16)
                                                         clknet_0_gpio_in[38] (net)
                      0.088536    0.005038    0.596287 ^ clkbuf_1_1__f_gpio_in[38]/A (sky130_fd_sc_hd__clkbuf_16)
    19    0.069510    0.087641    0.175023    0.771310 ^ clkbuf_1_1__f_gpio_in[38]/X (sky130_fd_sc_hd__clkbuf_16)
                                                         clknet_1_1__leaf_gpio_in[38] (net)
                      0.090489    0.012256    0.783566 ^ _092_/CLK (sky130_fd_sc_hd__dfrtp_1)
                                  0.250000    1.033566   clock uncertainty
                                  0.000000    1.033566   clock reconvergence pessimism
                                  0.384895    1.418461   library removal time
                                              1.418461   data required time
---------------------------------------------------------------------------------------------
                                              1.418461   data required time
                                             -5.577001   data arrival time
---------------------------------------------------------------------------------------------
                                              4.158540   slack (MET)


Startpoint: resetb_l (input port clocked by gpio_in[38])
Endpoint: _094_ (removal check against rising-edge clock gpio_in[38])
Path Group: asynchronous
Path Type: min

Fanout         Cap        Slew       Delay        Time   Description
---------------------------------------------------------------------------------------------
                                  0.000000    0.000000   clock gpio_in[38] (rise edge)
                                  0.000000    0.000000   clock network delay (propagated)
                                  5.000000    5.000000 ^ input external delay
     2    0.009093    0.047386    0.031110    5.031110 ^ resetb_l (in)
                                                         resetb_l (net)
                      0.047387    0.000000    5.031110 ^ input2/A (sky130_fd_sc_hd__buf_8)
    11    0.131664    0.207859    0.196926    5.228036 ^ input2/X (sky130_fd_sc_hd__buf_8)
                                                         net2 (net)
                      0.207872    0.001469    5.229505 ^ fanout31/A (sky130_fd_sc_hd__clkbuf_16)
    33    0.188982    0.195480    0.279999    5.509504 ^ fanout31/X (sky130_fd_sc_hd__clkbuf_16)
                                                         net31 (net)
                      0.235042    0.067475    5.576979 ^ _094_/RESET_B (sky130_fd_sc_hd__dfrtp_1)
                                              5.576979   data arrival time

                                  0.000000    0.000000   clock gpio_in[38] (rise edge)
                                  0.000000    0.000000   clock source latency
     2    0.097745    0.444379    0.325002    0.325002 ^ gpio_in[38] (in)
                                                         gpio_in[38] (net)
                      0.450391    0.000000    0.325002 ^ clkbuf_0_gpio_in[38]/A (sky130_fd_sc_hd__clkbuf_16)
     5    0.064163    0.088060    0.266247    0.591249 ^ clkbuf_0_gpio_in[38]/X (sky130_fd_sc_hd__clkbuf_16)
                                                         clknet_0_gpio_in[38] (net)
                      0.088536    0.005038    0.596287 ^ clkbuf_1_1__f_gpio_in[38]/A (sky130_fd_sc_hd__clkbuf_16)
    19    0.069510    0.087641    0.175023    0.771310 ^ clkbuf_1_1__f_gpio_in[38]/X (sky130_fd_sc_hd__clkbuf_16)
                                                         clknet_1_1__leaf_gpio_in[38] (net)
                      0.090452    0.012172    0.783482 ^ _094_/CLK (sky130_fd_sc_hd__dfrtp_1)
                                  0.250000    1.033482   clock uncertainty
                                  0.000000    1.033482   clock reconvergence pessimism
                                  0.384879    1.418361   library removal time
                                              1.418361   data required time
---------------------------------------------------------------------------------------------
                                              1.418361   data required time
                                             -5.576979   data arrival time
---------------------------------------------------------------------------------------------
                                              4.158617   slack (MET)


Startpoint: _106_ (rising edge-triggered flip-flop clocked by gpio_in[38])
Endpoint: gpio_out[37] (output port clocked by gpio_in[38])
Path Group: gpio_in[38]
Path Type: min

Fanout         Cap        Slew       Delay        Time   Description
---------------------------------------------------------------------------------------------
                                  0.000000    0.000000   clock gpio_in[38] (rise edge)
                                  0.000000    0.000000   clock source latency
     2    0.097745    0.444379    0.325002    0.325002 ^ gpio_in[38] (in)
                                                         gpio_in[38] (net)
                      0.450391    0.000000    0.325002 ^ clkbuf_0_gpio_in[38]/A (sky130_fd_sc_hd__clkbuf_16)
     5    0.064163    0.088060    0.266247    0.591249 ^ clkbuf_0_gpio_in[38]/X (sky130_fd_sc_hd__clkbuf_16)
                                                         clknet_0_gpio_in[38] (net)
                      0.088536    0.005038    0.596287 ^ clkbuf_1_1__f_gpio_in[38]/A (sky130_fd_sc_hd__clkbuf_16)
    19    0.069510    0.087641    0.175023    0.771310 ^ clkbuf_1_1__f_gpio_in[38]/X (sky130_fd_sc_hd__clkbuf_16)
                                                         clknet_1_1__leaf_gpio_in[38] (net)
                      0.090183    0.011551    0.782861 ^ _106_/CLK (sky130_fd_sc_hd__dfrtp_1)
     2    0.006012    0.069630    0.353524    1.136385 ^ _106_/Q (sky130_fd_sc_hd__dfrtp_1)
                                                         gpio_22_37_output[37].cfg.gpio_out_val (net)
                      0.069630    0.000173    1.136558 ^ _678_/A (sky130_fd_sc_hd__clkbuf_1)
     1    0.001994    0.035722    0.081064    1.217621 ^ _678_/X (sky130_fd_sc_hd__clkbuf_1)
                                                         net27 (net)
                      0.035722    0.000056    1.217677 ^ output27/A (sky130_fd_sc_hd__buf_2)
     1    0.034483    0.171203    0.195017    1.412694 ^ output27/X (sky130_fd_sc_hd__buf_2)
                                                         gpio_out[37] (net)
                      0.171257    0.000821    1.413514 ^ gpio_out[37] (out)
                                              1.413514   data arrival time

                                  0.000000    0.000000   clock gpio_in[38] (rise edge)
                                  0.000000    0.000000   clock network delay (propagated)
                                  0.250000    0.250000   clock uncertainty
                                  0.000000    0.250000   clock reconvergence pessimism
                                 -5.000000   -4.750000   output external delay
                                             -4.750000   data required time
---------------------------------------------------------------------------------------------
                                             -4.750000   data required time
                                             -1.413514   data arrival time
---------------------------------------------------------------------------------------------
                                              6.163514   slack (MET)


Startpoint: _094_ (rising edge-triggered flip-flop clocked by gpio_in[38])
Endpoint: gpio_out[25] (output port clocked by gpio_in[38])
Path Group: gpio_in[38]
Path Type: min

Fanout         Cap        Slew       Delay        Time   Description
---------------------------------------------------------------------------------------------
                                  0.000000    0.000000   clock gpio_in[38] (rise edge)
                                  0.000000    0.000000   clock source latency
     2    0.097745    0.444379    0.325002    0.325002 ^ gpio_in[38] (in)
                                                         gpio_in[38] (net)
                      0.450391    0.000000    0.325002 ^ clkbuf_0_gpio_in[38]/A (sky130_fd_sc_hd__clkbuf_16)
     5    0.064163    0.088060    0.266247    0.591249 ^ clkbuf_0_gpio_in[38]/X (sky130_fd_sc_hd__clkbuf_16)
                                                         clknet_0_gpio_in[38] (net)
                      0.088536    0.005038    0.596287 ^ clkbuf_1_1__f_gpio_in[38]/A (sky130_fd_sc_hd__clkbuf_16)
    19    0.069510    0.087641    0.175023    0.771310 ^ clkbuf_1_1__f_gpio_in[38]/X (sky130_fd_sc_hd__clkbuf_16)
                                                         clknet_1_1__leaf_gpio_in[38] (net)
                      0.090452    0.012172    0.783482 ^ _094_/CLK (sky130_fd_sc_hd__dfrtp_1)
     3    0.007726    0.083185    0.365178    1.148660 ^ _094_/Q (sky130_fd_sc_hd__dfrtp_1)
                                                         gpio_22_37_output[25].cfg.gpio_out_val (net)
                      0.083185    0.000162    1.148822 ^ _666_/A (sky130_fd_sc_hd__clkbuf_1)
     1    0.002391    0.040056    0.087883    1.236704 ^ _666_/X (sky130_fd_sc_hd__clkbuf_1)
                                                         net14 (net)
                      0.040056    0.000069    1.236773 ^ output14/A (sky130_fd_sc_hd__buf_2)
     1    0.034517    0.171350    0.196787    1.433560 ^ output14/X (sky130_fd_sc_hd__buf_2)
                                                         gpio_out[25] (net)
                      0.171403    0.000825    1.434384 ^ gpio_out[25] (out)
                                              1.434384   data arrival time

                                  0.000000    0.000000   clock gpio_in[38] (rise edge)
                                  0.000000    0.000000   clock network delay (propagated)
                                  0.250000    0.250000   clock uncertainty
                                  0.000000    0.250000   clock reconvergence pessimism
                                 -5.000000   -4.750000   output external delay
                                             -4.750000   data required time
---------------------------------------------------------------------------------------------
                                             -4.750000   data required time
                                             -1.434384   data arrival time
---------------------------------------------------------------------------------------------
                                              6.184385   slack (MET)


Startpoint: _091_ (rising edge-triggered flip-flop clocked by gpio_in[38])
Endpoint: gpio_out[22] (output port clocked by gpio_in[38])
Path Group: gpio_in[38]
Path Type: min

Fanout         Cap        Slew       Delay        Time   Description
---------------------------------------------------------------------------------------------
                                  0.000000    0.000000   clock gpio_in[38] (rise edge)
                                  0.000000    0.000000   clock source latency
     2    0.097745    0.444379    0.325002    0.325002 ^ gpio_in[38] (in)
                                                         gpio_in[38] (net)
                      0.450391    0.000000    0.325002 ^ clkbuf_0_gpio_in[38]/A (sky130_fd_sc_hd__clkbuf_16)
     5    0.064163    0.088060    0.266247    0.591249 ^ clkbuf_0_gpio_in[38]/X (sky130_fd_sc_hd__clkbuf_16)
                                                         clknet_0_gpio_in[38] (net)
                      0.088536    0.005038    0.596287 ^ clkbuf_1_1__f_gpio_in[38]/A (sky130_fd_sc_hd__clkbuf_16)
    19    0.069510    0.087641    0.175023    0.771310 ^ clkbuf_1_1__f_gpio_in[38]/X (sky130_fd_sc_hd__clkbuf_16)
                                                         clknet_1_1__leaf_gpio_in[38] (net)
                      0.090487    0.012252    0.783562 ^ _091_/CLK (sky130_fd_sc_hd__dfrtp_1)
     3    0.008690    0.090500    0.371700    1.155262 ^ _091_/Q (sky130_fd_sc_hd__dfrtp_1)
                                                         gpio_22_37_output[22].cfg.gpio_out_val (net)
                      0.090500    0.000180    1.155443 ^ _663_/A (sky130_fd_sc_hd__clkbuf_1)
     1    0.002270    0.038875    0.088796    1.244239 ^ _663_/X (sky130_fd_sc_hd__clkbuf_1)
                                                         net11 (net)
                      0.038875    0.000065    1.244303 ^ output11/A (sky130_fd_sc_hd__buf_2)
     1    0.034443    0.171002    0.196102    1.440405 ^ output11/X (sky130_fd_sc_hd__buf_2)
                                                         gpio_out[22] (net)
                      0.171055    0.000806    1.441211 ^ gpio_out[22] (out)
                                              1.441211   data arrival time

                                  0.000000    0.000000   clock gpio_in[38] (rise edge)
                                  0.000000    0.000000   clock network delay (propagated)
                                  0.250000    0.250000   clock uncertainty
                                  0.000000    0.250000   clock reconvergence pessimism
                                 -5.000000   -4.750000   output external delay
                                             -4.750000   data required time
---------------------------------------------------------------------------------------------
                                             -4.750000   data required time
                                             -1.441211   data arrival time
---------------------------------------------------------------------------------------------
                                              6.191211   slack (MET)


Startpoint: _090_ (rising edge-triggered flip-flop clocked by gpio_in[38])
Endpoint: gpio_out[21] (output port clocked by gpio_in[38])
Path Group: gpio_in[38]
Path Type: min

Fanout         Cap        Slew       Delay        Time   Description
---------------------------------------------------------------------------------------------
                                  0.000000    0.000000   clock gpio_in[38] (rise edge)
                                  0.000000    0.000000   clock source latency
     2    0.097745    0.444379    0.325002    0.325002 ^ gpio_in[38] (in)
                                                         gpio_in[38] (net)
                      0.450391    0.000000    0.325002 ^ clkbuf_0_gpio_in[38]/A (sky130_fd_sc_hd__clkbuf_16)
     5    0.064163    0.088060    0.266247    0.591249 ^ clkbuf_0_gpio_in[38]/X (sky130_fd_sc_hd__clkbuf_16)
                                                         clknet_0_gpio_in[38] (net)
                      0.088562    0.005179    0.596428 ^ clkbuf_1_0__f_gpio_in[38]/A (sky130_fd_sc_hd__clkbuf_16)
    25    0.081607    0.100020    0.179923    0.776351 ^ clkbuf_1_0__f_gpio_in[38]/X (sky130_fd_sc_hd__clkbuf_16)
                                                         clknet_1_0__leaf_gpio_in[38] (net)
                      0.105112    0.017450    0.793801 ^ _090_/CLK (sky130_fd_sc_hd__dfrtp_1)
     3    0.007957    0.085049    0.372179    1.165980 ^ _090_/Q (sky130_fd_sc_hd__dfrtp_1)
                                                         gpio_18_21_bidir[21].cfg.gpio_out_val (net)
                      0.085049    0.000239    1.166219 ^ _662_/A (sky130_fd_sc_hd__clkbuf_1)
     1    0.001947    0.035468    0.084713    1.250932 ^ _662_/X (sky130_fd_sc_hd__clkbuf_1)
                                                         net10 (net)
                      0.035468    0.000037    1.250969 ^ output10/A (sky130_fd_sc_hd__buf_2)
     1    0.034323    0.170445    0.194448    1.445417 ^ output10/X (sky130_fd_sc_hd__buf_2)
                                                         gpio_out[21] (net)
                      0.170497    0.000733    1.446150 ^ gpio_out[21] (out)
                                              1.446150   data arrival time

                                  0.000000    0.000000   clock gpio_in[38] (rise edge)
                                  0.000000    0.000000   clock network delay (propagated)
                                  0.250000    0.250000   clock uncertainty
                                  0.000000    0.250000   clock reconvergence pessimism
                                 -5.000000   -4.750000   output external delay
                                             -4.750000   data required time
---------------------------------------------------------------------------------------------
                                             -4.750000   data required time
                                             -1.446150   data arrival time
---------------------------------------------------------------------------------------------
                                              6.196150   slack (MET)


Startpoint: _089_ (rising edge-triggered flip-flop clocked by gpio_in[38])
Endpoint: gpio_out[4] (output port clocked by gpio_in[38])
Path Group: gpio_in[38]
Path Type: min

Fanout         Cap        Slew       Delay        Time   Description
---------------------------------------------------------------------------------------------
                                  0.000000    0.000000   clock gpio_in[38] (rise edge)
                                  0.000000    0.000000   clock source latency
     2    0.097745    0.444379    0.325002    0.325002 ^ gpio_in[38] (in)
                                                         gpio_in[38] (net)
                      0.450391    0.000000    0.325002 ^ clkbuf_0_gpio_in[38]/A (sky130_fd_sc_hd__clkbuf_16)
     5    0.064163    0.088060    0.266247    0.591249 ^ clkbuf_0_gpio_in[38]/X (sky130_fd_sc_hd__clkbuf_16)
                                                         clknet_0_gpio_in[38] (net)
                      0.088562    0.005179    0.596428 ^ clkbuf_1_0__f_gpio_in[38]/A (sky130_fd_sc_hd__clkbuf_16)
    25    0.081607    0.100020    0.179923    0.776351 ^ clkbuf_1_0__f_gpio_in[38]/X (sky130_fd_sc_hd__clkbuf_16)
                                                         clknet_1_0__leaf_gpio_in[38] (net)
                      0.105303    0.017778    0.794129 ^ _089_/CLK (sky130_fd_sc_hd__dfrtp_1)
     3    0.008562    0.089631    0.376334    1.170463 ^ _089_/Q (sky130_fd_sc_hd__dfrtp_1)
                                                         gpio_18_21_bidir[20].cfg.gpio_out_val (net)
                      0.089631    0.000209    1.170672 ^ _657_/A (sky130_fd_sc_hd__clkbuf_1)
     1    0.002220    0.038344    0.088157    1.258829 ^ _657_/X (sky130_fd_sc_hd__clkbuf_1)
                                                         net29 (net)
                      0.038344    0.000062    1.258891 ^ output29/A (sky130_fd_sc_hd__buf_2)
     1    0.034323    0.170433    0.195550    1.454441 ^ output29/X (sky130_fd_sc_hd__buf_2)
                                                         gpio_out[4] (net)
                      0.170485    0.000733    1.455174 ^ gpio_out[4] (out)
                                              1.455174   data arrival time

                                  0.000000    0.000000   clock gpio_in[38] (rise edge)
                                  0.000000    0.000000   clock network delay (propagated)
                                  0.250000    0.250000   clock uncertainty
                                  0.000000    0.250000   clock reconvergence pessimism
                                 -5.000000   -4.750000   output external delay
                                             -4.750000   data required time
---------------------------------------------------------------------------------------------
                                             -4.750000   data required time
                                             -1.455174   data arrival time
---------------------------------------------------------------------------------------------
                                              6.205174   slack (MET)


Startpoint: _089_ (rising edge-triggered flip-flop clocked by gpio_in[38])
Endpoint: gpio_out[20] (output port clocked by gpio_in[38])
Path Group: gpio_in[38]
Path Type: min

Fanout         Cap        Slew       Delay        Time   Description
---------------------------------------------------------------------------------------------
                                  0.000000    0.000000   clock gpio_in[38] (rise edge)
                                  0.000000    0.000000   clock source latency
     2    0.097745    0.444379    0.325002    0.325002 ^ gpio_in[38] (in)
                                                         gpio_in[38] (net)
                      0.450391    0.000000    0.325002 ^ clkbuf_0_gpio_in[38]/A (sky130_fd_sc_hd__clkbuf_16)
     5    0.064163    0.088060    0.266247    0.591249 ^ clkbuf_0_gpio_in[38]/X (sky130_fd_sc_hd__clkbuf_16)
                                                         clknet_0_gpio_in[38] (net)
                      0.088562    0.005179    0.596428 ^ clkbuf_1_0__f_gpio_in[38]/A (sky130_fd_sc_hd__clkbuf_16)
    25    0.081607    0.100020    0.179923    0.776351 ^ clkbuf_1_0__f_gpio_in[38]/X (sky130_fd_sc_hd__clkbuf_16)
                                                         clknet_1_0__leaf_gpio_in[38] (net)
                      0.105303    0.017778    0.794129 ^ _089_/CLK (sky130_fd_sc_hd__dfrtp_1)
     3    0.008562    0.089631    0.376334    1.170463 ^ _089_/Q (sky130_fd_sc_hd__dfrtp_1)
                                                         gpio_18_21_bidir[20].cfg.gpio_out_val (net)
                      0.089631    0.000214    1.170677 ^ _661_/A (sky130_fd_sc_hd__clkbuf_1)
     1    0.002225    0.038397    0.088199    1.258876 ^ _661_/X (sky130_fd_sc_hd__clkbuf_1)
                                                         net9 (net)
                      0.038397    0.000062    1.258939 ^ output9/A (sky130_fd_sc_hd__buf_2)
     1    0.034323    0.170433    0.195571    1.454509 ^ output9/X (sky130_fd_sc_hd__buf_2)
                                                         gpio_out[20] (net)
                      0.170485    0.000733    1.455242 ^ gpio_out[20] (out)
                                              1.455242   data arrival time

                                  0.000000    0.000000   clock gpio_in[38] (rise edge)
                                  0.000000    0.000000   clock network delay (propagated)
                                  0.250000    0.250000   clock uncertainty
                                  0.000000    0.250000   clock reconvergence pessimism
                                 -5.000000   -4.750000   output external delay
                                             -4.750000   data required time
---------------------------------------------------------------------------------------------
                                             -4.750000   data required time
                                             -1.455242   data arrival time
---------------------------------------------------------------------------------------------
                                              6.205242   slack (MET)


Startpoint: _087_ (rising edge-triggered flip-flop clocked by gpio_in[38])
Endpoint: gpio_out[18] (output port clocked by gpio_in[38])
Path Group: gpio_in[38]
Path Type: min

Fanout         Cap        Slew       Delay        Time   Description
---------------------------------------------------------------------------------------------
                                  0.000000    0.000000   clock gpio_in[38] (rise edge)
                                  0.000000    0.000000   clock source latency
     2    0.097745    0.444379    0.325002    0.325002 ^ gpio_in[38] (in)
                                                         gpio_in[38] (net)
                      0.450391    0.000000    0.325002 ^ clkbuf_0_gpio_in[38]/A (sky130_fd_sc_hd__clkbuf_16)
     5    0.064163    0.088060    0.266247    0.591249 ^ clkbuf_0_gpio_in[38]/X (sky130_fd_sc_hd__clkbuf_16)
                                                         clknet_0_gpio_in[38] (net)
                      0.088562    0.005179    0.596428 ^ clkbuf_1_0__f_gpio_in[38]/A (sky130_fd_sc_hd__clkbuf_16)
    25    0.081607    0.100020    0.179923    0.776351 ^ clkbuf_1_0__f_gpio_in[38]/X (sky130_fd_sc_hd__clkbuf_16)
                                                         clknet_1_0__leaf_gpio_in[38] (net)
                      0.104784    0.016873    0.793224 ^ _087_/CLK (sky130_fd_sc_hd__dfrtp_2)
     3    0.009524    0.066918    0.383890    1.177114 ^ _087_/Q (sky130_fd_sc_hd__dfrtp_2)
                                                         gpio_18_21_bidir[18].cfg.gpio_out_val (net)
                      0.066918    0.000258    1.177372 ^ _659_/A (sky130_fd_sc_hd__clkbuf_1)
     1    0.002220    0.038040    0.082212    1.259584 ^ _659_/X (sky130_fd_sc_hd__clkbuf_1)
                                                         net7 (net)
                      0.038040    0.000062    1.259646 ^ output7/A (sky130_fd_sc_hd__buf_2)
     1    0.034393    0.170763    0.195656    1.455303 ^ output7/X (sky130_fd_sc_hd__buf_2)
                                                         gpio_out[18] (net)
                      0.170815    0.000748    1.456050 ^ gpio_out[18] (out)
                                              1.456050   data arrival time

                                  0.000000    0.000000   clock gpio_in[38] (rise edge)
                                  0.000000    0.000000   clock network delay (propagated)
                                  0.250000    0.250000   clock uncertainty
                                  0.000000    0.250000   clock reconvergence pessimism
                                 -5.000000   -4.750000   output external delay
                                             -4.750000   data required time
---------------------------------------------------------------------------------------------
                                             -4.750000   data required time
                                             -1.456050   data arrival time
---------------------------------------------------------------------------------------------
                                              6.206050   slack (MET)


Startpoint: _087_ (rising edge-triggered flip-flop clocked by gpio_in[38])
Endpoint: gpio_out[2] (output port clocked by gpio_in[38])
Path Group: gpio_in[38]
Path Type: min

Fanout         Cap        Slew       Delay        Time   Description
---------------------------------------------------------------------------------------------
                                  0.000000    0.000000   clock gpio_in[38] (rise edge)
                                  0.000000    0.000000   clock source latency
     2    0.097745    0.444379    0.325002    0.325002 ^ gpio_in[38] (in)
                                                         gpio_in[38] (net)
                      0.450391    0.000000    0.325002 ^ clkbuf_0_gpio_in[38]/A (sky130_fd_sc_hd__clkbuf_16)
     5    0.064163    0.088060    0.266247    0.591249 ^ clkbuf_0_gpio_in[38]/X (sky130_fd_sc_hd__clkbuf_16)
                                                         clknet_0_gpio_in[38] (net)
                      0.088562    0.005179    0.596428 ^ clkbuf_1_0__f_gpio_in[38]/A (sky130_fd_sc_hd__clkbuf_16)
    25    0.081607    0.100020    0.179923    0.776351 ^ clkbuf_1_0__f_gpio_in[38]/X (sky130_fd_sc_hd__clkbuf_16)
                                                         clknet_1_0__leaf_gpio_in[38] (net)
                      0.104784    0.016873    0.793224 ^ _087_/CLK (sky130_fd_sc_hd__dfrtp_2)
     3    0.009524    0.066918    0.383890    1.177114 ^ _087_/Q (sky130_fd_sc_hd__dfrtp_2)
                                                         gpio_18_21_bidir[18].cfg.gpio_out_val (net)
                      0.066918    0.000273    1.177387 ^ _655_/A (sky130_fd_sc_hd__clkbuf_1)
     1    0.002327    0.039166    0.083087    1.260474 ^ _655_/X (sky130_fd_sc_hd__clkbuf_1)
                                                         net19 (net)
                      0.039166    0.000067    1.260540 ^ output19/A (sky130_fd_sc_hd__buf_2)
     1    0.034388    0.170739    0.196073    1.456613 ^ output19/X (sky130_fd_sc_hd__buf_2)
                                                         gpio_out[2] (net)
                      0.170791    0.000748    1.457361 ^ gpio_out[2] (out)
                                              1.457361   data arrival time

                                  0.000000    0.000000   clock gpio_in[38] (rise edge)
                                  0.000000    0.000000   clock network delay (propagated)
                                  0.250000    0.250000   clock uncertainty
                                  0.000000    0.250000   clock reconvergence pessimism
                                 -5.000000   -4.750000   output external delay
                                             -4.750000   data required time
---------------------------------------------------------------------------------------------
                                             -4.750000   data required time
                                             -1.457361   data arrival time
---------------------------------------------------------------------------------------------
                                              6.207361   slack (MET)


Startpoint: _092_ (rising edge-triggered flip-flop clocked by gpio_in[38])
Endpoint: gpio_out[23] (output port clocked by gpio_in[38])
Path Group: gpio_in[38]
Path Type: min

Fanout         Cap        Slew       Delay        Time   Description
---------------------------------------------------------------------------------------------
                                  0.000000    0.000000   clock gpio_in[38] (rise edge)
                                  0.000000    0.000000   clock source latency
     2    0.097745    0.444379    0.325002    0.325002 ^ gpio_in[38] (in)
                                                         gpio_in[38] (net)
                      0.450391    0.000000    0.325002 ^ clkbuf_0_gpio_in[38]/A (sky130_fd_sc_hd__clkbuf_16)
     5    0.064163    0.088060    0.266247    0.591249 ^ clkbuf_0_gpio_in[38]/X (sky130_fd_sc_hd__clkbuf_16)
                                                         clknet_0_gpio_in[38] (net)
                      0.088536    0.005038    0.596287 ^ clkbuf_1_1__f_gpio_in[38]/A (sky130_fd_sc_hd__clkbuf_16)
    19    0.069510    0.087641    0.175023    0.771310 ^ clkbuf_1_1__f_gpio_in[38]/X (sky130_fd_sc_hd__clkbuf_16)
                                                         clknet_1_1__leaf_gpio_in[38] (net)
                      0.090489    0.012256    0.783566 ^ _092_/CLK (sky130_fd_sc_hd__dfrtp_1)
     3    0.010520    0.104552    0.383194    1.166760 ^ _092_/Q (sky130_fd_sc_hd__dfrtp_1)
                                                         gpio_22_37_output[23].cfg.gpio_out_val (net)
                      0.104552    0.000347    1.167106 ^ _664_/A (sky130_fd_sc_hd__clkbuf_1)
     1    0.002329    0.039679    0.092968    1.260074 ^ _664_/X (sky130_fd_sc_hd__clkbuf_1)
                                                         net12 (net)
                      0.039679    0.000068    1.260142 ^ output12/A (sky130_fd_sc_hd__buf_2)
     1    0.034483    0.171190    0.196534    1.456676 ^ output12/X (sky130_fd_sc_hd__buf_2)
                                                         gpio_out[23] (net)
                      0.171243    0.000821    1.457496 ^ gpio_out[23] (out)
                                              1.457496   data arrival time

                                  0.000000    0.000000   clock gpio_in[38] (rise edge)
                                  0.000000    0.000000   clock network delay (propagated)
                                  0.250000    0.250000   clock uncertainty
                                  0.000000    0.250000   clock reconvergence pessimism
                                 -5.000000   -4.750000   output external delay
                                             -4.750000   data required time
---------------------------------------------------------------------------------------------
                                             -4.750000   data required time
                                             -1.457496   data arrival time
---------------------------------------------------------------------------------------------
                                              6.207496   slack (MET)


Startpoint: _098_ (rising edge-triggered flip-flop clocked by gpio_in[38])
Endpoint: gpio_out[29] (output port clocked by gpio_in[38])
Path Group: gpio_in[38]
Path Type: min

Fanout         Cap        Slew       Delay        Time   Description
---------------------------------------------------------------------------------------------
                                  0.000000    0.000000   clock gpio_in[38] (rise edge)
                                  0.000000    0.000000   clock source latency
     2    0.097745    0.444379    0.325002    0.325002 ^ gpio_in[38] (in)
                                                         gpio_in[38] (net)
                      0.450391    0.000000    0.325002 ^ clkbuf_0_gpio_in[38]/A (sky130_fd_sc_hd__clkbuf_16)
     5    0.064163    0.088060    0.266247    0.591249 ^ clkbuf_0_gpio_in[38]/X (sky130_fd_sc_hd__clkbuf_16)
                                                         clknet_0_gpio_in[38] (net)
                      0.088562    0.005179    0.596428 ^ clkbuf_1_0__f_gpio_in[38]/A (sky130_fd_sc_hd__clkbuf_16)
    25    0.081607    0.100020    0.179923    0.776351 ^ clkbuf_1_0__f_gpio_in[38]/X (sky130_fd_sc_hd__clkbuf_16)
                                                         clknet_1_0__leaf_gpio_in[38] (net)
                      0.104466    0.016296    0.792647 ^ _098_/CLK (sky130_fd_sc_hd__dfrtp_1)
     2    0.005840    0.052923    0.392159    1.184806 v _098_/Q (sky130_fd_sc_hd__dfrtp_1)
                                                         gpio_22_37_output[29].cfg.gpio_out_val (net)
                      0.052923    0.000142    1.184949 v _670_/A (sky130_fd_sc_hd__clkbuf_1)
     1    0.004465    0.035201    0.098861    1.283810 v _670_/X (sky130_fd_sc_hd__clkbuf_1)
                                                         net18 (net)
                      0.035201    0.000166    1.283976 v output18/A (sky130_fd_sc_hd__buf_2)
     1    0.034323    0.089736    0.175922    1.459898 v output18/X (sky130_fd_sc_hd__buf_2)
                                                         gpio_out[29] (net)
                      0.089741    0.000733    1.460630 v gpio_out[29] (out)
                                              1.460630   data arrival time

                                  0.000000    0.000000   clock gpio_in[38] (rise edge)
                                  0.000000    0.000000   clock network delay (propagated)
                                  0.250000    0.250000   clock uncertainty
                                  0.000000    0.250000   clock reconvergence pessimism
                                 -5.000000   -4.750000   output external delay
                                             -4.750000   data required time
---------------------------------------------------------------------------------------------
                                             -4.750000   data required time
                                             -1.460630   data arrival time
---------------------------------------------------------------------------------------------
                                              6.210630   slack (MET)


Startpoint: _102_ (rising edge-triggered flip-flop clocked by gpio_in[38])
Endpoint: gpio_out[33] (output port clocked by gpio_in[38])
Path Group: gpio_in[38]
Path Type: min

Fanout         Cap        Slew       Delay        Time   Description
---------------------------------------------------------------------------------------------
                                  0.000000    0.000000   clock gpio_in[38] (rise edge)
                                  0.000000    0.000000   clock source latency
     2    0.097745    0.444379    0.325002    0.325002 ^ gpio_in[38] (in)
                                                         gpio_in[38] (net)
                      0.450391    0.000000    0.325002 ^ clkbuf_0_gpio_in[38]/A (sky130_fd_sc_hd__clkbuf_16)
     5    0.064163    0.088060    0.266247    0.591249 ^ clkbuf_0_gpio_in[38]/X (sky130_fd_sc_hd__clkbuf_16)
                                                         clknet_0_gpio_in[38] (net)
                      0.088562    0.005179    0.596428 ^ clkbuf_1_0__f_gpio_in[38]/A (sky130_fd_sc_hd__clkbuf_16)
    25    0.081607    0.100020    0.179923    0.776351 ^ clkbuf_1_0__f_gpio_in[38]/X (sky130_fd_sc_hd__clkbuf_16)
                                                         clknet_1_0__leaf_gpio_in[38] (net)
                      0.105463    0.018050    0.794401 ^ _102_/CLK (sky130_fd_sc_hd__dfrtp_1)
     3    0.008542    0.065866    0.407080    1.201481 v _102_/Q (sky130_fd_sc_hd__dfrtp_1)
                                                         gpio_22_37_output[33].cfg.gpio_out_val (net)
                      0.065866    0.000205    1.201686 v _674_/A (sky130_fd_sc_hd__clkbuf_1)
     1    0.003416    0.029857    0.099755    1.301441 v _674_/X (sky130_fd_sc_hd__clkbuf_1)
                                                         net23 (net)
                      0.029857    0.000111    1.301552 v output23/A (sky130_fd_sc_hd__buf_2)
     1    0.034323    0.089774    0.173620    1.475172 v output23/X (sky130_fd_sc_hd__buf_2)
                                                         gpio_out[33] (net)
                      0.089780    0.000733    1.475904 v gpio_out[33] (out)
                                              1.475904   data arrival time

                                  0.000000    0.000000   clock gpio_in[38] (rise edge)
                                  0.000000    0.000000   clock network delay (propagated)
                                  0.250000    0.250000   clock uncertainty
                                  0.000000    0.250000   clock reconvergence pessimism
                                 -5.000000   -4.750000   output external delay
                                             -4.750000   data required time
---------------------------------------------------------------------------------------------
                                             -4.750000   data required time
                                             -1.475904   data arrival time
---------------------------------------------------------------------------------------------
                                              6.225904   slack (MET)


Startpoint: _090_ (rising edge-triggered flip-flop clocked by gpio_in[38])
Endpoint: gpio_out[5] (output port clocked by gpio_in[38])
Path Group: gpio_in[38]
Path Type: min

Fanout         Cap        Slew       Delay        Time   Description
---------------------------------------------------------------------------------------------
                                  0.000000    0.000000   clock gpio_in[38] (rise edge)
                                  0.000000    0.000000   clock source latency
     2    0.097745    0.444379    0.325002    0.325002 ^ gpio_in[38] (in)
                                                         gpio_in[38] (net)
                      0.450391    0.000000    0.325002 ^ clkbuf_0_gpio_in[38]/A (sky130_fd_sc_hd__clkbuf_16)
     5    0.064163    0.088060    0.266247    0.591249 ^ clkbuf_0_gpio_in[38]/X (sky130_fd_sc_hd__clkbuf_16)
                                                         clknet_0_gpio_in[38] (net)
                      0.088562    0.005179    0.596428 ^ clkbuf_1_0__f_gpio_in[38]/A (sky130_fd_sc_hd__clkbuf_16)
    25    0.081607    0.100020    0.179923    0.776351 ^ clkbuf_1_0__f_gpio_in[38]/X (sky130_fd_sc_hd__clkbuf_16)
                                                         clknet_1_0__leaf_gpio_in[38] (net)
                      0.105112    0.017450    0.793801 ^ _090_/CLK (sky130_fd_sc_hd__dfrtp_1)
     3    0.007440    0.060778    0.400996    1.194797 v _090_/Q (sky130_fd_sc_hd__dfrtp_1)
                                                         gpio_18_21_bidir[21].cfg.gpio_out_val (net)
                      0.060868    0.000184    1.194981 v _658_/A (sky130_fd_sc_hd__clkbuf_1)
     1    0.006532    0.046351    0.111919    1.306900 v _658_/X (sky130_fd_sc_hd__clkbuf_1)
                                                         net30 (net)
                      0.046351    0.000222    1.307121 v output30/A (sky130_fd_sc_hd__buf_2)
     1    0.034388    0.089803    0.180837    1.487958 v output30/X (sky130_fd_sc_hd__buf_2)
                                                         gpio_out[5] (net)
                      0.089808    0.000747    1.488705 v gpio_out[5] (out)
                                              1.488705   data arrival time

                                  0.000000    0.000000   clock gpio_in[38] (rise edge)
                                  0.000000    0.000000   clock network delay (propagated)
                                  0.250000    0.250000   clock uncertainty
                                  0.000000    0.250000   clock reconvergence pessimism
                                 -5.000000   -4.750000   output external delay
                                             -4.750000   data required time
---------------------------------------------------------------------------------------------
                                             -4.750000   data required time
                                             -1.488705   data arrival time
---------------------------------------------------------------------------------------------
                                              6.238705   slack (MET)


Startpoint: _088_ (rising edge-triggered flip-flop clocked by gpio_in[38])
Endpoint: gpio_out[19] (output port clocked by gpio_in[38])
Path Group: gpio_in[38]
Path Type: min

Fanout         Cap        Slew       Delay        Time   Description
---------------------------------------------------------------------------------------------
                                  0.000000    0.000000   clock gpio_in[38] (rise edge)
                                  0.000000    0.000000   clock source latency
     2    0.097745    0.444379    0.325002    0.325002 ^ gpio_in[38] (in)
                                                         gpio_in[38] (net)
                      0.450391    0.000000    0.325002 ^ clkbuf_0_gpio_in[38]/A (sky130_fd_sc_hd__clkbuf_16)
     5    0.064163    0.088060    0.266247    0.591249 ^ clkbuf_0_gpio_in[38]/X (sky130_fd_sc_hd__clkbuf_16)
                                                         clknet_0_gpio_in[38] (net)
                      0.088562    0.005179    0.596428 ^ clkbuf_1_0__f_gpio_in[38]/A (sky130_fd_sc_hd__clkbuf_16)
    25    0.081607    0.100020    0.179923    0.776351 ^ clkbuf_1_0__f_gpio_in[38]/X (sky130_fd_sc_hd__clkbuf_16)
                                                         clknet_1_0__leaf_gpio_in[38] (net)
                      0.104931    0.017133    0.793484 ^ _088_/CLK (sky130_fd_sc_hd__dfrtp_1)
     5    0.012937    0.083323    0.425670    1.219154 v _088_/Q (sky130_fd_sc_hd__dfrtp_1)
                                                         gpio_18_21_bidir[19].cfg.gpio_out_val (net)
                      0.083323    0.000344    1.219498 v _660_/A (sky130_fd_sc_hd__clkbuf_1)
     1    0.002419    0.024955    0.102112    1.321610 v _660_/X (sky130_fd_sc_hd__clkbuf_1)
                                                         net8 (net)
                      0.024955    0.000070    1.321681 v output8/A (sky130_fd_sc_hd__buf_2)
     1    0.034393    0.089966    0.171627    1.493308 v output8/X (sky130_fd_sc_hd__buf_2)
                                                         gpio_out[19] (net)
                      0.089972    0.000747    1.494055 v gpio_out[19] (out)
                                              1.494055   data arrival time

                                  0.000000    0.000000   clock gpio_in[38] (rise edge)
                                  0.000000    0.000000   clock network delay (propagated)
                                  0.250000    0.250000   clock uncertainty
                                  0.000000    0.250000   clock reconvergence pessimism
                                 -5.000000   -4.750000   output external delay
                                             -4.750000   data required time
---------------------------------------------------------------------------------------------
                                             -4.750000   data required time
                                             -1.494055   data arrival time
---------------------------------------------------------------------------------------------
                                              6.244055   slack (MET)


Startpoint: _099_ (rising edge-triggered flip-flop clocked by gpio_in[38])
Endpoint: gpio_out[30] (output port clocked by gpio_in[38])
Path Group: gpio_in[38]
Path Type: min

Fanout         Cap        Slew       Delay        Time   Description
---------------------------------------------------------------------------------------------
                                  0.000000    0.000000   clock gpio_in[38] (rise edge)
                                  0.000000    0.000000   clock source latency
     2    0.097745    0.444379    0.325002    0.325002 ^ gpio_in[38] (in)
                                                         gpio_in[38] (net)
                      0.450391    0.000000    0.325002 ^ clkbuf_0_gpio_in[38]/A (sky130_fd_sc_hd__clkbuf_16)
     5    0.064163    0.088060    0.266247    0.591249 ^ clkbuf_0_gpio_in[38]/X (sky130_fd_sc_hd__clkbuf_16)
                                                         clknet_0_gpio_in[38] (net)
                      0.088562    0.005179    0.596428 ^ clkbuf_1_0__f_gpio_in[38]/A (sky130_fd_sc_hd__clkbuf_16)
    25    0.081607    0.100020    0.179923    0.776351 ^ clkbuf_1_0__f_gpio_in[38]/X (sky130_fd_sc_hd__clkbuf_16)
                                                         clknet_1_0__leaf_gpio_in[38] (net)
                      0.105436    0.018005    0.794356 ^ _099_/CLK (sky130_fd_sc_hd__dfrtp_1)
     5    0.011289    0.076184    0.419280    1.213636 v _099_/Q (sky130_fd_sc_hd__dfrtp_1)
                                                         gpio_22_37_output[30].cfg.gpio_out_val (net)
                      0.076184    0.000220    1.213857 v _671_/A (sky130_fd_sc_hd__clkbuf_1)
     1    0.003625    0.031021    0.105272    1.319129 v _671_/X (sky130_fd_sc_hd__clkbuf_1)
                                                         net20 (net)
                      0.031021    0.000114    1.319243 v output20/A (sky130_fd_sc_hd__buf_2)
     1    0.034787    0.090802    0.174918    1.494162 v output20/X (sky130_fd_sc_hd__buf_2)
                                                         gpio_out[30] (net)
                      0.090810    0.000823    1.494985 v gpio_out[30] (out)
                                              1.494985   data arrival time

                                  0.000000    0.000000   clock gpio_in[38] (rise edge)
                                  0.000000    0.000000   clock network delay (propagated)
                                  0.250000    0.250000   clock uncertainty
                                  0.000000    0.250000   clock reconvergence pessimism
                                 -5.000000   -4.750000   output external delay
                                             -4.750000   data required time
---------------------------------------------------------------------------------------------
                                             -4.750000   data required time
                                             -1.494985   data arrival time
---------------------------------------------------------------------------------------------
                                              6.244985   slack (MET)


Startpoint: _100_ (rising edge-triggered flip-flop clocked by gpio_in[38])
Endpoint: gpio_out[31] (output port clocked by gpio_in[38])
Path Group: gpio_in[38]
Path Type: min

Fanout         Cap        Slew       Delay        Time   Description
---------------------------------------------------------------------------------------------
                                  0.000000    0.000000   clock gpio_in[38] (rise edge)
                                  0.000000    0.000000   clock source latency
     2    0.097745    0.444379    0.325002    0.325002 ^ gpio_in[38] (in)
                                                         gpio_in[38] (net)
                      0.450391    0.000000    0.325002 ^ clkbuf_0_gpio_in[38]/A (sky130_fd_sc_hd__clkbuf_16)
     5    0.064163    0.088060    0.266247    0.591249 ^ clkbuf_0_gpio_in[38]/X (sky130_fd_sc_hd__clkbuf_16)
                                                         clknet_0_gpio_in[38] (net)
                      0.088562    0.005179    0.596428 ^ clkbuf_1_0__f_gpio_in[38]/A (sky130_fd_sc_hd__clkbuf_16)
    25    0.081607    0.100020    0.179923    0.776351 ^ clkbuf_1_0__f_gpio_in[38]/X (sky130_fd_sc_hd__clkbuf_16)
                                                         clknet_1_0__leaf_gpio_in[38] (net)
                      0.105541    0.018182    0.794533 ^ _100_/CLK (sky130_fd_sc_hd__dfrtp_1)
     4    0.013326    0.085000    0.427512    1.222045 v _100_/Q (sky130_fd_sc_hd__dfrtp_1)
                                                         gpio_22_37_output[31].cfg.gpio_out_val (net)
                      0.085000    0.000210    1.222255 v _672_/A (sky130_fd_sc_hd__clkbuf_1)
     1    0.002617    0.025983    0.103944    1.326199 v _672_/X (sky130_fd_sc_hd__clkbuf_1)
                                                         net21 (net)
                      0.025983    0.000079    1.326278 v output21/A (sky130_fd_sc_hd__buf_2)
     1    0.034680    0.090609    0.172549    1.498827 v output21/X (sky130_fd_sc_hd__buf_2)
                                                         gpio_out[31] (net)
                      0.090616    0.000821    1.499649 v gpio_out[31] (out)
                                              1.499649   data arrival time

                                  0.000000    0.000000   clock gpio_in[38] (rise edge)
                                  0.000000    0.000000   clock network delay (propagated)
                                  0.250000    0.250000   clock uncertainty
                                  0.000000    0.250000   clock reconvergence pessimism
                                 -5.000000   -4.750000   output external delay
                                             -4.750000   data required time
---------------------------------------------------------------------------------------------
                                             -4.750000   data required time
                                             -1.499649   data arrival time
---------------------------------------------------------------------------------------------
                                              6.249649   slack (MET)


Startpoint: _093_ (rising edge-triggered flip-flop clocked by gpio_in[38])
Endpoint: gpio_out[24] (output port clocked by gpio_in[38])
Path Group: gpio_in[38]
Path Type: min

Fanout         Cap        Slew       Delay        Time   Description
---------------------------------------------------------------------------------------------
                                  0.000000    0.000000   clock gpio_in[38] (rise edge)
                                  0.000000    0.000000   clock source latency
     2    0.097745    0.444379    0.325002    0.325002 ^ gpio_in[38] (in)
                                                         gpio_in[38] (net)
                      0.450391    0.000000    0.325002 ^ clkbuf_0_gpio_in[38]/A (sky130_fd_sc_hd__clkbuf_16)
     5    0.064163    0.088060    0.266247    0.591249 ^ clkbuf_0_gpio_in[38]/X (sky130_fd_sc_hd__clkbuf_16)
                                                         clknet_0_gpio_in[38] (net)
                      0.088536    0.005038    0.596287 ^ clkbuf_1_1__f_gpio_in[38]/A (sky130_fd_sc_hd__clkbuf_16)
    19    0.069510    0.087641    0.175023    0.771310 ^ clkbuf_1_1__f_gpio_in[38]/X (sky130_fd_sc_hd__clkbuf_16)
                                                         clknet_1_1__leaf_gpio_in[38] (net)
                      0.090494    0.012268    0.783578 ^ _093_/CLK (sky130_fd_sc_hd__dfrtp_1)
     3    0.009835    0.069875    0.407871    1.191450 v _093_/Q (sky130_fd_sc_hd__dfrtp_1)
                                                         gpio_22_37_output[24].cfg.gpio_out_val (net)
                      0.069875    0.000304    1.191753 v _665_/A (sky130_fd_sc_hd__buf_1)
     1    0.008359    0.055583    0.124204    1.315957 v _665_/X (sky130_fd_sc_hd__buf_1)
                                                         net13 (net)
                      0.055586    0.000448    1.316405 v output13/A (sky130_fd_sc_hd__buf_2)
     1    0.034443    0.089899    0.184930    1.501334 v output13/X (sky130_fd_sc_hd__buf_2)
                                                         gpio_out[24] (net)
                      0.089906    0.000806    1.502140 v gpio_out[24] (out)
                                              1.502140   data arrival time

                                  0.000000    0.000000   clock gpio_in[38] (rise edge)
                                  0.000000    0.000000   clock network delay (propagated)
                                  0.250000    0.250000   clock uncertainty
                                  0.000000    0.250000   clock reconvergence pessimism
                                 -5.000000   -4.750000   output external delay
                                             -4.750000   data required time
---------------------------------------------------------------------------------------------
                                             -4.750000   data required time
                                             -1.502140   data arrival time
---------------------------------------------------------------------------------------------
                                              6.252141   slack (MET)


Startpoint: _097_ (rising edge-triggered flip-flop clocked by gpio_in[38])
Endpoint: gpio_out[28] (output port clocked by gpio_in[38])
Path Group: gpio_in[38]
Path Type: min

Fanout         Cap        Slew       Delay        Time   Description
---------------------------------------------------------------------------------------------
                                  0.000000    0.000000   clock gpio_in[38] (rise edge)
                                  0.000000    0.000000   clock source latency
     2    0.097745    0.444379    0.325002    0.325002 ^ gpio_in[38] (in)
                                                         gpio_in[38] (net)
                      0.450391    0.000000    0.325002 ^ clkbuf_0_gpio_in[38]/A (sky130_fd_sc_hd__clkbuf_16)
     5    0.064163    0.088060    0.266247    0.591249 ^ clkbuf_0_gpio_in[38]/X (sky130_fd_sc_hd__clkbuf_16)
                                                         clknet_0_gpio_in[38] (net)
                      0.088562    0.005179    0.596428 ^ clkbuf_1_0__f_gpio_in[38]/A (sky130_fd_sc_hd__clkbuf_16)
    25    0.081607    0.100020    0.179923    0.776351 ^ clkbuf_1_0__f_gpio_in[38]/X (sky130_fd_sc_hd__clkbuf_16)
                                                         clknet_1_0__leaf_gpio_in[38] (net)
                      0.104653    0.016636    0.792987 ^ _097_/CLK (sky130_fd_sc_hd__dfrtp_1)
     2    0.006158    0.054454    0.393922    1.186909 v _097_/Q (sky130_fd_sc_hd__dfrtp_1)
                                                         gpio_22_37_output[28].cfg.gpio_out_val (net)
                      0.054454    0.000196    1.187105 v _669_/A (sky130_fd_sc_hd__buf_1)
     1    0.014371    0.088581    0.142477    1.329582 v _669_/X (sky130_fd_sc_hd__buf_1)
                                                         net17 (net)
                      0.088589    0.000910    1.330492 v output17/A (sky130_fd_sc_hd__buf_2)
     1    0.034318    0.089636    0.199768    1.530260 v output17/X (sky130_fd_sc_hd__buf_2)
                                                         gpio_out[28] (net)
                      0.089641    0.000732    1.530992 v gpio_out[28] (out)
                                              1.530992   data arrival time

                                  0.000000    0.000000   clock gpio_in[38] (rise edge)
                                  0.000000    0.000000   clock network delay (propagated)
                                  0.250000    0.250000   clock uncertainty
                                  0.000000    0.250000   clock reconvergence pessimism
                                 -5.000000   -4.750000   output external delay
                                             -4.750000   data required time
---------------------------------------------------------------------------------------------
                                             -4.750000   data required time
                                             -1.530992   data arrival time
---------------------------------------------------------------------------------------------
                                              6.280993   slack (MET)


Startpoint: _101_ (rising edge-triggered flip-flop clocked by gpio_in[38])
Endpoint: gpio_out[32] (output port clocked by gpio_in[38])
Path Group: gpio_in[38]
Path Type: min

Fanout         Cap        Slew       Delay        Time   Description
---------------------------------------------------------------------------------------------
                                  0.000000    0.000000   clock gpio_in[38] (rise edge)
                                  0.000000    0.000000   clock source latency
     2    0.097745    0.444379    0.325002    0.325002 ^ gpio_in[38] (in)
                                                         gpio_in[38] (net)
                      0.450391    0.000000    0.325002 ^ clkbuf_0_gpio_in[38]/A (sky130_fd_sc_hd__clkbuf_16)
     5    0.064163    0.088060    0.266247    0.591249 ^ clkbuf_0_gpio_in[38]/X (sky130_fd_sc_hd__clkbuf_16)
                                                         clknet_0_gpio_in[38] (net)
                      0.088562    0.005179    0.596428 ^ clkbuf_1_0__f_gpio_in[38]/A (sky130_fd_sc_hd__clkbuf_16)
    25    0.081607    0.100020    0.179923    0.776351 ^ clkbuf_1_0__f_gpio_in[38]/X (sky130_fd_sc_hd__clkbuf_16)
                                                         clknet_1_0__leaf_gpio_in[38] (net)
                      0.105515    0.018137    0.794488 ^ _101_/CLK (sky130_fd_sc_hd__dfrtp_1)
     4    0.014366    0.089567    0.431668    1.226156 v _101_/Q (sky130_fd_sc_hd__dfrtp_1)
                                                         gpio_22_37_output[32].cfg.gpio_out_val (net)
                      0.089567    0.000314    1.226470 v _673_/A (sky130_fd_sc_hd__clkbuf_1)
     1    0.007598    0.051863    0.129549    1.356019 v _673_/X (sky130_fd_sc_hd__clkbuf_1)
                                                         net22 (net)
                      0.051864    0.000296    1.356315 v output22/A (sky130_fd_sc_hd__buf_2)
     1    0.034388    0.089763    0.183212    1.539526 v output22/X (sky130_fd_sc_hd__buf_2)
                                                         gpio_out[32] (net)
                      0.089769    0.000747    1.540274 v gpio_out[32] (out)
                                              1.540274   data arrival time

                                  0.000000    0.000000   clock gpio_in[38] (rise edge)
                                  0.000000    0.000000   clock network delay (propagated)
                                  0.250000    0.250000   clock uncertainty
                                  0.000000    0.250000   clock reconvergence pessimism
                                 -5.000000   -4.750000   output external delay
                                             -4.750000   data required time
---------------------------------------------------------------------------------------------
                                             -4.750000   data required time
                                             -1.540274   data arrival time
---------------------------------------------------------------------------------------------
                                              6.290274   slack (MET)


Startpoint: _096_ (rising edge-triggered flip-flop clocked by gpio_in[38])
Endpoint: gpio_out[27] (output port clocked by gpio_in[38])
Path Group: gpio_in[38]
Path Type: min

Fanout         Cap        Slew       Delay        Time   Description
---------------------------------------------------------------------------------------------
                                  0.000000    0.000000   clock gpio_in[38] (rise edge)
                                  0.000000    0.000000   clock source latency
     2    0.097745    0.444379    0.325002    0.325002 ^ gpio_in[38] (in)
                                                         gpio_in[38] (net)
                      0.450391    0.000000    0.325002 ^ clkbuf_0_gpio_in[38]/A (sky130_fd_sc_hd__clkbuf_16)
     5    0.064163    0.088060    0.266247    0.591249 ^ clkbuf_0_gpio_in[38]/X (sky130_fd_sc_hd__clkbuf_16)
                                                         clknet_0_gpio_in[38] (net)
                      0.088562    0.005179    0.596428 ^ clkbuf_1_0__f_gpio_in[38]/A (sky130_fd_sc_hd__clkbuf_16)
    25    0.081607    0.100020    0.179923    0.776351 ^ clkbuf_1_0__f_gpio_in[38]/X (sky130_fd_sc_hd__clkbuf_16)
                                                         clknet_1_0__leaf_gpio_in[38] (net)
                      0.104666    0.016661    0.793011 ^ _096_/CLK (sky130_fd_sc_hd__dfrtp_1)
     4    0.010751    0.073890    0.416826    1.209837 v _096_/Q (sky130_fd_sc_hd__dfrtp_1)
                                                         gpio_22_37_output[27].cfg.gpio_out_val (net)
                      0.073890    0.000250    1.210087 v _668_/A (sky130_fd_sc_hd__buf_1)
     1    0.013950    0.086271    0.149354    1.359441 v _668_/X (sky130_fd_sc_hd__buf_1)
                                                         net16 (net)
                      0.086280    0.000888    1.360329 v output16/A (sky130_fd_sc_hd__buf_2)
     1    0.034318    0.089633    0.198717    1.559047 v output16/X (sky130_fd_sc_hd__buf_2)
                                                         gpio_out[27] (net)
                      0.089639    0.000732    1.559779 v gpio_out[27] (out)
                                              1.559779   data arrival time

                                  0.000000    0.000000   clock gpio_in[38] (rise edge)
                                  0.000000    0.000000   clock network delay (propagated)
                                  0.250000    0.250000   clock uncertainty
                                  0.000000    0.250000   clock reconvergence pessimism
                                 -5.000000   -4.750000   output external delay
                                             -4.750000   data required time
---------------------------------------------------------------------------------------------
                                             -4.750000   data required time
                                             -1.559779   data arrival time
---------------------------------------------------------------------------------------------
                                              6.309779   slack (MET)


Startpoint: _103_ (rising edge-triggered flip-flop clocked by gpio_in[38])
Endpoint: gpio_out[34] (output port clocked by gpio_in[38])
Path Group: gpio_in[38]
Path Type: min

Fanout         Cap        Slew       Delay        Time   Description
---------------------------------------------------------------------------------------------
                                  0.000000    0.000000   clock gpio_in[38] (rise edge)
                                  0.000000    0.000000   clock source latency
     2    0.097745    0.444379    0.325002    0.325002 ^ gpio_in[38] (in)
                                                         gpio_in[38] (net)
                      0.450391    0.000000    0.325002 ^ clkbuf_0_gpio_in[38]/A (sky130_fd_sc_hd__clkbuf_16)
     5    0.064163    0.088060    0.266247    0.591249 ^ clkbuf_0_gpio_in[38]/X (sky130_fd_sc_hd__clkbuf_16)
                                                         clknet_0_gpio_in[38] (net)
                      0.088536    0.005038    0.596287 ^ clkbuf_1_1__f_gpio_in[38]/A (sky130_fd_sc_hd__clkbuf_16)
    19    0.069510    0.087641    0.175023    0.771310 ^ clkbuf_1_1__f_gpio_in[38]/X (sky130_fd_sc_hd__clkbuf_16)
                                                         clknet_1_1__leaf_gpio_in[38] (net)
                      0.090184    0.011554    0.782864 ^ _103_/CLK (sky130_fd_sc_hd__dfrtp_1)
     3    0.008765    0.066281    0.402564    1.185429 v _103_/Q (sky130_fd_sc_hd__dfrtp_1)
                                                         gpio_22_37_output[34].cfg.gpio_out_val (net)
                      0.066281    0.000300    1.185729 v _675_/A (sky130_fd_sc_hd__clkbuf_2)
     3    0.026016    0.103083    0.174019    1.359748 v _675_/X (sky130_fd_sc_hd__clkbuf_2)
                                                         net24 (net)
                      0.103211    0.002546    1.362295 v output24/A (sky130_fd_sc_hd__buf_2)
     1    0.034483    0.090044    0.206659    1.568954 v output24/X (sky130_fd_sc_hd__buf_2)
                                                         gpio_out[34] (net)
                      0.090051    0.000820    1.569774 v gpio_out[34] (out)
                                              1.569774   data arrival time

                                  0.000000    0.000000   clock gpio_in[38] (rise edge)
                                  0.000000    0.000000   clock network delay (propagated)
                                  0.250000    0.250000   clock uncertainty
                                  0.000000    0.250000   clock reconvergence pessimism
                                 -5.000000   -4.750000   output external delay
                                             -4.750000   data required time
---------------------------------------------------------------------------------------------
                                             -4.750000   data required time
                                             -1.569774   data arrival time
---------------------------------------------------------------------------------------------
                                              6.319774   slack (MET)


Startpoint: _104_ (rising edge-triggered flip-flop clocked by gpio_in[38])
Endpoint: gpio_out[35] (output port clocked by gpio_in[38])
Path Group: gpio_in[38]
Path Type: min

Fanout         Cap        Slew       Delay        Time   Description
---------------------------------------------------------------------------------------------
                                  0.000000    0.000000   clock gpio_in[38] (rise edge)
                                  0.000000    0.000000   clock source latency
     2    0.097745    0.444379    0.325002    0.325002 ^ gpio_in[38] (in)
                                                         gpio_in[38] (net)
                      0.450391    0.000000    0.325002 ^ clkbuf_0_gpio_in[38]/A (sky130_fd_sc_hd__clkbuf_16)
     5    0.064163    0.088060    0.266247    0.591249 ^ clkbuf_0_gpio_in[38]/X (sky130_fd_sc_hd__clkbuf_16)
                                                         clknet_0_gpio_in[38] (net)
                      0.088536    0.005038    0.596287 ^ clkbuf_1_1__f_gpio_in[38]/A (sky130_fd_sc_hd__clkbuf_16)
    19    0.069510    0.087641    0.175023    0.771310 ^ clkbuf_1_1__f_gpio_in[38]/X (sky130_fd_sc_hd__clkbuf_16)
                                                         clknet_1_1__leaf_gpio_in[38] (net)
                      0.090191    0.011569    0.782879 ^ _104_/CLK (sky130_fd_sc_hd__dfrtp_1)
     3    0.008340    0.065373    0.400335    1.183214 v _104_/Q (sky130_fd_sc_hd__dfrtp_1)
                                                         gpio_22_37_output[35].cfg.gpio_out_val (net)
                      0.065373    0.000190    1.183404 v _676_/A (sky130_fd_sc_hd__clkbuf_2)
     3    0.029798    0.116582    0.183204    1.366608 v _676_/X (sky130_fd_sc_hd__clkbuf_2)
                                                         net25 (net)
                      0.116751    0.003295    1.369902 v output25/A (sky130_fd_sc_hd__buf_2)
     1    0.034521    0.090143    0.212886    1.582788 v output25/X (sky130_fd_sc_hd__buf_2)
                                                         gpio_out[35] (net)
                      0.090150    0.000825    1.583613 v gpio_out[35] (out)
                                              1.583613   data arrival time

                                  0.000000    0.000000   clock gpio_in[38] (rise edge)
                                  0.000000    0.000000   clock network delay (propagated)
                                  0.250000    0.250000   clock uncertainty
                                  0.000000    0.250000   clock reconvergence pessimism
                                 -5.000000   -4.750000   output external delay
                                             -4.750000   data required time
---------------------------------------------------------------------------------------------
                                             -4.750000   data required time
                                             -1.583613   data arrival time
---------------------------------------------------------------------------------------------
                                              6.333613   slack (MET)


Startpoint: _105_ (rising edge-triggered flip-flop clocked by gpio_in[38])
Endpoint: gpio_out[36] (output port clocked by gpio_in[38])
Path Group: gpio_in[38]
Path Type: min

Fanout         Cap        Slew       Delay        Time   Description
---------------------------------------------------------------------------------------------
                                  0.000000    0.000000   clock gpio_in[38] (rise edge)
                                  0.000000    0.000000   clock source latency
     2    0.097745    0.444379    0.325002    0.325002 ^ gpio_in[38] (in)
                                                         gpio_in[38] (net)
                      0.450391    0.000000    0.325002 ^ clkbuf_0_gpio_in[38]/A (sky130_fd_sc_hd__clkbuf_16)
     5    0.064163    0.088060    0.266247    0.591249 ^ clkbuf_0_gpio_in[38]/X (sky130_fd_sc_hd__clkbuf_16)
                                                         clknet_0_gpio_in[38] (net)
                      0.088536    0.005038    0.596287 ^ clkbuf_1_1__f_gpio_in[38]/A (sky130_fd_sc_hd__clkbuf_16)
    19    0.069510    0.087641    0.175023    0.771310 ^ clkbuf_1_1__f_gpio_in[38]/X (sky130_fd_sc_hd__clkbuf_16)
                                                         clknet_1_1__leaf_gpio_in[38] (net)
                      0.090196    0.011582    0.782892 ^ _105_/CLK (sky130_fd_sc_hd__dfrtp_1)
     3    0.008964    0.066657    0.403687    1.186578 v _105_/Q (sky130_fd_sc_hd__dfrtp_1)
                                                         gpio_22_37_output[36].cfg.gpio_out_val (net)
                      0.066734    0.000239    1.186818 v _677_/A (sky130_fd_sc_hd__clkbuf_1)
     3    0.022540    0.133856    0.181473    1.368291 v _677_/X (sky130_fd_sc_hd__clkbuf_1)
                                                         net26 (net)
                      0.133940    0.002058    1.370349 v output26/A (sky130_fd_sc_hd__buf_2)
     1    0.034537    0.090280    0.220597    1.590946 v output26/X (sky130_fd_sc_hd__buf_2)
                                                         gpio_out[36] (net)
                      0.090287    0.000825    1.591771 v gpio_out[36] (out)
                                              1.591771   data arrival time

                                  0.000000    0.000000   clock gpio_in[38] (rise edge)
                                  0.000000    0.000000   clock network delay (propagated)
                                  0.250000    0.250000   clock uncertainty
                                  0.000000    0.250000   clock reconvergence pessimism
                                 -5.000000   -4.750000   output external delay
                                             -4.750000   data required time
---------------------------------------------------------------------------------------------
                                             -4.750000   data required time
                                             -1.591771   data arrival time
---------------------------------------------------------------------------------------------
                                              6.341771   slack (MET)


Startpoint: _088_ (rising edge-triggered flip-flop clocked by gpio_in[38])
Endpoint: gpio_out[3] (output port clocked by gpio_in[38])
Path Group: gpio_in[38]
Path Type: min

Fanout         Cap        Slew       Delay        Time   Description
---------------------------------------------------------------------------------------------
                                  0.000000    0.000000   clock gpio_in[38] (rise edge)
                                  0.000000    0.000000   clock source latency
     2    0.097745    0.444379    0.325002    0.325002 ^ gpio_in[38] (in)
                                                         gpio_in[38] (net)
                      0.450391    0.000000    0.325002 ^ clkbuf_0_gpio_in[38]/A (sky130_fd_sc_hd__clkbuf_16)
     5    0.064163    0.088060    0.266247    0.591249 ^ clkbuf_0_gpio_in[38]/X (sky130_fd_sc_hd__clkbuf_16)
                                                         clknet_0_gpio_in[38] (net)
                      0.088562    0.005179    0.596428 ^ clkbuf_1_0__f_gpio_in[38]/A (sky130_fd_sc_hd__clkbuf_16)
    25    0.081607    0.100020    0.179923    0.776351 ^ clkbuf_1_0__f_gpio_in[38]/X (sky130_fd_sc_hd__clkbuf_16)
                                                         clknet_1_0__leaf_gpio_in[38] (net)
                      0.104931    0.017133    0.793484 ^ _088_/CLK (sky130_fd_sc_hd__dfrtp_1)
     5    0.012937    0.083323    0.425670    1.219154 v _088_/Q (sky130_fd_sc_hd__dfrtp_1)
                                                         gpio_18_21_bidir[19].cfg.gpio_out_val (net)
                      0.083324    0.000355    1.219509 v _656_/A (sky130_fd_sc_hd__buf_1)
     1    0.017375    0.105223    0.167709    1.387218 v _656_/X (sky130_fd_sc_hd__buf_1)
                                                         net28 (net)
                      0.105240    0.001333    1.388551 v output28/A (sky130_fd_sc_hd__buf_2)
     1    0.034323    0.089663    0.207351    1.595902 v output28/X (sky130_fd_sc_hd__buf_2)
                                                         gpio_out[3] (net)
                      0.089669    0.000733    1.596635 v gpio_out[3] (out)
                                              1.596635   data arrival time

                                  0.000000    0.000000   clock gpio_in[38] (rise edge)
                                  0.000000    0.000000   clock network delay (propagated)
                                  0.250000    0.250000   clock uncertainty
                                  0.000000    0.250000   clock reconvergence pessimism
                                 -5.000000   -4.750000   output external delay
                                             -4.750000   data required time
---------------------------------------------------------------------------------------------
                                             -4.750000   data required time
                                             -1.596635   data arrival time
---------------------------------------------------------------------------------------------
                                              6.346635   slack (MET)


Startpoint: _095_ (rising edge-triggered flip-flop clocked by gpio_in[38])
Endpoint: gpio_out[26] (output port clocked by gpio_in[38])
Path Group: gpio_in[38]
Path Type: min

Fanout         Cap        Slew       Delay        Time   Description
---------------------------------------------------------------------------------------------
                                  0.000000    0.000000   clock gpio_in[38] (rise edge)
                                  0.000000    0.000000   clock source latency
     2    0.097745    0.444379    0.325002    0.325002 ^ gpio_in[38] (in)
                                                         gpio_in[38] (net)
                      0.450391    0.000000    0.325002 ^ clkbuf_0_gpio_in[38]/A (sky130_fd_sc_hd__clkbuf_16)
     5    0.064163    0.088060    0.266247    0.591249 ^ clkbuf_0_gpio_in[38]/X (sky130_fd_sc_hd__clkbuf_16)
                                                         clknet_0_gpio_in[38] (net)
                      0.088562    0.005179    0.596428 ^ clkbuf_1_0__f_gpio_in[38]/A (sky130_fd_sc_hd__clkbuf_16)
    25    0.081607    0.100020    0.179923    0.776351 ^ clkbuf_1_0__f_gpio_in[38]/X (sky130_fd_sc_hd__clkbuf_16)
                                                         clknet_1_0__leaf_gpio_in[38] (net)
                      0.103715    0.014860    0.791210 ^ _095_/CLK (sky130_fd_sc_hd__dfrtp_2)
     3    0.011138    0.061007    0.433278    1.224488 v _095_/Q (sky130_fd_sc_hd__dfrtp_2)
                                                         gpio_22_37_output[26].cfg.gpio_out_val (net)
                      0.061007    0.000276    1.224764 v _667_/A (sky130_fd_sc_hd__buf_6)
     3    0.103289    0.089728    0.173725    1.398488 v _667_/X (sky130_fd_sc_hd__buf_6)
                                                         net15 (net)
                      0.124810    0.043212    1.441701 v output15/A (sky130_fd_sc_hd__buf_2)
     1    0.034443    0.089992    0.216392    1.658093 v output15/X (sky130_fd_sc_hd__buf_2)
                                                         gpio_out[26] (net)
                      0.089999    0.000806    1.658899 v gpio_out[26] (out)
                                              1.658899   data arrival time

                                  0.000000    0.000000   clock gpio_in[38] (rise edge)
                                  0.000000    0.000000   clock network delay (propagated)
                                  0.250000    0.250000   clock uncertainty
                                  0.000000    0.250000   clock reconvergence pessimism
                                 -5.000000   -4.750000   output external delay
                                             -4.750000   data required time
---------------------------------------------------------------------------------------------
                                             -4.750000   data required time
                                             -1.658899   data arrival time
---------------------------------------------------------------------------------------------
                                              6.408899   slack (MET)


Startpoint: gpio_in[0] (input port clocked by gpio_in[38])
Endpoint: gpio_oeb[19] (output port clocked by gpio_in[38])
Path Group: gpio_in[38]
Path Type: min

Fanout         Cap        Slew       Delay        Time   Description
---------------------------------------------------------------------------------------------
                                  0.000000    0.000000   clock gpio_in[38] (rise edge)
                                  0.000000    0.000000   clock network delay (propagated)
                                  5.000000    5.000000 ^ input external delay
     2    0.004209    0.025845    0.015246    5.015246 ^ gpio_in[0] (in)
                                                         gpio_in[0] (net)
                      0.025845    0.000000    5.015246 ^ input1/A (sky130_fd_sc_hd__clkbuf_4)
     3    0.047690    0.150454    0.201188    5.216434 ^ input1/X (sky130_fd_sc_hd__clkbuf_4)
                                                         net1 (net)
                      0.151534    0.010274    5.226708 ^ _044_/A (sky130_fd_sc_hd__inv_2)
     9    0.046491    0.113703    0.134343    5.361051 v _044_/Y (sky130_fd_sc_hd__inv_2)
                                                         bidir_oeb (net)
                      0.114818    0.009073    5.370124 v _652_/A (sky130_fd_sc_hd__clkbuf_1)
     1    0.001985    0.023142    0.113515    5.483639 v _652_/X (sky130_fd_sc_hd__clkbuf_1)
                                                         net4 (net)
                      0.023142    0.000055    5.483695 v output4/A (sky130_fd_sc_hd__buf_2)
     1    0.034323    0.089822    0.170726    5.654421 v output4/X (sky130_fd_sc_hd__buf_2)
                                                         gpio_oeb[19] (net)
                      0.089827    0.000732    5.655153 v gpio_oeb[19] (out)
                                              5.655153   data arrival time

                                  0.000000    0.000000   clock gpio_in[38] (rise edge)
                                  0.000000    0.000000   clock network delay (propagated)
                                  0.250000    0.250000   clock uncertainty
                                  0.000000    0.250000   clock reconvergence pessimism
                                 -5.000000   -4.750000   output external delay
                                             -4.750000   data required time
---------------------------------------------------------------------------------------------
                                             -4.750000   data required time
                                             -5.655153   data arrival time
---------------------------------------------------------------------------------------------
                                             10.405152   slack (MET)


Startpoint: gpio_in[0] (input port clocked by gpio_in[38])
Endpoint: gpio_oeb[20] (output port clocked by gpio_in[38])
Path Group: gpio_in[38]
Path Type: min

Fanout         Cap        Slew       Delay        Time   Description
---------------------------------------------------------------------------------------------
                                  0.000000    0.000000   clock gpio_in[38] (rise edge)
                                  0.000000    0.000000   clock network delay (propagated)
                                  5.000000    5.000000 ^ input external delay
     2    0.004209    0.025845    0.015246    5.015246 ^ gpio_in[0] (in)
                                                         gpio_in[0] (net)
                      0.025845    0.000000    5.015246 ^ input1/A (sky130_fd_sc_hd__clkbuf_4)
     3    0.047690    0.150454    0.201188    5.216434 ^ input1/X (sky130_fd_sc_hd__clkbuf_4)
                                                         net1 (net)
                      0.151534    0.010274    5.226708 ^ _044_/A (sky130_fd_sc_hd__inv_2)
     9    0.046491    0.113703    0.134343    5.361051 v _044_/Y (sky130_fd_sc_hd__inv_2)
                                                         bidir_oeb (net)
                      0.114810    0.009039    5.370090 v _653_/A (sky130_fd_sc_hd__clkbuf_1)
     1    0.001987    0.023152    0.113524    5.483614 v _653_/X (sky130_fd_sc_hd__clkbuf_1)
                                                         net5 (net)
                      0.023152    0.000055    5.483669 v output5/A (sky130_fd_sc_hd__buf_2)
     1    0.034388    0.089969    0.170842    5.654511 v output5/X (sky130_fd_sc_hd__buf_2)
                                                         gpio_oeb[20] (net)
                      0.089975    0.000747    5.655258 v gpio_oeb[20] (out)
                                              5.655258   data arrival time

                                  0.000000    0.000000   clock gpio_in[38] (rise edge)
                                  0.000000    0.000000   clock network delay (propagated)
                                  0.250000    0.250000   clock uncertainty
                                  0.000000    0.250000   clock reconvergence pessimism
                                 -5.000000   -4.750000   output external delay
                                             -4.750000   data required time
---------------------------------------------------------------------------------------------
                                             -4.750000   data required time
                                             -5.655258   data arrival time
---------------------------------------------------------------------------------------------
                                             10.405258   slack (MET)


Startpoint: gpio_in[0] (input port clocked by gpio_in[38])
Endpoint: gpio_oeb[18] (output port clocked by gpio_in[38])
Path Group: gpio_in[38]
Path Type: min

Fanout         Cap        Slew       Delay        Time   Description
---------------------------------------------------------------------------------------------
                                  0.000000    0.000000   clock gpio_in[38] (rise edge)
                                  0.000000    0.000000   clock network delay (propagated)
                                  5.000000    5.000000 ^ input external delay
     2    0.004209    0.025845    0.015246    5.015246 ^ gpio_in[0] (in)
                                                         gpio_in[0] (net)
                      0.025845    0.000000    5.015246 ^ input1/A (sky130_fd_sc_hd__clkbuf_4)
     3    0.047690    0.150454    0.201188    5.216434 ^ input1/X (sky130_fd_sc_hd__clkbuf_4)
                                                         net1 (net)
                      0.151534    0.010274    5.226708 ^ _044_/A (sky130_fd_sc_hd__inv_2)
     9    0.046491    0.113703    0.134343    5.361051 v _044_/Y (sky130_fd_sc_hd__inv_2)
                                                         bidir_oeb (net)
                      0.114685    0.008538    5.369589 v _651_/A (sky130_fd_sc_hd__clkbuf_1)
     1    0.002397    0.025201    0.115763    5.485353 v _651_/X (sky130_fd_sc_hd__clkbuf_1)
                                                         net3 (net)
                      0.025201    0.000068    5.485420 v output3/A (sky130_fd_sc_hd__buf_2)
     1    0.034393    0.089964    0.171733    5.657154 v output3/X (sky130_fd_sc_hd__buf_2)
                                                         gpio_oeb[18] (net)
                      0.089970    0.000747    5.657900 v gpio_oeb[18] (out)
                                              5.657900   data arrival time

                                  0.000000    0.000000   clock gpio_in[38] (rise edge)
                                  0.000000    0.000000   clock network delay (propagated)
                                  0.250000    0.250000   clock uncertainty
                                  0.000000    0.250000   clock reconvergence pessimism
                                 -5.000000   -4.750000   output external delay
                                             -4.750000   data required time
---------------------------------------------------------------------------------------------
                                             -4.750000   data required time
                                             -5.657900   data arrival time
---------------------------------------------------------------------------------------------
                                             10.407901   slack (MET)


Startpoint: gpio_in[0] (input port clocked by gpio_in[38])
Endpoint: gpio_oeb[21] (output port clocked by gpio_in[38])
Path Group: gpio_in[38]
Path Type: min

Fanout         Cap        Slew       Delay        Time   Description
---------------------------------------------------------------------------------------------
                                  0.000000    0.000000   clock gpio_in[38] (rise edge)
                                  0.000000    0.000000   clock network delay (propagated)
                                  5.000000    5.000000 ^ input external delay
     2    0.004209    0.025845    0.015246    5.015246 ^ gpio_in[0] (in)
                                                         gpio_in[0] (net)
                      0.025845    0.000000    5.015246 ^ input1/A (sky130_fd_sc_hd__clkbuf_4)
     3    0.047690    0.150454    0.201188    5.216434 ^ input1/X (sky130_fd_sc_hd__clkbuf_4)
                                                         net1 (net)
                      0.151534    0.010274    5.226708 ^ _044_/A (sky130_fd_sc_hd__inv_2)
     9    0.046491    0.113703    0.134343    5.361051 v _044_/Y (sky130_fd_sc_hd__inv_2)
                                                         bidir_oeb (net)
                      0.114819    0.009075    5.370126 v _654_/A (sky130_fd_sc_hd__clkbuf_1)
     1    0.005855    0.043012    0.132634    5.502760 v _654_/X (sky130_fd_sc_hd__clkbuf_1)
                                                         net6 (net)
                      0.043013    0.000212    5.502972 v output6/A (sky130_fd_sc_hd__buf_2)
     1    0.034393    0.089837    0.179407    5.682379 v output6/X (sky130_fd_sc_hd__buf_2)
                                                         gpio_oeb[21] (net)
                      0.089842    0.000747    5.683125 v gpio_oeb[21] (out)
                                              5.683125   data arrival time

                                  0.000000    0.000000   clock gpio_in[38] (rise edge)
                                  0.000000    0.000000   clock network delay (propagated)
                                  0.250000    0.250000   clock uncertainty
                                  0.000000    0.250000   clock reconvergence pessimism
                                 -5.000000   -4.750000   output external delay
                                             -4.750000   data required time
---------------------------------------------------------------------------------------------
                                             -4.750000   data required time
                                             -5.683125   data arrival time
---------------------------------------------------------------------------------------------
                                             10.433125   slack (MET)



