
===========================================================================
report_checks -path_delay min (Hold)
============================================================================
======================= max_ff_n40C_1v95 Corner ===================================

Startpoint: _103_ (rising edge-triggered flip-flop clocked by gpio_in[38])
Endpoint: _103_ (rising edge-triggered flip-flop clocked by gpio_in[38])
Path Group: gpio_in[38]
Path Type: min

Fanout         Cap        Slew       Delay        Time   Description
---------------------------------------------------------------------------------------------
                                  0.000000    0.000000   clock gpio_in[38] (rise edge)
                                  0.000000    0.000000   clock source latency
     2    0.100428    0.341701    0.258105    0.258105 ^ gpio_in[38] (in)
                                                         gpio_in[38] (net)
                      0.353612    0.000000    0.258105 ^ clkbuf_0_gpio_in[38]/A (sky130_fd_sc_hd__clkbuf_16)
     5    0.068103    0.070956    0.159489    0.417594 ^ clkbuf_0_gpio_in[38]/X (sky130_fd_sc_hd__clkbuf_16)
                                                         clknet_0_gpio_in[38] (net)
                      0.072254    0.007417    0.425011 ^ clkbuf_1_1__f_gpio_in[38]/A (sky130_fd_sc_hd__clkbuf_16)
    19    0.072617    0.068623    0.119730    0.544741 ^ clkbuf_1_1__f_gpio_in[38]/X (sky130_fd_sc_hd__clkbuf_16)
                                                         clknet_1_1__leaf_gpio_in[38] (net)
                      0.074626    0.015401    0.560142 ^ _103_/CLK (sky130_fd_sc_hd__dfrtp_1)
     3    0.009754    0.073148    0.242926    0.803067 ^ _103_/Q (sky130_fd_sc_hd__dfrtp_1)
                                                         gpio_22_37_output[34].cfg.gpio_out_val (net)
                      0.073152    0.000602    0.803669 ^ hold19/A (sky130_fd_sc_hd__dlygate4sd3_1)
     3    0.012976    0.107348    0.433616    1.237285 ^ hold19/X (sky130_fd_sc_hd__dlygate4sd3_1)
                                                         net594 (net)
                      0.107352    0.000835    1.238120 ^ _080_/A (sky130_fd_sc_hd__xor2_1)
     1    0.002438    0.024133    0.044741    1.282861 v _080_/X (sky130_fd_sc_hd__xor2_1)
                                                         _007_ (net)
                      0.024133    0.000113    1.282974 v _103_/D (sky130_fd_sc_hd__dfrtp_1)
                                              1.282974   data arrival time

                                  0.000000    0.000000   clock gpio_in[38] (rise edge)
                                  0.000000    0.000000   clock source latency
     2    0.100428    0.341701    0.258105    0.258105 ^ gpio_in[38] (in)
                                                         gpio_in[38] (net)
                      0.353612    0.000000    0.258105 ^ clkbuf_0_gpio_in[38]/A (sky130_fd_sc_hd__clkbuf_16)
     5    0.068103    0.070956    0.159489    0.417594 ^ clkbuf_0_gpio_in[38]/X (sky130_fd_sc_hd__clkbuf_16)
                                                         clknet_0_gpio_in[38] (net)
                      0.072254    0.007417    0.425011 ^ clkbuf_1_1__f_gpio_in[38]/A (sky130_fd_sc_hd__clkbuf_16)
    19    0.072617    0.068623    0.119730    0.544741 ^ clkbuf_1_1__f_gpio_in[38]/X (sky130_fd_sc_hd__clkbuf_16)
                                                         clknet_1_1__leaf_gpio_in[38] (net)
                      0.074626    0.015401    0.560142 ^ _103_/CLK (sky130_fd_sc_hd__dfrtp_1)
                                  0.250000    0.810142   clock uncertainty
                                  0.000000    0.810142   clock reconvergence pessimism
                                 -0.025533    0.784609   library hold time
                                              0.784609   data required time
---------------------------------------------------------------------------------------------
                                              0.784609   data required time
                                             -1.282974   data arrival time
---------------------------------------------------------------------------------------------
                                              0.498365   slack (MET)


Startpoint: _087_ (rising edge-triggered flip-flop clocked by gpio_in[38])
Endpoint: _087_ (rising edge-triggered flip-flop clocked by gpio_in[38])
Path Group: gpio_in[38]
Path Type: min

Fanout         Cap        Slew       Delay        Time   Description
---------------------------------------------------------------------------------------------
                                  0.000000    0.000000   clock gpio_in[38] (rise edge)
                                  0.000000    0.000000   clock source latency
     2    0.100428    0.341701    0.258105    0.258105 ^ gpio_in[38] (in)
                                                         gpio_in[38] (net)
                      0.353612    0.000000    0.258105 ^ clkbuf_0_gpio_in[38]/A (sky130_fd_sc_hd__clkbuf_16)
     5    0.068103    0.070956    0.159489    0.417594 ^ clkbuf_0_gpio_in[38]/X (sky130_fd_sc_hd__clkbuf_16)
                                                         clknet_0_gpio_in[38] (net)
                      0.072310    0.007592    0.425187 ^ clkbuf_1_0__f_gpio_in[38]/A (sky130_fd_sc_hd__clkbuf_16)
    25    0.085453    0.077730    0.120857    0.546043 ^ clkbuf_1_0__f_gpio_in[38]/X (sky130_fd_sc_hd__clkbuf_16)
                                                         clknet_1_0__leaf_gpio_in[38] (net)
                      0.090106    0.023208    0.569251 ^ _087_/CLK (sky130_fd_sc_hd__dfrtp_2)
     3    0.010100    0.048934    0.245066    0.814317 ^ _087_/Q (sky130_fd_sc_hd__dfrtp_2)
                                                         gpio_18_21_bidir[18].cfg.gpio_out_val (net)
                      0.048938    0.000501    0.814819 ^ hold3/A (sky130_fd_sc_hd__dlygate4sd3_1)
     5    0.020904    0.164635    0.469700    1.284518 ^ hold3/X (sky130_fd_sc_hd__dlygate4sd3_1)
                                                         net578 (net)
                      0.164646    0.001501    1.286020 ^ _043_/A (sky130_fd_sc_hd__inv_2)
     1    0.002592    0.028119    0.008975    1.294994 v _043_/Y (sky130_fd_sc_hd__inv_2)
                                                         _000_ (net)
                      0.028119    0.000178    1.295172 v _087_/D (sky130_fd_sc_hd__dfrtp_2)
                                              1.295172   data arrival time

                                  0.000000    0.000000   clock gpio_in[38] (rise edge)
                                  0.000000    0.000000   clock source latency
     2    0.100428    0.341701    0.258105    0.258105 ^ gpio_in[38] (in)
                                                         gpio_in[38] (net)
                      0.353612    0.000000    0.258105 ^ clkbuf_0_gpio_in[38]/A (sky130_fd_sc_hd__clkbuf_16)
     5    0.068103    0.070956    0.159489    0.417594 ^ clkbuf_0_gpio_in[38]/X (sky130_fd_sc_hd__clkbuf_16)
                                                         clknet_0_gpio_in[38] (net)
                      0.072310    0.007592    0.425187 ^ clkbuf_1_0__f_gpio_in[38]/A (sky130_fd_sc_hd__clkbuf_16)
    25    0.085453    0.077730    0.120857    0.546043 ^ clkbuf_1_0__f_gpio_in[38]/X (sky130_fd_sc_hd__clkbuf_16)
                                                         clknet_1_0__leaf_gpio_in[38] (net)
                      0.090106    0.023208    0.569251 ^ _087_/CLK (sky130_fd_sc_hd__dfrtp_2)
                                  0.250000    0.819251   clock uncertainty
                                  0.000000    0.819251   clock reconvergence pessimism
                                 -0.022582    0.796669   library hold time
                                              0.796669   data required time
---------------------------------------------------------------------------------------------
                                              0.796669   data required time
                                             -1.295172   data arrival time
---------------------------------------------------------------------------------------------
                                              0.498503   slack (MET)


Startpoint: _091_ (rising edge-triggered flip-flop clocked by gpio_in[38])
Endpoint: _096_ (rising edge-triggered flip-flop clocked by gpio_in[38])
Path Group: gpio_in[38]
Path Type: min

Fanout         Cap        Slew       Delay        Time   Description
---------------------------------------------------------------------------------------------
                                  0.000000    0.000000   clock gpio_in[38] (rise edge)
                                  0.000000    0.000000   clock source latency
     2    0.100428    0.341701    0.258105    0.258105 ^ gpio_in[38] (in)
                                                         gpio_in[38] (net)
                      0.353612    0.000000    0.258105 ^ clkbuf_0_gpio_in[38]/A (sky130_fd_sc_hd__clkbuf_16)
     5    0.068103    0.070956    0.159489    0.417594 ^ clkbuf_0_gpio_in[38]/X (sky130_fd_sc_hd__clkbuf_16)
                                                         clknet_0_gpio_in[38] (net)
                      0.072254    0.007417    0.425011 ^ clkbuf_1_1__f_gpio_in[38]/A (sky130_fd_sc_hd__clkbuf_16)
    19    0.072617    0.068623    0.119730    0.544741 ^ clkbuf_1_1__f_gpio_in[38]/X (sky130_fd_sc_hd__clkbuf_16)
                                                         clknet_1_1__leaf_gpio_in[38] (net)
                      0.075655    0.016781    0.561522 ^ _091_/CLK (sky130_fd_sc_hd__dfrtp_1)
     3    0.009111    0.069152    0.240300    0.801822 ^ _091_/Q (sky130_fd_sc_hd__dfrtp_1)
                                                         gpio_22_37_output[22].cfg.gpio_out_val (net)
                      0.069152    0.000278    0.802100 ^ _058_/A (sky130_fd_sc_hd__and4_4)
     9    0.120175    0.260824    0.270951    1.073051 ^ _058_/X (sky130_fd_sc_hd__and4_4)
                                                         _027_ (net)
                      0.288872    0.064932    1.137983 ^ _063_/A3 (sky130_fd_sc_hd__a31o_1)
     1    0.002183    0.023657    0.096815    1.234798 ^ _063_/X (sky130_fd_sc_hd__a31o_1)
                                                         _030_ (net)
                      0.023657    0.000150    1.234948 ^ _064_/B (sky130_fd_sc_hd__and2b_1)
     1    0.002383    0.026709    0.066240    1.301188 ^ _064_/X (sky130_fd_sc_hd__and2b_1)
                                                         _019_ (net)
                      0.026710    0.000170    1.301357 ^ _096_/D (sky130_fd_sc_hd__dfrtp_1)
                                              1.301357   data arrival time

                                  0.000000    0.000000   clock gpio_in[38] (rise edge)
                                  0.000000    0.000000   clock source latency
     2    0.100428    0.341701    0.258105    0.258105 ^ gpio_in[38] (in)
                                                         gpio_in[38] (net)
                      0.353612    0.000000    0.258105 ^ clkbuf_0_gpio_in[38]/A (sky130_fd_sc_hd__clkbuf_16)
     5    0.068103    0.070956    0.159489    0.417594 ^ clkbuf_0_gpio_in[38]/X (sky130_fd_sc_hd__clkbuf_16)
                                                         clknet_0_gpio_in[38] (net)
                      0.072310    0.007592    0.425187 ^ clkbuf_1_0__f_gpio_in[38]/A (sky130_fd_sc_hd__clkbuf_16)
    25    0.085453    0.077730    0.120857    0.546043 ^ clkbuf_1_0__f_gpio_in[38]/X (sky130_fd_sc_hd__clkbuf_16)
                                                         clknet_1_0__leaf_gpio_in[38] (net)
                      0.089943    0.023046    0.569089 ^ _096_/CLK (sky130_fd_sc_hd__dfrtp_1)
                                  0.250000    0.819089   clock uncertainty
                                  0.000000    0.819089   clock reconvergence pessimism
                                 -0.017911    0.801178   library hold time
                                              0.801178   data required time
---------------------------------------------------------------------------------------------
                                              0.801178   data required time
                                             -1.301357   data arrival time
---------------------------------------------------------------------------------------------
                                              0.500180   slack (MET)


Startpoint: _095_ (rising edge-triggered flip-flop clocked by gpio_in[38])
Endpoint: _095_ (rising edge-triggered flip-flop clocked by gpio_in[38])
Path Group: gpio_in[38]
Path Type: min

Fanout         Cap        Slew       Delay        Time   Description
---------------------------------------------------------------------------------------------
                                  0.000000    0.000000   clock gpio_in[38] (rise edge)
                                  0.000000    0.000000   clock source latency
     2    0.100428    0.341701    0.258105    0.258105 ^ gpio_in[38] (in)
                                                         gpio_in[38] (net)
                      0.353612    0.000000    0.258105 ^ clkbuf_0_gpio_in[38]/A (sky130_fd_sc_hd__clkbuf_16)
     5    0.068103    0.070956    0.159489    0.417594 ^ clkbuf_0_gpio_in[38]/X (sky130_fd_sc_hd__clkbuf_16)
                                                         clknet_0_gpio_in[38] (net)
                      0.072310    0.007592    0.425187 ^ clkbuf_1_0__f_gpio_in[38]/A (sky130_fd_sc_hd__clkbuf_16)
    25    0.085453    0.077730    0.120857    0.546043 ^ clkbuf_1_0__f_gpio_in[38]/X (sky130_fd_sc_hd__clkbuf_16)
                                                         clknet_1_0__leaf_gpio_in[38] (net)
                      0.086843    0.019770    0.565813 ^ _095_/CLK (sky130_fd_sc_hd__dfrtp_2)
     3    0.012437    0.056754    0.250885    0.816698 ^ _095_/Q (sky130_fd_sc_hd__dfrtp_2)
                                                         gpio_22_37_output[26].cfg.gpio_out_val (net)
                      0.056758    0.000557    0.817256 ^ hold18/A (sky130_fd_sc_hd__dlygate4sd3_1)
     4    0.016646    0.133805    0.449774    1.267030 ^ hold18/X (sky130_fd_sc_hd__dlygate4sd3_1)
                                                         net593 (net)
                      0.133805    0.000533    1.267563 ^ _061_/A (sky130_fd_sc_hd__xor2_1)
     1    0.002529    0.024510    0.046853    1.314416 v _061_/X (sky130_fd_sc_hd__xor2_1)
                                                         _018_ (net)
                      0.024510    0.000185    1.314601 v _095_/D (sky130_fd_sc_hd__dfrtp_2)
                                              1.314601   data arrival time

                                  0.000000    0.000000   clock gpio_in[38] (rise edge)
                                  0.000000    0.000000   clock source latency
     2    0.100428    0.341701    0.258105    0.258105 ^ gpio_in[38] (in)
                                                         gpio_in[38] (net)
                      0.353612    0.000000    0.258105 ^ clkbuf_0_gpio_in[38]/A (sky130_fd_sc_hd__clkbuf_16)
     5    0.068103    0.070956    0.159489    0.417594 ^ clkbuf_0_gpio_in[38]/X (sky130_fd_sc_hd__clkbuf_16)
                                                         clknet_0_gpio_in[38] (net)
                      0.072310    0.007592    0.425187 ^ clkbuf_1_0__f_gpio_in[38]/A (sky130_fd_sc_hd__clkbuf_16)
    25    0.085453    0.077730    0.120857    0.546043 ^ clkbuf_1_0__f_gpio_in[38]/X (sky130_fd_sc_hd__clkbuf_16)
                                                         clknet_1_0__leaf_gpio_in[38] (net)
                      0.086843    0.019770    0.565813 ^ _095_/CLK (sky130_fd_sc_hd__dfrtp_2)
                                  0.250000    0.815813   clock uncertainty
                                  0.000000    0.815813   clock reconvergence pessimism
                                 -0.021754    0.794059   library hold time
                                              0.794059   data required time
---------------------------------------------------------------------------------------------
                                              0.794059   data required time
                                             -1.314601   data arrival time
---------------------------------------------------------------------------------------------
                                              0.520542   slack (MET)


Startpoint: _104_ (rising edge-triggered flip-flop clocked by gpio_in[38])
Endpoint: _104_ (rising edge-triggered flip-flop clocked by gpio_in[38])
Path Group: gpio_in[38]
Path Type: min

Fanout         Cap        Slew       Delay        Time   Description
---------------------------------------------------------------------------------------------
                                  0.000000    0.000000   clock gpio_in[38] (rise edge)
                                  0.000000    0.000000   clock source latency
     2    0.100428    0.341701    0.258105    0.258105 ^ gpio_in[38] (in)
                                                         gpio_in[38] (net)
                      0.353612    0.000000    0.258105 ^ clkbuf_0_gpio_in[38]/A (sky130_fd_sc_hd__clkbuf_16)
     5    0.068103    0.070956    0.159489    0.417594 ^ clkbuf_0_gpio_in[38]/X (sky130_fd_sc_hd__clkbuf_16)
                                                         clknet_0_gpio_in[38] (net)
                      0.072254    0.007417    0.425011 ^ clkbuf_1_1__f_gpio_in[38]/A (sky130_fd_sc_hd__clkbuf_16)
    19    0.072617    0.068623    0.119730    0.544741 ^ clkbuf_1_1__f_gpio_in[38]/X (sky130_fd_sc_hd__clkbuf_16)
                                                         clknet_1_1__leaf_gpio_in[38] (net)
                      0.074638    0.015417    0.560158 ^ _104_/CLK (sky130_fd_sc_hd__dfrtp_1)
     3    0.009369    0.070759    0.241187    0.801346 ^ _104_/Q (sky130_fd_sc_hd__dfrtp_1)
                                                         gpio_22_37_output[35].cfg.gpio_out_val (net)
                      0.070761    0.000485    0.801831 ^ hold25/A (sky130_fd_sc_hd__dlygate4sd3_1)
     2    0.007155    0.066780    0.402708    1.204539 ^ hold25/X (sky130_fd_sc_hd__dlygate4sd3_1)
                                                         net600 (net)
                      0.066780    0.000418    1.204958 ^ _081_/B1 (sky130_fd_sc_hd__a21oi_1)
     1    0.006365    0.032493    0.037334    1.242292 v _081_/Y (sky130_fd_sc_hd__a21oi_1)
                                                         _040_ (net)
                      0.032503    0.000457    1.242749 v _083_/A (sky130_fd_sc_hd__nor2_1)
     1    0.004008    0.066970    0.075893    1.318642 ^ _083_/Y (sky130_fd_sc_hd__nor2_1)
                                                         _008_ (net)
                      0.066970    0.000255    1.318898 ^ _104_/D (sky130_fd_sc_hd__dfrtp_1)
                                              1.318898   data arrival time

                                  0.000000    0.000000   clock gpio_in[38] (rise edge)
                                  0.000000    0.000000   clock source latency
     2    0.100428    0.341701    0.258105    0.258105 ^ gpio_in[38] (in)
                                                         gpio_in[38] (net)
                      0.353612    0.000000    0.258105 ^ clkbuf_0_gpio_in[38]/A (sky130_fd_sc_hd__clkbuf_16)
     5    0.068103    0.070956    0.159489    0.417594 ^ clkbuf_0_gpio_in[38]/X (sky130_fd_sc_hd__clkbuf_16)
                                                         clknet_0_gpio_in[38] (net)
                      0.072254    0.007417    0.425011 ^ clkbuf_1_1__f_gpio_in[38]/A (sky130_fd_sc_hd__clkbuf_16)
    19    0.072617    0.068623    0.119730    0.544741 ^ clkbuf_1_1__f_gpio_in[38]/X (sky130_fd_sc_hd__clkbuf_16)
                                                         clknet_1_1__leaf_gpio_in[38] (net)
                      0.074638    0.015417    0.560158 ^ _104_/CLK (sky130_fd_sc_hd__dfrtp_1)
                                  0.250000    0.810158   clock uncertainty
                                  0.000000    0.810158   clock reconvergence pessimism
                                 -0.021334    0.788825   library hold time
                                              0.788825   data required time
---------------------------------------------------------------------------------------------
                                              0.788825   data required time
                                             -1.318898   data arrival time
---------------------------------------------------------------------------------------------
                                              0.530073   slack (MET)


Startpoint: _092_ (rising edge-triggered flip-flop clocked by gpio_in[38])
Endpoint: _092_ (rising edge-triggered flip-flop clocked by gpio_in[38])
Path Group: gpio_in[38]
Path Type: min

Fanout         Cap        Slew       Delay        Time   Description
---------------------------------------------------------------------------------------------
                                  0.000000    0.000000   clock gpio_in[38] (rise edge)
                                  0.000000    0.000000   clock source latency
     2    0.100428    0.341701    0.258105    0.258105 ^ gpio_in[38] (in)
                                                         gpio_in[38] (net)
                      0.353612    0.000000    0.258105 ^ clkbuf_0_gpio_in[38]/A (sky130_fd_sc_hd__clkbuf_16)
     5    0.068103    0.070956    0.159489    0.417594 ^ clkbuf_0_gpio_in[38]/X (sky130_fd_sc_hd__clkbuf_16)
                                                         clknet_0_gpio_in[38] (net)
                      0.072254    0.007417    0.425011 ^ clkbuf_1_1__f_gpio_in[38]/A (sky130_fd_sc_hd__clkbuf_16)
    19    0.072617    0.068623    0.119730    0.544741 ^ clkbuf_1_1__f_gpio_in[38]/X (sky130_fd_sc_hd__clkbuf_16)
                                                         clknet_1_1__leaf_gpio_in[38] (net)
                      0.075666    0.016795    0.561536 ^ _092_/CLK (sky130_fd_sc_hd__dfrtp_1)
     3    0.011117    0.080873    0.249706    0.811242 ^ _092_/Q (sky130_fd_sc_hd__dfrtp_1)
                                                         gpio_22_37_output[23].cfg.gpio_out_val (net)
                      0.080877    0.000650    0.811892 ^ hold22/A (sky130_fd_sc_hd__dlygate4sd3_1)
     2    0.007881    0.071828    0.408302    1.220194 ^ hold22/X (sky130_fd_sc_hd__dlygate4sd3_1)
                                                         net597 (net)
                      0.071828    0.000267    1.220461 ^ _054_/B1 (sky130_fd_sc_hd__a21oi_1)
     1    0.005361    0.031009    0.034370    1.254830 v _054_/Y (sky130_fd_sc_hd__a21oi_1)
                                                         _025_ (net)
                      0.031022    0.000515    1.255346 v _055_/B (sky130_fd_sc_hd__nor2_1)
     1    0.004090    0.067770    0.066070    1.321415 ^ _055_/Y (sky130_fd_sc_hd__nor2_1)
                                                         _015_ (net)
                      0.067772    0.000309    1.321725 ^ _092_/D (sky130_fd_sc_hd__dfrtp_1)
                                              1.321725   data arrival time

                                  0.000000    0.000000   clock gpio_in[38] (rise edge)
                                  0.000000    0.000000   clock source latency
     2    0.100428    0.341701    0.258105    0.258105 ^ gpio_in[38] (in)
                                                         gpio_in[38] (net)
                      0.353612    0.000000    0.258105 ^ clkbuf_0_gpio_in[38]/A (sky130_fd_sc_hd__clkbuf_16)
     5    0.068103    0.070956    0.159489    0.417594 ^ clkbuf_0_gpio_in[38]/X (sky130_fd_sc_hd__clkbuf_16)
                                                         clknet_0_gpio_in[38] (net)
                      0.072254    0.007417    0.425011 ^ clkbuf_1_1__f_gpio_in[38]/A (sky130_fd_sc_hd__clkbuf_16)
    19    0.072617    0.068623    0.119730    0.544741 ^ clkbuf_1_1__f_gpio_in[38]/X (sky130_fd_sc_hd__clkbuf_16)
                                                         clknet_1_1__leaf_gpio_in[38] (net)
                      0.075666    0.016795    0.561536 ^ _092_/CLK (sky130_fd_sc_hd__dfrtp_1)
                                  0.250000    0.811537   clock uncertainty
                                  0.000000    0.811537   clock reconvergence pessimism
                                 -0.021366    0.790170   library hold time
                                              0.790170   data required time
---------------------------------------------------------------------------------------------
                                              0.790170   data required time
                                             -1.321725   data arrival time
---------------------------------------------------------------------------------------------
                                              0.531554   slack (MET)


Startpoint: _103_ (rising edge-triggered flip-flop clocked by gpio_in[38])
Endpoint: _106_ (rising edge-triggered flip-flop clocked by gpio_in[38])
Path Group: gpio_in[38]
Path Type: min

Fanout         Cap        Slew       Delay        Time   Description
---------------------------------------------------------------------------------------------
                                  0.000000    0.000000   clock gpio_in[38] (rise edge)
                                  0.000000    0.000000   clock source latency
     2    0.100428    0.341701    0.258105    0.258105 ^ gpio_in[38] (in)
                                                         gpio_in[38] (net)
                      0.353612    0.000000    0.258105 ^ clkbuf_0_gpio_in[38]/A (sky130_fd_sc_hd__clkbuf_16)
     5    0.068103    0.070956    0.159489    0.417594 ^ clkbuf_0_gpio_in[38]/X (sky130_fd_sc_hd__clkbuf_16)
                                                         clknet_0_gpio_in[38] (net)
                      0.072254    0.007417    0.425011 ^ clkbuf_1_1__f_gpio_in[38]/A (sky130_fd_sc_hd__clkbuf_16)
    19    0.072617    0.068623    0.119730    0.544741 ^ clkbuf_1_1__f_gpio_in[38]/X (sky130_fd_sc_hd__clkbuf_16)
                                                         clknet_1_1__leaf_gpio_in[38] (net)
                      0.074626    0.015401    0.560142 ^ _103_/CLK (sky130_fd_sc_hd__dfrtp_1)
     3    0.009754    0.073148    0.242926    0.803067 ^ _103_/Q (sky130_fd_sc_hd__dfrtp_1)
                                                         gpio_22_37_output[34].cfg.gpio_out_val (net)
                      0.073157    0.000835    0.803902 ^ _084_/A (sky130_fd_sc_hd__and4_1)
     1    0.006737    0.061255    0.124008    0.927910 ^ _084_/X (sky130_fd_sc_hd__and4_1)
                                                         _042_ (net)
                      0.061258    0.000523    0.928432 ^ _086_/B (sky130_fd_sc_hd__xor2_1)
     1    0.002471    0.024098    0.036404    0.964836 v _086_/X (sky130_fd_sc_hd__xor2_1)
                                                         _010_ (net)
                      0.024098    0.000120    0.964956 v hold2/A (sky130_fd_sc_hd__dlygate4sd3_1)
     1    0.003245    0.040156    0.359911    1.324867 v hold2/X (sky130_fd_sc_hd__dlygate4sd3_1)
                                                         net577 (net)
                      0.040156    0.000204    1.325071 v _106_/D (sky130_fd_sc_hd__dfrtp_1)
                                              1.325071   data arrival time

                                  0.000000    0.000000   clock gpio_in[38] (rise edge)
                                  0.000000    0.000000   clock source latency
     2    0.100428    0.341701    0.258105    0.258105 ^ gpio_in[38] (in)
                                                         gpio_in[38] (net)
                      0.353612    0.000000    0.258105 ^ clkbuf_0_gpio_in[38]/A (sky130_fd_sc_hd__clkbuf_16)
     5    0.068103    0.070956    0.159489    0.417594 ^ clkbuf_0_gpio_in[38]/X (sky130_fd_sc_hd__clkbuf_16)
                                                         clknet_0_gpio_in[38] (net)
                      0.072254    0.007417    0.425011 ^ clkbuf_1_1__f_gpio_in[38]/A (sky130_fd_sc_hd__clkbuf_16)
    19    0.072617    0.068623    0.119730    0.544741 ^ clkbuf_1_1__f_gpio_in[38]/X (sky130_fd_sc_hd__clkbuf_16)
                                                         clknet_1_1__leaf_gpio_in[38] (net)
                      0.074637    0.015417    0.560158 ^ _106_/CLK (sky130_fd_sc_hd__dfrtp_1)
                                  0.250000    0.810158   clock uncertainty
                                  0.000000    0.810158   clock reconvergence pessimism
                                 -0.030741    0.779417   library hold time
                                              0.779417   data required time
---------------------------------------------------------------------------------------------
                                              0.779417   data required time
                                             -1.325071   data arrival time
---------------------------------------------------------------------------------------------
                                              0.545654   slack (MET)


Startpoint: _095_ (rising edge-triggered flip-flop clocked by gpio_in[38])
Endpoint: _098_ (rising edge-triggered flip-flop clocked by gpio_in[38])
Path Group: gpio_in[38]
Path Type: min

Fanout         Cap        Slew       Delay        Time   Description
---------------------------------------------------------------------------------------------
                                  0.000000    0.000000   clock gpio_in[38] (rise edge)
                                  0.000000    0.000000   clock source latency
     2    0.100428    0.341701    0.258105    0.258105 ^ gpio_in[38] (in)
                                                         gpio_in[38] (net)
                      0.353612    0.000000    0.258105 ^ clkbuf_0_gpio_in[38]/A (sky130_fd_sc_hd__clkbuf_16)
     5    0.068103    0.070956    0.159489    0.417594 ^ clkbuf_0_gpio_in[38]/X (sky130_fd_sc_hd__clkbuf_16)
                                                         clknet_0_gpio_in[38] (net)
                      0.072310    0.007592    0.425187 ^ clkbuf_1_0__f_gpio_in[38]/A (sky130_fd_sc_hd__clkbuf_16)
    25    0.085453    0.077730    0.120857    0.546043 ^ clkbuf_1_0__f_gpio_in[38]/X (sky130_fd_sc_hd__clkbuf_16)
                                                         clknet_1_0__leaf_gpio_in[38] (net)
                      0.086843    0.019770    0.565813 ^ _095_/CLK (sky130_fd_sc_hd__dfrtp_2)
     3    0.012437    0.056754    0.250885    0.816698 ^ _095_/Q (sky130_fd_sc_hd__dfrtp_2)
                                                         gpio_22_37_output[26].cfg.gpio_out_val (net)
                      0.056760    0.000632    0.817330 ^ _065_/A (sky130_fd_sc_hd__and4_1)
     1    0.003275    0.039250    0.101069    0.918400 ^ _065_/X (sky130_fd_sc_hd__and4_1)
                                                         _031_ (net)
                      0.039251    0.000227    0.918627 ^ _069_/A2 (sky130_fd_sc_hd__o21ba_1)
     1    0.001964    0.025229    0.064429    0.983056 ^ _069_/X (sky130_fd_sc_hd__o21ba_1)
                                                         _002_ (net)
                      0.025229    0.000091    0.983147 ^ hold15/A (sky130_fd_sc_hd__dlygate4sd3_1)
     1    0.002989    0.038498    0.370711    1.353858 ^ hold15/X (sky130_fd_sc_hd__dlygate4sd3_1)
                                                         net590 (net)
                      0.038969    0.000195    1.354053 ^ _098_/D (sky130_fd_sc_hd__dfrtp_1)
                                              1.354053   data arrival time

                                  0.000000    0.000000   clock gpio_in[38] (rise edge)
                                  0.000000    0.000000   clock source latency
     2    0.100428    0.341701    0.258105    0.258105 ^ gpio_in[38] (in)
                                                         gpio_in[38] (net)
                      0.353612    0.000000    0.258105 ^ clkbuf_0_gpio_in[38]/A (sky130_fd_sc_hd__clkbuf_16)
     5    0.068103    0.070956    0.159489    0.417594 ^ clkbuf_0_gpio_in[38]/X (sky130_fd_sc_hd__clkbuf_16)
                                                         clknet_0_gpio_in[38] (net)
                      0.072310    0.007592    0.425187 ^ clkbuf_1_0__f_gpio_in[38]/A (sky130_fd_sc_hd__clkbuf_16)
    25    0.085453    0.077730    0.120857    0.546043 ^ clkbuf_1_0__f_gpio_in[38]/X (sky130_fd_sc_hd__clkbuf_16)
                                                         clknet_1_0__leaf_gpio_in[38] (net)
                      0.089098    0.022190    0.568233 ^ _098_/CLK (sky130_fd_sc_hd__dfrtp_1)
                                  0.250000    0.818233   clock uncertainty
                                  0.000000    0.818233   clock reconvergence pessimism
                                 -0.018850    0.799383   library hold time
                                              0.799383   data required time
---------------------------------------------------------------------------------------------
                                              0.799383   data required time
                                             -1.354053   data arrival time
---------------------------------------------------------------------------------------------
                                              0.554670   slack (MET)


Startpoint: _099_ (rising edge-triggered flip-flop clocked by gpio_in[38])
Endpoint: _099_ (rising edge-triggered flip-flop clocked by gpio_in[38])
Path Group: gpio_in[38]
Path Type: min

Fanout         Cap        Slew       Delay        Time   Description
---------------------------------------------------------------------------------------------
                                  0.000000    0.000000   clock gpio_in[38] (rise edge)
                                  0.000000    0.000000   clock source latency
     2    0.100428    0.341701    0.258105    0.258105 ^ gpio_in[38] (in)
                                                         gpio_in[38] (net)
                      0.353612    0.000000    0.258105 ^ clkbuf_0_gpio_in[38]/A (sky130_fd_sc_hd__clkbuf_16)
     5    0.068103    0.070956    0.159489    0.417594 ^ clkbuf_0_gpio_in[38]/X (sky130_fd_sc_hd__clkbuf_16)
                                                         clknet_0_gpio_in[38] (net)
                      0.072310    0.007592    0.425187 ^ clkbuf_1_0__f_gpio_in[38]/A (sky130_fd_sc_hd__clkbuf_16)
    25    0.085453    0.077730    0.120857    0.546043 ^ clkbuf_1_0__f_gpio_in[38]/X (sky130_fd_sc_hd__clkbuf_16)
                                                         clknet_1_0__leaf_gpio_in[38] (net)
                      0.092336    0.025374    0.571417 ^ _099_/CLK (sky130_fd_sc_hd__dfrtp_1)
     5    0.012550    0.089886    0.260578    0.831996 ^ _099_/Q (sky130_fd_sc_hd__dfrtp_1)
                                                         gpio_22_37_output[30].cfg.gpio_out_val (net)
                      0.089889    0.000651    0.832647 ^ hold28/A (sky130_fd_sc_hd__dlygate4sd3_1)
     2    0.006295    0.060869    0.401133    1.233781 ^ hold28/X (sky130_fd_sc_hd__dlygate4sd3_1)
                                                         net603 (net)
                      0.060869    0.000314    1.234094 ^ _070_/A (sky130_fd_sc_hd__and2_1)
     2    0.006376    0.056093    0.093741    1.327835 ^ _070_/X (sky130_fd_sc_hd__and2_1)
                                                         _034_ (net)
                      0.056094    0.000317    1.328152 ^ _072_/A (sky130_fd_sc_hd__nor2_1)
     1    0.002827    0.018717    0.029238    1.357390 v _072_/Y (sky130_fd_sc_hd__nor2_1)
                                                         _003_ (net)
                      0.018718    0.000201    1.357591 v _099_/D (sky130_fd_sc_hd__dfrtp_1)
                                              1.357591   data arrival time

                                  0.000000    0.000000   clock gpio_in[38] (rise edge)
                                  0.000000    0.000000   clock source latency
     2    0.100428    0.341701    0.258105    0.258105 ^ gpio_in[38] (in)
                                                         gpio_in[38] (net)
                      0.353612    0.000000    0.258105 ^ clkbuf_0_gpio_in[38]/A (sky130_fd_sc_hd__clkbuf_16)
     5    0.068103    0.070956    0.159489    0.417594 ^ clkbuf_0_gpio_in[38]/X (sky130_fd_sc_hd__clkbuf_16)
                                                         clknet_0_gpio_in[38] (net)
                      0.072310    0.007592    0.425187 ^ clkbuf_1_0__f_gpio_in[38]/A (sky130_fd_sc_hd__clkbuf_16)
    25    0.085453    0.077730    0.120857    0.546043 ^ clkbuf_1_0__f_gpio_in[38]/X (sky130_fd_sc_hd__clkbuf_16)
                                                         clknet_1_0__leaf_gpio_in[38] (net)
                      0.092336    0.025374    0.571417 ^ _099_/CLK (sky130_fd_sc_hd__dfrtp_1)
                                  0.250000    0.821417   clock uncertainty
                                  0.000000    0.821417   clock reconvergence pessimism
                                 -0.022030    0.799387   library hold time
                                              0.799387   data required time
---------------------------------------------------------------------------------------------
                                              0.799387   data required time
                                             -1.357591   data arrival time
---------------------------------------------------------------------------------------------
                                              0.558203   slack (MET)


Startpoint: _099_ (rising edge-triggered flip-flop clocked by gpio_in[38])
Endpoint: _101_ (rising edge-triggered flip-flop clocked by gpio_in[38])
Path Group: gpio_in[38]
Path Type: min

Fanout         Cap        Slew       Delay        Time   Description
---------------------------------------------------------------------------------------------
                                  0.000000    0.000000   clock gpio_in[38] (rise edge)
                                  0.000000    0.000000   clock source latency
     2    0.100428    0.341701    0.258105    0.258105 ^ gpio_in[38] (in)
                                                         gpio_in[38] (net)
                      0.353612    0.000000    0.258105 ^ clkbuf_0_gpio_in[38]/A (sky130_fd_sc_hd__clkbuf_16)
     5    0.068103    0.070956    0.159489    0.417594 ^ clkbuf_0_gpio_in[38]/X (sky130_fd_sc_hd__clkbuf_16)
                                                         clknet_0_gpio_in[38] (net)
                      0.072310    0.007592    0.425187 ^ clkbuf_1_0__f_gpio_in[38]/A (sky130_fd_sc_hd__clkbuf_16)
    25    0.085453    0.077730    0.120857    0.546043 ^ clkbuf_1_0__f_gpio_in[38]/X (sky130_fd_sc_hd__clkbuf_16)
                                                         clknet_1_0__leaf_gpio_in[38] (net)
                      0.092336    0.025374    0.571417 ^ _099_/CLK (sky130_fd_sc_hd__dfrtp_1)
     5    0.012550    0.089886    0.260578    0.831996 ^ _099_/Q (sky130_fd_sc_hd__dfrtp_1)
                                                         gpio_22_37_output[30].cfg.gpio_out_val (net)
                      0.089888    0.000618    0.832614 ^ _073_/A (sky130_fd_sc_hd__and3_1)
     2    0.007842    0.067922    0.120723    0.953337 ^ _073_/X (sky130_fd_sc_hd__and3_1)
                                                         _036_ (net)
                      0.067925    0.000519    0.953856 ^ _076_/B (sky130_fd_sc_hd__xor2_1)
     1    0.004245    0.028960    0.043558    0.997414 v _076_/X (sky130_fd_sc_hd__xor2_1)
                                                         _005_ (net)
                      0.028971    0.000339    0.997753 v hold11/A (sky130_fd_sc_hd__dlygate4sd3_1)
     1    0.002424    0.036792    0.356836    1.354589 v hold11/X (sky130_fd_sc_hd__dlygate4sd3_1)
                                                         net586 (net)
                      0.036792    0.000170    1.354759 v _101_/D (sky130_fd_sc_hd__dfrtp_1)
                                              1.354759   data arrival time

                                  0.000000    0.000000   clock gpio_in[38] (rise edge)
                                  0.000000    0.000000   clock source latency
     2    0.100428    0.341701    0.258105    0.258105 ^ gpio_in[38] (in)
                                                         gpio_in[38] (net)
                      0.353612    0.000000    0.258105 ^ clkbuf_0_gpio_in[38]/A (sky130_fd_sc_hd__clkbuf_16)
     5    0.068103    0.070956    0.159489    0.417594 ^ clkbuf_0_gpio_in[38]/X (sky130_fd_sc_hd__clkbuf_16)
                                                         clknet_0_gpio_in[38] (net)
                      0.072310    0.007592    0.425187 ^ clkbuf_1_0__f_gpio_in[38]/A (sky130_fd_sc_hd__clkbuf_16)
    25    0.085453    0.077730    0.120857    0.546043 ^ clkbuf_1_0__f_gpio_in[38]/X (sky130_fd_sc_hd__clkbuf_16)
                                                         clknet_1_0__leaf_gpio_in[38] (net)
                      0.092557    0.025584    0.571627 ^ _101_/CLK (sky130_fd_sc_hd__dfrtp_1)
                                  0.250000    0.821627   clock uncertainty
                                  0.000000    0.821627   clock reconvergence pessimism
                                 -0.027884    0.793742   library hold time
                                              0.793742   data required time
---------------------------------------------------------------------------------------------
                                              0.793742   data required time
                                             -1.354759   data arrival time
---------------------------------------------------------------------------------------------
                                              0.561016   slack (MET)


Startpoint: _088_ (rising edge-triggered flip-flop clocked by gpio_in[38])
Endpoint: _088_ (rising edge-triggered flip-flop clocked by gpio_in[38])
Path Group: gpio_in[38]
Path Type: min

Fanout         Cap        Slew       Delay        Time   Description
---------------------------------------------------------------------------------------------
                                  0.000000    0.000000   clock gpio_in[38] (rise edge)
                                  0.000000    0.000000   clock source latency
     2    0.100428    0.341701    0.258105    0.258105 ^ gpio_in[38] (in)
                                                         gpio_in[38] (net)
                      0.353612    0.000000    0.258105 ^ clkbuf_0_gpio_in[38]/A (sky130_fd_sc_hd__clkbuf_16)
     5    0.068103    0.070956    0.159489    0.417594 ^ clkbuf_0_gpio_in[38]/X (sky130_fd_sc_hd__clkbuf_16)
                                                         clknet_0_gpio_in[38] (net)
                      0.072310    0.007592    0.425187 ^ clkbuf_1_0__f_gpio_in[38]/A (sky130_fd_sc_hd__clkbuf_16)
    25    0.085453    0.077730    0.120857    0.546043 ^ clkbuf_1_0__f_gpio_in[38]/X (sky130_fd_sc_hd__clkbuf_16)
                                                         clknet_1_0__leaf_gpio_in[38] (net)
                      0.090668    0.023763    0.569806 ^ _088_/CLK (sky130_fd_sc_hd__dfrtp_1)
     5    0.013634    0.060587    0.274317    0.844124 v _088_/Q (sky130_fd_sc_hd__dfrtp_1)
                                                         gpio_18_21_bidir[19].cfg.gpio_out_val (net)
                      0.060607    0.001029    0.845152 v hold34/A (sky130_fd_sc_hd__dlygate4sd3_1)
     2    0.004397    0.043733    0.379787    1.224940 v hold34/X (sky130_fd_sc_hd__dlygate4sd3_1)
                                                         net609 (net)
                      0.043733    0.000236    1.225176 v _045_/B (sky130_fd_sc_hd__nand2_1)
     2    0.008988    0.071650    0.076598    1.301774 ^ _045_/Y (sky130_fd_sc_hd__nand2_1)
                                                         _020_ (net)
                      0.071654    0.000422    1.302196 ^ _047_/A (sky130_fd_sc_hd__and2_1)
     1    0.002881    0.033022    0.077955    1.380151 ^ _047_/X (sky130_fd_sc_hd__and2_1)
                                                         _011_ (net)
                      0.033023    0.000191    1.380342 ^ _088_/D (sky130_fd_sc_hd__dfrtp_1)
                                              1.380342   data arrival time

                                  0.000000    0.000000   clock gpio_in[38] (rise edge)
                                  0.000000    0.000000   clock source latency
     2    0.100428    0.341701    0.258105    0.258105 ^ gpio_in[38] (in)
                                                         gpio_in[38] (net)
                      0.353612    0.000000    0.258105 ^ clkbuf_0_gpio_in[38]/A (sky130_fd_sc_hd__clkbuf_16)
     5    0.068103    0.070956    0.159489    0.417594 ^ clkbuf_0_gpio_in[38]/X (sky130_fd_sc_hd__clkbuf_16)
                                                         clknet_0_gpio_in[38] (net)
                      0.072310    0.007592    0.425187 ^ clkbuf_1_0__f_gpio_in[38]/A (sky130_fd_sc_hd__clkbuf_16)
    25    0.085453    0.077730    0.120857    0.546043 ^ clkbuf_1_0__f_gpio_in[38]/X (sky130_fd_sc_hd__clkbuf_16)
                                                         clknet_1_0__leaf_gpio_in[38] (net)
                      0.090668    0.023763    0.569806 ^ _088_/CLK (sky130_fd_sc_hd__dfrtp_1)
                                  0.250000    0.819806   clock uncertainty
                                  0.000000    0.819806   clock reconvergence pessimism
                                 -0.018364    0.801443   library hold time
                                              0.801443   data required time
---------------------------------------------------------------------------------------------
                                              0.801443   data required time
                                             -1.380342   data arrival time
---------------------------------------------------------------------------------------------
                                              0.578899   slack (MET)


Startpoint: _099_ (rising edge-triggered flip-flop clocked by gpio_in[38])
Endpoint: _102_ (rising edge-triggered flip-flop clocked by gpio_in[38])
Path Group: gpio_in[38]
Path Type: min

Fanout         Cap        Slew       Delay        Time   Description
---------------------------------------------------------------------------------------------
                                  0.000000    0.000000   clock gpio_in[38] (rise edge)
                                  0.000000    0.000000   clock source latency
     2    0.100428    0.341701    0.258105    0.258105 ^ gpio_in[38] (in)
                                                         gpio_in[38] (net)
                      0.353612    0.000000    0.258105 ^ clkbuf_0_gpio_in[38]/A (sky130_fd_sc_hd__clkbuf_16)
     5    0.068103    0.070956    0.159489    0.417594 ^ clkbuf_0_gpio_in[38]/X (sky130_fd_sc_hd__clkbuf_16)
                                                         clknet_0_gpio_in[38] (net)
                      0.072310    0.007592    0.425187 ^ clkbuf_1_0__f_gpio_in[38]/A (sky130_fd_sc_hd__clkbuf_16)
    25    0.085453    0.077730    0.120857    0.546043 ^ clkbuf_1_0__f_gpio_in[38]/X (sky130_fd_sc_hd__clkbuf_16)
                                                         clknet_1_0__leaf_gpio_in[38] (net)
                      0.092336    0.025374    0.571417 ^ _099_/CLK (sky130_fd_sc_hd__dfrtp_1)
     5    0.012550    0.089886    0.260578    0.831996 ^ _099_/Q (sky130_fd_sc_hd__dfrtp_1)
                                                         gpio_22_37_output[30].cfg.gpio_out_val (net)
                      0.089889    0.000624    0.832619 ^ _075_/A (sky130_fd_sc_hd__and4_1)
     1    0.004124    0.044988    0.114069    0.946689 ^ _075_/X (sky130_fd_sc_hd__and4_1)
                                                         _037_ (net)
                      0.044988    0.000186    0.946874 ^ _079_/A2 (sky130_fd_sc_hd__o21ba_1)
     1    0.002558    0.029084    0.068815    1.015689 ^ _079_/X (sky130_fd_sc_hd__o21ba_1)
                                                         _006_ (net)
                      0.029084    0.000123    1.015812 ^ hold9/A (sky130_fd_sc_hd__dlygate4sd3_1)
     1    0.003125    0.039855    0.372395    1.388208 ^ hold9/X (sky130_fd_sc_hd__dlygate4sd3_1)
                                                         net584 (net)
                      0.039855    0.000211    1.388419 ^ _102_/D (sky130_fd_sc_hd__dfrtp_1)
                                              1.388419   data arrival time

                                  0.000000    0.000000   clock gpio_in[38] (rise edge)
                                  0.000000    0.000000   clock source latency
     2    0.100428    0.341701    0.258105    0.258105 ^ gpio_in[38] (in)
                                                         gpio_in[38] (net)
                      0.353612    0.000000    0.258105 ^ clkbuf_0_gpio_in[38]/A (sky130_fd_sc_hd__clkbuf_16)
     5    0.068103    0.070956    0.159489    0.417594 ^ clkbuf_0_gpio_in[38]/X (sky130_fd_sc_hd__clkbuf_16)
                                                         clknet_0_gpio_in[38] (net)
                      0.072310    0.007592    0.425187 ^ clkbuf_1_0__f_gpio_in[38]/A (sky130_fd_sc_hd__clkbuf_16)
    25    0.085453    0.077730    0.120857    0.546043 ^ clkbuf_1_0__f_gpio_in[38]/X (sky130_fd_sc_hd__clkbuf_16)
                                                         clknet_1_0__leaf_gpio_in[38] (net)
                      0.092406    0.025440    0.571484 ^ _102_/CLK (sky130_fd_sc_hd__dfrtp_1)
                                  0.250000    0.821484   clock uncertainty
                                  0.000000    0.821484   clock reconvergence pessimism
                                 -0.018828    0.802655   library hold time
                                              0.802655   data required time
---------------------------------------------------------------------------------------------
                                              0.802655   data required time
                                             -1.388419   data arrival time
---------------------------------------------------------------------------------------------
                                              0.585764   slack (MET)


Startpoint: _099_ (rising edge-triggered flip-flop clocked by gpio_in[38])
Endpoint: _100_ (rising edge-triggered flip-flop clocked by gpio_in[38])
Path Group: gpio_in[38]
Path Type: min

Fanout         Cap        Slew       Delay        Time   Description
---------------------------------------------------------------------------------------------
                                  0.000000    0.000000   clock gpio_in[38] (rise edge)
                                  0.000000    0.000000   clock source latency
     2    0.100428    0.341701    0.258105    0.258105 ^ gpio_in[38] (in)
                                                         gpio_in[38] (net)
                      0.353612    0.000000    0.258105 ^ clkbuf_0_gpio_in[38]/A (sky130_fd_sc_hd__clkbuf_16)
     5    0.068103    0.070956    0.159489    0.417594 ^ clkbuf_0_gpio_in[38]/X (sky130_fd_sc_hd__clkbuf_16)
                                                         clknet_0_gpio_in[38] (net)
                      0.072310    0.007592    0.425187 ^ clkbuf_1_0__f_gpio_in[38]/A (sky130_fd_sc_hd__clkbuf_16)
    25    0.085453    0.077730    0.120857    0.546043 ^ clkbuf_1_0__f_gpio_in[38]/X (sky130_fd_sc_hd__clkbuf_16)
                                                         clknet_1_0__leaf_gpio_in[38] (net)
                      0.092336    0.025374    0.571417 ^ _099_/CLK (sky130_fd_sc_hd__dfrtp_1)
     5    0.012550    0.089886    0.260578    0.831996 ^ _099_/Q (sky130_fd_sc_hd__dfrtp_1)
                                                         gpio_22_37_output[30].cfg.gpio_out_val (net)
                      0.089888    0.000618    0.832614 ^ _073_/A (sky130_fd_sc_hd__and3_1)
     2    0.007842    0.067922    0.120723    0.953337 ^ _073_/X (sky130_fd_sc_hd__and3_1)
                                                         _036_ (net)
                      0.067923    0.000397    0.953733 ^ _074_/B1_N (sky130_fd_sc_hd__o21ba_1)
     1    0.003857    0.021377    0.093878    1.047611 v _074_/X (sky130_fd_sc_hd__o21ba_1)
                                                         _004_ (net)
                      0.021378    0.000165    1.047777 v hold27/A (sky130_fd_sc_hd__dlygate4sd3_1)
     1    0.002558    0.037191    0.354906    1.402682 v hold27/X (sky130_fd_sc_hd__dlygate4sd3_1)
                                                         net602 (net)
                      0.037191    0.000176    1.402859 v _100_/D (sky130_fd_sc_hd__dfrtp_1)
                                              1.402859   data arrival time

                                  0.000000    0.000000   clock gpio_in[38] (rise edge)
                                  0.000000    0.000000   clock source latency
     2    0.100428    0.341701    0.258105    0.258105 ^ gpio_in[38] (in)
                                                         gpio_in[38] (net)
                      0.353612    0.000000    0.258105 ^ clkbuf_0_gpio_in[38]/A (sky130_fd_sc_hd__clkbuf_16)
     5    0.068103    0.070956    0.159489    0.417594 ^ clkbuf_0_gpio_in[38]/X (sky130_fd_sc_hd__clkbuf_16)
                                                         clknet_0_gpio_in[38] (net)
                      0.072310    0.007592    0.425187 ^ clkbuf_1_0__f_gpio_in[38]/A (sky130_fd_sc_hd__clkbuf_16)
    25    0.085453    0.077730    0.120857    0.546043 ^ clkbuf_1_0__f_gpio_in[38]/X (sky130_fd_sc_hd__clkbuf_16)
                                                         clknet_1_0__leaf_gpio_in[38] (net)
                      0.092674    0.025695    0.571738 ^ _100_/CLK (sky130_fd_sc_hd__dfrtp_1)
                                  0.250000    0.821738   clock uncertainty
                                  0.000000    0.821738   clock reconvergence pessimism
                                 -0.028002    0.793736   library hold time
                                              0.793736   data required time
---------------------------------------------------------------------------------------------
                                              0.793736   data required time
                                             -1.402859   data arrival time
---------------------------------------------------------------------------------------------
                                              0.609123   slack (MET)


Startpoint: _105_ (rising edge-triggered flip-flop clocked by gpio_in[38])
Endpoint: _105_ (rising edge-triggered flip-flop clocked by gpio_in[38])
Path Group: gpio_in[38]
Path Type: min

Fanout         Cap        Slew       Delay        Time   Description
---------------------------------------------------------------------------------------------
                                  0.000000    0.000000   clock gpio_in[38] (rise edge)
                                  0.000000    0.000000   clock source latency
     2    0.100428    0.341701    0.258105    0.258105 ^ gpio_in[38] (in)
                                                         gpio_in[38] (net)
                      0.353612    0.000000    0.258105 ^ clkbuf_0_gpio_in[38]/A (sky130_fd_sc_hd__clkbuf_16)
     5    0.068103    0.070956    0.159489    0.417594 ^ clkbuf_0_gpio_in[38]/X (sky130_fd_sc_hd__clkbuf_16)
                                                         clknet_0_gpio_in[38] (net)
                      0.072254    0.007417    0.425011 ^ clkbuf_1_1__f_gpio_in[38]/A (sky130_fd_sc_hd__clkbuf_16)
    19    0.072617    0.068623    0.119730    0.544741 ^ clkbuf_1_1__f_gpio_in[38]/X (sky130_fd_sc_hd__clkbuf_16)
                                                         clknet_1_1__leaf_gpio_in[38] (net)
                      0.074650    0.015434    0.560176 ^ _105_/CLK (sky130_fd_sc_hd__dfrtp_1)
     3    0.009945    0.074169    0.243934    0.804109 ^ _105_/Q (sky130_fd_sc_hd__dfrtp_1)
                                                         gpio_22_37_output[36].cfg.gpio_out_val (net)
                      0.074174    0.000689    0.804799 ^ hold4/A (sky130_fd_sc_hd__dlygate4sd3_1)
     1    0.007566    0.069611    0.405415    1.210214 ^ hold4/X (sky130_fd_sc_hd__dlygate4sd3_1)
                                                         net579 (net)
                      0.069683    0.000610    1.210824 ^ _085_/A (sky130_fd_sc_hd__xor2_1)
     1    0.002227    0.023374    0.039784    1.250607 v _085_/X (sky130_fd_sc_hd__xor2_1)
                                                         _009_ (net)
                      0.023374    0.000105    1.250712 v hold5/A (sky130_fd_sc_hd__dlygate4sd3_1)
     1    0.003139    0.039653    0.358997    1.609710 v hold5/X (sky130_fd_sc_hd__dlygate4sd3_1)
                                                         net580 (net)
                      0.039653    0.000209    1.609918 v _105_/D (sky130_fd_sc_hd__dfrtp_1)
                                              1.609918   data arrival time

                                  0.000000    0.000000   clock gpio_in[38] (rise edge)
                                  0.000000    0.000000   clock source latency
     2    0.100428    0.341701    0.258105    0.258105 ^ gpio_in[38] (in)
                                                         gpio_in[38] (net)
                      0.353612    0.000000    0.258105 ^ clkbuf_0_gpio_in[38]/A (sky130_fd_sc_hd__clkbuf_16)
     5    0.068103    0.070956    0.159489    0.417594 ^ clkbuf_0_gpio_in[38]/X (sky130_fd_sc_hd__clkbuf_16)
                                                         clknet_0_gpio_in[38] (net)
                      0.072254    0.007417    0.425011 ^ clkbuf_1_1__f_gpio_in[38]/A (sky130_fd_sc_hd__clkbuf_16)
    19    0.072617    0.068623    0.119730    0.544741 ^ clkbuf_1_1__f_gpio_in[38]/X (sky130_fd_sc_hd__clkbuf_16)
                                                         clknet_1_1__leaf_gpio_in[38] (net)
                      0.074650    0.015434    0.560176 ^ _105_/CLK (sky130_fd_sc_hd__dfrtp_1)
                                  0.250000    0.810175   clock uncertainty
                                  0.000000    0.810175   clock reconvergence pessimism
                                 -0.030576    0.779600   library hold time
                                              0.779600   data required time
---------------------------------------------------------------------------------------------
                                              0.779600   data required time
                                             -1.609918   data arrival time
---------------------------------------------------------------------------------------------
                                              0.830319   slack (MET)


Startpoint: _093_ (rising edge-triggered flip-flop clocked by gpio_in[38])
Endpoint: _093_ (rising edge-triggered flip-flop clocked by gpio_in[38])
Path Group: gpio_in[38]
Path Type: min

Fanout         Cap        Slew       Delay        Time   Description
---------------------------------------------------------------------------------------------
                                  0.000000    0.000000   clock gpio_in[38] (rise edge)
                                  0.000000    0.000000   clock source latency
     2    0.100428    0.341701    0.258105    0.258105 ^ gpio_in[38] (in)
                                                         gpio_in[38] (net)
                      0.353612    0.000000    0.258105 ^ clkbuf_0_gpio_in[38]/A (sky130_fd_sc_hd__clkbuf_16)
     5    0.068103    0.070956    0.159489    0.417594 ^ clkbuf_0_gpio_in[38]/X (sky130_fd_sc_hd__clkbuf_16)
                                                         clknet_0_gpio_in[38] (net)
                      0.072254    0.007417    0.425011 ^ clkbuf_1_1__f_gpio_in[38]/A (sky130_fd_sc_hd__clkbuf_16)
    19    0.072617    0.068623    0.119730    0.544741 ^ clkbuf_1_1__f_gpio_in[38]/X (sky130_fd_sc_hd__clkbuf_16)
                                                         clknet_1_1__leaf_gpio_in[38] (net)
                      0.075676    0.016808    0.561549 ^ _093_/CLK (sky130_fd_sc_hd__dfrtp_1)
     3    0.010903    0.079518    0.248744    0.810293 ^ _093_/Q (sky130_fd_sc_hd__dfrtp_1)
                                                         gpio_22_37_output[24].cfg.gpio_out_val (net)
                      0.079522    0.000656    0.810950 ^ hold12/A (sky130_fd_sc_hd__dlygate4sd3_1)
     2    0.008390    0.075372    0.410774    1.221724 ^ hold12/X (sky130_fd_sc_hd__dlygate4sd3_1)
                                                         net587 (net)
                      0.075374    0.000567    1.222291 ^ _057_/A (sky130_fd_sc_hd__xor2_1)
     1    0.001766    0.022072    0.038404    1.260695 v _057_/X (sky130_fd_sc_hd__xor2_1)
                                                         _016_ (net)
                      0.022072    0.000081    1.260776 v hold13/A (sky130_fd_sc_hd__dlygate4sd3_1)
     1    0.003772    0.042694    0.362278    1.623054 v hold13/X (sky130_fd_sc_hd__dlygate4sd3_1)
                                                         net588 (net)
                      0.042694    0.000247    1.623301 v _093_/D (sky130_fd_sc_hd__dfrtp_1)
                                              1.623301   data arrival time

                                  0.000000    0.000000   clock gpio_in[38] (rise edge)
                                  0.000000    0.000000   clock source latency
     2    0.100428    0.341701    0.258105    0.258105 ^ gpio_in[38] (in)
                                                         gpio_in[38] (net)
                      0.353612    0.000000    0.258105 ^ clkbuf_0_gpio_in[38]/A (sky130_fd_sc_hd__clkbuf_16)
     5    0.068103    0.070956    0.159489    0.417594 ^ clkbuf_0_gpio_in[38]/X (sky130_fd_sc_hd__clkbuf_16)
                                                         clknet_0_gpio_in[38] (net)
                      0.072254    0.007417    0.425011 ^ clkbuf_1_1__f_gpio_in[38]/A (sky130_fd_sc_hd__clkbuf_16)
    19    0.072617    0.068623    0.119730    0.544741 ^ clkbuf_1_1__f_gpio_in[38]/X (sky130_fd_sc_hd__clkbuf_16)
                                                         clknet_1_1__leaf_gpio_in[38] (net)
                      0.075676    0.016808    0.561549 ^ _093_/CLK (sky130_fd_sc_hd__dfrtp_1)
                                  0.250000    0.811549   clock uncertainty
                                  0.000000    0.811549   clock reconvergence pessimism
                                 -0.031464    0.780086   library hold time
                                              0.780086   data required time
---------------------------------------------------------------------------------------------
                                              0.780086   data required time
                                             -1.623301   data arrival time
---------------------------------------------------------------------------------------------
                                              0.843216   slack (MET)


Startpoint: _091_ (rising edge-triggered flip-flop clocked by gpio_in[38])
Endpoint: _091_ (rising edge-triggered flip-flop clocked by gpio_in[38])
Path Group: gpio_in[38]
Path Type: min

Fanout         Cap        Slew       Delay        Time   Description
---------------------------------------------------------------------------------------------
                                  0.000000    0.000000   clock gpio_in[38] (rise edge)
                                  0.000000    0.000000   clock source latency
     2    0.100428    0.341701    0.258105    0.258105 ^ gpio_in[38] (in)
                                                         gpio_in[38] (net)
                      0.353612    0.000000    0.258105 ^ clkbuf_0_gpio_in[38]/A (sky130_fd_sc_hd__clkbuf_16)
     5    0.068103    0.070956    0.159489    0.417594 ^ clkbuf_0_gpio_in[38]/X (sky130_fd_sc_hd__clkbuf_16)
                                                         clknet_0_gpio_in[38] (net)
                      0.072254    0.007417    0.425011 ^ clkbuf_1_1__f_gpio_in[38]/A (sky130_fd_sc_hd__clkbuf_16)
    19    0.072617    0.068623    0.119730    0.544741 ^ clkbuf_1_1__f_gpio_in[38]/X (sky130_fd_sc_hd__clkbuf_16)
                                                         clknet_1_1__leaf_gpio_in[38] (net)
                      0.075655    0.016781    0.561522 ^ _091_/CLK (sky130_fd_sc_hd__dfrtp_1)
     3    0.009111    0.069152    0.240300    0.801822 ^ _091_/Q (sky130_fd_sc_hd__dfrtp_1)
                                                         gpio_22_37_output[22].cfg.gpio_out_val (net)
                      0.069154    0.000448    0.802270 ^ hold20/A (sky130_fd_sc_hd__dlygate4sd3_1)
     3    0.011457    0.096396    0.425419    1.227689 ^ hold20/X (sky130_fd_sc_hd__dlygate4sd3_1)
                                                         net595 (net)
                      0.096396    0.000382    1.228071 ^ _052_/A (sky130_fd_sc_hd__xor2_1)
     1    0.002271    0.023594    0.042759    1.270829 v _052_/X (sky130_fd_sc_hd__xor2_1)
                                                         _014_ (net)
                      0.023594    0.000152    1.270981 v hold21/A (sky130_fd_sc_hd__dlygate4sd3_1)
     1    0.002352    0.036621    0.354372    1.625354 v hold21/X (sky130_fd_sc_hd__dlygate4sd3_1)
                                                         net596 (net)
                      0.036621    0.000109    1.625462 v _091_/D (sky130_fd_sc_hd__dfrtp_1)
                                              1.625462   data arrival time

                                  0.000000    0.000000   clock gpio_in[38] (rise edge)
                                  0.000000    0.000000   clock source latency
     2    0.100428    0.341701    0.258105    0.258105 ^ gpio_in[38] (in)
                                                         gpio_in[38] (net)
                      0.353612    0.000000    0.258105 ^ clkbuf_0_gpio_in[38]/A (sky130_fd_sc_hd__clkbuf_16)
     5    0.068103    0.070956    0.159489    0.417594 ^ clkbuf_0_gpio_in[38]/X (sky130_fd_sc_hd__clkbuf_16)
                                                         clknet_0_gpio_in[38] (net)
                      0.072254    0.007417    0.425011 ^ clkbuf_1_1__f_gpio_in[38]/A (sky130_fd_sc_hd__clkbuf_16)
    19    0.072617    0.068623    0.119730    0.544741 ^ clkbuf_1_1__f_gpio_in[38]/X (sky130_fd_sc_hd__clkbuf_16)
                                                         clknet_1_1__leaf_gpio_in[38] (net)
                      0.075655    0.016781    0.561522 ^ _091_/CLK (sky130_fd_sc_hd__dfrtp_1)
                                  0.250000    0.811522   clock uncertainty
                                  0.000000    0.811522   clock reconvergence pessimism
                                 -0.029491    0.782030   library hold time
                                              0.782030   data required time
---------------------------------------------------------------------------------------------
                                              0.782030   data required time
                                             -1.625462   data arrival time
---------------------------------------------------------------------------------------------
                                              0.843432   slack (MET)


Startpoint: _097_ (rising edge-triggered flip-flop clocked by gpio_in[38])
Endpoint: _097_ (rising edge-triggered flip-flop clocked by gpio_in[38])
Path Group: gpio_in[38]
Path Type: min

Fanout         Cap        Slew       Delay        Time   Description
---------------------------------------------------------------------------------------------
                                  0.000000    0.000000   clock gpio_in[38] (rise edge)
                                  0.000000    0.000000   clock source latency
     2    0.100428    0.341701    0.258105    0.258105 ^ gpio_in[38] (in)
                                                         gpio_in[38] (net)
                      0.353612    0.000000    0.258105 ^ clkbuf_0_gpio_in[38]/A (sky130_fd_sc_hd__clkbuf_16)
     5    0.068103    0.070956    0.159489    0.417594 ^ clkbuf_0_gpio_in[38]/X (sky130_fd_sc_hd__clkbuf_16)
                                                         clknet_0_gpio_in[38] (net)
                      0.072310    0.007592    0.425187 ^ clkbuf_1_0__f_gpio_in[38]/A (sky130_fd_sc_hd__clkbuf_16)
    25    0.085453    0.077730    0.120857    0.546043 ^ clkbuf_1_0__f_gpio_in[38]/X (sky130_fd_sc_hd__clkbuf_16)
                                                         clknet_1_0__leaf_gpio_in[38] (net)
                      0.089883    0.022986    0.569029 ^ _097_/CLK (sky130_fd_sc_hd__dfrtp_1)
     2    0.006825    0.055241    0.233039    0.802068 ^ _097_/Q (sky130_fd_sc_hd__dfrtp_1)
                                                         gpio_22_37_output[28].cfg.gpio_out_val (net)
                      0.055243    0.000408    0.802476 ^ hold6/A (sky130_fd_sc_hd__dlygate4sd3_1)
     3    0.014187    0.116066    0.436997    1.239472 ^ hold6/X (sky130_fd_sc_hd__dlygate4sd3_1)
                                                         net581 (net)
                      0.116068    0.000668    1.240141 ^ _066_/A (sky130_fd_sc_hd__xor2_1)
     1    0.001874    0.022443    0.042792    1.282932 v _066_/X (sky130_fd_sc_hd__xor2_1)
                                                         _001_ (net)
                      0.022443    0.000134    1.283066 v hold7/A (sky130_fd_sc_hd__dlygate4sd3_1)
     1    0.002657    0.037501    0.355795    1.638861 v hold7/X (sky130_fd_sc_hd__dlygate4sd3_1)
                                                         net582 (net)
                      0.037501    0.000194    1.639055 v _097_/D (sky130_fd_sc_hd__dfrtp_1)
                                              1.639055   data arrival time

                                  0.000000    0.000000   clock gpio_in[38] (rise edge)
                                  0.000000    0.000000   clock source latency
     2    0.100428    0.341701    0.258105    0.258105 ^ gpio_in[38] (in)
                                                         gpio_in[38] (net)
                      0.353612    0.000000    0.258105 ^ clkbuf_0_gpio_in[38]/A (sky130_fd_sc_hd__clkbuf_16)
     5    0.068103    0.070956    0.159489    0.417594 ^ clkbuf_0_gpio_in[38]/X (sky130_fd_sc_hd__clkbuf_16)
                                                         clknet_0_gpio_in[38] (net)
                      0.072310    0.007592    0.425187 ^ clkbuf_1_0__f_gpio_in[38]/A (sky130_fd_sc_hd__clkbuf_16)
    25    0.085453    0.077730    0.120857    0.546043 ^ clkbuf_1_0__f_gpio_in[38]/X (sky130_fd_sc_hd__clkbuf_16)
                                                         clknet_1_0__leaf_gpio_in[38] (net)
                      0.089883    0.022986    0.569029 ^ _097_/CLK (sky130_fd_sc_hd__dfrtp_1)
                                  0.250000    0.819029   clock uncertainty
                                  0.000000    0.819029   clock reconvergence pessimism
                                 -0.028378    0.790651   library hold time
                                              0.790651   data required time
---------------------------------------------------------------------------------------------
                                              0.790651   data required time
                                             -1.639055   data arrival time
---------------------------------------------------------------------------------------------
                                              0.848404   slack (MET)


Startpoint: _089_ (rising edge-triggered flip-flop clocked by gpio_in[38])
Endpoint: _089_ (rising edge-triggered flip-flop clocked by gpio_in[38])
Path Group: gpio_in[38]
Path Type: min

Fanout         Cap        Slew       Delay        Time   Description
---------------------------------------------------------------------------------------------
                                  0.000000    0.000000   clock gpio_in[38] (rise edge)
                                  0.000000    0.000000   clock source latency
     2    0.100428    0.341701    0.258105    0.258105 ^ gpio_in[38] (in)
                                                         gpio_in[38] (net)
                      0.353612    0.000000    0.258105 ^ clkbuf_0_gpio_in[38]/A (sky130_fd_sc_hd__clkbuf_16)
     5    0.068103    0.070956    0.159489    0.417594 ^ clkbuf_0_gpio_in[38]/X (sky130_fd_sc_hd__clkbuf_16)
                                                         clknet_0_gpio_in[38] (net)
                      0.072310    0.007592    0.425187 ^ clkbuf_1_0__f_gpio_in[38]/A (sky130_fd_sc_hd__clkbuf_16)
    25    0.085453    0.077730    0.120857    0.546043 ^ clkbuf_1_0__f_gpio_in[38]/X (sky130_fd_sc_hd__clkbuf_16)
                                                         clknet_1_0__leaf_gpio_in[38] (net)
                      0.091858    0.024917    0.570960 ^ _089_/CLK (sky130_fd_sc_hd__dfrtp_1)
     3    0.009025    0.068629    0.244081    0.815041 ^ _089_/Q (sky130_fd_sc_hd__dfrtp_1)
                                                         gpio_18_21_bidir[20].cfg.gpio_out_val (net)
                      0.068631    0.000464    0.815505 ^ hold23/A (sky130_fd_sc_hd__dlygate4sd3_1)
     3    0.014303    0.116893    0.439774    1.255278 ^ hold23/X (sky130_fd_sc_hd__dlygate4sd3_1)
                                                         net598 (net)
                      0.116894    0.000538    1.255816 ^ _048_/A (sky130_fd_sc_hd__xnor2_1)
     1    0.002591    0.023173    0.048322    1.304138 v _048_/Y (sky130_fd_sc_hd__xnor2_1)
                                                         _012_ (net)
                      0.023173    0.000106    1.304244 v hold24/A (sky130_fd_sc_hd__dlygate4sd3_1)
     1    0.002989    0.038951    0.358018    1.662262 v hold24/X (sky130_fd_sc_hd__dlygate4sd3_1)
                                                         net599 (net)
                      0.038951    0.000202    1.662464 v _089_/D (sky130_fd_sc_hd__dfrtp_1)
                                              1.662464   data arrival time

                                  0.000000    0.000000   clock gpio_in[38] (rise edge)
                                  0.000000    0.000000   clock source latency
     2    0.100428    0.341701    0.258105    0.258105 ^ gpio_in[38] (in)
                                                         gpio_in[38] (net)
                      0.353612    0.000000    0.258105 ^ clkbuf_0_gpio_in[38]/A (sky130_fd_sc_hd__clkbuf_16)
     5    0.068103    0.070956    0.159489    0.417594 ^ clkbuf_0_gpio_in[38]/X (sky130_fd_sc_hd__clkbuf_16)
                                                         clknet_0_gpio_in[38] (net)
                      0.072310    0.007592    0.425187 ^ clkbuf_1_0__f_gpio_in[38]/A (sky130_fd_sc_hd__clkbuf_16)
    25    0.085453    0.077730    0.120857    0.546043 ^ clkbuf_1_0__f_gpio_in[38]/X (sky130_fd_sc_hd__clkbuf_16)
                                                         clknet_1_0__leaf_gpio_in[38] (net)
                      0.091858    0.024917    0.570960 ^ _089_/CLK (sky130_fd_sc_hd__dfrtp_1)
                                  0.250000    0.820960   clock uncertainty
                                  0.000000    0.820960   clock reconvergence pessimism
                                 -0.028655    0.792305   library hold time
                                              0.792305   data required time
---------------------------------------------------------------------------------------------
                                              0.792305   data required time
                                             -1.662464   data arrival time
---------------------------------------------------------------------------------------------
                                              0.870158   slack (MET)


Startpoint: _094_ (rising edge-triggered flip-flop clocked by gpio_in[38])
Endpoint: _094_ (rising edge-triggered flip-flop clocked by gpio_in[38])
Path Group: gpio_in[38]
Path Type: min

Fanout         Cap        Slew       Delay        Time   Description
---------------------------------------------------------------------------------------------
                                  0.000000    0.000000   clock gpio_in[38] (rise edge)
                                  0.000000    0.000000   clock source latency
     2    0.100428    0.341701    0.258105    0.258105 ^ gpio_in[38] (in)
                                                         gpio_in[38] (net)
                      0.353612    0.000000    0.258105 ^ clkbuf_0_gpio_in[38]/A (sky130_fd_sc_hd__clkbuf_16)
     5    0.068103    0.070956    0.159489    0.417594 ^ clkbuf_0_gpio_in[38]/X (sky130_fd_sc_hd__clkbuf_16)
                                                         clknet_0_gpio_in[38] (net)
                      0.072254    0.007417    0.425011 ^ clkbuf_1_1__f_gpio_in[38]/A (sky130_fd_sc_hd__clkbuf_16)
    19    0.072617    0.068623    0.119730    0.544741 ^ clkbuf_1_1__f_gpio_in[38]/X (sky130_fd_sc_hd__clkbuf_16)
                                                         clknet_1_1__leaf_gpio_in[38] (net)
                      0.075516    0.016599    0.561340 ^ _094_/CLK (sky130_fd_sc_hd__dfrtp_1)
     3    0.008072    0.062820    0.235260    0.796601 ^ _094_/Q (sky130_fd_sc_hd__dfrtp_1)
                                                         gpio_22_37_output[25].cfg.gpio_out_val (net)
                      0.062822    0.000400    0.797000 ^ hold16/A (sky130_fd_sc_hd__dlygate4sd3_1)
     1    0.006415    0.061719    0.397439    1.194439 ^ hold16/X (sky130_fd_sc_hd__dlygate4sd3_1)
                                                         net591 (net)
                      0.061719    0.000463    1.194902 ^ _060_/A1 (sky130_fd_sc_hd__o21ba_1)
     1    0.005011    0.045872    0.093208    1.288110 ^ _060_/X (sky130_fd_sc_hd__o21ba_1)
                                                         _017_ (net)
                      0.045874    0.000350    1.288461 ^ hold17/A (sky130_fd_sc_hd__dlygate4sd3_1)
     1    0.002958    0.038299    0.374935    1.663395 ^ hold17/X (sky130_fd_sc_hd__dlygate4sd3_1)
                                                         net592 (net)
                      0.038768    0.000202    1.663597 ^ _094_/D (sky130_fd_sc_hd__dfrtp_1)
                                              1.663597   data arrival time

                                  0.000000    0.000000   clock gpio_in[38] (rise edge)
                                  0.000000    0.000000   clock source latency
     2    0.100428    0.341701    0.258105    0.258105 ^ gpio_in[38] (in)
                                                         gpio_in[38] (net)
                      0.353612    0.000000    0.258105 ^ clkbuf_0_gpio_in[38]/A (sky130_fd_sc_hd__clkbuf_16)
     5    0.068103    0.070956    0.159489    0.417594 ^ clkbuf_0_gpio_in[38]/X (sky130_fd_sc_hd__clkbuf_16)
                                                         clknet_0_gpio_in[38] (net)
                      0.072254    0.007417    0.425011 ^ clkbuf_1_1__f_gpio_in[38]/A (sky130_fd_sc_hd__clkbuf_16)
    19    0.072617    0.068623    0.119730    0.544741 ^ clkbuf_1_1__f_gpio_in[38]/X (sky130_fd_sc_hd__clkbuf_16)
                                                         clknet_1_1__leaf_gpio_in[38] (net)
                      0.075516    0.016599    0.561340 ^ _094_/CLK (sky130_fd_sc_hd__dfrtp_1)
                                  0.250000    0.811340   clock uncertainty
                                  0.000000    0.811340   clock reconvergence pessimism
                                 -0.019196    0.792144   library hold time
                                              0.792144   data required time
---------------------------------------------------------------------------------------------
                                              0.792144   data required time
                                             -1.663597   data arrival time
---------------------------------------------------------------------------------------------
                                              0.871452   slack (MET)


Startpoint: _088_ (rising edge-triggered flip-flop clocked by gpio_in[38])
Endpoint: _090_ (rising edge-triggered flip-flop clocked by gpio_in[38])
Path Group: gpio_in[38]
Path Type: min

Fanout         Cap        Slew       Delay        Time   Description
---------------------------------------------------------------------------------------------
                                  0.000000    0.000000   clock gpio_in[38] (rise edge)
                                  0.000000    0.000000   clock source latency
     2    0.100428    0.341701    0.258105    0.258105 ^ gpio_in[38] (in)
                                                         gpio_in[38] (net)
                      0.353612    0.000000    0.258105 ^ clkbuf_0_gpio_in[38]/A (sky130_fd_sc_hd__clkbuf_16)
     5    0.068103    0.070956    0.159489    0.417594 ^ clkbuf_0_gpio_in[38]/X (sky130_fd_sc_hd__clkbuf_16)
                                                         clknet_0_gpio_in[38] (net)
                      0.072310    0.007592    0.425187 ^ clkbuf_1_0__f_gpio_in[38]/A (sky130_fd_sc_hd__clkbuf_16)
    25    0.085453    0.077730    0.120857    0.546043 ^ clkbuf_1_0__f_gpio_in[38]/X (sky130_fd_sc_hd__clkbuf_16)
                                                         clknet_1_0__leaf_gpio_in[38] (net)
                      0.090668    0.023763    0.569806 ^ _088_/CLK (sky130_fd_sc_hd__dfrtp_1)
     5    0.014540    0.102519    0.268914    0.838720 ^ _088_/Q (sky130_fd_sc_hd__dfrtp_1)
                                                         gpio_18_21_bidir[19].cfg.gpio_out_val (net)
                      0.102525    0.000870    0.839590 ^ _050_/A2 (sky130_fd_sc_hd__a31o_1)
     1    0.001977    0.022518    0.085287    0.924877 ^ _050_/X (sky130_fd_sc_hd__a31o_1)
                                                         _023_ (net)
                      0.022518    0.000091    0.924969 ^ hold32/A (sky130_fd_sc_hd__dlygate4sd3_1)
     1    0.004438    0.048433    0.378646    1.303615 ^ hold32/X (sky130_fd_sc_hd__dlygate4sd3_1)
                                                         net607 (net)
                      0.048433    0.000322    1.303937 ^ _051_/B (sky130_fd_sc_hd__and2b_1)
     1    0.003134    0.031159    0.075482    1.379419 ^ _051_/X (sky130_fd_sc_hd__and2b_1)
                                                         _013_ (net)
                      0.031160    0.000224    1.379643 ^ hold33/A (sky130_fd_sc_hd__dlygate4sd3_1)
     1    0.003222    0.040496    0.373469    1.753111 ^ hold33/X (sky130_fd_sc_hd__dlygate4sd3_1)
                                                         net608 (net)
                      0.040496    0.000212    1.753324 ^ _090_/D (sky130_fd_sc_hd__dfrtp_1)
                                              1.753324   data arrival time

                                  0.000000    0.000000   clock gpio_in[38] (rise edge)
                                  0.000000    0.000000   clock source latency
     2    0.100428    0.341701    0.258105    0.258105 ^ gpio_in[38] (in)
                                                         gpio_in[38] (net)
                      0.353612    0.000000    0.258105 ^ clkbuf_0_gpio_in[38]/A (sky130_fd_sc_hd__clkbuf_16)
     5    0.068103    0.070956    0.159489    0.417594 ^ clkbuf_0_gpio_in[38]/X (sky130_fd_sc_hd__clkbuf_16)
                                                         clknet_0_gpio_in[38] (net)
                      0.072310    0.007592    0.425187 ^ clkbuf_1_0__f_gpio_in[38]/A (sky130_fd_sc_hd__clkbuf_16)
    25    0.085453    0.077730    0.120857    0.546043 ^ clkbuf_1_0__f_gpio_in[38]/X (sky130_fd_sc_hd__clkbuf_16)
                                                         clknet_1_0__leaf_gpio_in[38] (net)
                      0.091011    0.024098    0.570142 ^ _090_/CLK (sky130_fd_sc_hd__dfrtp_1)
                                  0.250000    0.820142   clock uncertainty
                                  0.000000    0.820142   clock reconvergence pessimism
                                 -0.018913    0.801228   library hold time
                                              0.801228   data required time
---------------------------------------------------------------------------------------------
                                              0.801228   data required time
                                             -1.753324   data arrival time
---------------------------------------------------------------------------------------------
                                              0.952095   slack (MET)


Startpoint: resetb_l (input port clocked by gpio_in[38])
Endpoint: _105_ (removal check against rising-edge clock gpio_in[38])
Path Group: asynchronous
Path Type: min

Fanout         Cap        Slew       Delay        Time   Description
---------------------------------------------------------------------------------------------
                                  0.000000    0.000000   clock gpio_in[38] (rise edge)
                                  0.000000    0.000000   clock network delay (propagated)
                                  5.000000    5.000000 ^ input external delay
     2    0.009096    0.035483    0.023007    5.023007 ^ resetb_l (in)
                                                         resetb_l (net)
                      0.035489    0.000000    5.023007 ^ input2/A (sky130_fd_sc_hd__buf_8)
    11    0.139447    0.156989    0.132550    5.155557 ^ input2/X (sky130_fd_sc_hd__buf_8)
                                                         net2 (net)
                      0.221468    0.077433    5.232990 ^ _105_/RESET_B (sky130_fd_sc_hd__dfrtp_1)
                                              5.232990   data arrival time

                                  0.000000    0.000000   clock gpio_in[38] (rise edge)
                                  0.000000    0.000000   clock source latency
     2    0.100428    0.341701    0.258105    0.258105 ^ gpio_in[38] (in)
                                                         gpio_in[38] (net)
                      0.353612    0.000000    0.258105 ^ clkbuf_0_gpio_in[38]/A (sky130_fd_sc_hd__clkbuf_16)
     5    0.068103    0.070956    0.159489    0.417594 ^ clkbuf_0_gpio_in[38]/X (sky130_fd_sc_hd__clkbuf_16)
                                                         clknet_0_gpio_in[38] (net)
                      0.072254    0.007417    0.425011 ^ clkbuf_1_1__f_gpio_in[38]/A (sky130_fd_sc_hd__clkbuf_16)
    19    0.072617    0.068623    0.119730    0.544741 ^ clkbuf_1_1__f_gpio_in[38]/X (sky130_fd_sc_hd__clkbuf_16)
                                                         clknet_1_1__leaf_gpio_in[38] (net)
                      0.074650    0.015434    0.560176 ^ _105_/CLK (sky130_fd_sc_hd__dfrtp_1)
                                  0.250000    0.810175   clock uncertainty
                                  0.000000    0.810175   clock reconvergence pessimism
                                  0.252552    1.062728   library removal time
                                              1.062728   data required time
---------------------------------------------------------------------------------------------
                                              1.062728   data required time
                                             -5.232990   data arrival time
---------------------------------------------------------------------------------------------
                                              4.170261   slack (MET)


Startpoint: resetb_l (input port clocked by gpio_in[38])
Endpoint: _103_ (removal check against rising-edge clock gpio_in[38])
Path Group: asynchronous
Path Type: min

Fanout         Cap        Slew       Delay        Time   Description
---------------------------------------------------------------------------------------------
                                  0.000000    0.000000   clock gpio_in[38] (rise edge)
                                  0.000000    0.000000   clock network delay (propagated)
                                  5.000000    5.000000 ^ input external delay
     2    0.009096    0.035483    0.023007    5.023007 ^ resetb_l (in)
                                                         resetb_l (net)
                      0.035489    0.000000    5.023007 ^ input2/A (sky130_fd_sc_hd__buf_8)
    11    0.139447    0.156989    0.132550    5.155557 ^ input2/X (sky130_fd_sc_hd__buf_8)
                                                         net2 (net)
                      0.221867    0.077748    5.233305 ^ _103_/RESET_B (sky130_fd_sc_hd__dfrtp_1)
                                              5.233305   data arrival time

                                  0.000000    0.000000   clock gpio_in[38] (rise edge)
                                  0.000000    0.000000   clock source latency
     2    0.100428    0.341701    0.258105    0.258105 ^ gpio_in[38] (in)
                                                         gpio_in[38] (net)
                      0.353612    0.000000    0.258105 ^ clkbuf_0_gpio_in[38]/A (sky130_fd_sc_hd__clkbuf_16)
     5    0.068103    0.070956    0.159489    0.417594 ^ clkbuf_0_gpio_in[38]/X (sky130_fd_sc_hd__clkbuf_16)
                                                         clknet_0_gpio_in[38] (net)
                      0.072254    0.007417    0.425011 ^ clkbuf_1_1__f_gpio_in[38]/A (sky130_fd_sc_hd__clkbuf_16)
    19    0.072617    0.068623    0.119730    0.544741 ^ clkbuf_1_1__f_gpio_in[38]/X (sky130_fd_sc_hd__clkbuf_16)
                                                         clknet_1_1__leaf_gpio_in[38] (net)
                      0.074626    0.015401    0.560142 ^ _103_/CLK (sky130_fd_sc_hd__dfrtp_1)
                                  0.250000    0.810142   clock uncertainty
                                  0.000000    0.810142   clock reconvergence pessimism
                                  0.252653    1.062794   library removal time
                                              1.062794   data required time
---------------------------------------------------------------------------------------------
                                              1.062794   data required time
                                             -5.233305   data arrival time
---------------------------------------------------------------------------------------------
                                              4.170510   slack (MET)


Startpoint: resetb_l (input port clocked by gpio_in[38])
Endpoint: _104_ (removal check against rising-edge clock gpio_in[38])
Path Group: asynchronous
Path Type: min

Fanout         Cap        Slew       Delay        Time   Description
---------------------------------------------------------------------------------------------
                                  0.000000    0.000000   clock gpio_in[38] (rise edge)
                                  0.000000    0.000000   clock network delay (propagated)
                                  5.000000    5.000000 ^ input external delay
     2    0.009096    0.035483    0.023007    5.023007 ^ resetb_l (in)
                                                         resetb_l (net)
                      0.035489    0.000000    5.023007 ^ input2/A (sky130_fd_sc_hd__buf_8)
    11    0.139447    0.156989    0.132550    5.155557 ^ input2/X (sky130_fd_sc_hd__buf_8)
                                                         net2 (net)
                      0.221954    0.077816    5.233373 ^ _104_/RESET_B (sky130_fd_sc_hd__dfrtp_1)
                                              5.233373   data arrival time

                                  0.000000    0.000000   clock gpio_in[38] (rise edge)
                                  0.000000    0.000000   clock source latency
     2    0.100428    0.341701    0.258105    0.258105 ^ gpio_in[38] (in)
                                                         gpio_in[38] (net)
                      0.353612    0.000000    0.258105 ^ clkbuf_0_gpio_in[38]/A (sky130_fd_sc_hd__clkbuf_16)
     5    0.068103    0.070956    0.159489    0.417594 ^ clkbuf_0_gpio_in[38]/X (sky130_fd_sc_hd__clkbuf_16)
                                                         clknet_0_gpio_in[38] (net)
                      0.072254    0.007417    0.425011 ^ clkbuf_1_1__f_gpio_in[38]/A (sky130_fd_sc_hd__clkbuf_16)
    19    0.072617    0.068623    0.119730    0.544741 ^ clkbuf_1_1__f_gpio_in[38]/X (sky130_fd_sc_hd__clkbuf_16)
                                                         clknet_1_1__leaf_gpio_in[38] (net)
                      0.074638    0.015417    0.560158 ^ _104_/CLK (sky130_fd_sc_hd__dfrtp_1)
                                  0.250000    0.810158   clock uncertainty
                                  0.000000    0.810158   clock reconvergence pessimism
                                  0.252677    1.062835   library removal time
                                              1.062835   data required time
---------------------------------------------------------------------------------------------
                                              1.062835   data required time
                                             -5.233373   data arrival time
---------------------------------------------------------------------------------------------
                                              4.170538   slack (MET)


Startpoint: resetb_l (input port clocked by gpio_in[38])
Endpoint: _106_ (removal check against rising-edge clock gpio_in[38])
Path Group: asynchronous
Path Type: min

Fanout         Cap        Slew       Delay        Time   Description
---------------------------------------------------------------------------------------------
                                  0.000000    0.000000   clock gpio_in[38] (rise edge)
                                  0.000000    0.000000   clock network delay (propagated)
                                  5.000000    5.000000 ^ input external delay
     2    0.009096    0.035483    0.023007    5.023007 ^ resetb_l (in)
                                                         resetb_l (net)
                      0.035489    0.000000    5.023007 ^ input2/A (sky130_fd_sc_hd__buf_8)
    11    0.139447    0.156989    0.132550    5.155557 ^ input2/X (sky130_fd_sc_hd__buf_8)
                                                         net2 (net)
                      0.221991    0.077845    5.233402 ^ _106_/RESET_B (sky130_fd_sc_hd__dfrtp_1)
                                              5.233402   data arrival time

                                  0.000000    0.000000   clock gpio_in[38] (rise edge)
                                  0.000000    0.000000   clock source latency
     2    0.100428    0.341701    0.258105    0.258105 ^ gpio_in[38] (in)
                                                         gpio_in[38] (net)
                      0.353612    0.000000    0.258105 ^ clkbuf_0_gpio_in[38]/A (sky130_fd_sc_hd__clkbuf_16)
     5    0.068103    0.070956    0.159489    0.417594 ^ clkbuf_0_gpio_in[38]/X (sky130_fd_sc_hd__clkbuf_16)
                                                         clknet_0_gpio_in[38] (net)
                      0.072254    0.007417    0.425011 ^ clkbuf_1_1__f_gpio_in[38]/A (sky130_fd_sc_hd__clkbuf_16)
    19    0.072617    0.068623    0.119730    0.544741 ^ clkbuf_1_1__f_gpio_in[38]/X (sky130_fd_sc_hd__clkbuf_16)
                                                         clknet_1_1__leaf_gpio_in[38] (net)
                      0.074637    0.015417    0.560158 ^ _106_/CLK (sky130_fd_sc_hd__dfrtp_1)
                                  0.250000    0.810158   clock uncertainty
                                  0.000000    0.810158   clock reconvergence pessimism
                                  0.252686    1.062844   library removal time
                                              1.062844   data required time
---------------------------------------------------------------------------------------------
                                              1.062844   data required time
                                             -5.233402   data arrival time
---------------------------------------------------------------------------------------------
                                              4.170557   slack (MET)


Startpoint: resetb_l (input port clocked by gpio_in[38])
Endpoint: _101_ (removal check against rising-edge clock gpio_in[38])
Path Group: asynchronous
Path Type: min

Fanout         Cap        Slew       Delay        Time   Description
---------------------------------------------------------------------------------------------
                                  0.000000    0.000000   clock gpio_in[38] (rise edge)
                                  0.000000    0.000000   clock network delay (propagated)
                                  5.000000    5.000000 ^ input external delay
     2    0.009096    0.035483    0.023007    5.023007 ^ resetb_l (in)
                                                         resetb_l (net)
                      0.035489    0.000000    5.023007 ^ input2/A (sky130_fd_sc_hd__buf_8)
    11    0.139447    0.156989    0.132550    5.155557 ^ input2/X (sky130_fd_sc_hd__buf_8)
                                                         net2 (net)
                      0.157104    0.003752    5.159309 ^ fanout31/A (sky130_fd_sc_hd__clkbuf_16)
    33    0.197585    0.143208    0.175461    5.334769 ^ fanout31/X (sky130_fd_sc_hd__clkbuf_16)
                                                         net31 (net)
                      0.143949    0.008156    5.342926 ^ _101_/RESET_B (sky130_fd_sc_hd__dfrtp_1)
                                              5.342926   data arrival time

                                  0.000000    0.000000   clock gpio_in[38] (rise edge)
                                  0.000000    0.000000   clock source latency
     2    0.100428    0.341701    0.258105    0.258105 ^ gpio_in[38] (in)
                                                         gpio_in[38] (net)
                      0.353612    0.000000    0.258105 ^ clkbuf_0_gpio_in[38]/A (sky130_fd_sc_hd__clkbuf_16)
     5    0.068103    0.070956    0.159489    0.417594 ^ clkbuf_0_gpio_in[38]/X (sky130_fd_sc_hd__clkbuf_16)
                                                         clknet_0_gpio_in[38] (net)
                      0.072310    0.007592    0.425187 ^ clkbuf_1_0__f_gpio_in[38]/A (sky130_fd_sc_hd__clkbuf_16)
    25    0.085453    0.077730    0.120857    0.546043 ^ clkbuf_1_0__f_gpio_in[38]/X (sky130_fd_sc_hd__clkbuf_16)
                                                         clknet_1_0__leaf_gpio_in[38] (net)
                      0.092557    0.025584    0.571627 ^ _101_/CLK (sky130_fd_sc_hd__dfrtp_1)
                                  0.250000    0.821627   clock uncertainty
                                  0.000000    0.821627   clock reconvergence pessimism
                                  0.234886    1.056512   library removal time
                                              1.056512   data required time
---------------------------------------------------------------------------------------------
                                              1.056512   data required time
                                             -5.342926   data arrival time
---------------------------------------------------------------------------------------------
                                              4.286413   slack (MET)


Startpoint: resetb_l (input port clocked by gpio_in[38])
Endpoint: _102_ (removal check against rising-edge clock gpio_in[38])
Path Group: asynchronous
Path Type: min

Fanout         Cap        Slew       Delay        Time   Description
---------------------------------------------------------------------------------------------
                                  0.000000    0.000000   clock gpio_in[38] (rise edge)
                                  0.000000    0.000000   clock network delay (propagated)
                                  5.000000    5.000000 ^ input external delay
     2    0.009096    0.035483    0.023007    5.023007 ^ resetb_l (in)
                                                         resetb_l (net)
                      0.035489    0.000000    5.023007 ^ input2/A (sky130_fd_sc_hd__buf_8)
    11    0.139447    0.156989    0.132550    5.155557 ^ input2/X (sky130_fd_sc_hd__buf_8)
                                                         net2 (net)
                      0.157104    0.003752    5.159309 ^ fanout31/A (sky130_fd_sc_hd__clkbuf_16)
    33    0.197585    0.143208    0.175461    5.334769 ^ fanout31/X (sky130_fd_sc_hd__clkbuf_16)
                                                         net31 (net)
                      0.144052    0.008608    5.343378 ^ _102_/RESET_B (sky130_fd_sc_hd__dfrtp_1)
                                              5.343378   data arrival time

                                  0.000000    0.000000   clock gpio_in[38] (rise edge)
                                  0.000000    0.000000   clock source latency
     2    0.100428    0.341701    0.258105    0.258105 ^ gpio_in[38] (in)
                                                         gpio_in[38] (net)
                      0.353612    0.000000    0.258105 ^ clkbuf_0_gpio_in[38]/A (sky130_fd_sc_hd__clkbuf_16)
     5    0.068103    0.070956    0.159489    0.417594 ^ clkbuf_0_gpio_in[38]/X (sky130_fd_sc_hd__clkbuf_16)
                                                         clknet_0_gpio_in[38] (net)
                      0.072310    0.007592    0.425187 ^ clkbuf_1_0__f_gpio_in[38]/A (sky130_fd_sc_hd__clkbuf_16)
    25    0.085453    0.077730    0.120857    0.546043 ^ clkbuf_1_0__f_gpio_in[38]/X (sky130_fd_sc_hd__clkbuf_16)
                                                         clknet_1_0__leaf_gpio_in[38] (net)
                      0.092406    0.025440    0.571484 ^ _102_/CLK (sky130_fd_sc_hd__dfrtp_1)
                                  0.250000    0.821484   clock uncertainty
                                  0.000000    0.821484   clock reconvergence pessimism
                                  0.234892    1.056376   library removal time
                                              1.056376   data required time
---------------------------------------------------------------------------------------------
                                              1.056376   data required time
                                             -5.343378   data arrival time
---------------------------------------------------------------------------------------------
                                              4.287002   slack (MET)


Startpoint: resetb_l (input port clocked by gpio_in[38])
Endpoint: _100_ (removal check against rising-edge clock gpio_in[38])
Path Group: asynchronous
Path Type: min

Fanout         Cap        Slew       Delay        Time   Description
---------------------------------------------------------------------------------------------
                                  0.000000    0.000000   clock gpio_in[38] (rise edge)
                                  0.000000    0.000000   clock network delay (propagated)
                                  5.000000    5.000000 ^ input external delay
     2    0.009096    0.035483    0.023007    5.023007 ^ resetb_l (in)
                                                         resetb_l (net)
                      0.035489    0.000000    5.023007 ^ input2/A (sky130_fd_sc_hd__buf_8)
    11    0.139447    0.156989    0.132550    5.155557 ^ input2/X (sky130_fd_sc_hd__buf_8)
                                                         net2 (net)
                      0.157104    0.003752    5.159309 ^ fanout31/A (sky130_fd_sc_hd__clkbuf_16)
    33    0.197585    0.143208    0.175461    5.334769 ^ fanout31/X (sky130_fd_sc_hd__clkbuf_16)
                                                         net31 (net)
                      0.144933    0.011556    5.346325 ^ _100_/RESET_B (sky130_fd_sc_hd__dfrtp_1)
                                              5.346325   data arrival time

                                  0.000000    0.000000   clock gpio_in[38] (rise edge)
                                  0.000000    0.000000   clock source latency
     2    0.100428    0.341701    0.258105    0.258105 ^ gpio_in[38] (in)
                                                         gpio_in[38] (net)
                      0.353612    0.000000    0.258105 ^ clkbuf_0_gpio_in[38]/A (sky130_fd_sc_hd__clkbuf_16)
     5    0.068103    0.070956    0.159489    0.417594 ^ clkbuf_0_gpio_in[38]/X (sky130_fd_sc_hd__clkbuf_16)
                                                         clknet_0_gpio_in[38] (net)
                      0.072310    0.007592    0.425187 ^ clkbuf_1_0__f_gpio_in[38]/A (sky130_fd_sc_hd__clkbuf_16)
    25    0.085453    0.077730    0.120857    0.546043 ^ clkbuf_1_0__f_gpio_in[38]/X (sky130_fd_sc_hd__clkbuf_16)
                                                         clknet_1_0__leaf_gpio_in[38] (net)
                      0.092674    0.025695    0.571738 ^ _100_/CLK (sky130_fd_sc_hd__dfrtp_1)
                                  0.250000    0.821738   clock uncertainty
                                  0.000000    0.821738   clock reconvergence pessimism
                                  0.235157    1.056895   library removal time
                                              1.056895   data required time
---------------------------------------------------------------------------------------------
                                              1.056895   data required time
                                             -5.346325   data arrival time
---------------------------------------------------------------------------------------------
                                              4.289430   slack (MET)


Startpoint: resetb_l (input port clocked by gpio_in[38])
Endpoint: _099_ (removal check against rising-edge clock gpio_in[38])
Path Group: asynchronous
Path Type: min

Fanout         Cap        Slew       Delay        Time   Description
---------------------------------------------------------------------------------------------
                                  0.000000    0.000000   clock gpio_in[38] (rise edge)
                                  0.000000    0.000000   clock network delay (propagated)
                                  5.000000    5.000000 ^ input external delay
     2    0.009096    0.035483    0.023007    5.023007 ^ resetb_l (in)
                                                         resetb_l (net)
                      0.035489    0.000000    5.023007 ^ input2/A (sky130_fd_sc_hd__buf_8)
    11    0.139447    0.156989    0.132550    5.155557 ^ input2/X (sky130_fd_sc_hd__buf_8)
                                                         net2 (net)
                      0.157104    0.003752    5.159309 ^ fanout31/A (sky130_fd_sc_hd__clkbuf_16)
    33    0.197585    0.143208    0.175461    5.334769 ^ fanout31/X (sky130_fd_sc_hd__clkbuf_16)
                                                         net31 (net)
                      0.145413    0.012802    5.347571 ^ _099_/RESET_B (sky130_fd_sc_hd__dfrtp_1)
                                              5.347571   data arrival time

                                  0.000000    0.000000   clock gpio_in[38] (rise edge)
                                  0.000000    0.000000   clock source latency
     2    0.100428    0.341701    0.258105    0.258105 ^ gpio_in[38] (in)
                                                         gpio_in[38] (net)
                      0.353612    0.000000    0.258105 ^ clkbuf_0_gpio_in[38]/A (sky130_fd_sc_hd__clkbuf_16)
     5    0.068103    0.070956    0.159489    0.417594 ^ clkbuf_0_gpio_in[38]/X (sky130_fd_sc_hd__clkbuf_16)
                                                         clknet_0_gpio_in[38] (net)
                      0.072310    0.007592    0.425187 ^ clkbuf_1_0__f_gpio_in[38]/A (sky130_fd_sc_hd__clkbuf_16)
    25    0.085453    0.077730    0.120857    0.546043 ^ clkbuf_1_0__f_gpio_in[38]/X (sky130_fd_sc_hd__clkbuf_16)
                                                         clknet_1_0__leaf_gpio_in[38] (net)
                      0.092336    0.025374    0.571417 ^ _099_/CLK (sky130_fd_sc_hd__dfrtp_1)
                                  0.250000    0.821417   clock uncertainty
                                  0.000000    0.821417   clock reconvergence pessimism
                                  0.235235    1.056652   library removal time
                                              1.056652   data required time
---------------------------------------------------------------------------------------------
                                              1.056652   data required time
                                             -5.347571   data arrival time
---------------------------------------------------------------------------------------------
                                              4.290919   slack (MET)


Startpoint: resetb_l (input port clocked by gpio_in[38])
Endpoint: _089_ (removal check against rising-edge clock gpio_in[38])
Path Group: asynchronous
Path Type: min

Fanout         Cap        Slew       Delay        Time   Description
---------------------------------------------------------------------------------------------
                                  0.000000    0.000000   clock gpio_in[38] (rise edge)
                                  0.000000    0.000000   clock network delay (propagated)
                                  5.000000    5.000000 ^ input external delay
     2    0.009096    0.035483    0.023007    5.023007 ^ resetb_l (in)
                                                         resetb_l (net)
                      0.035489    0.000000    5.023007 ^ input2/A (sky130_fd_sc_hd__buf_8)
    11    0.139447    0.156989    0.132550    5.155557 ^ input2/X (sky130_fd_sc_hd__buf_8)
                                                         net2 (net)
                      0.157104    0.003752    5.159309 ^ fanout31/A (sky130_fd_sc_hd__clkbuf_16)
    33    0.197585    0.143208    0.175461    5.334769 ^ fanout31/X (sky130_fd_sc_hd__clkbuf_16)
                                                         net31 (net)
                      0.148887    0.019377    5.354146 ^ _089_/RESET_B (sky130_fd_sc_hd__dfrtp_1)
                                              5.354146   data arrival time

                                  0.000000    0.000000   clock gpio_in[38] (rise edge)
                                  0.000000    0.000000   clock source latency
     2    0.100428    0.341701    0.258105    0.258105 ^ gpio_in[38] (in)
                                                         gpio_in[38] (net)
                      0.353612    0.000000    0.258105 ^ clkbuf_0_gpio_in[38]/A (sky130_fd_sc_hd__clkbuf_16)
     5    0.068103    0.070956    0.159489    0.417594 ^ clkbuf_0_gpio_in[38]/X (sky130_fd_sc_hd__clkbuf_16)
                                                         clknet_0_gpio_in[38] (net)
                      0.072310    0.007592    0.425187 ^ clkbuf_1_0__f_gpio_in[38]/A (sky130_fd_sc_hd__clkbuf_16)
    25    0.085453    0.077730    0.120857    0.546043 ^ clkbuf_1_0__f_gpio_in[38]/X (sky130_fd_sc_hd__clkbuf_16)
                                                         clknet_1_0__leaf_gpio_in[38] (net)
                      0.091858    0.024917    0.570960 ^ _089_/CLK (sky130_fd_sc_hd__dfrtp_1)
                                  0.250000    0.820960   clock uncertainty
                                  0.000000    0.820960   clock reconvergence pessimism
                                  0.236070    1.057030   library removal time
                                              1.057030   data required time
---------------------------------------------------------------------------------------------
                                              1.057030   data required time
                                             -5.354146   data arrival time
---------------------------------------------------------------------------------------------
                                              4.297116   slack (MET)


Startpoint: resetb_l (input port clocked by gpio_in[38])
Endpoint: _090_ (removal check against rising-edge clock gpio_in[38])
Path Group: asynchronous
Path Type: min

Fanout         Cap        Slew       Delay        Time   Description
---------------------------------------------------------------------------------------------
                                  0.000000    0.000000   clock gpio_in[38] (rise edge)
                                  0.000000    0.000000   clock network delay (propagated)
                                  5.000000    5.000000 ^ input external delay
     2    0.009096    0.035483    0.023007    5.023007 ^ resetb_l (in)
                                                         resetb_l (net)
                      0.035489    0.000000    5.023007 ^ input2/A (sky130_fd_sc_hd__buf_8)
    11    0.139447    0.156989    0.132550    5.155557 ^ input2/X (sky130_fd_sc_hd__buf_8)
                                                         net2 (net)
                      0.157104    0.003752    5.159309 ^ fanout31/A (sky130_fd_sc_hd__clkbuf_16)
    33    0.197585    0.143208    0.175461    5.334769 ^ fanout31/X (sky130_fd_sc_hd__clkbuf_16)
                                                         net31 (net)
                      0.151388    0.022995    5.357765 ^ _090_/RESET_B (sky130_fd_sc_hd__dfrtp_1)
                                              5.357765   data arrival time

                                  0.000000    0.000000   clock gpio_in[38] (rise edge)
                                  0.000000    0.000000   clock source latency
     2    0.100428    0.341701    0.258105    0.258105 ^ gpio_in[38] (in)
                                                         gpio_in[38] (net)
                      0.353612    0.000000    0.258105 ^ clkbuf_0_gpio_in[38]/A (sky130_fd_sc_hd__clkbuf_16)
     5    0.068103    0.070956    0.159489    0.417594 ^ clkbuf_0_gpio_in[38]/X (sky130_fd_sc_hd__clkbuf_16)
                                                         clknet_0_gpio_in[38] (net)
                      0.072310    0.007592    0.425187 ^ clkbuf_1_0__f_gpio_in[38]/A (sky130_fd_sc_hd__clkbuf_16)
    25    0.085453    0.077730    0.120857    0.546043 ^ clkbuf_1_0__f_gpio_in[38]/X (sky130_fd_sc_hd__clkbuf_16)
                                                         clknet_1_0__leaf_gpio_in[38] (net)
                      0.091011    0.024098    0.570142 ^ _090_/CLK (sky130_fd_sc_hd__dfrtp_1)
                                  0.250000    0.820142   clock uncertainty
                                  0.000000    0.820142   clock reconvergence pessimism
                                  0.236603    1.056744   library removal time
                                              1.056744   data required time
---------------------------------------------------------------------------------------------
                                              1.056744   data required time
                                             -5.357765   data arrival time
---------------------------------------------------------------------------------------------
                                              4.301020   slack (MET)


Startpoint: resetb_l (input port clocked by gpio_in[38])
Endpoint: _088_ (removal check against rising-edge clock gpio_in[38])
Path Group: asynchronous
Path Type: min

Fanout         Cap        Slew       Delay        Time   Description
---------------------------------------------------------------------------------------------
                                  0.000000    0.000000   clock gpio_in[38] (rise edge)
                                  0.000000    0.000000   clock network delay (propagated)
                                  5.000000    5.000000 ^ input external delay
     2    0.009096    0.035483    0.023007    5.023007 ^ resetb_l (in)
                                                         resetb_l (net)
                      0.035489    0.000000    5.023007 ^ input2/A (sky130_fd_sc_hd__buf_8)
    11    0.139447    0.156989    0.132550    5.155557 ^ input2/X (sky130_fd_sc_hd__buf_8)
                                                         net2 (net)
                      0.157104    0.003752    5.159309 ^ fanout31/A (sky130_fd_sc_hd__clkbuf_16)
    33    0.197585    0.143208    0.175461    5.334769 ^ fanout31/X (sky130_fd_sc_hd__clkbuf_16)
                                                         net31 (net)
                      0.155520    0.028177    5.362946 ^ _088_/RESET_B (sky130_fd_sc_hd__dfrtp_1)
                                              5.362946   data arrival time

                                  0.000000    0.000000   clock gpio_in[38] (rise edge)
                                  0.000000    0.000000   clock source latency
     2    0.100428    0.341701    0.258105    0.258105 ^ gpio_in[38] (in)
                                                         gpio_in[38] (net)
                      0.353612    0.000000    0.258105 ^ clkbuf_0_gpio_in[38]/A (sky130_fd_sc_hd__clkbuf_16)
     5    0.068103    0.070956    0.159489    0.417594 ^ clkbuf_0_gpio_in[38]/X (sky130_fd_sc_hd__clkbuf_16)
                                                         clknet_0_gpio_in[38] (net)
                      0.072310    0.007592    0.425187 ^ clkbuf_1_0__f_gpio_in[38]/A (sky130_fd_sc_hd__clkbuf_16)
    25    0.085453    0.077730    0.120857    0.546043 ^ clkbuf_1_0__f_gpio_in[38]/X (sky130_fd_sc_hd__clkbuf_16)
                                                         clknet_1_0__leaf_gpio_in[38] (net)
                      0.090668    0.023763    0.569806 ^ _088_/CLK (sky130_fd_sc_hd__dfrtp_1)
                                  0.250000    0.819806   clock uncertainty
                                  0.000000    0.819806   clock reconvergence pessimism
                                  0.237627    1.057433   library removal time
                                              1.057433   data required time
---------------------------------------------------------------------------------------------
                                              1.057433   data required time
                                             -5.362946   data arrival time
---------------------------------------------------------------------------------------------
                                              4.305513   slack (MET)


Startpoint: resetb_l (input port clocked by gpio_in[38])
Endpoint: _087_ (removal check against rising-edge clock gpio_in[38])
Path Group: asynchronous
Path Type: min

Fanout         Cap        Slew       Delay        Time   Description
---------------------------------------------------------------------------------------------
                                  0.000000    0.000000   clock gpio_in[38] (rise edge)
                                  0.000000    0.000000   clock network delay (propagated)
                                  5.000000    5.000000 ^ input external delay
     2    0.009096    0.035483    0.023007    5.023007 ^ resetb_l (in)
                                                         resetb_l (net)
                      0.035489    0.000000    5.023007 ^ input2/A (sky130_fd_sc_hd__buf_8)
    11    0.139447    0.156989    0.132550    5.155557 ^ input2/X (sky130_fd_sc_hd__buf_8)
                                                         net2 (net)
                      0.157104    0.003752    5.159309 ^ fanout31/A (sky130_fd_sc_hd__clkbuf_16)
    33    0.197585    0.143208    0.175461    5.334769 ^ fanout31/X (sky130_fd_sc_hd__clkbuf_16)
                                                         net31 (net)
                      0.157985    0.030893    5.365662 ^ _087_/RESET_B (sky130_fd_sc_hd__dfrtp_2)
                                              5.365662   data arrival time

                                  0.000000    0.000000   clock gpio_in[38] (rise edge)
                                  0.000000    0.000000   clock source latency
     2    0.100428    0.341701    0.258105    0.258105 ^ gpio_in[38] (in)
                                                         gpio_in[38] (net)
                      0.353612    0.000000    0.258105 ^ clkbuf_0_gpio_in[38]/A (sky130_fd_sc_hd__clkbuf_16)
     5    0.068103    0.070956    0.159489    0.417594 ^ clkbuf_0_gpio_in[38]/X (sky130_fd_sc_hd__clkbuf_16)
                                                         clknet_0_gpio_in[38] (net)
                      0.072310    0.007592    0.425187 ^ clkbuf_1_0__f_gpio_in[38]/A (sky130_fd_sc_hd__clkbuf_16)
    25    0.085453    0.077730    0.120857    0.546043 ^ clkbuf_1_0__f_gpio_in[38]/X (sky130_fd_sc_hd__clkbuf_16)
                                                         clknet_1_0__leaf_gpio_in[38] (net)
                      0.090106    0.023208    0.569251 ^ _087_/CLK (sky130_fd_sc_hd__dfrtp_2)
                                  0.250000    0.819251   clock uncertainty
                                  0.000000    0.819251   clock reconvergence pessimism
                                  0.238189    1.057440   library removal time
                                              1.057440   data required time
---------------------------------------------------------------------------------------------
                                              1.057440   data required time
                                             -5.365662   data arrival time
---------------------------------------------------------------------------------------------
                                              4.308221   slack (MET)


Startpoint: resetb_l (input port clocked by gpio_in[38])
Endpoint: _096_ (removal check against rising-edge clock gpio_in[38])
Path Group: asynchronous
Path Type: min

Fanout         Cap        Slew       Delay        Time   Description
---------------------------------------------------------------------------------------------
                                  0.000000    0.000000   clock gpio_in[38] (rise edge)
                                  0.000000    0.000000   clock network delay (propagated)
                                  5.000000    5.000000 ^ input external delay
     2    0.009096    0.035483    0.023007    5.023007 ^ resetb_l (in)
                                                         resetb_l (net)
                      0.035489    0.000000    5.023007 ^ input2/A (sky130_fd_sc_hd__buf_8)
    11    0.139447    0.156989    0.132550    5.155557 ^ input2/X (sky130_fd_sc_hd__buf_8)
                                                         net2 (net)
                      0.157104    0.003752    5.159309 ^ fanout31/A (sky130_fd_sc_hd__clkbuf_16)
    33    0.197585    0.143208    0.175461    5.334769 ^ fanout31/X (sky130_fd_sc_hd__clkbuf_16)
                                                         net31 (net)
                      0.161651    0.034644    5.369413 ^ _096_/RESET_B (sky130_fd_sc_hd__dfrtp_1)
                                              5.369413   data arrival time

                                  0.000000    0.000000   clock gpio_in[38] (rise edge)
                                  0.000000    0.000000   clock source latency
     2    0.100428    0.341701    0.258105    0.258105 ^ gpio_in[38] (in)
                                                         gpio_in[38] (net)
                      0.353612    0.000000    0.258105 ^ clkbuf_0_gpio_in[38]/A (sky130_fd_sc_hd__clkbuf_16)
     5    0.068103    0.070956    0.159489    0.417594 ^ clkbuf_0_gpio_in[38]/X (sky130_fd_sc_hd__clkbuf_16)
                                                         clknet_0_gpio_in[38] (net)
                      0.072310    0.007592    0.425187 ^ clkbuf_1_0__f_gpio_in[38]/A (sky130_fd_sc_hd__clkbuf_16)
    25    0.085453    0.077730    0.120857    0.546043 ^ clkbuf_1_0__f_gpio_in[38]/X (sky130_fd_sc_hd__clkbuf_16)
                                                         clknet_1_0__leaf_gpio_in[38] (net)
                      0.089943    0.023046    0.569089 ^ _096_/CLK (sky130_fd_sc_hd__dfrtp_1)
                                  0.250000    0.819089   clock uncertainty
                                  0.000000    0.819089   clock reconvergence pessimism
                                  0.239117    1.058206   library removal time
                                              1.058206   data required time
---------------------------------------------------------------------------------------------
                                              1.058206   data required time
                                             -5.369413   data arrival time
---------------------------------------------------------------------------------------------
                                              4.311207   slack (MET)


Startpoint: resetb_l (input port clocked by gpio_in[38])
Endpoint: _097_ (removal check against rising-edge clock gpio_in[38])
Path Group: asynchronous
Path Type: min

Fanout         Cap        Slew       Delay        Time   Description
---------------------------------------------------------------------------------------------
                                  0.000000    0.000000   clock gpio_in[38] (rise edge)
                                  0.000000    0.000000   clock network delay (propagated)
                                  5.000000    5.000000 ^ input external delay
     2    0.009096    0.035483    0.023007    5.023007 ^ resetb_l (in)
                                                         resetb_l (net)
                      0.035489    0.000000    5.023007 ^ input2/A (sky130_fd_sc_hd__buf_8)
    11    0.139447    0.156989    0.132550    5.155557 ^ input2/X (sky130_fd_sc_hd__buf_8)
                                                         net2 (net)
                      0.157104    0.003752    5.159309 ^ fanout31/A (sky130_fd_sc_hd__clkbuf_16)
    33    0.197585    0.143208    0.175461    5.334769 ^ fanout31/X (sky130_fd_sc_hd__clkbuf_16)
                                                         net31 (net)
                      0.161785    0.034776    5.369545 ^ _097_/RESET_B (sky130_fd_sc_hd__dfrtp_1)
                                              5.369545   data arrival time

                                  0.000000    0.000000   clock gpio_in[38] (rise edge)
                                  0.000000    0.000000   clock source latency
     2    0.100428    0.341701    0.258105    0.258105 ^ gpio_in[38] (in)
                                                         gpio_in[38] (net)
                      0.353612    0.000000    0.258105 ^ clkbuf_0_gpio_in[38]/A (sky130_fd_sc_hd__clkbuf_16)
     5    0.068103    0.070956    0.159489    0.417594 ^ clkbuf_0_gpio_in[38]/X (sky130_fd_sc_hd__clkbuf_16)
                                                         clknet_0_gpio_in[38] (net)
                      0.072310    0.007592    0.425187 ^ clkbuf_1_0__f_gpio_in[38]/A (sky130_fd_sc_hd__clkbuf_16)
    25    0.085453    0.077730    0.120857    0.546043 ^ clkbuf_1_0__f_gpio_in[38]/X (sky130_fd_sc_hd__clkbuf_16)
                                                         clknet_1_0__leaf_gpio_in[38] (net)
                      0.089883    0.022986    0.569029 ^ _097_/CLK (sky130_fd_sc_hd__dfrtp_1)
                                  0.250000    0.819029   clock uncertainty
                                  0.000000    0.819029   clock reconvergence pessimism
                                  0.239144    1.058172   library removal time
                                              1.058172   data required time
---------------------------------------------------------------------------------------------
                                              1.058172   data required time
                                             -5.369545   data arrival time
---------------------------------------------------------------------------------------------
                                              4.311373   slack (MET)


Startpoint: resetb_l (input port clocked by gpio_in[38])
Endpoint: _098_ (removal check against rising-edge clock gpio_in[38])
Path Group: asynchronous
Path Type: min

Fanout         Cap        Slew       Delay        Time   Description
---------------------------------------------------------------------------------------------
                                  0.000000    0.000000   clock gpio_in[38] (rise edge)
                                  0.000000    0.000000   clock network delay (propagated)
                                  5.000000    5.000000 ^ input external delay
     2    0.009096    0.035483    0.023007    5.023007 ^ resetb_l (in)
                                                         resetb_l (net)
                      0.035489    0.000000    5.023007 ^ input2/A (sky130_fd_sc_hd__buf_8)
    11    0.139447    0.156989    0.132550    5.155557 ^ input2/X (sky130_fd_sc_hd__buf_8)
                                                         net2 (net)
                      0.157104    0.003752    5.159309 ^ fanout31/A (sky130_fd_sc_hd__clkbuf_16)
    33    0.197585    0.143208    0.175461    5.334769 ^ fanout31/X (sky130_fd_sc_hd__clkbuf_16)
                                                         net31 (net)
                      0.161599    0.034593    5.369362 ^ _098_/RESET_B (sky130_fd_sc_hd__dfrtp_1)
                                              5.369362   data arrival time

                                  0.000000    0.000000   clock gpio_in[38] (rise edge)
                                  0.000000    0.000000   clock source latency
     2    0.100428    0.341701    0.258105    0.258105 ^ gpio_in[38] (in)
                                                         gpio_in[38] (net)
                      0.353612    0.000000    0.258105 ^ clkbuf_0_gpio_in[38]/A (sky130_fd_sc_hd__clkbuf_16)
     5    0.068103    0.070956    0.159489    0.417594 ^ clkbuf_0_gpio_in[38]/X (sky130_fd_sc_hd__clkbuf_16)
                                                         clknet_0_gpio_in[38] (net)
                      0.072310    0.007592    0.425187 ^ clkbuf_1_0__f_gpio_in[38]/A (sky130_fd_sc_hd__clkbuf_16)
    25    0.085453    0.077730    0.120857    0.546043 ^ clkbuf_1_0__f_gpio_in[38]/X (sky130_fd_sc_hd__clkbuf_16)
                                                         clknet_1_0__leaf_gpio_in[38] (net)
                      0.089098    0.022190    0.568233 ^ _098_/CLK (sky130_fd_sc_hd__dfrtp_1)
                                  0.250000    0.818233   clock uncertainty
                                  0.000000    0.818233   clock reconvergence pessimism
                                  0.238989    1.057222   library removal time
                                              1.057222   data required time
---------------------------------------------------------------------------------------------
                                              1.057222   data required time
                                             -5.369362   data arrival time
---------------------------------------------------------------------------------------------
                                              4.312140   slack (MET)


Startpoint: resetb_l (input port clocked by gpio_in[38])
Endpoint: _095_ (removal check against rising-edge clock gpio_in[38])
Path Group: asynchronous
Path Type: min

Fanout         Cap        Slew       Delay        Time   Description
---------------------------------------------------------------------------------------------
                                  0.000000    0.000000   clock gpio_in[38] (rise edge)
                                  0.000000    0.000000   clock network delay (propagated)
                                  5.000000    5.000000 ^ input external delay
     2    0.009096    0.035483    0.023007    5.023007 ^ resetb_l (in)
                                                         resetb_l (net)
                      0.035489    0.000000    5.023007 ^ input2/A (sky130_fd_sc_hd__buf_8)
    11    0.139447    0.156989    0.132550    5.155557 ^ input2/X (sky130_fd_sc_hd__buf_8)
                                                         net2 (net)
                      0.157104    0.003752    5.159309 ^ fanout31/A (sky130_fd_sc_hd__clkbuf_16)
    33    0.197585    0.143208    0.175461    5.334769 ^ fanout31/X (sky130_fd_sc_hd__clkbuf_16)
                                                         net31 (net)
                      0.166187    0.038932    5.373702 ^ _095_/RESET_B (sky130_fd_sc_hd__dfrtp_2)
                                              5.373702   data arrival time

                                  0.000000    0.000000   clock gpio_in[38] (rise edge)
                                  0.000000    0.000000   clock source latency
     2    0.100428    0.341701    0.258105    0.258105 ^ gpio_in[38] (in)
                                                         gpio_in[38] (net)
                      0.353612    0.000000    0.258105 ^ clkbuf_0_gpio_in[38]/A (sky130_fd_sc_hd__clkbuf_16)
     5    0.068103    0.070956    0.159489    0.417594 ^ clkbuf_0_gpio_in[38]/X (sky130_fd_sc_hd__clkbuf_16)
                                                         clknet_0_gpio_in[38] (net)
                      0.072310    0.007592    0.425187 ^ clkbuf_1_0__f_gpio_in[38]/A (sky130_fd_sc_hd__clkbuf_16)
    25    0.085453    0.077730    0.120857    0.546043 ^ clkbuf_1_0__f_gpio_in[38]/X (sky130_fd_sc_hd__clkbuf_16)
                                                         clknet_1_0__leaf_gpio_in[38] (net)
                      0.086843    0.019770    0.565813 ^ _095_/CLK (sky130_fd_sc_hd__dfrtp_2)
                                  0.250000    0.815813   clock uncertainty
                                  0.000000    0.815813   clock reconvergence pessimism
                                  0.239871    1.055684   library removal time
                                              1.055684   data required time
---------------------------------------------------------------------------------------------
                                              1.055684   data required time
                                             -5.373702   data arrival time
---------------------------------------------------------------------------------------------
                                              4.318017   slack (MET)


Startpoint: resetb_l (input port clocked by gpio_in[38])
Endpoint: _093_ (removal check against rising-edge clock gpio_in[38])
Path Group: asynchronous
Path Type: min

Fanout         Cap        Slew       Delay        Time   Description
---------------------------------------------------------------------------------------------
                                  0.000000    0.000000   clock gpio_in[38] (rise edge)
                                  0.000000    0.000000   clock network delay (propagated)
                                  5.000000    5.000000 ^ input external delay
     2    0.009096    0.035483    0.023007    5.023007 ^ resetb_l (in)
                                                         resetb_l (net)
                      0.035489    0.000000    5.023007 ^ input2/A (sky130_fd_sc_hd__buf_8)
    11    0.139447    0.156989    0.132550    5.155557 ^ input2/X (sky130_fd_sc_hd__buf_8)
                                                         net2 (net)
                      0.157104    0.003752    5.159309 ^ fanout31/A (sky130_fd_sc_hd__clkbuf_16)
    33    0.197585    0.143208    0.175461    5.334769 ^ fanout31/X (sky130_fd_sc_hd__clkbuf_16)
                                                         net31 (net)
                      0.239484    0.096163    5.430933 ^ _093_/RESET_B (sky130_fd_sc_hd__dfrtp_1)
                                              5.430933   data arrival time

                                  0.000000    0.000000   clock gpio_in[38] (rise edge)
                                  0.000000    0.000000   clock source latency
     2    0.100428    0.341701    0.258105    0.258105 ^ gpio_in[38] (in)
                                                         gpio_in[38] (net)
                      0.353612    0.000000    0.258105 ^ clkbuf_0_gpio_in[38]/A (sky130_fd_sc_hd__clkbuf_16)
     5    0.068103    0.070956    0.159489    0.417594 ^ clkbuf_0_gpio_in[38]/X (sky130_fd_sc_hd__clkbuf_16)
                                                         clknet_0_gpio_in[38] (net)
                      0.072254    0.007417    0.425011 ^ clkbuf_1_1__f_gpio_in[38]/A (sky130_fd_sc_hd__clkbuf_16)
    19    0.072617    0.068623    0.119730    0.544741 ^ clkbuf_1_1__f_gpio_in[38]/X (sky130_fd_sc_hd__clkbuf_16)
                                                         clknet_1_1__leaf_gpio_in[38] (net)
                      0.075676    0.016808    0.561549 ^ _093_/CLK (sky130_fd_sc_hd__dfrtp_1)
                                  0.250000    0.811549   clock uncertainty
                                  0.000000    0.811549   clock reconvergence pessimism
                                  0.257363    1.068913   library removal time
                                              1.068913   data required time
---------------------------------------------------------------------------------------------
                                              1.068913   data required time
                                             -5.430933   data arrival time
---------------------------------------------------------------------------------------------
                                              4.362020   slack (MET)


Startpoint: resetb_l (input port clocked by gpio_in[38])
Endpoint: _091_ (removal check against rising-edge clock gpio_in[38])
Path Group: asynchronous
Path Type: min

Fanout         Cap        Slew       Delay        Time   Description
---------------------------------------------------------------------------------------------
                                  0.000000    0.000000   clock gpio_in[38] (rise edge)
                                  0.000000    0.000000   clock network delay (propagated)
                                  5.000000    5.000000 ^ input external delay
     2    0.009096    0.035483    0.023007    5.023007 ^ resetb_l (in)
                                                         resetb_l (net)
                      0.035489    0.000000    5.023007 ^ input2/A (sky130_fd_sc_hd__buf_8)
    11    0.139447    0.156989    0.132550    5.155557 ^ input2/X (sky130_fd_sc_hd__buf_8)
                                                         net2 (net)
                      0.157104    0.003752    5.159309 ^ fanout31/A (sky130_fd_sc_hd__clkbuf_16)
    33    0.197585    0.143208    0.175461    5.334769 ^ fanout31/X (sky130_fd_sc_hd__clkbuf_16)
                                                         net31 (net)
                      0.239859    0.096434    5.431203 ^ _091_/RESET_B (sky130_fd_sc_hd__dfrtp_1)
                                              5.431203   data arrival time

                                  0.000000    0.000000   clock gpio_in[38] (rise edge)
                                  0.000000    0.000000   clock source latency
     2    0.100428    0.341701    0.258105    0.258105 ^ gpio_in[38] (in)
                                                         gpio_in[38] (net)
                      0.353612    0.000000    0.258105 ^ clkbuf_0_gpio_in[38]/A (sky130_fd_sc_hd__clkbuf_16)
     5    0.068103    0.070956    0.159489    0.417594 ^ clkbuf_0_gpio_in[38]/X (sky130_fd_sc_hd__clkbuf_16)
                                                         clknet_0_gpio_in[38] (net)
                      0.072254    0.007417    0.425011 ^ clkbuf_1_1__f_gpio_in[38]/A (sky130_fd_sc_hd__clkbuf_16)
    19    0.072617    0.068623    0.119730    0.544741 ^ clkbuf_1_1__f_gpio_in[38]/X (sky130_fd_sc_hd__clkbuf_16)
                                                         clknet_1_1__leaf_gpio_in[38] (net)
                      0.075655    0.016781    0.561522 ^ _091_/CLK (sky130_fd_sc_hd__dfrtp_1)
                                  0.250000    0.811522   clock uncertainty
                                  0.000000    0.811522   clock reconvergence pessimism
                                  0.257458    1.068980   library removal time
                                              1.068980   data required time
---------------------------------------------------------------------------------------------
                                              1.068980   data required time
                                             -5.431203   data arrival time
---------------------------------------------------------------------------------------------
                                              4.362223   slack (MET)


Startpoint: resetb_l (input port clocked by gpio_in[38])
Endpoint: _092_ (removal check against rising-edge clock gpio_in[38])
Path Group: asynchronous
Path Type: min

Fanout         Cap        Slew       Delay        Time   Description
---------------------------------------------------------------------------------------------
                                  0.000000    0.000000   clock gpio_in[38] (rise edge)
                                  0.000000    0.000000   clock network delay (propagated)
                                  5.000000    5.000000 ^ input external delay
     2    0.009096    0.035483    0.023007    5.023007 ^ resetb_l (in)
                                                         resetb_l (net)
                      0.035489    0.000000    5.023007 ^ input2/A (sky130_fd_sc_hd__buf_8)
    11    0.139447    0.156989    0.132550    5.155557 ^ input2/X (sky130_fd_sc_hd__buf_8)
                                                         net2 (net)
                      0.157104    0.003752    5.159309 ^ fanout31/A (sky130_fd_sc_hd__clkbuf_16)
    33    0.197585    0.143208    0.175461    5.334769 ^ fanout31/X (sky130_fd_sc_hd__clkbuf_16)
                                                         net31 (net)
                      0.239937    0.096489    5.431258 ^ _092_/RESET_B (sky130_fd_sc_hd__dfrtp_1)
                                              5.431258   data arrival time

                                  0.000000    0.000000   clock gpio_in[38] (rise edge)
                                  0.000000    0.000000   clock source latency
     2    0.100428    0.341701    0.258105    0.258105 ^ gpio_in[38] (in)
                                                         gpio_in[38] (net)
                      0.353612    0.000000    0.258105 ^ clkbuf_0_gpio_in[38]/A (sky130_fd_sc_hd__clkbuf_16)
     5    0.068103    0.070956    0.159489    0.417594 ^ clkbuf_0_gpio_in[38]/X (sky130_fd_sc_hd__clkbuf_16)
                                                         clknet_0_gpio_in[38] (net)
                      0.072254    0.007417    0.425011 ^ clkbuf_1_1__f_gpio_in[38]/A (sky130_fd_sc_hd__clkbuf_16)
    19    0.072617    0.068623    0.119730    0.544741 ^ clkbuf_1_1__f_gpio_in[38]/X (sky130_fd_sc_hd__clkbuf_16)
                                                         clknet_1_1__leaf_gpio_in[38] (net)
                      0.075666    0.016795    0.561536 ^ _092_/CLK (sky130_fd_sc_hd__dfrtp_1)
                                  0.250000    0.811537   clock uncertainty
                                  0.000000    0.811537   clock reconvergence pessimism
                                  0.257479    1.069016   library removal time
                                              1.069016   data required time
---------------------------------------------------------------------------------------------
                                              1.069016   data required time
                                             -5.431258   data arrival time
---------------------------------------------------------------------------------------------
                                              4.362242   slack (MET)


Startpoint: resetb_l (input port clocked by gpio_in[38])
Endpoint: _094_ (removal check against rising-edge clock gpio_in[38])
Path Group: asynchronous
Path Type: min

Fanout         Cap        Slew       Delay        Time   Description
---------------------------------------------------------------------------------------------
                                  0.000000    0.000000   clock gpio_in[38] (rise edge)
                                  0.000000    0.000000   clock network delay (propagated)
                                  5.000000    5.000000 ^ input external delay
     2    0.009096    0.035483    0.023007    5.023007 ^ resetb_l (in)
                                                         resetb_l (net)
                      0.035489    0.000000    5.023007 ^ input2/A (sky130_fd_sc_hd__buf_8)
    11    0.139447    0.156989    0.132550    5.155557 ^ input2/X (sky130_fd_sc_hd__buf_8)
                                                         net2 (net)
                      0.157104    0.003752    5.159309 ^ fanout31/A (sky130_fd_sc_hd__clkbuf_16)
    33    0.197585    0.143208    0.175461    5.334769 ^ fanout31/X (sky130_fd_sc_hd__clkbuf_16)
                                                         net31 (net)
                      0.239897    0.096461    5.431230 ^ _094_/RESET_B (sky130_fd_sc_hd__dfrtp_1)
                                              5.431230   data arrival time

                                  0.000000    0.000000   clock gpio_in[38] (rise edge)
                                  0.000000    0.000000   clock source latency
     2    0.100428    0.341701    0.258105    0.258105 ^ gpio_in[38] (in)
                                                         gpio_in[38] (net)
                      0.353612    0.000000    0.258105 ^ clkbuf_0_gpio_in[38]/A (sky130_fd_sc_hd__clkbuf_16)
     5    0.068103    0.070956    0.159489    0.417594 ^ clkbuf_0_gpio_in[38]/X (sky130_fd_sc_hd__clkbuf_16)
                                                         clknet_0_gpio_in[38] (net)
                      0.072254    0.007417    0.425011 ^ clkbuf_1_1__f_gpio_in[38]/A (sky130_fd_sc_hd__clkbuf_16)
    19    0.072617    0.068623    0.119730    0.544741 ^ clkbuf_1_1__f_gpio_in[38]/X (sky130_fd_sc_hd__clkbuf_16)
                                                         clknet_1_1__leaf_gpio_in[38] (net)
                      0.075516    0.016599    0.561340 ^ _094_/CLK (sky130_fd_sc_hd__dfrtp_1)
                                  0.250000    0.811340   clock uncertainty
                                  0.000000    0.811340   clock reconvergence pessimism
                                  0.257449    1.068789   library removal time
                                              1.068789   data required time
---------------------------------------------------------------------------------------------
                                              1.068789   data required time
                                             -5.431230   data arrival time
---------------------------------------------------------------------------------------------
                                              4.362441   slack (MET)


Startpoint: _106_ (rising edge-triggered flip-flop clocked by gpio_in[38])
Endpoint: gpio_out[37] (output port clocked by gpio_in[38])
Path Group: gpio_in[38]
Path Type: min

Fanout         Cap        Slew       Delay        Time   Description
---------------------------------------------------------------------------------------------
                                  0.000000    0.000000   clock gpio_in[38] (rise edge)
                                  0.000000    0.000000   clock source latency
     2    0.100428    0.341701    0.258105    0.258105 ^ gpio_in[38] (in)
                                                         gpio_in[38] (net)
                      0.353612    0.000000    0.258105 ^ clkbuf_0_gpio_in[38]/A (sky130_fd_sc_hd__clkbuf_16)
     5    0.068103    0.070956    0.159489    0.417594 ^ clkbuf_0_gpio_in[38]/X (sky130_fd_sc_hd__clkbuf_16)
                                                         clknet_0_gpio_in[38] (net)
                      0.072254    0.007417    0.425011 ^ clkbuf_1_1__f_gpio_in[38]/A (sky130_fd_sc_hd__clkbuf_16)
    19    0.072617    0.068623    0.119730    0.544741 ^ clkbuf_1_1__f_gpio_in[38]/X (sky130_fd_sc_hd__clkbuf_16)
                                                         clknet_1_1__leaf_gpio_in[38] (net)
                      0.074637    0.015417    0.560158 ^ _106_/CLK (sky130_fd_sc_hd__dfrtp_1)
     2    0.006054    0.038285    0.245515    0.805673 v _106_/Q (sky130_fd_sc_hd__dfrtp_1)
                                                         gpio_22_37_output[37].cfg.gpio_out_val (net)
                      0.038285    0.000379    0.806052 v _678_/A (sky130_fd_sc_hd__clkbuf_1)
     1    0.001926    0.015487    0.056143    0.862195 v _678_/X (sky130_fd_sc_hd__clkbuf_1)
                                                         net27 (net)
                      0.015487    0.000138    0.862333 v output27/A (sky130_fd_sc_hd__buf_2)
     1    0.034537    0.063143    0.111351    0.973684 v output27/X (sky130_fd_sc_hd__buf_2)
                                                         gpio_out[37] (net)
                      0.063200    0.001697    0.975381 v gpio_out[37] (out)
                                              0.975381   data arrival time

                                  0.000000    0.000000   clock gpio_in[38] (rise edge)
                                  0.000000    0.000000   clock network delay (propagated)
                                  0.250000    0.250000   clock uncertainty
                                  0.000000    0.250000   clock reconvergence pessimism
                                 -5.000000   -4.750000   output external delay
                                             -4.750000   data required time
---------------------------------------------------------------------------------------------
                                             -4.750000   data required time
                                             -0.975381   data arrival time
---------------------------------------------------------------------------------------------
                                              5.725382   slack (MET)


Startpoint: _094_ (rising edge-triggered flip-flop clocked by gpio_in[38])
Endpoint: gpio_out[25] (output port clocked by gpio_in[38])
Path Group: gpio_in[38]
Path Type: min

Fanout         Cap        Slew       Delay        Time   Description
---------------------------------------------------------------------------------------------
                                  0.000000    0.000000   clock gpio_in[38] (rise edge)
                                  0.000000    0.000000   clock source latency
     2    0.100428    0.341701    0.258105    0.258105 ^ gpio_in[38] (in)
                                                         gpio_in[38] (net)
                      0.353612    0.000000    0.258105 ^ clkbuf_0_gpio_in[38]/A (sky130_fd_sc_hd__clkbuf_16)
     5    0.068103    0.070956    0.159489    0.417594 ^ clkbuf_0_gpio_in[38]/X (sky130_fd_sc_hd__clkbuf_16)
                                                         clknet_0_gpio_in[38] (net)
                      0.072254    0.007417    0.425011 ^ clkbuf_1_1__f_gpio_in[38]/A (sky130_fd_sc_hd__clkbuf_16)
    19    0.072617    0.068623    0.119730    0.544741 ^ clkbuf_1_1__f_gpio_in[38]/X (sky130_fd_sc_hd__clkbuf_16)
                                                         clknet_1_1__leaf_gpio_in[38] (net)
                      0.075516    0.016599    0.561340 ^ _094_/CLK (sky130_fd_sc_hd__dfrtp_1)
     3    0.007456    0.042986    0.250787    0.812127 v _094_/Q (sky130_fd_sc_hd__dfrtp_1)
                                                         gpio_22_37_output[25].cfg.gpio_out_val (net)
                      0.042989    0.000394    0.812522 v _666_/A (sky130_fd_sc_hd__clkbuf_1)
     1    0.002367    0.017033    0.059708    0.872229 v _666_/X (sky130_fd_sc_hd__clkbuf_1)
                                                         net14 (net)
                      0.017035    0.000160    0.872389 v output14/A (sky130_fd_sc_hd__buf_2)
     1    0.034577    0.063217    0.111938    0.984328 v output14/X (sky130_fd_sc_hd__buf_2)
                                                         gpio_out[25] (net)
                      0.063274    0.001706    0.986033 v gpio_out[25] (out)
                                              0.986033   data arrival time

                                  0.000000    0.000000   clock gpio_in[38] (rise edge)
                                  0.000000    0.000000   clock network delay (propagated)
                                  0.250000    0.250000   clock uncertainty
                                  0.000000    0.250000   clock reconvergence pessimism
                                 -5.000000   -4.750000   output external delay
                                             -4.750000   data required time
---------------------------------------------------------------------------------------------
                                             -4.750000   data required time
                                             -0.986033   data arrival time
---------------------------------------------------------------------------------------------
                                              5.736033   slack (MET)


Startpoint: _091_ (rising edge-triggered flip-flop clocked by gpio_in[38])
Endpoint: gpio_out[22] (output port clocked by gpio_in[38])
Path Group: gpio_in[38]
Path Type: min

Fanout         Cap        Slew       Delay        Time   Description
---------------------------------------------------------------------------------------------
                                  0.000000    0.000000   clock gpio_in[38] (rise edge)
                                  0.000000    0.000000   clock source latency
     2    0.100428    0.341701    0.258105    0.258105 ^ gpio_in[38] (in)
                                                         gpio_in[38] (net)
                      0.353612    0.000000    0.258105 ^ clkbuf_0_gpio_in[38]/A (sky130_fd_sc_hd__clkbuf_16)
     5    0.068103    0.070956    0.159489    0.417594 ^ clkbuf_0_gpio_in[38]/X (sky130_fd_sc_hd__clkbuf_16)
                                                         clknet_0_gpio_in[38] (net)
                      0.072254    0.007417    0.425011 ^ clkbuf_1_1__f_gpio_in[38]/A (sky130_fd_sc_hd__clkbuf_16)
    19    0.072617    0.068623    0.119730    0.544741 ^ clkbuf_1_1__f_gpio_in[38]/X (sky130_fd_sc_hd__clkbuf_16)
                                                         clknet_1_1__leaf_gpio_in[38] (net)
                      0.075655    0.016781    0.561522 ^ _091_/CLK (sky130_fd_sc_hd__dfrtp_1)
     3    0.008634    0.047037    0.255099    0.816621 v _091_/Q (sky130_fd_sc_hd__dfrtp_1)
                                                         gpio_22_37_output[22].cfg.gpio_out_val (net)
                      0.047041    0.000429    0.817050 v _663_/A (sky130_fd_sc_hd__clkbuf_1)
     1    0.002234    0.016593    0.060873    0.877923 v _663_/X (sky130_fd_sc_hd__clkbuf_1)
                                                         net11 (net)
                      0.016594    0.000150    0.878073 v output11/A (sky130_fd_sc_hd__buf_2)
     1    0.034495    0.063085    0.111707    0.989780 v output11/X (sky130_fd_sc_hd__buf_2)
                                                         gpio_out[22] (net)
                      0.063140    0.001678    0.991458 v gpio_out[22] (out)
                                              0.991458   data arrival time

                                  0.000000    0.000000   clock gpio_in[38] (rise edge)
                                  0.000000    0.000000   clock network delay (propagated)
                                  0.250000    0.250000   clock uncertainty
                                  0.000000    0.250000   clock reconvergence pessimism
                                 -5.000000   -4.750000   output external delay
                                             -4.750000   data required time
---------------------------------------------------------------------------------------------
                                             -4.750000   data required time
                                             -0.991458   data arrival time
---------------------------------------------------------------------------------------------
                                              5.741458   slack (MET)


Startpoint: _090_ (rising edge-triggered flip-flop clocked by gpio_in[38])
Endpoint: gpio_out[21] (output port clocked by gpio_in[38])
Path Group: gpio_in[38]
Path Type: min

Fanout         Cap        Slew       Delay        Time   Description
---------------------------------------------------------------------------------------------
                                  0.000000    0.000000   clock gpio_in[38] (rise edge)
                                  0.000000    0.000000   clock source latency
     2    0.100428    0.341701    0.258105    0.258105 ^ gpio_in[38] (in)
                                                         gpio_in[38] (net)
                      0.353612    0.000000    0.258105 ^ clkbuf_0_gpio_in[38]/A (sky130_fd_sc_hd__clkbuf_16)
     5    0.068103    0.070956    0.159489    0.417594 ^ clkbuf_0_gpio_in[38]/X (sky130_fd_sc_hd__clkbuf_16)
                                                         clknet_0_gpio_in[38] (net)
                      0.072310    0.007592    0.425187 ^ clkbuf_1_0__f_gpio_in[38]/A (sky130_fd_sc_hd__clkbuf_16)
    25    0.085453    0.077730    0.120857    0.546043 ^ clkbuf_1_0__f_gpio_in[38]/X (sky130_fd_sc_hd__clkbuf_16)
                                                         clknet_1_0__leaf_gpio_in[38] (net)
                      0.091011    0.024098    0.570142 ^ _090_/CLK (sky130_fd_sc_hd__dfrtp_1)
     3    0.007817    0.044232    0.256049    0.826191 v _090_/Q (sky130_fd_sc_hd__dfrtp_1)
                                                         gpio_18_21_bidir[21].cfg.gpio_out_val (net)
                      0.044239    0.000572    0.826763 v _662_/A (sky130_fd_sc_hd__clkbuf_1)
     1    0.001866    0.015328    0.058374    0.885137 v _662_/X (sky130_fd_sc_hd__clkbuf_1)
                                                         net10 (net)
                      0.015333    0.000085    0.885222 v output10/A (sky130_fd_sc_hd__buf_2)
     1    0.034377    0.062884    0.111178    0.996400 v output10/X (sky130_fd_sc_hd__buf_2)
                                                         gpio_out[21] (net)
                      0.062934    0.001592    0.997992 v gpio_out[21] (out)
                                              0.997992   data arrival time

                                  0.000000    0.000000   clock gpio_in[38] (rise edge)
                                  0.000000    0.000000   clock network delay (propagated)
                                  0.250000    0.250000   clock uncertainty
                                  0.000000    0.250000   clock reconvergence pessimism
                                 -5.000000   -4.750000   output external delay
                                             -4.750000   data required time
---------------------------------------------------------------------------------------------
                                             -4.750000   data required time
                                             -0.997992   data arrival time
---------------------------------------------------------------------------------------------
                                              5.747993   slack (MET)


Startpoint: _092_ (rising edge-triggered flip-flop clocked by gpio_in[38])
Endpoint: gpio_out[23] (output port clocked by gpio_in[38])
Path Group: gpio_in[38]
Path Type: min

Fanout         Cap        Slew       Delay        Time   Description
---------------------------------------------------------------------------------------------
                                  0.000000    0.000000   clock gpio_in[38] (rise edge)
                                  0.000000    0.000000   clock source latency
     2    0.100428    0.341701    0.258105    0.258105 ^ gpio_in[38] (in)
                                                         gpio_in[38] (net)
                      0.353612    0.000000    0.258105 ^ clkbuf_0_gpio_in[38]/A (sky130_fd_sc_hd__clkbuf_16)
     5    0.068103    0.070956    0.159489    0.417594 ^ clkbuf_0_gpio_in[38]/X (sky130_fd_sc_hd__clkbuf_16)
                                                         clknet_0_gpio_in[38] (net)
                      0.072254    0.007417    0.425011 ^ clkbuf_1_1__f_gpio_in[38]/A (sky130_fd_sc_hd__clkbuf_16)
    19    0.072617    0.068623    0.119730    0.544741 ^ clkbuf_1_1__f_gpio_in[38]/X (sky130_fd_sc_hd__clkbuf_16)
                                                         clknet_1_1__leaf_gpio_in[38] (net)
                      0.075666    0.016795    0.561536 ^ _092_/CLK (sky130_fd_sc_hd__dfrtp_1)
     3    0.010594    0.051912    0.262088    0.823624 v _092_/Q (sky130_fd_sc_hd__dfrtp_1)
                                                         gpio_22_37_output[23].cfg.gpio_out_val (net)
                      0.051924    0.000762    0.824386 v _664_/A (sky130_fd_sc_hd__clkbuf_1)
     1    0.002299    0.016854    0.063112    0.887498 v _664_/X (sky130_fd_sc_hd__clkbuf_1)
                                                         net12 (net)
                      0.016855    0.000154    0.887652 v output12/A (sky130_fd_sc_hd__buf_2)
     1    0.034537    0.063153    0.111836    0.999488 v output12/X (sky130_fd_sc_hd__buf_2)
                                                         gpio_out[23] (net)
                      0.063209    0.001697    1.001186 v gpio_out[23] (out)
                                              1.001186   data arrival time

                                  0.000000    0.000000   clock gpio_in[38] (rise edge)
                                  0.000000    0.000000   clock network delay (propagated)
                                  0.250000    0.250000   clock uncertainty
                                  0.000000    0.250000   clock reconvergence pessimism
                                 -5.000000   -4.750000   output external delay
                                             -4.750000   data required time
---------------------------------------------------------------------------------------------
                                             -4.750000   data required time
                                             -1.001186   data arrival time
---------------------------------------------------------------------------------------------
                                              5.751185   slack (MET)


Startpoint: _098_ (rising edge-triggered flip-flop clocked by gpio_in[38])
Endpoint: gpio_out[29] (output port clocked by gpio_in[38])
Path Group: gpio_in[38]
Path Type: min

Fanout         Cap        Slew       Delay        Time   Description
---------------------------------------------------------------------------------------------
                                  0.000000    0.000000   clock gpio_in[38] (rise edge)
                                  0.000000    0.000000   clock source latency
     2    0.100428    0.341701    0.258105    0.258105 ^ gpio_in[38] (in)
                                                         gpio_in[38] (net)
                      0.353612    0.000000    0.258105 ^ clkbuf_0_gpio_in[38]/A (sky130_fd_sc_hd__clkbuf_16)
     5    0.068103    0.070956    0.159489    0.417594 ^ clkbuf_0_gpio_in[38]/X (sky130_fd_sc_hd__clkbuf_16)
                                                         clknet_0_gpio_in[38] (net)
                      0.072310    0.007592    0.425187 ^ clkbuf_1_0__f_gpio_in[38]/A (sky130_fd_sc_hd__clkbuf_16)
    25    0.085453    0.077730    0.120857    0.546043 ^ clkbuf_1_0__f_gpio_in[38]/X (sky130_fd_sc_hd__clkbuf_16)
                                                         clknet_1_0__leaf_gpio_in[38] (net)
                      0.089098    0.022190    0.568233 ^ _098_/CLK (sky130_fd_sc_hd__dfrtp_1)
     2    0.006213    0.038793    0.249828    0.818061 v _098_/Q (sky130_fd_sc_hd__dfrtp_1)
                                                         gpio_22_37_output[29].cfg.gpio_out_val (net)
                      0.038793    0.000376    0.818438 v _670_/A (sky130_fd_sc_hd__clkbuf_1)
     1    0.004972    0.026137    0.066758    0.885196 v _670_/X (sky130_fd_sc_hd__clkbuf_1)
                                                         net18 (net)
                      0.026142    0.000360    0.885556 v output18/A (sky130_fd_sc_hd__buf_2)
     1    0.034377    0.062937    0.115151    1.000707 v output18/X (sky130_fd_sc_hd__buf_2)
                                                         gpio_out[29] (net)
                      0.062986    0.001592    1.002299 v gpio_out[29] (out)
                                              1.002299   data arrival time

                                  0.000000    0.000000   clock gpio_in[38] (rise edge)
                                  0.000000    0.000000   clock network delay (propagated)
                                  0.250000    0.250000   clock uncertainty
                                  0.000000    0.250000   clock reconvergence pessimism
                                 -5.000000   -4.750000   output external delay
                                             -4.750000   data required time
---------------------------------------------------------------------------------------------
                                             -4.750000   data required time
                                             -1.002299   data arrival time
---------------------------------------------------------------------------------------------
                                              5.752299   slack (MET)


Startpoint: _089_ (rising edge-triggered flip-flop clocked by gpio_in[38])
Endpoint: gpio_out[4] (output port clocked by gpio_in[38])
Path Group: gpio_in[38]
Path Type: min

Fanout         Cap        Slew       Delay        Time   Description
---------------------------------------------------------------------------------------------
                                  0.000000    0.000000   clock gpio_in[38] (rise edge)
                                  0.000000    0.000000   clock source latency
     2    0.100428    0.341701    0.258105    0.258105 ^ gpio_in[38] (in)
                                                         gpio_in[38] (net)
                      0.353612    0.000000    0.258105 ^ clkbuf_0_gpio_in[38]/A (sky130_fd_sc_hd__clkbuf_16)
     5    0.068103    0.070956    0.159489    0.417594 ^ clkbuf_0_gpio_in[38]/X (sky130_fd_sc_hd__clkbuf_16)
                                                         clknet_0_gpio_in[38] (net)
                      0.072310    0.007592    0.425187 ^ clkbuf_1_0__f_gpio_in[38]/A (sky130_fd_sc_hd__clkbuf_16)
    25    0.085453    0.077730    0.120857    0.546043 ^ clkbuf_1_0__f_gpio_in[38]/X (sky130_fd_sc_hd__clkbuf_16)
                                                         clknet_1_0__leaf_gpio_in[38] (net)
                      0.091858    0.024917    0.570960 ^ _089_/CLK (sky130_fd_sc_hd__dfrtp_1)
     3    0.008483    0.046522    0.258697    0.829657 v _089_/Q (sky130_fd_sc_hd__dfrtp_1)
                                                         gpio_18_21_bidir[20].cfg.gpio_out_val (net)
                      0.046527    0.000499    0.830156 v _657_/A (sky130_fd_sc_hd__clkbuf_1)
     1    0.002166    0.016355    0.060409    0.890565 v _657_/X (sky130_fd_sc_hd__clkbuf_1)
                                                         net29 (net)
                      0.016356    0.000147    0.890712 v output29/A (sky130_fd_sc_hd__buf_2)
     1    0.034377    0.062891    0.111541    1.002253 v output29/X (sky130_fd_sc_hd__buf_2)
                                                         gpio_out[4] (net)
                      0.062941    0.001592    1.003845 v gpio_out[4] (out)
                                              1.003845   data arrival time

                                  0.000000    0.000000   clock gpio_in[38] (rise edge)
                                  0.000000    0.000000   clock network delay (propagated)
                                  0.250000    0.250000   clock uncertainty
                                  0.000000    0.250000   clock reconvergence pessimism
                                 -5.000000   -4.750000   output external delay
                                             -4.750000   data required time
---------------------------------------------------------------------------------------------
                                             -4.750000   data required time
                                             -1.003845   data arrival time
---------------------------------------------------------------------------------------------
                                              5.753845   slack (MET)


Startpoint: _089_ (rising edge-triggered flip-flop clocked by gpio_in[38])
Endpoint: gpio_out[20] (output port clocked by gpio_in[38])
Path Group: gpio_in[38]
Path Type: min

Fanout         Cap        Slew       Delay        Time   Description
---------------------------------------------------------------------------------------------
                                  0.000000    0.000000   clock gpio_in[38] (rise edge)
                                  0.000000    0.000000   clock source latency
     2    0.100428    0.341701    0.258105    0.258105 ^ gpio_in[38] (in)
                                                         gpio_in[38] (net)
                      0.353612    0.000000    0.258105 ^ clkbuf_0_gpio_in[38]/A (sky130_fd_sc_hd__clkbuf_16)
     5    0.068103    0.070956    0.159489    0.417594 ^ clkbuf_0_gpio_in[38]/X (sky130_fd_sc_hd__clkbuf_16)
                                                         clknet_0_gpio_in[38] (net)
                      0.072310    0.007592    0.425187 ^ clkbuf_1_0__f_gpio_in[38]/A (sky130_fd_sc_hd__clkbuf_16)
    25    0.085453    0.077730    0.120857    0.546043 ^ clkbuf_1_0__f_gpio_in[38]/X (sky130_fd_sc_hd__clkbuf_16)
                                                         clknet_1_0__leaf_gpio_in[38] (net)
                      0.091858    0.024917    0.570960 ^ _089_/CLK (sky130_fd_sc_hd__dfrtp_1)
     3    0.008483    0.046522    0.258697    0.829657 v _089_/Q (sky130_fd_sc_hd__dfrtp_1)
                                                         gpio_18_21_bidir[20].cfg.gpio_out_val (net)
                      0.046527    0.000507    0.830164 v _661_/A (sky130_fd_sc_hd__clkbuf_1)
     1    0.002174    0.016382    0.060438    0.890603 v _661_/X (sky130_fd_sc_hd__clkbuf_1)
                                                         net9 (net)
                      0.016383    0.000147    0.890750 v output9/A (sky130_fd_sc_hd__buf_2)
     1    0.034377    0.062891    0.111550    1.002300 v output9/X (sky130_fd_sc_hd__buf_2)
                                                         gpio_out[20] (net)
                      0.062941    0.001592    1.003892 v gpio_out[20] (out)
                                              1.003892   data arrival time

                                  0.000000    0.000000   clock gpio_in[38] (rise edge)
                                  0.000000    0.000000   clock network delay (propagated)
                                  0.250000    0.250000   clock uncertainty
                                  0.000000    0.250000   clock reconvergence pessimism
                                 -5.000000   -4.750000   output external delay
                                             -4.750000   data required time
---------------------------------------------------------------------------------------------
                                             -4.750000   data required time
                                             -1.003892   data arrival time
---------------------------------------------------------------------------------------------
                                              5.753892   slack (MET)


Startpoint: _087_ (rising edge-triggered flip-flop clocked by gpio_in[38])
Endpoint: gpio_out[18] (output port clocked by gpio_in[38])
Path Group: gpio_in[38]
Path Type: min

Fanout         Cap        Slew       Delay        Time   Description
---------------------------------------------------------------------------------------------
                                  0.000000    0.000000   clock gpio_in[38] (rise edge)
                                  0.000000    0.000000   clock source latency
     2    0.100428    0.341701    0.258105    0.258105 ^ gpio_in[38] (in)
                                                         gpio_in[38] (net)
                      0.353612    0.000000    0.258105 ^ clkbuf_0_gpio_in[38]/A (sky130_fd_sc_hd__clkbuf_16)
     5    0.068103    0.070956    0.159489    0.417594 ^ clkbuf_0_gpio_in[38]/X (sky130_fd_sc_hd__clkbuf_16)
                                                         clknet_0_gpio_in[38] (net)
                      0.072310    0.007592    0.425187 ^ clkbuf_1_0__f_gpio_in[38]/A (sky130_fd_sc_hd__clkbuf_16)
    25    0.085453    0.077730    0.120857    0.546043 ^ clkbuf_1_0__f_gpio_in[38]/X (sky130_fd_sc_hd__clkbuf_16)
                                                         clknet_1_0__leaf_gpio_in[38] (net)
                      0.090106    0.023208    0.569251 ^ _087_/CLK (sky130_fd_sc_hd__dfrtp_2)
     3    0.010100    0.048934    0.245066    0.814317 ^ _087_/Q (sky130_fd_sc_hd__dfrtp_2)
                                                         gpio_18_21_bidir[18].cfg.gpio_out_val (net)
                      0.048942    0.000627    0.814945 ^ _659_/A (sky130_fd_sc_hd__clkbuf_1)
     1    0.002325    0.028530    0.052411    0.867356 ^ _659_/X (sky130_fd_sc_hd__clkbuf_1)
                                                         net7 (net)
                      0.028531    0.000159    0.867515 ^ output7/A (sky130_fd_sc_hd__buf_2)
     1    0.034449    0.128954    0.136266    1.003781 ^ output7/X (sky130_fd_sc_hd__buf_2)
                                                         gpio_out[18] (net)
                      0.128984    0.001613    1.005394 ^ gpio_out[18] (out)
                                              1.005394   data arrival time

                                  0.000000    0.000000   clock gpio_in[38] (rise edge)
                                  0.000000    0.000000   clock network delay (propagated)
                                  0.250000    0.250000   clock uncertainty
                                  0.000000    0.250000   clock reconvergence pessimism
                                 -5.000000   -4.750000   output external delay
                                             -4.750000   data required time
---------------------------------------------------------------------------------------------
                                             -4.750000   data required time
                                             -1.005394   data arrival time
---------------------------------------------------------------------------------------------
                                              5.755394   slack (MET)


Startpoint: _087_ (rising edge-triggered flip-flop clocked by gpio_in[38])
Endpoint: gpio_out[2] (output port clocked by gpio_in[38])
Path Group: gpio_in[38]
Path Type: min

Fanout         Cap        Slew       Delay        Time   Description
---------------------------------------------------------------------------------------------
                                  0.000000    0.000000   clock gpio_in[38] (rise edge)
                                  0.000000    0.000000   clock source latency
     2    0.100428    0.341701    0.258105    0.258105 ^ gpio_in[38] (in)
                                                         gpio_in[38] (net)
                      0.353612    0.000000    0.258105 ^ clkbuf_0_gpio_in[38]/A (sky130_fd_sc_hd__clkbuf_16)
     5    0.068103    0.070956    0.159489    0.417594 ^ clkbuf_0_gpio_in[38]/X (sky130_fd_sc_hd__clkbuf_16)
                                                         clknet_0_gpio_in[38] (net)
                      0.072310    0.007592    0.425187 ^ clkbuf_1_0__f_gpio_in[38]/A (sky130_fd_sc_hd__clkbuf_16)
    25    0.085453    0.077730    0.120857    0.546043 ^ clkbuf_1_0__f_gpio_in[38]/X (sky130_fd_sc_hd__clkbuf_16)
                                                         clknet_1_0__leaf_gpio_in[38] (net)
                      0.090106    0.023208    0.569251 ^ _087_/CLK (sky130_fd_sc_hd__dfrtp_2)
     3    0.010100    0.048934    0.245066    0.814317 ^ _087_/Q (sky130_fd_sc_hd__dfrtp_2)
                                                         gpio_18_21_bidir[18].cfg.gpio_out_val (net)
                      0.048943    0.000651    0.814968 ^ _655_/A (sky130_fd_sc_hd__clkbuf_1)
     1    0.002444    0.029472    0.053126    0.868094 ^ _655_/X (sky130_fd_sc_hd__clkbuf_1)
                                                         net19 (net)
                      0.029472    0.000165    0.868259 ^ output19/A (sky130_fd_sc_hd__buf_2)
     1    0.034441    0.128927    0.136534    1.004793 ^ output19/X (sky130_fd_sc_hd__buf_2)
                                                         gpio_out[2] (net)
                      0.128956    0.001613    1.006406 ^ gpio_out[2] (out)
                                              1.006406   data arrival time

                                  0.000000    0.000000   clock gpio_in[38] (rise edge)
                                  0.000000    0.000000   clock network delay (propagated)
                                  0.250000    0.250000   clock uncertainty
                                  0.000000    0.250000   clock reconvergence pessimism
                                 -5.000000   -4.750000   output external delay
                                             -4.750000   data required time
---------------------------------------------------------------------------------------------
                                             -4.750000   data required time
                                             -1.006406   data arrival time
---------------------------------------------------------------------------------------------
                                              5.756406   slack (MET)


Startpoint: _102_ (rising edge-triggered flip-flop clocked by gpio_in[38])
Endpoint: gpio_out[33] (output port clocked by gpio_in[38])
Path Group: gpio_in[38]
Path Type: min

Fanout         Cap        Slew       Delay        Time   Description
---------------------------------------------------------------------------------------------
                                  0.000000    0.000000   clock gpio_in[38] (rise edge)
                                  0.000000    0.000000   clock source latency
     2    0.100428    0.341701    0.258105    0.258105 ^ gpio_in[38] (in)
                                                         gpio_in[38] (net)
                      0.353612    0.000000    0.258105 ^ clkbuf_0_gpio_in[38]/A (sky130_fd_sc_hd__clkbuf_16)
     5    0.068103    0.070956    0.159489    0.417594 ^ clkbuf_0_gpio_in[38]/X (sky130_fd_sc_hd__clkbuf_16)
                                                         clknet_0_gpio_in[38] (net)
                      0.072310    0.007592    0.425187 ^ clkbuf_1_0__f_gpio_in[38]/A (sky130_fd_sc_hd__clkbuf_16)
    25    0.085453    0.077730    0.120857    0.546043 ^ clkbuf_1_0__f_gpio_in[38]/X (sky130_fd_sc_hd__clkbuf_16)
                                                         clknet_1_0__leaf_gpio_in[38] (net)
                      0.092406    0.025440    0.571484 ^ _102_/CLK (sky130_fd_sc_hd__dfrtp_1)
     3    0.009061    0.048537    0.260937    0.832421 v _102_/Q (sky130_fd_sc_hd__dfrtp_1)
                                                         gpio_22_37_output[33].cfg.gpio_out_val (net)
                      0.048542    0.000512    0.832933 v _674_/A (sky130_fd_sc_hd__clkbuf_1)
     1    0.003728    0.021832    0.066928    0.899861 v _674_/X (sky130_fd_sc_hd__clkbuf_1)
                                                         net23 (net)
                      0.021834    0.000223    0.900084 v output23/A (sky130_fd_sc_hd__buf_2)
     1    0.034377    0.062928    0.113481    1.013565 v output23/X (sky130_fd_sc_hd__buf_2)
                                                         gpio_out[33] (net)
                      0.062978    0.001592    1.015157 v gpio_out[33] (out)
                                              1.015157   data arrival time

                                  0.000000    0.000000   clock gpio_in[38] (rise edge)
                                  0.000000    0.000000   clock network delay (propagated)
                                  0.250000    0.250000   clock uncertainty
                                  0.000000    0.250000   clock reconvergence pessimism
                                 -5.000000   -4.750000   output external delay
                                             -4.750000   data required time
---------------------------------------------------------------------------------------------
                                             -4.750000   data required time
                                             -1.015157   data arrival time
---------------------------------------------------------------------------------------------
                                              5.765157   slack (MET)


Startpoint: _090_ (rising edge-triggered flip-flop clocked by gpio_in[38])
Endpoint: gpio_out[5] (output port clocked by gpio_in[38])
Path Group: gpio_in[38]
Path Type: min

Fanout         Cap        Slew       Delay        Time   Description
---------------------------------------------------------------------------------------------
                                  0.000000    0.000000   clock gpio_in[38] (rise edge)
                                  0.000000    0.000000   clock source latency
     2    0.100428    0.341701    0.258105    0.258105 ^ gpio_in[38] (in)
                                                         gpio_in[38] (net)
                      0.353612    0.000000    0.258105 ^ clkbuf_0_gpio_in[38]/A (sky130_fd_sc_hd__clkbuf_16)
     5    0.068103    0.070956    0.159489    0.417594 ^ clkbuf_0_gpio_in[38]/X (sky130_fd_sc_hd__clkbuf_16)
                                                         clknet_0_gpio_in[38] (net)
                      0.072310    0.007592    0.425187 ^ clkbuf_1_0__f_gpio_in[38]/A (sky130_fd_sc_hd__clkbuf_16)
    25    0.085453    0.077730    0.120857    0.546043 ^ clkbuf_1_0__f_gpio_in[38]/X (sky130_fd_sc_hd__clkbuf_16)
                                                         clknet_1_0__leaf_gpio_in[38] (net)
                      0.091011    0.024098    0.570142 ^ _090_/CLK (sky130_fd_sc_hd__dfrtp_1)
     3    0.007817    0.044232    0.256049    0.826191 v _090_/Q (sky130_fd_sc_hd__dfrtp_1)
                                                         gpio_18_21_bidir[21].cfg.gpio_out_val (net)
                      0.044237    0.000484    0.826675 v _658_/A (sky130_fd_sc_hd__clkbuf_1)
     1    0.006838    0.032958    0.074841    0.901517 v _658_/X (sky130_fd_sc_hd__clkbuf_1)
                                                         net30 (net)
                      0.032963    0.000405    0.901921 v output30/A (sky130_fd_sc_hd__buf_2)
     1    0.034441    0.063036    0.117952    1.019873 v output30/X (sky130_fd_sc_hd__buf_2)
                                                         gpio_out[5] (net)
                      0.063087    0.001609    1.021482 v gpio_out[5] (out)
                                              1.021482   data arrival time

                                  0.000000    0.000000   clock gpio_in[38] (rise edge)
                                  0.000000    0.000000   clock network delay (propagated)
                                  0.250000    0.250000   clock uncertainty
                                  0.000000    0.250000   clock reconvergence pessimism
                                 -5.000000   -4.750000   output external delay
                                             -4.750000   data required time
---------------------------------------------------------------------------------------------
                                             -4.750000   data required time
                                             -1.021482   data arrival time
---------------------------------------------------------------------------------------------
                                              5.771482   slack (MET)


Startpoint: _088_ (rising edge-triggered flip-flop clocked by gpio_in[38])
Endpoint: gpio_out[19] (output port clocked by gpio_in[38])
Path Group: gpio_in[38]
Path Type: min

Fanout         Cap        Slew       Delay        Time   Description
---------------------------------------------------------------------------------------------
                                  0.000000    0.000000   clock gpio_in[38] (rise edge)
                                  0.000000    0.000000   clock source latency
     2    0.100428    0.341701    0.258105    0.258105 ^ gpio_in[38] (in)
                                                         gpio_in[38] (net)
                      0.353612    0.000000    0.258105 ^ clkbuf_0_gpio_in[38]/A (sky130_fd_sc_hd__clkbuf_16)
     5    0.068103    0.070956    0.159489    0.417594 ^ clkbuf_0_gpio_in[38]/X (sky130_fd_sc_hd__clkbuf_16)
                                                         clknet_0_gpio_in[38] (net)
                      0.072310    0.007592    0.425187 ^ clkbuf_1_0__f_gpio_in[38]/A (sky130_fd_sc_hd__clkbuf_16)
    25    0.085453    0.077730    0.120857    0.546043 ^ clkbuf_1_0__f_gpio_in[38]/X (sky130_fd_sc_hd__clkbuf_16)
                                                         clknet_1_0__leaf_gpio_in[38] (net)
                      0.090668    0.023763    0.569806 ^ _088_/CLK (sky130_fd_sc_hd__dfrtp_1)
     5    0.013634    0.060587    0.274317    0.844124 v _088_/Q (sky130_fd_sc_hd__dfrtp_1)
                                                         gpio_18_21_bidir[19].cfg.gpio_out_val (net)
                      0.060600    0.000869    0.844993 v _660_/A (sky130_fd_sc_hd__clkbuf_1)
     1    0.002535    0.017957    0.067020    0.912013 v _660_/X (sky130_fd_sc_hd__clkbuf_1)
                                                         net8 (net)
                      0.017959    0.000164    0.912176 v output8/A (sky130_fd_sc_hd__buf_2)
     1    0.034449    0.063011    0.112186    1.024362 v output8/X (sky130_fd_sc_hd__buf_2)
                                                         gpio_out[19] (net)
                      0.063061    0.001610    1.025972 v gpio_out[19] (out)
                                              1.025972   data arrival time

                                  0.000000    0.000000   clock gpio_in[38] (rise edge)
                                  0.000000    0.000000   clock network delay (propagated)
                                  0.250000    0.250000   clock uncertainty
                                  0.000000    0.250000   clock reconvergence pessimism
                                 -5.000000   -4.750000   output external delay
                                             -4.750000   data required time
---------------------------------------------------------------------------------------------
                                             -4.750000   data required time
                                             -1.025972   data arrival time
---------------------------------------------------------------------------------------------
                                              5.775972   slack (MET)


Startpoint: _099_ (rising edge-triggered flip-flop clocked by gpio_in[38])
Endpoint: gpio_out[30] (output port clocked by gpio_in[38])
Path Group: gpio_in[38]
Path Type: min

Fanout         Cap        Slew       Delay        Time   Description
---------------------------------------------------------------------------------------------
                                  0.000000    0.000000   clock gpio_in[38] (rise edge)
                                  0.000000    0.000000   clock source latency
     2    0.100428    0.341701    0.258105    0.258105 ^ gpio_in[38] (in)
                                                         gpio_in[38] (net)
                      0.353612    0.000000    0.258105 ^ clkbuf_0_gpio_in[38]/A (sky130_fd_sc_hd__clkbuf_16)
     5    0.068103    0.070956    0.159489    0.417594 ^ clkbuf_0_gpio_in[38]/X (sky130_fd_sc_hd__clkbuf_16)
                                                         clknet_0_gpio_in[38] (net)
                      0.072310    0.007592    0.425187 ^ clkbuf_1_0__f_gpio_in[38]/A (sky130_fd_sc_hd__clkbuf_16)
    25    0.085453    0.077730    0.120857    0.546043 ^ clkbuf_1_0__f_gpio_in[38]/X (sky130_fd_sc_hd__clkbuf_16)
                                                         clknet_1_0__leaf_gpio_in[38] (net)
                      0.092336    0.025374    0.571417 ^ _099_/CLK (sky130_fd_sc_hd__dfrtp_1)
     5    0.012037    0.055879    0.270594    0.842011 v _099_/Q (sky130_fd_sc_hd__dfrtp_1)
                                                         gpio_22_37_output[30].cfg.gpio_out_val (net)
                      0.055885    0.000599    0.842610 v _671_/A (sky130_fd_sc_hd__clkbuf_1)
     1    0.003896    0.022523    0.070263    0.912872 v _671_/X (sky130_fd_sc_hd__clkbuf_1)
                                                         net20 (net)
                      0.022525    0.000260    0.913132 v output20/A (sky130_fd_sc_hd__buf_2)
     1    0.034858    0.063666    0.114253    1.027385 v output20/X (sky130_fd_sc_hd__buf_2)
                                                         gpio_out[30] (net)
                      0.063722    0.001704    1.029088 v gpio_out[30] (out)
                                              1.029088   data arrival time

                                  0.000000    0.000000   clock gpio_in[38] (rise edge)
                                  0.000000    0.000000   clock network delay (propagated)
                                  0.250000    0.250000   clock uncertainty
                                  0.000000    0.250000   clock reconvergence pessimism
                                 -5.000000   -4.750000   output external delay
                                             -4.750000   data required time
---------------------------------------------------------------------------------------------
                                             -4.750000   data required time
                                             -1.029088   data arrival time
---------------------------------------------------------------------------------------------
                                              5.779088   slack (MET)


Startpoint: _093_ (rising edge-triggered flip-flop clocked by gpio_in[38])
Endpoint: gpio_out[24] (output port clocked by gpio_in[38])
Path Group: gpio_in[38]
Path Type: min

Fanout         Cap        Slew       Delay        Time   Description
---------------------------------------------------------------------------------------------
                                  0.000000    0.000000   clock gpio_in[38] (rise edge)
                                  0.000000    0.000000   clock source latency
     2    0.100428    0.341701    0.258105    0.258105 ^ gpio_in[38] (in)
                                                         gpio_in[38] (net)
                      0.353612    0.000000    0.258105 ^ clkbuf_0_gpio_in[38]/A (sky130_fd_sc_hd__clkbuf_16)
     5    0.068103    0.070956    0.159489    0.417594 ^ clkbuf_0_gpio_in[38]/X (sky130_fd_sc_hd__clkbuf_16)
                                                         clknet_0_gpio_in[38] (net)
                      0.072254    0.007417    0.425011 ^ clkbuf_1_1__f_gpio_in[38]/A (sky130_fd_sc_hd__clkbuf_16)
    19    0.072617    0.068623    0.119730    0.544741 ^ clkbuf_1_1__f_gpio_in[38]/X (sky130_fd_sc_hd__clkbuf_16)
                                                         clknet_1_1__leaf_gpio_in[38] (net)
                      0.075676    0.016808    0.561549 ^ _093_/CLK (sky130_fd_sc_hd__dfrtp_1)
     3    0.010358    0.051637    0.261212    0.822761 v _093_/Q (sky130_fd_sc_hd__dfrtp_1)
                                                         gpio_22_37_output[24].cfg.gpio_out_val (net)
                      0.051646    0.000701    0.823462 v _665_/A (sky130_fd_sc_hd__buf_1)
     1    0.008795    0.039858    0.083784    0.907246 v _665_/X (sky130_fd_sc_hd__buf_1)
                                                         net13 (net)
                      0.039878    0.000832    0.908078 v output13/A (sky130_fd_sc_hd__buf_2)
     1    0.034495    0.063132    0.120735    1.028813 v output13/X (sky130_fd_sc_hd__buf_2)
                                                         gpio_out[24] (net)
                      0.063187    0.001678    1.030491 v gpio_out[24] (out)
                                              1.030491   data arrival time

                                  0.000000    0.000000   clock gpio_in[38] (rise edge)
                                  0.000000    0.000000   clock network delay (propagated)
                                  0.250000    0.250000   clock uncertainty
                                  0.000000    0.250000   clock reconvergence pessimism
                                 -5.000000   -4.750000   output external delay
                                             -4.750000   data required time
---------------------------------------------------------------------------------------------
                                             -4.750000   data required time
                                             -1.030491   data arrival time
---------------------------------------------------------------------------------------------
                                              5.780491   slack (MET)


Startpoint: _100_ (rising edge-triggered flip-flop clocked by gpio_in[38])
Endpoint: gpio_out[31] (output port clocked by gpio_in[38])
Path Group: gpio_in[38]
Path Type: min

Fanout         Cap        Slew       Delay        Time   Description
---------------------------------------------------------------------------------------------
                                  0.000000    0.000000   clock gpio_in[38] (rise edge)
                                  0.000000    0.000000   clock source latency
     2    0.100428    0.341701    0.258105    0.258105 ^ gpio_in[38] (in)
                                                         gpio_in[38] (net)
                      0.353612    0.000000    0.258105 ^ clkbuf_0_gpio_in[38]/A (sky130_fd_sc_hd__clkbuf_16)
     5    0.068103    0.070956    0.159489    0.417594 ^ clkbuf_0_gpio_in[38]/X (sky130_fd_sc_hd__clkbuf_16)
                                                         clknet_0_gpio_in[38] (net)
                      0.072310    0.007592    0.425187 ^ clkbuf_1_0__f_gpio_in[38]/A (sky130_fd_sc_hd__clkbuf_16)
    25    0.085453    0.077730    0.120857    0.546043 ^ clkbuf_1_0__f_gpio_in[38]/X (sky130_fd_sc_hd__clkbuf_16)
                                                         clknet_1_0__leaf_gpio_in[38] (net)
                      0.092674    0.025695    0.571738 ^ _100_/CLK (sky130_fd_sc_hd__dfrtp_1)
     4    0.014264    0.062539    0.276641    0.848379 v _100_/Q (sky130_fd_sc_hd__dfrtp_1)
                                                         gpio_22_37_output[31].cfg.gpio_out_val (net)
                      0.062542    0.000509    0.848889 v _672_/A (sky130_fd_sc_hd__clkbuf_1)
     1    0.002760    0.018810    0.068525    0.917414 v _672_/X (sky130_fd_sc_hd__clkbuf_1)
                                                         net21 (net)
                      0.018811    0.000176    0.917590 v output21/A (sky130_fd_sc_hd__buf_2)
     1    0.034782    0.063528    0.112840    1.030430 v output21/X (sky130_fd_sc_hd__buf_2)
                                                         gpio_out[31] (net)
                      0.063584    0.001702    1.032132 v gpio_out[31] (out)
                                              1.032132   data arrival time

                                  0.000000    0.000000   clock gpio_in[38] (rise edge)
                                  0.000000    0.000000   clock network delay (propagated)
                                  0.250000    0.250000   clock uncertainty
                                  0.000000    0.250000   clock reconvergence pessimism
                                 -5.000000   -4.750000   output external delay
                                             -4.750000   data required time
---------------------------------------------------------------------------------------------
                                             -4.750000   data required time
                                             -1.032132   data arrival time
---------------------------------------------------------------------------------------------
                                              5.782132   slack (MET)


Startpoint: _097_ (rising edge-triggered flip-flop clocked by gpio_in[38])
Endpoint: gpio_out[28] (output port clocked by gpio_in[38])
Path Group: gpio_in[38]
Path Type: min

Fanout         Cap        Slew       Delay        Time   Description
---------------------------------------------------------------------------------------------
                                  0.000000    0.000000   clock gpio_in[38] (rise edge)
                                  0.000000    0.000000   clock source latency
     2    0.100428    0.341701    0.258105    0.258105 ^ gpio_in[38] (in)
                                                         gpio_in[38] (net)
                      0.353612    0.000000    0.258105 ^ clkbuf_0_gpio_in[38]/A (sky130_fd_sc_hd__clkbuf_16)
     5    0.068103    0.070956    0.159489    0.417594 ^ clkbuf_0_gpio_in[38]/X (sky130_fd_sc_hd__clkbuf_16)
                                                         clknet_0_gpio_in[38] (net)
                      0.072310    0.007592    0.425187 ^ clkbuf_1_0__f_gpio_in[38]/A (sky130_fd_sc_hd__clkbuf_16)
    25    0.085453    0.077730    0.120857    0.546043 ^ clkbuf_1_0__f_gpio_in[38]/X (sky130_fd_sc_hd__clkbuf_16)
                                                         clknet_1_0__leaf_gpio_in[38] (net)
                      0.089883    0.022986    0.569029 ^ _097_/CLK (sky130_fd_sc_hd__dfrtp_1)
     2    0.006467    0.039633    0.250920    0.819949 v _097_/Q (sky130_fd_sc_hd__dfrtp_1)
                                                         gpio_22_37_output[28].cfg.gpio_out_val (net)
                      0.039633    0.000466    0.820415 v _669_/A (sky130_fd_sc_hd__buf_1)
     1    0.014771    0.061798    0.095854    0.916270 v _669_/X (sky130_fd_sc_hd__buf_1)
                                                         net17 (net)
                      0.061878    0.001613    0.917883 v output17/A (sky130_fd_sc_hd__buf_2)
     1    0.034370    0.062956    0.129508    1.047391 v output17/X (sky130_fd_sc_hd__buf_2)
                                                         gpio_out[28] (net)
                      0.063005    0.001592    1.048983 v gpio_out[28] (out)
                                              1.048983   data arrival time

                                  0.000000    0.000000   clock gpio_in[38] (rise edge)
                                  0.000000    0.000000   clock network delay (propagated)
                                  0.250000    0.250000   clock uncertainty
                                  0.000000    0.250000   clock reconvergence pessimism
                                 -5.000000   -4.750000   output external delay
                                             -4.750000   data required time
---------------------------------------------------------------------------------------------
                                             -4.750000   data required time
                                             -1.048983   data arrival time
---------------------------------------------------------------------------------------------
                                              5.798983   slack (MET)


Startpoint: _101_ (rising edge-triggered flip-flop clocked by gpio_in[38])
Endpoint: gpio_out[32] (output port clocked by gpio_in[38])
Path Group: gpio_in[38]
Path Type: min

Fanout         Cap        Slew       Delay        Time   Description
---------------------------------------------------------------------------------------------
                                  0.000000    0.000000   clock gpio_in[38] (rise edge)
                                  0.000000    0.000000   clock source latency
     2    0.100428    0.341701    0.258105    0.258105 ^ gpio_in[38] (in)
                                                         gpio_in[38] (net)
                      0.353612    0.000000    0.258105 ^ clkbuf_0_gpio_in[38]/A (sky130_fd_sc_hd__clkbuf_16)
     5    0.068103    0.070956    0.159489    0.417594 ^ clkbuf_0_gpio_in[38]/X (sky130_fd_sc_hd__clkbuf_16)
                                                         clknet_0_gpio_in[38] (net)
                      0.072310    0.007592    0.425187 ^ clkbuf_1_0__f_gpio_in[38]/A (sky130_fd_sc_hd__clkbuf_16)
    25    0.085453    0.077730    0.120857    0.546043 ^ clkbuf_1_0__f_gpio_in[38]/X (sky130_fd_sc_hd__clkbuf_16)
                                                         clknet_1_0__leaf_gpio_in[38] (net)
                      0.092557    0.025584    0.571627 ^ _101_/CLK (sky130_fd_sc_hd__dfrtp_1)
     4    0.015362    0.065847    0.279518    0.851145 v _101_/Q (sky130_fd_sc_hd__dfrtp_1)
                                                         gpio_22_37_output[32].cfg.gpio_out_val (net)
                      0.065856    0.000802    0.851947 v _673_/A (sky130_fd_sc_hd__clkbuf_1)
     1    0.007959    0.037450    0.086389    0.938336 v _673_/X (sky130_fd_sc_hd__clkbuf_1)
                                                         net22 (net)
                      0.037459    0.000545    0.938881 v output22/A (sky130_fd_sc_hd__buf_2)
     1    0.034441    0.063037    0.119753    1.058634 v output22/X (sky130_fd_sc_hd__buf_2)
                                                         gpio_out[32] (net)
                      0.063088    0.001609    1.060243 v gpio_out[32] (out)
                                              1.060243   data arrival time

                                  0.000000    0.000000   clock gpio_in[38] (rise edge)
                                  0.000000    0.000000   clock network delay (propagated)
                                  0.250000    0.250000   clock uncertainty
                                  0.000000    0.250000   clock reconvergence pessimism
                                 -5.000000   -4.750000   output external delay
                                             -4.750000   data required time
---------------------------------------------------------------------------------------------
                                             -4.750000   data required time
                                             -1.060243   data arrival time
---------------------------------------------------------------------------------------------
                                              5.810244   slack (MET)


Startpoint: _096_ (rising edge-triggered flip-flop clocked by gpio_in[38])
Endpoint: gpio_out[27] (output port clocked by gpio_in[38])
Path Group: gpio_in[38]
Path Type: min

Fanout         Cap        Slew       Delay        Time   Description
---------------------------------------------------------------------------------------------
                                  0.000000    0.000000   clock gpio_in[38] (rise edge)
                                  0.000000    0.000000   clock source latency
     2    0.100428    0.341701    0.258105    0.258105 ^ gpio_in[38] (in)
                                                         gpio_in[38] (net)
                      0.353612    0.000000    0.258105 ^ clkbuf_0_gpio_in[38]/A (sky130_fd_sc_hd__clkbuf_16)
     5    0.068103    0.070956    0.159489    0.417594 ^ clkbuf_0_gpio_in[38]/X (sky130_fd_sc_hd__clkbuf_16)
                                                         clknet_0_gpio_in[38] (net)
                      0.072310    0.007592    0.425187 ^ clkbuf_1_0__f_gpio_in[38]/A (sky130_fd_sc_hd__clkbuf_16)
    25    0.085453    0.077730    0.120857    0.546043 ^ clkbuf_1_0__f_gpio_in[38]/X (sky130_fd_sc_hd__clkbuf_16)
                                                         clknet_1_0__leaf_gpio_in[38] (net)
                      0.089943    0.023046    0.569089 ^ _096_/CLK (sky130_fd_sc_hd__dfrtp_1)
     4    0.011459    0.054222    0.268413    0.837502 v _096_/Q (sky130_fd_sc_hd__dfrtp_1)
                                                         gpio_22_37_output[27].cfg.gpio_out_val (net)
                      0.054229    0.000601    0.838103 v _668_/A (sky130_fd_sc_hd__buf_1)
     1    0.014485    0.060867    0.101119    0.939222 v _668_/X (sky130_fd_sc_hd__buf_1)
                                                         net16 (net)
                      0.060901    0.001324    0.940546 v output16/A (sky130_fd_sc_hd__buf_2)
     1    0.034370    0.062953    0.129111    1.069656 v output16/X (sky130_fd_sc_hd__buf_2)
                                                         gpio_out[27] (net)
                      0.063002    0.001592    1.071248 v gpio_out[27] (out)
                                              1.071248   data arrival time

                                  0.000000    0.000000   clock gpio_in[38] (rise edge)
                                  0.000000    0.000000   clock network delay (propagated)
                                  0.250000    0.250000   clock uncertainty
                                  0.000000    0.250000   clock reconvergence pessimism
                                 -5.000000   -4.750000   output external delay
                                             -4.750000   data required time
---------------------------------------------------------------------------------------------
                                             -4.750000   data required time
                                             -1.071248   data arrival time
---------------------------------------------------------------------------------------------
                                              5.821249   slack (MET)


Startpoint: _103_ (rising edge-triggered flip-flop clocked by gpio_in[38])
Endpoint: gpio_out[34] (output port clocked by gpio_in[38])
Path Group: gpio_in[38]
Path Type: min

Fanout         Cap        Slew       Delay        Time   Description
---------------------------------------------------------------------------------------------
                                  0.000000    0.000000   clock gpio_in[38] (rise edge)
                                  0.000000    0.000000   clock source latency
     2    0.100428    0.341701    0.258105    0.258105 ^ gpio_in[38] (in)
                                                         gpio_in[38] (net)
                      0.353612    0.000000    0.258105 ^ clkbuf_0_gpio_in[38]/A (sky130_fd_sc_hd__clkbuf_16)
     5    0.068103    0.070956    0.159489    0.417594 ^ clkbuf_0_gpio_in[38]/X (sky130_fd_sc_hd__clkbuf_16)
                                                         clknet_0_gpio_in[38] (net)
                      0.072254    0.007417    0.425011 ^ clkbuf_1_1__f_gpio_in[38]/A (sky130_fd_sc_hd__clkbuf_16)
    19    0.072617    0.068623    0.119730    0.544741 ^ clkbuf_1_1__f_gpio_in[38]/X (sky130_fd_sc_hd__clkbuf_16)
                                                         clknet_1_1__leaf_gpio_in[38] (net)
                      0.074626    0.015401    0.560142 ^ _103_/CLK (sky130_fd_sc_hd__dfrtp_1)
     3    0.009307    0.049550    0.257063    0.817205 v _103_/Q (sky130_fd_sc_hd__dfrtp_1)
                                                         gpio_22_37_output[34].cfg.gpio_out_val (net)
                      0.049562    0.000740    0.817945 v _675_/A (sky130_fd_sc_hd__clkbuf_2)
     3    0.026336    0.072790    0.118509    0.936454 v _675_/X (sky130_fd_sc_hd__clkbuf_2)
                                                         net24 (net)
                      0.073021    0.003370    0.939824 v output24/A (sky130_fd_sc_hd__buf_2)
     1    0.034537    0.063257    0.134163    1.073987 v output24/X (sky130_fd_sc_hd__buf_2)
                                                         gpio_out[34] (net)
                      0.063313    0.001697    1.075685 v gpio_out[34] (out)
                                              1.075685   data arrival time

                                  0.000000    0.000000   clock gpio_in[38] (rise edge)
                                  0.000000    0.000000   clock network delay (propagated)
                                  0.250000    0.250000   clock uncertainty
                                  0.000000    0.250000   clock reconvergence pessimism
                                 -5.000000   -4.750000   output external delay
                                             -4.750000   data required time
---------------------------------------------------------------------------------------------
                                             -4.750000   data required time
                                             -1.075685   data arrival time
---------------------------------------------------------------------------------------------
                                              5.825685   slack (MET)


Startpoint: _104_ (rising edge-triggered flip-flop clocked by gpio_in[38])
Endpoint: gpio_out[35] (output port clocked by gpio_in[38])
Path Group: gpio_in[38]
Path Type: min

Fanout         Cap        Slew       Delay        Time   Description
---------------------------------------------------------------------------------------------
                                  0.000000    0.000000   clock gpio_in[38] (rise edge)
                                  0.000000    0.000000   clock source latency
     2    0.100428    0.341701    0.258105    0.258105 ^ gpio_in[38] (in)
                                                         gpio_in[38] (net)
                      0.353612    0.000000    0.258105 ^ clkbuf_0_gpio_in[38]/A (sky130_fd_sc_hd__clkbuf_16)
     5    0.068103    0.070956    0.159489    0.417594 ^ clkbuf_0_gpio_in[38]/X (sky130_fd_sc_hd__clkbuf_16)
                                                         clknet_0_gpio_in[38] (net)
                      0.072254    0.007417    0.425011 ^ clkbuf_1_1__f_gpio_in[38]/A (sky130_fd_sc_hd__clkbuf_16)
    19    0.072617    0.068623    0.119730    0.544741 ^ clkbuf_1_1__f_gpio_in[38]/X (sky130_fd_sc_hd__clkbuf_16)
                                                         clknet_1_1__leaf_gpio_in[38] (net)
                      0.074638    0.015417    0.560158 ^ _104_/CLK (sky130_fd_sc_hd__dfrtp_1)
     3    0.008901    0.048036    0.255712    0.815871 v _104_/Q (sky130_fd_sc_hd__dfrtp_1)
                                                         gpio_22_37_output[35].cfg.gpio_out_val (net)
                      0.048041    0.000516    0.816386 v _676_/A (sky130_fd_sc_hd__clkbuf_2)
     3    0.029837    0.081674    0.123542    0.939928 v _676_/X (sky130_fd_sc_hd__clkbuf_2)
                                                         net25 (net)
                      0.081999    0.004248    0.944176 v output25/A (sky130_fd_sc_hd__buf_2)
     1    0.034582    0.063350    0.137867    1.082043 v output25/X (sky130_fd_sc_hd__buf_2)
                                                         gpio_out[35] (net)
                      0.063407    0.001703    1.083745 v gpio_out[35] (out)
                                              1.083745   data arrival time

                                  0.000000    0.000000   clock gpio_in[38] (rise edge)
                                  0.000000    0.000000   clock network delay (propagated)
                                  0.250000    0.250000   clock uncertainty
                                  0.000000    0.250000   clock reconvergence pessimism
                                 -5.000000   -4.750000   output external delay
                                             -4.750000   data required time
---------------------------------------------------------------------------------------------
                                             -4.750000   data required time
                                             -1.083745   data arrival time
---------------------------------------------------------------------------------------------
                                              5.833745   slack (MET)


Startpoint: _105_ (rising edge-triggered flip-flop clocked by gpio_in[38])
Endpoint: gpio_out[36] (output port clocked by gpio_in[38])
Path Group: gpio_in[38]
Path Type: min

Fanout         Cap        Slew       Delay        Time   Description
---------------------------------------------------------------------------------------------
                                  0.000000    0.000000   clock gpio_in[38] (rise edge)
                                  0.000000    0.000000   clock source latency
     2    0.100428    0.341701    0.258105    0.258105 ^ gpio_in[38] (in)
                                                         gpio_in[38] (net)
                      0.353612    0.000000    0.258105 ^ clkbuf_0_gpio_in[38]/A (sky130_fd_sc_hd__clkbuf_16)
     5    0.068103    0.070956    0.159489    0.417594 ^ clkbuf_0_gpio_in[38]/X (sky130_fd_sc_hd__clkbuf_16)
                                                         clknet_0_gpio_in[38] (net)
                      0.072254    0.007417    0.425011 ^ clkbuf_1_1__f_gpio_in[38]/A (sky130_fd_sc_hd__clkbuf_16)
    19    0.072617    0.068623    0.119730    0.544741 ^ clkbuf_1_1__f_gpio_in[38]/X (sky130_fd_sc_hd__clkbuf_16)
                                                         clknet_1_1__leaf_gpio_in[38] (net)
                      0.074650    0.015434    0.560176 ^ _105_/CLK (sky130_fd_sc_hd__dfrtp_1)
     3    0.009515    0.050229    0.257911    0.818087 v _105_/Q (sky130_fd_sc_hd__dfrtp_1)
                                                         gpio_22_37_output[36].cfg.gpio_out_val (net)
                      0.050236    0.000581    0.818667 v _677_/A (sky130_fd_sc_hd__clkbuf_1)
     3    0.022823    0.092366    0.122545    0.941213 v _677_/X (sky130_fd_sc_hd__clkbuf_1)
                                                         net26 (net)
                      0.092512    0.002763    0.943976 v output26/A (sky130_fd_sc_hd__buf_2)
     1    0.034599    0.063404    0.142161    1.086136 v output26/X (sky130_fd_sc_hd__buf_2)
                                                         gpio_out[36] (net)
                      0.063461    0.001703    1.087839 v gpio_out[36] (out)
                                              1.087839   data arrival time

                                  0.000000    0.000000   clock gpio_in[38] (rise edge)
                                  0.000000    0.000000   clock network delay (propagated)
                                  0.250000    0.250000   clock uncertainty
                                  0.000000    0.250000   clock reconvergence pessimism
                                 -5.000000   -4.750000   output external delay
                                             -4.750000   data required time
---------------------------------------------------------------------------------------------
                                             -4.750000   data required time
                                             -1.087839   data arrival time
---------------------------------------------------------------------------------------------
                                              5.837839   slack (MET)


Startpoint: _088_ (rising edge-triggered flip-flop clocked by gpio_in[38])
Endpoint: gpio_out[3] (output port clocked by gpio_in[38])
Path Group: gpio_in[38]
Path Type: min

Fanout         Cap        Slew       Delay        Time   Description
---------------------------------------------------------------------------------------------
                                  0.000000    0.000000   clock gpio_in[38] (rise edge)
                                  0.000000    0.000000   clock source latency
     2    0.100428    0.341701    0.258105    0.258105 ^ gpio_in[38] (in)
                                                         gpio_in[38] (net)
                      0.353612    0.000000    0.258105 ^ clkbuf_0_gpio_in[38]/A (sky130_fd_sc_hd__clkbuf_16)
     5    0.068103    0.070956    0.159489    0.417594 ^ clkbuf_0_gpio_in[38]/X (sky130_fd_sc_hd__clkbuf_16)
                                                         clknet_0_gpio_in[38] (net)
                      0.072310    0.007592    0.425187 ^ clkbuf_1_0__f_gpio_in[38]/A (sky130_fd_sc_hd__clkbuf_16)
    25    0.085453    0.077730    0.120857    0.546043 ^ clkbuf_1_0__f_gpio_in[38]/X (sky130_fd_sc_hd__clkbuf_16)
                                                         clknet_1_0__leaf_gpio_in[38] (net)
                      0.090668    0.023763    0.569806 ^ _088_/CLK (sky130_fd_sc_hd__dfrtp_1)
     5    0.013634    0.060587    0.274317    0.844124 v _088_/Q (sky130_fd_sc_hd__dfrtp_1)
                                                         gpio_18_21_bidir[19].cfg.gpio_out_val (net)
                      0.060601    0.000885    0.845009 v _656_/A (sky130_fd_sc_hd__buf_1)
     1    0.017834    0.073209    0.112774    0.957783 v _656_/X (sky130_fd_sc_hd__buf_1)
                                                         net28 (net)
                      0.073299    0.001839    0.959622 v output28/A (sky130_fd_sc_hd__buf_2)
     1    0.034377    0.062999    0.134157    1.093779 v output28/X (sky130_fd_sc_hd__buf_2)
                                                         gpio_out[3] (net)
                      0.063049    0.001592    1.095371 v gpio_out[3] (out)
                                              1.095371   data arrival time

                                  0.000000    0.000000   clock gpio_in[38] (rise edge)
                                  0.000000    0.000000   clock network delay (propagated)
                                  0.250000    0.250000   clock uncertainty
                                  0.000000    0.250000   clock reconvergence pessimism
                                 -5.000000   -4.750000   output external delay
                                             -4.750000   data required time
---------------------------------------------------------------------------------------------
                                             -4.750000   data required time
                                             -1.095371   data arrival time
---------------------------------------------------------------------------------------------
                                              5.845371   slack (MET)


Startpoint: _095_ (rising edge-triggered flip-flop clocked by gpio_in[38])
Endpoint: gpio_out[26] (output port clocked by gpio_in[38])
Path Group: gpio_in[38]
Path Type: min

Fanout         Cap        Slew       Delay        Time   Description
---------------------------------------------------------------------------------------------
                                  0.000000    0.000000   clock gpio_in[38] (rise edge)
                                  0.000000    0.000000   clock source latency
     2    0.100428    0.341701    0.258105    0.258105 ^ gpio_in[38] (in)
                                                         gpio_in[38] (net)
                      0.353612    0.000000    0.258105 ^ clkbuf_0_gpio_in[38]/A (sky130_fd_sc_hd__clkbuf_16)
     5    0.068103    0.070956    0.159489    0.417594 ^ clkbuf_0_gpio_in[38]/X (sky130_fd_sc_hd__clkbuf_16)
                                                         clknet_0_gpio_in[38] (net)
                      0.072310    0.007592    0.425187 ^ clkbuf_1_0__f_gpio_in[38]/A (sky130_fd_sc_hd__clkbuf_16)
    25    0.085453    0.077730    0.120857    0.546043 ^ clkbuf_1_0__f_gpio_in[38]/X (sky130_fd_sc_hd__clkbuf_16)
                                                         clknet_1_0__leaf_gpio_in[38] (net)
                      0.086843    0.019770    0.565813 ^ _095_/CLK (sky130_fd_sc_hd__dfrtp_2)
     3    0.011731    0.044798    0.274243    0.840056 v _095_/Q (sky130_fd_sc_hd__dfrtp_2)
                                                         gpio_22_37_output[26].cfg.gpio_out_val (net)
                      0.044865    0.000706    0.840763 v _667_/A (sky130_fd_sc_hd__buf_6)
     3    0.111819    0.060372    0.113753    0.954516 v _667_/X (sky130_fd_sc_hd__buf_6)
                                                         net15 (net)
                      0.125746    0.054316    1.008832 v output15/A (sky130_fd_sc_hd__buf_2)
     1    0.034495    0.063424    0.155313    1.164145 v output15/X (sky130_fd_sc_hd__buf_2)
                                                         gpio_out[26] (net)
                      0.063479    0.001678    1.165823 v gpio_out[26] (out)
                                              1.165823   data arrival time

                                  0.000000    0.000000   clock gpio_in[38] (rise edge)
                                  0.000000    0.000000   clock network delay (propagated)
                                  0.250000    0.250000   clock uncertainty
                                  0.000000    0.250000   clock reconvergence pessimism
                                 -5.000000   -4.750000   output external delay
                                             -4.750000   data required time
---------------------------------------------------------------------------------------------
                                             -4.750000   data required time
                                             -1.165823   data arrival time
---------------------------------------------------------------------------------------------
                                              5.915823   slack (MET)


Startpoint: gpio_in[0] (input port clocked by gpio_in[38])
Endpoint: gpio_oeb[19] (output port clocked by gpio_in[38])
Path Group: gpio_in[38]
Path Type: min

Fanout         Cap        Slew       Delay        Time   Description
---------------------------------------------------------------------------------------------
                                  0.000000    0.000000   clock gpio_in[38] (rise edge)
                                  0.000000    0.000000   clock network delay (propagated)
                                  5.000000    5.000000 ^ input external delay
     2    0.004221    0.019000    0.011011    5.011011 ^ gpio_in[0] (in)
                                                         gpio_in[0] (net)
                      0.019002    0.000000    5.011011 ^ input1/A (sky130_fd_sc_hd__clkbuf_4)
     3    0.050529    0.120012    0.140764    5.151775 ^ input1/X (sky130_fd_sc_hd__clkbuf_4)
                                                         net1 (net)
                      0.122523    0.013772    5.165546 ^ _044_/A (sky130_fd_sc_hd__inv_2)
     9    0.048832    0.086507    0.088491    5.254037 v _044_/Y (sky130_fd_sc_hd__inv_2)
                                                         bidir_oeb (net)
                      0.089232    0.012033    5.266070 v _652_/A (sky130_fd_sc_hd__clkbuf_1)
     1    0.002093    0.017465    0.074999    5.341069 v _652_/X (sky130_fd_sc_hd__clkbuf_1)
                                                         net4 (net)
                      0.017475    0.000144    5.341213 v output4/A (sky130_fd_sc_hd__buf_2)
     1    0.034377    0.062899    0.111937    5.453150 v output4/X (sky130_fd_sc_hd__buf_2)
                                                         gpio_oeb[19] (net)
                      0.062948    0.001592    5.454741 v gpio_oeb[19] (out)
                                              5.454741   data arrival time

                                  0.000000    0.000000   clock gpio_in[38] (rise edge)
                                  0.000000    0.000000   clock network delay (propagated)
                                  0.250000    0.250000   clock uncertainty
                                  0.000000    0.250000   clock reconvergence pessimism
                                 -5.000000   -4.750000   output external delay
                                             -4.750000   data required time
---------------------------------------------------------------------------------------------
                                             -4.750000   data required time
                                             -5.454741   data arrival time
---------------------------------------------------------------------------------------------
                                             10.204742   slack (MET)


Startpoint: gpio_in[0] (input port clocked by gpio_in[38])
Endpoint: gpio_oeb[20] (output port clocked by gpio_in[38])
Path Group: gpio_in[38]
Path Type: min

Fanout         Cap        Slew       Delay        Time   Description
---------------------------------------------------------------------------------------------
                                  0.000000    0.000000   clock gpio_in[38] (rise edge)
                                  0.000000    0.000000   clock network delay (propagated)
                                  5.000000    5.000000 ^ input external delay
     2    0.004221    0.019000    0.011011    5.011011 ^ gpio_in[0] (in)
                                                         gpio_in[0] (net)
                      0.019002    0.000000    5.011011 ^ input1/A (sky130_fd_sc_hd__clkbuf_4)
     3    0.050529    0.120012    0.140764    5.151775 ^ input1/X (sky130_fd_sc_hd__clkbuf_4)
                                                         net1 (net)
                      0.122523    0.013772    5.165546 ^ _044_/A (sky130_fd_sc_hd__inv_2)
     9    0.048832    0.086507    0.088491    5.254037 v _044_/Y (sky130_fd_sc_hd__inv_2)
                                                         bidir_oeb (net)
                      0.089215    0.011995    5.266032 v _653_/A (sky130_fd_sc_hd__clkbuf_1)
     1    0.002096    0.017475    0.075007    5.341039 v _653_/X (sky130_fd_sc_hd__clkbuf_1)
                                                         net5 (net)
                      0.017485    0.000144    5.341183 v output5/A (sky130_fd_sc_hd__buf_2)
     1    0.034441    0.062997    0.112009    5.453192 v output5/X (sky130_fd_sc_hd__buf_2)
                                                         gpio_oeb[20] (net)
                      0.063047    0.001609    5.454802 v gpio_oeb[20] (out)
                                              5.454802   data arrival time

                                  0.000000    0.000000   clock gpio_in[38] (rise edge)
                                  0.000000    0.000000   clock network delay (propagated)
                                  0.250000    0.250000   clock uncertainty
                                  0.000000    0.250000   clock reconvergence pessimism
                                 -5.000000   -4.750000   output external delay
                                             -4.750000   data required time
---------------------------------------------------------------------------------------------
                                             -4.750000   data required time
                                             -5.454802   data arrival time
---------------------------------------------------------------------------------------------
                                             10.204802   slack (MET)


Startpoint: gpio_in[0] (input port clocked by gpio_in[38])
Endpoint: gpio_oeb[18] (output port clocked by gpio_in[38])
Path Group: gpio_in[38]
Path Type: min

Fanout         Cap        Slew       Delay        Time   Description
---------------------------------------------------------------------------------------------
                                  0.000000    0.000000   clock gpio_in[38] (rise edge)
                                  0.000000    0.000000   clock network delay (propagated)
                                  5.000000    5.000000 ^ input external delay
     2    0.004221    0.019000    0.011011    5.011011 ^ gpio_in[0] (in)
                                                         gpio_in[0] (net)
                      0.019002    0.000000    5.011011 ^ input1/A (sky130_fd_sc_hd__clkbuf_4)
     3    0.050529    0.120012    0.140764    5.151775 ^ input1/X (sky130_fd_sc_hd__clkbuf_4)
                                                         net1 (net)
                      0.122523    0.013772    5.165546 ^ _044_/A (sky130_fd_sc_hd__inv_2)
     9    0.048832    0.086507    0.088491    5.254037 v _044_/Y (sky130_fd_sc_hd__inv_2)
                                                         bidir_oeb (net)
                      0.088964    0.011429    5.265466 v _651_/A (sky130_fd_sc_hd__clkbuf_1)
     1    0.002520    0.018885    0.076588    5.342054 v _651_/X (sky130_fd_sc_hd__clkbuf_1)
                                                         net3 (net)
                      0.018886    0.000160    5.342215 v output3/A (sky130_fd_sc_hd__buf_2)
     1    0.034449    0.063017    0.112514    5.454729 v output3/X (sky130_fd_sc_hd__buf_2)
                                                         gpio_oeb[18] (net)
                      0.063068    0.001610    5.456339 v gpio_oeb[18] (out)
                                              5.456339   data arrival time

                                  0.000000    0.000000   clock gpio_in[38] (rise edge)
                                  0.000000    0.000000   clock network delay (propagated)
                                  0.250000    0.250000   clock uncertainty
                                  0.000000    0.250000   clock reconvergence pessimism
                                 -5.000000   -4.750000   output external delay
                                             -4.750000   data required time
---------------------------------------------------------------------------------------------
                                             -4.750000   data required time
                                             -5.456339   data arrival time
---------------------------------------------------------------------------------------------
                                             10.206339   slack (MET)


Startpoint: gpio_in[0] (input port clocked by gpio_in[38])
Endpoint: gpio_oeb[21] (output port clocked by gpio_in[38])
Path Group: gpio_in[38]
Path Type: min

Fanout         Cap        Slew       Delay        Time   Description
---------------------------------------------------------------------------------------------
                                  0.000000    0.000000   clock gpio_in[38] (rise edge)
                                  0.000000    0.000000   clock network delay (propagated)
                                  5.000000    5.000000 ^ input external delay
     2    0.004221    0.019000    0.011011    5.011011 ^ gpio_in[0] (in)
                                                         gpio_in[0] (net)
                      0.019002    0.000000    5.011011 ^ input1/A (sky130_fd_sc_hd__clkbuf_4)
     3    0.050529    0.120012    0.140764    5.151775 ^ input1/X (sky130_fd_sc_hd__clkbuf_4)
                                                         net1 (net)
                      0.122523    0.013772    5.165546 ^ _044_/A (sky130_fd_sc_hd__inv_2)
     9    0.048832    0.086507    0.088491    5.254037 v _044_/Y (sky130_fd_sc_hd__inv_2)
                                                         bidir_oeb (net)
                      0.089233    0.012034    5.266072 v _654_/A (sky130_fd_sc_hd__clkbuf_1)
     1    0.006014    0.030937    0.088523    5.354595 v _654_/X (sky130_fd_sc_hd__clkbuf_1)
                                                         net6 (net)
                      0.030940    0.000336    5.354931 v output6/A (sky130_fd_sc_hd__buf_2)
     1    0.034449    0.063047    0.117150    5.472081 v output6/X (sky130_fd_sc_hd__buf_2)
                                                         gpio_oeb[21] (net)
                      0.063097    0.001610    5.473691 v gpio_oeb[21] (out)
                                              5.473691   data arrival time

                                  0.000000    0.000000   clock gpio_in[38] (rise edge)
                                  0.000000    0.000000   clock network delay (propagated)
                                  0.250000    0.250000   clock uncertainty
                                  0.000000    0.250000   clock reconvergence pessimism
                                 -5.000000   -4.750000   output external delay
                                             -4.750000   data required time
---------------------------------------------------------------------------------------------
                                             -4.750000   data required time
                                             -5.473691   data arrival time
---------------------------------------------------------------------------------------------
                                             10.223691   slack (MET)



