
===========================================================================
report_checks -unconstrained
===========================================================================
======================= max_ss_100C_1v60 Corner ===================================

Startpoint: gpio_in[0] (input port clocked by __VIRTUAL_CLK__)
Endpoint: gpio_oeb[21] (output port clocked by __VIRTUAL_CLK__)
Path Group: __VIRTUAL_CLK__
Path Type: max

Fanout         Cap        Slew       Delay        Time   Description
---------------------------------------------------------------------------------------------
                      0.000000    0.000000    0.000000   clock __VIRTUAL_CLK__ (rise edge)
                                  0.000000    0.000000   clock network delay (ideal)
                                  2.000000    2.000000 v input external delay
     1    0.379134    1.579898    1.197936    3.197936 v gpio_in[0] (in)
                                                         gpio_in[0] (net)
                      1.590210    0.000000    3.197936 v mprj/gpio_in[0] (counter_gpio_config_example)
     1    0.724505    2.884354    2.117212    5.315147 ^ mprj/gpio_oeb[21] (counter_gpio_config_example)
                                                         gpio_oeb[21] (net)
                      5.181239    2.112976    7.428123 ^ gpio_oeb[21] (out)
                                              7.428123   data arrival time

                      0.000000   10.000000   10.000000   clock __VIRTUAL_CLK__ (rise edge)
                                  0.000000   10.000000   clock network delay (ideal)
                                 -0.250000    9.750000   clock uncertainty
                                  0.000000    9.750000   clock reconvergence pessimism
                                 -2.000000    7.750000   output external delay
                                              7.750000   data required time
---------------------------------------------------------------------------------------------
                                              7.750000   data required time
                                             -7.428123   data arrival time
---------------------------------------------------------------------------------------------
                                              0.321877   slack (MET)




===========================================================================
report_checks --slack_max -0.01
============================================================================
======================= max_ss_100C_1v60 Corner ===================================

No paths found.


===========================================================================
 report_check_types -max_slew -max_cap -max_fanout -violators
============================================================================
======================= max_ss_100C_1v60 Corner ===================================

max slew

Pin                                        Limit        Slew       Slack
------------------------------------------------------------------------
mprj/gpio_in[8]                         0.500000   10.112465   -9.612465 (VIOLATED)
mprj/gpio_in[9]                         0.500000    9.635819   -9.135819 (VIOLATED)
mprj/gpio_in[15]                        0.500000    9.505972   -9.005972 (VIOLATED)
gpio_analog_en[16]                      0.500000    9.272704   -8.772704 (VIOLATED)
mprj/gpio_in[7]                         0.500000    8.382127   -7.882126 (VIOLATED)
gpio_analog_sel[15]                     0.500000    7.646914   -7.146914 (VIOLATED)
mprj/gpio_in[16]                        0.500000    7.565795   -7.065795 (VIOLATED)
mprj/gpio_in[24]                        0.500000    7.536435   -7.036435 (VIOLATED)
gpio_dm1[16]                            0.500000    7.479381   -6.979381 (VIOLATED)
mprj/gpio_in[14]                        0.500000    7.419697   -6.919697 (VIOLATED)
gpio_ib_mode_sel[14]                    0.500000    7.129241   -6.629241 (VIOLATED)
gpio_in[8]                              0.500000    7.018196   -6.518196 (VIOLATED)
gpio_oeb[14]                            0.500000    6.840135   -6.340134 (VIOLATED)
mprj/gpio_in[12]                        0.500000    6.820846   -6.320846 (VIOLATED)
gpio_in[9]                              0.500000    6.465504   -5.965504 (VIOLATED)
gpio_dm2[14]                            0.500000    6.344559   -5.844559 (VIOLATED)
gpio_dm2[16]                            0.500000    6.287040   -5.787040 (VIOLATED)
gpio_holdover[17]                       0.500000    6.155759   -5.655759 (VIOLATED)
mprj/gpio_in[11]                        0.500000    6.138011   -5.638011 (VIOLATED)
gpio_dm1[18]                            0.500000    6.061794   -5.561794 (VIOLATED)
gpio_in[14]                             0.500000    6.043510   -5.543510 (VIOLATED)
gpio_analog_sel[16]                     0.500000    5.961799   -5.461799 (VIOLATED)
gpio_in[12]                             0.500000    5.841462   -5.341462 (VIOLATED)
gpio_in[7]                              0.500000    5.802066   -5.302065 (VIOLATED)
gpio_dm0[11]                            0.500000    5.567038   -5.067038 (VIOLATED)
gpio_analog_en[15]                      0.500000    5.521999   -5.021999 (VIOLATED)
gpio_in[15]                             0.500000    5.455184   -4.955184 (VIOLATED)
gpio_analog_sel[20]                     0.500000    5.415972   -4.915972 (VIOLATED)
gpio_analog_sel[22]                     0.500000    5.317367   -4.817367 (VIOLATED)
gpio_oeb[21]                            0.500000    5.181239   -4.681239 (VIOLATED)
gpio_dm0[13]                            0.500000    5.180882   -4.680882 (VIOLATED)
mprj/gpio_in[18]                        0.500000    5.158087   -4.658087 (VIOLATED)
gpio_out[19]                            0.500000    5.133492   -4.633492 (VIOLATED)
mprj/gpio_in[13]                        0.500000    5.125978   -4.625978 (VIOLATED)
gpio_in[24]                             0.500000    5.074857   -4.574857 (VIOLATED)
gpio_ib_mode_sel[16]                    0.500000    5.060777   -4.560777 (VIOLATED)
gpio_in[11]                             0.500000    5.046803   -4.546803 (VIOLATED)
mprj/gpio_in[22]                        0.500000    4.944788   -4.444788 (VIOLATED)
mprj/gpio_in[17]                        0.500000    4.916522   -4.416522 (VIOLATED)
gpio_in[22]                             0.500000    4.880346   -4.380346 (VIOLATED)
mprj/gpio_in[21]                        0.500000    4.833411   -4.333411 (VIOLATED)
gpio_in[16]                             0.500000    4.828179   -4.328179 (VIOLATED)
mprj/gpio_in[25]                        0.500000    4.797701   -4.297701 (VIOLATED)
gpio_in[21]                             0.500000    4.773974   -4.273974 (VIOLATED)
mprj/gpio_in[23]                        0.500000    4.719121   -4.219121 (VIOLATED)
gpio_in[13]                             0.500000    4.630093   -4.130093 (VIOLATED)
gpio_dm2[11]                            0.500000    4.622183   -4.122183 (VIOLATED)
gpio_oeb[18]                            0.500000    4.616329   -4.116329 (VIOLATED)
gpio_holdover[20]                       0.500000    4.609218   -4.109218 (VIOLATED)
gpio_out[5]                             0.500000    4.546109   -4.046108 (VIOLATED)
gpio_analog_en[19]                      0.500000    4.526020   -4.026020 (VIOLATED)
gpio_out[18]                            0.500000    4.495731   -3.995731 (VIOLATED)
gpio_analog_sel[11]                     0.500000    4.472773   -3.972772 (VIOLATED)
mprj/gpio_out[18]                       0.500000    4.455315   -3.955315 (VIOLATED)
mprj/gpio_in[20]                        0.500000    4.443894   -3.943894 (VIOLATED)
gpio_in[20]                             0.500000    4.383055   -3.883055 (VIOLATED)
mprj/gpio_out[5]                        0.500000    4.382708   -3.882708 (VIOLATED)
mprj/gpio_in[19]                        0.500000    4.381803   -3.881803 (VIOLATED)
mprj/gpio_in[10]                        0.500000    4.370040   -3.870040 (VIOLATED)
gpio_in[23]                             0.500000    4.370012   -3.870012 (VIOLATED)
gpio_analog_en[13]                      0.500000    4.368184   -3.868184 (VIOLATED)
gpio_in[19]                             0.500000    4.342643   -3.842643 (VIOLATED)
gpio_holdover[24]                       0.500000    4.315922   -3.815922 (VIOLATED)
mprj/gpio_in[4]                         0.500000    4.293558   -3.793558 (VIOLATED)
gpio_in[4]                              0.500000    4.250438   -3.750438 (VIOLATED)
mprj/gpio_in[26]                        0.500000    4.234148   -3.734148 (VIOLATED)
gpio_oeb[19]                            0.500000    4.227828   -3.727828 (VIOLATED)
gpio_out[20]                            0.500000    4.182966   -3.682966 (VIOLATED)
gpio_in[10]                             0.500000    4.172468   -3.672468 (VIOLATED)
gpio_analog_sel[9]                      0.500000    4.059046   -3.559046 (VIOLATED)
gpio_dm1[15]                            0.500000    3.903101   -3.403101 (VIOLATED)
gpio_oeb[13]                            0.500000    3.903100   -3.403100 (VIOLATED)
gpio_analog_pol[11]                     0.500000    3.898719   -3.398719 (VIOLATED)
gpio_in[25]                             0.500000    3.819287   -3.319287 (VIOLATED)
gpio_in[18]                             0.500000    3.801890   -3.301890 (VIOLATED)
gpio_holdover[10]                       0.500000    3.786421   -3.286421 (VIOLATED)
gpio_holdover[21]                       0.500000    3.779411   -3.279411 (VIOLATED)
gpio_analog_en[20]                      0.500000    3.759435   -3.259435 (VIOLATED)
mprj/gpio_in[27]                        0.500000    3.739331   -3.239331 (VIOLATED)
gpio_dm0[12]                            0.500000    3.699910   -3.199910 (VIOLATED)
gpio_in[17]                             0.500000    3.692213   -3.192213 (VIOLATED)
mprj/gpio_in[29]                        0.500000    3.688223   -3.188223 (VIOLATED)
gpio_analog_sel[12]                     0.500000    3.671381   -3.171381 (VIOLATED)
gpio_dm1[12]                            0.500000    3.649448   -3.149448 (VIOLATED)
gpio_analog_en[11]                      0.500000    3.551676   -3.051676 (VIOLATED)
gpio_analog_sel[10]                     0.500000    3.551433   -3.051433 (VIOLATED)
gpio_out[21]                            0.500000    3.530799   -3.030799 (VIOLATED)
mprj/gpio_in[6]                         0.500000    3.518336   -3.018336 (VIOLATED)
gpio_in[26]                             0.500000    3.514785   -3.014785 (VIOLATED)
gpio_in[6]                              0.500000    3.500192   -3.000192 (VIOLATED)
gpio_oeb[11]                            0.500000    3.456707   -2.956707 (VIOLATED)
gpio_dm0[9]                             0.500000    3.433153   -2.933153 (VIOLATED)
gpio_dm1[23]                            0.500000    3.420222   -2.920222 (VIOLATED)
gpio_inp_dis[12]                        0.500000    3.395693   -2.895693 (VIOLATED)
gpio_oeb[20]                            0.500000    3.367118   -2.867118 (VIOLATED)
gpio_holdover[13]                       0.500000    3.363308   -2.863308 (VIOLATED)
mprj/gpio_in[5]                         0.500000    3.362286   -2.862286 (VIOLATED)
mprj/gpio_in[28]                        0.500000    3.358141   -2.858141 (VIOLATED)
mprj/gpio_oeb[19]                       0.500000    3.348826   -2.848826 (VIOLATED)
mprj/gpio_in[3]                         0.500000    3.348703   -2.848703 (VIOLATED)
gpio_in[5]                              0.500000    3.343740   -2.843740 (VIOLATED)
gpio_dm2[9]                             0.500000    3.341601   -2.841601 (VIOLATED)
gpio_in[3]                              0.500000    3.322701   -2.822701 (VIOLATED)
gpio_inp_dis[13]                        0.500000    3.300333   -2.800333 (VIOLATED)
mprj/gpio_oeb[20]                       0.500000    3.299053   -2.799053 (VIOLATED)
gpio_ib_mode_sel[8]                     0.500000    3.283756   -2.783756 (VIOLATED)
gpio_out[2]                             0.500000    3.264317   -2.764317 (VIOLATED)
gpio_in[29]                             0.500000    3.245538   -2.745538 (VIOLATED)
mprj/gpio_out[19]                       0.500000    3.228115   -2.728115 (VIOLATED)
gpio_dm0[23]                            0.500000    3.201788   -2.701788 (VIOLATED)
mprj/gpio_in[30]                        0.500000    3.193861   -2.693861 (VIOLATED)
gpio_in[27]                             0.500000    3.171659   -2.671659 (VIOLATED)
gpio_oeb[17]                            0.500000    3.140616   -2.640615 (VIOLATED)
gpio_in[30]                             0.500000    3.126287   -2.626286 (VIOLATED)
mprj/gpio_oeb[18]                       0.500000    3.121185   -2.621185 (VIOLATED)
mprj/gpio_out[2]                        0.500000    3.038337   -2.538337 (VIOLATED)
gpio_out[4]                             0.500000    3.036625   -2.536625 (VIOLATED)
gpio_analog_en[22]                      0.500000    3.015501   -2.515501 (VIOLATED)
mprj/gpio_in[31]                        0.500000    3.007424   -2.507424 (VIOLATED)
mprj/gpio_out[4]                        0.500000    2.996725   -2.496724 (VIOLATED)
gpio_inp_dis[18]                        0.500000    2.956175   -2.456175 (VIOLATED)
gpio_ib_mode_sel[20]                    0.500000    2.943172   -2.443172 (VIOLATED)
gpio_in[28]                             0.500000    2.939824   -2.439824 (VIOLATED)
gpio_in[31]                             0.500000    2.922250   -2.422250 (VIOLATED)
gpio_out[24]                            0.500000    2.918061   -2.418061 (VIOLATED)
mprj/gpio_oeb[21]                       0.500000    2.884354   -2.384354 (VIOLATED)
gpio_out[28]                            0.500000    2.876680   -2.376680 (VIOLATED)
gpio_inp_dis[26]                        0.500000    2.858548   -2.358548 (VIOLATED)
gpio_holdover[8]                        0.500000    2.854414   -2.354414 (VIOLATED)
gpio_analog_sel[23]                     0.500000    2.834506   -2.334506 (VIOLATED)
gpio_dm1[10]                            0.500000    2.803664   -2.303664 (VIOLATED)
gpio_analog_en[21]                      0.500000    2.797003   -2.297003 (VIOLATED)
gpio_out[17]                            0.500000    2.793456   -2.293456 (VIOLATED)
gpio_holdover[9]                        0.500000    2.789255   -2.289255 (VIOLATED)
gpio_ib_mode_sel[9]                     0.500000    2.784369   -2.284369 (VIOLATED)
gpio_holdover[25]                       0.500000    2.780436   -2.280436 (VIOLATED)
gpio_dm1[22]                            0.500000    2.774795   -2.274795 (VIOLATED)
mprj/gpio_in[2]                         0.500000    2.766186   -2.266186 (VIOLATED)
gpio_in[2]                              0.500000    2.755263   -2.255263 (VIOLATED)
gpio_out[13]                            0.500000    2.718090   -2.218090 (VIOLATED)
gpio_out[27]                            0.500000    2.708446   -2.208446 (VIOLATED)
mprj/gpio_in[0]                         0.500000    2.680982   -2.180982 (VIOLATED)
gpio_in[0]                              0.500000    2.674945   -2.174945 (VIOLATED)
mprj/gpio_out[27]                       0.500000    2.674754   -2.174754 (VIOLATED)
gpio_analog_sel[19]                     0.500000    2.667609   -2.167609 (VIOLATED)
gpio_out[23]                            0.500000    2.657178   -2.157178 (VIOLATED)
gpio_analog_en[17]                      0.500000    2.639035   -2.139035 (VIOLATED)
gpio_ib_mode_sel[15]                    0.500000    2.630660   -2.130660 (VIOLATED)
mprj/gpio_out[28]                       0.500000    2.615132   -2.115132 (VIOLATED)
gpio_ib_mode_sel[7]                     0.500000    2.593239   -2.093239 (VIOLATED)
gpio_holdover[15]                       0.500000    2.568711   -2.068711 (VIOLATED)
mprj/gpio_out[21]                       0.500000    2.523947   -2.023947 (VIOLATED)
gpio_oeb[5]                             0.500000    2.511243   -2.011243 (VIOLATED)
mprj/gpio_out[20]                       0.500000    2.500400   -2.000400 (VIOLATED)
gpio_dm0[15]                            0.500000    2.478911   -1.978911 (VIOLATED)
mprj/gpio_in[1]                         0.500000    2.428182   -1.928182 (VIOLATED)
gpio_out[22]                            0.500000    2.428129   -1.928129 (VIOLATED)
gpio_in[1]                              0.500000    2.422868   -1.922868 (VIOLATED)
gpio_dm2[3]                             0.500000    2.408311   -1.908311 (VIOLATED)
gpio_analog_pol[15]                     0.500000    2.397646   -1.897646 (VIOLATED)
gpio_analog_pol[17]                     0.500000    2.390791   -1.890791 (VIOLATED)
gpio_out[3]                             0.500000    2.363009   -1.863009 (VIOLATED)
gpio_dm2[23]                            0.500000    2.331187   -1.831187 (VIOLATED)
gpio_inp_dis[25]                        0.500000    2.323362   -1.823362 (VIOLATED)
gpio_analog_en[18]                      0.500000    2.313004   -1.813004 (VIOLATED)
gpio_slow_sel[17]                       0.500000    2.307472   -1.807472 (VIOLATED)
gpio_dm0[16]                            0.500000    2.293040   -1.793040 (VIOLATED)
gpio_dm1[8]                             0.500000    2.286844   -1.786843 (VIOLATED)
gpio_ib_mode_sel[23]                    0.500000    2.283180   -1.783180 (VIOLATED)
gpio_oeb[22]                            0.500000    2.242663   -1.742663 (VIOLATED)
mprj/gpio_in[32]                        0.500000    2.202845   -1.702845 (VIOLATED)
mprj/gpio_out[3]                        0.500000    2.200999   -1.700999 (VIOLATED)
gpio_dm1[7]                             0.500000    2.195789   -1.695789 (VIOLATED)
gpio_in[32]                             0.500000    2.185557   -1.685557 (VIOLATED)
gpio_vtrip_sel[12]                      0.500000    2.182304   -1.682304 (VIOLATED)
gpio_out[26]                            0.500000    2.163683   -1.663683 (VIOLATED)
gpio_analog_sel[8]                      0.500000    2.162046   -1.662046 (VIOLATED)
gpio_ib_mode_sel[18]                    0.500000    2.146914   -1.646914 (VIOLATED)
gpio_vtrip_sel[13]                      0.500000    2.146807   -1.646807 (VIOLATED)
mprj/gpio_out[24]                       0.500000    2.142862   -1.642861 (VIOLATED)
gpio_oeb[12]                            0.500000    2.096565   -1.596565 (VIOLATED)
gpio_inp_dis[16]                        0.500000    2.095974   -1.595974 (VIOLATED)
gpio_out[29]                            0.500000    2.084705   -1.584705 (VIOLATED)
gpio_vtrip_sel[11]                      0.500000    2.049494   -1.549494 (VIOLATED)
gpio_slow_sel[16]                       0.500000    2.045962   -1.545962 (VIOLATED)
gpio_slow_sel[14]                       0.500000    2.031947   -1.531947 (VIOLATED)
gpio_inp_dis[15]                        0.500000    2.020409   -1.520409 (VIOLATED)
mprj/gpio_in[33]                        0.500000    2.019319   -1.519318 (VIOLATED)
gpio_in[33]                             0.500000    2.015765   -1.515765 (VIOLATED)
gpio_dm0[17]                            0.500000    1.985364   -1.485364 (VIOLATED)
gpio_out[25]                            0.500000    1.963016   -1.463016 (VIOLATED)
gpio_out[31]                            0.500000    1.961730   -1.461730 (VIOLATED)
gpio_holdover[4]                        0.500000    1.950539   -1.450539 (VIOLATED)
mprj/gpio_out[31]                       0.500000    1.948853   -1.448853 (VIOLATED)
gpio_inp_dis[17]                        0.500000    1.947169   -1.447169 (VIOLATED)
gpio_holdover[16]                       0.500000    1.933316   -1.433316 (VIOLATED)
gpio_dm2[17]                            0.500000    1.889645   -1.389645 (VIOLATED)
gpio_slow_sel[11]                       0.500000    1.882220   -1.382220 (VIOLATED)
gpio_out[30]                            0.500000    1.875074   -1.375074 (VIOLATED)
mprj/gpio_in[38]                        0.500000    1.867030   -1.367030 (VIOLATED)
mprj/gpio_in[34]                        0.500000    1.865046   -1.365046 (VIOLATED)
gpio_vtrip_sel[24]                      0.500000    1.864132   -1.364132 (VIOLATED)
gpio_in[34]                             0.500000    1.863038   -1.363038 (VIOLATED)
gpio_slow_sel[18]                       0.500000    1.860490   -1.360490 (VIOLATED)
gpio_in[38]                             0.500000    1.860005   -1.360005 (VIOLATED)
mprj/gpio_in[35]                        0.500000    1.848230   -1.348230 (VIOLATED)
gpio_inp_dis[28]                        0.500000    1.845578   -1.345578 (VIOLATED)
mprj/gpio_out[30]                       0.500000    1.843448   -1.343448 (VIOLATED)
gpio_vtrip_sel[15]                      0.500000    1.843127   -1.343127 (VIOLATED)
gpio_ib_mode_sel[22]                    0.500000    1.831209   -1.331209 (VIOLATED)
mprj/gpio_out[22]                       0.500000    1.829519   -1.329519 (VIOLATED)
gpio_analog_sel[18]                     0.500000    1.819310   -1.319310 (VIOLATED)
mprj/gpio_out[23]                       0.500000    1.814561   -1.314561 (VIOLATED)
gpio_dm0[4]                             0.500000    1.814104   -1.314104 (VIOLATED)
gpio_vtrip_sel[10]                      0.500000    1.809912   -1.309912 (VIOLATED)
gpio_out[33]                            0.500000    1.808197   -1.308197 (VIOLATED)
gpio_out[8]                             0.500000    1.801448   -1.301448 (VIOLATED)
gpio_in[35]                             0.500000    1.790496   -1.290496 (VIOLATED)
mprj/gpio_in[36]                        0.500000    1.780284   -1.280284 (VIOLATED)
gpio_oeb[15]                            0.500000    1.775564   -1.275564 (VIOLATED)
mprj/gpio_out[26]                       0.500000    1.774784   -1.274784 (VIOLATED)
gpio_analog_sel[17]                     0.500000    1.773248   -1.273248 (VIOLATED)
mprj/gpio_out[29]                       0.500000    1.764303   -1.264303 (VIOLATED)
gpio_in[36]                             0.500000    1.753539   -1.253539 (VIOLATED)
gpio_dm0[20]                            0.500000    1.753042   -1.253042 (VIOLATED)
gpio_ib_mode_sel[19]                    0.500000    1.750375   -1.250375 (VIOLATED)
gpio_analog_pol[19]                     0.500000    1.732997   -1.232997 (VIOLATED)
gpio_inp_dis[20]                        0.500000    1.727335   -1.227335 (VIOLATED)
gpio_oeb[24]                            0.500000    1.704760   -1.204760 (VIOLATED)
gpio_inp_dis[6]                         0.500000    1.691665   -1.191665 (VIOLATED)
gpio_inp_dis[21]                        0.500000    1.688296   -1.188296 (VIOLATED)
gpio_inp_dis[27]                        0.500000    1.688068   -1.188068 (VIOLATED)
gpio_analog_sel[25]                     0.500000    1.674177   -1.174177 (VIOLATED)
mprj/gpio_in[43]                        0.500000    1.666537   -1.166537 (VIOLATED)
gpio_in[43]                             0.500000    1.664588   -1.164588 (VIOLATED)
gpio_slow_sel[10]                       0.500000    1.661562   -1.161561 (VIOLATED)
gpio_out[32]                            0.500000    1.644775   -1.144775 (VIOLATED)
mprj/gpio_out[25]                       0.500000    1.643002   -1.143002 (VIOLATED)
gpio_analog_pol[24]                     0.500000    1.636164   -1.136164 (VIOLATED)
gpio_analog_pol[22]                     0.500000    1.635827   -1.135827 (VIOLATED)
mprj/gpio_out[33]                       0.500000    1.631271   -1.131271 (VIOLATED)
gpio_vtrip_sel[14]                      0.500000    1.593767   -1.093767 (VIOLATED)
gpio_analog_pol[41]                     0.500000    1.590375   -1.090375 (VIOLATED)
gpio_dm2[4]                             0.500000    1.565502   -1.065502 (VIOLATED)
gpio_dm2[21]                            0.500000    1.561937   -1.061937 (VIOLATED)
gpio_holdover[6]                        0.500000    1.552468   -1.052468 (VIOLATED)
gpio_analog_pol[23]                     0.500000    1.530379   -1.030379 (VIOLATED)
mprj/gpio_in[42]                        0.500000    1.515132   -1.015132 (VIOLATED)
gpio_analog_pol[18]                     0.500000    1.513020   -1.013020 (VIOLATED)
gpio_in[42]                             0.500000    1.510317   -1.010316 (VIOLATED)
mprj/gpio_in[37]                        0.500000    1.506647   -1.006647 (VIOLATED)
gpio_dm0[28]                            0.500000    1.501466   -1.001466 (VIOLATED)
gpio_dm1[21]                            0.500000    1.500987   -1.000987 (VIOLATED)
gpio_dm1[20]                            0.500000    1.498211   -0.998211 (VIOLATED)
gpio_in[37]                             0.500000    1.496189   -0.996189 (VIOLATED)
gpio_dm2[22]                            0.500000    1.495358   -0.995358 (VIOLATED)
gpio_holdover[18]                       0.500000    1.495158   -0.995158 (VIOLATED)
mprj/gpio_out[32]                       0.500000    1.490118   -0.990118 (VIOLATED)
gpio_ib_mode_sel[17]                    0.500000    1.489197   -0.989197 (VIOLATED)
gpio_analog_sel[21]                     0.500000    1.473421   -0.973421 (VIOLATED)
gpio_vtrip_sel[1]                       0.500000    1.461904   -0.961904 (VIOLATED)
gpio_analog_pol[20]                     0.500000    1.447910   -0.947910 (VIOLATED)
gpio_slow_sel[19]                       0.500000    1.446696   -0.946696 (VIOLATED)
gpio_inp_dis[22]                        0.500000    1.439955   -0.939955 (VIOLATED)
gpio_dm2[15]                            0.500000    1.431378   -0.931378 (VIOLATED)
gpio_oeb[23]                            0.500000    1.416131   -0.916131 (VIOLATED)
gpio_dm0[21]                            0.500000    1.407055   -0.907055 (VIOLATED)
gpio_holdover[19]                       0.500000    1.406169   -0.906169 (VIOLATED)
gpio_dm1[17]                            0.500000    1.400793   -0.900793 (VIOLATED)
gpio_oeb[16]                            0.500000    1.375249   -0.875249 (VIOLATED)
gpio_analog_pol[16]                     0.500000    1.374166   -0.874166 (VIOLATED)
gpio_dm1[24]                            0.500000    1.362120   -0.862120 (VIOLATED)
gpio_dm1[19]                            0.500000    1.361850   -0.861850 (VIOLATED)
gpio_out[16]                            0.500000    1.349911   -0.849911 (VIOLATED)
gpio_out[12]                            0.500000    1.348001   -0.848001 (VIOLATED)
gpio_analog_en[27]                      0.500000    1.322551   -0.822551 (VIOLATED)
gpio_dm2[6]                             0.500000    1.319531   -0.819531 (VIOLATED)
gpio_analog_pol[6]                      0.500000    1.293933   -0.793933 (VIOLATED)
gpio_analog_sel[4]                      0.500000    1.290694   -0.790694 (VIOLATED)
gpio_dm2[18]                            0.500000    1.288716   -0.788716 (VIOLATED)
gpio_analog_pol[21]                     0.500000    1.287415   -0.787415 (VIOLATED)
gpio_vtrip_sel[23]                      0.500000    1.272164   -0.772164 (VIOLATED)
gpio_inp_dis[23]                        0.500000    1.269097   -0.769097 (VIOLATED)
gpio_inp_dis[9]                         0.500000    1.258605   -0.758605 (VIOLATED)
mprj/gpio_in[40]                        0.500000    1.257120   -0.757120 (VIOLATED)
gpio_in[40]                             0.500000    1.254963   -0.754963 (VIOLATED)
gpio_vtrip_sel[18]                      0.500000    1.251800   -0.751800 (VIOLATED)
gpio_ib_mode_sel[25]                    0.500000    1.242166   -0.742166 (VIOLATED)
gpio_analog_sel[6]                      0.500000    1.241490   -0.741490 (VIOLATED)
gpio_dm0[19]                            0.500000    1.239016   -0.739016 (VIOLATED)
gpio_inp_dis[4]                         0.500000    1.237353   -0.737353 (VIOLATED)
gpio_dm2[19]                            0.500000    1.232733   -0.732733 (VIOLATED)
gpio_dm2[41]                            0.500000    1.218497   -0.718497 (VIOLATED)
gpio_dm0[22]                            0.500000    1.206496   -0.706496 (VIOLATED)
gpio_slow_sel[8]                        0.500000    1.196893   -0.696893 (VIOLATED)
gpio_dm0[18]                            0.500000    1.193848   -0.693848 (VIOLATED)
gpio_analog_en[42]                      0.500000    1.183894   -0.683894 (VIOLATED)
gpio_slow_sel[13]                       0.500000    1.175840   -0.675840 (VIOLATED)
mprj/gpio_in[41]                        0.500000    1.175772   -0.675772 (VIOLATED)
gpio_in[41]                             0.500000    1.174628   -0.674628 (VIOLATED)
gpio_out[11]                            0.500000    1.147364   -0.647364 (VIOLATED)
gpio_oeb[27]                            0.500000    1.113961   -0.613961 (VIOLATED)
gpio_vtrip_sel[17]                      0.500000    1.113243   -0.613243 (VIOLATED)
gpio_holdover[22]                       0.500000    1.104220   -0.604220 (VIOLATED)
gpio_dm1[26]                            0.500000    1.103382   -0.603382 (VIOLATED)
gpio_oeb[0]                             0.500000    1.100523   -0.600523 (VIOLATED)
gpio_slow_sel[12]                       0.500000    1.095242   -0.595242 (VIOLATED)
gpio_vtrip_sel[19]                      0.500000    1.078406   -0.578406 (VIOLATED)
gpio_inp_dis[19]                        0.500000    1.066449   -0.566449 (VIOLATED)
gpio_oeb[10]                            0.500000    1.046216   -0.546216 (VIOLATED)
gpio_slow_sel[23]                       0.500000    1.042930   -0.542930 (VIOLATED)
gpio_dm1[41]                            0.500000    1.038468   -0.538468 (VIOLATED)
gpio_ib_mode_sel[21]                    0.500000    1.029752   -0.529752 (VIOLATED)
gpio_analog_pol[26]                     0.500000    1.023007   -0.523007 (VIOLATED)
gpio_slow_sel[7]                        0.500000    1.022467   -0.522467 (VIOLATED)
gpio_slow_sel[22]                       0.500000    1.021933   -0.521933 (VIOLATED)
gpio_dm2[20]                            0.500000    1.017076   -0.517076 (VIOLATED)
gpio_analog_en[25]                      0.500000    1.014058   -0.514058 (VIOLATED)
gpio_analog_en[24]                      0.500000    1.009691   -0.509691 (VIOLATED)
gpio_analog_sel[24]                     0.500000    1.007548   -0.507548 (VIOLATED)
gpio_analog_en[9]                       0.500000    1.005661   -0.505661 (VIOLATED)
gpio_oeb[9]                             0.500000    1.003436   -0.503436 (VIOLATED)
gpio_slow_sel[25]                       0.500000    0.998572   -0.498572 (VIOLATED)
gpio_oeb[7]                             0.500000    0.996296   -0.496296 (VIOLATED)
gpio_vtrip_sel[26]                      0.500000    0.991231   -0.491231 (VIOLATED)
gpio_out[14]                            0.500000    0.982451   -0.482451 (VIOLATED)
gpio_out[37]                            0.500000    0.967900   -0.467900 (VIOLATED)
mprj/gpio_out[37]                       0.500000    0.962222   -0.462222 (VIOLATED)
gpio_slow_sel[15]                       0.500000    0.954898   -0.454898 (VIOLATED)
gpio_dm1[6]                             0.500000    0.933910   -0.433910 (VIOLATED)
gpio_slow_sel[20]                       0.500000    0.928080   -0.428080 (VIOLATED)
gpio_dm0[31]                            0.500000    0.920212   -0.420212 (VIOLATED)
gpio_vtrip_sel[0]                       0.500000    0.915705   -0.415705 (VIOLATED)
gpio_analog_en[4]                       0.500000    0.914711   -0.414711 (VIOLATED)
gpio_vtrip_sel[27]                      0.500000    0.904389   -0.404389 (VIOLATED)
gpio_dm0[5]                             0.500000    0.894075   -0.394075 (VIOLATED)
gpio_dm2[28]                            0.500000    0.883647   -0.383647 (VIOLATED)
gpio_inp_dis[14]                        0.500000    0.877360   -0.377360 (VIOLATED)
gpio_analog_sel[14]                     0.500000    0.874860   -0.374859 (VIOLATED)
gpio_vtrip_sel[16]                      0.500000    0.854692   -0.354692 (VIOLATED)
gpio_slow_sel[26]                       0.500000    0.847015   -0.347015 (VIOLATED)
gpio_out[1]                             0.500000    0.842622   -0.342622 (VIOLATED)
gpio_oeb[8]                             0.500000    0.839498   -0.339498 (VIOLATED)
gpio_analog_pol[13]                     0.500000    0.838572   -0.338572 (VIOLATED)
gpio_dm0[24]                            0.500000    0.826557   -0.326557 (VIOLATED)
gpio_out[9]                             0.500000    0.824792   -0.324792 (VIOLATED)
mprj/gpio_in[39]                        0.500000    0.821964   -0.321964 (VIOLATED)
gpio_in[39]                             0.500000    0.820889   -0.320889 (VIOLATED)
gpio_slow_sel[3]                        0.500000    0.820511   -0.320511 (VIOLATED)
gpio_vtrip_sel[7]                       0.500000    0.812868   -0.312868 (VIOLATED)
gpio_oeb[1]                             0.500000    0.802050   -0.302050 (VIOLATED)
gpio_out[36]                            0.500000    0.801884   -0.301884 (VIOLATED)
gpio_dm0[14]                            0.500000    0.800634   -0.300634 (VIOLATED)
mprj/gpio_out[36]                       0.500000    0.798182   -0.298182 (VIOLATED)
gpio_inp_dis[3]                         0.500000    0.785628   -0.285628 (VIOLATED)
gpio_inp_dis[0]                         0.500000    0.784902   -0.284902 (VIOLATED)
gpio_dm1[5]                             0.500000    0.778526   -0.278526 (VIOLATED)
gpio_analog_pol[0]                      0.500000    0.776694   -0.276694 (VIOLATED)
gpio_dm2[10]                            0.500000    0.776493   -0.276493 (VIOLATED)
gpio_vtrip_sel[28]                      0.500000    0.771816   -0.271816 (VIOLATED)
gpio_analog_en[14]                      0.500000    0.767793   -0.267793 (VIOLATED)
gpio_analog_en[40]                      0.500000    0.757551   -0.257551 (VIOLATED)
gpio_slow_sel[0]                        0.500000    0.756881   -0.256881 (VIOLATED)
gpio_analog_pol[2]                      0.500000    0.756471   -0.256471 (VIOLATED)
gpio_ib_mode_sel[13]                    0.500000    0.751346   -0.251346 (VIOLATED)
gpio_ib_mode_sel[24]                    0.500000    0.744242   -0.244242 (VIOLATED)
gpio_out[0]                             0.500000    0.743553   -0.243553 (VIOLATED)
gpio_slow_sel[24]                       0.500000    0.742527   -0.242527 (VIOLATED)
gpio_vtrip_sel[2]                       0.500000    0.734591   -0.234591 (VIOLATED)
gpio_oeb[6]                             0.500000    0.721642   -0.221642 (VIOLATED)
gpio_dm0[25]                            0.500000    0.721367   -0.221367 (VIOLATED)
gpio_vtrip_sel[6]                       0.500000    0.720694   -0.220694 (VIOLATED)
gpio_oeb[29]                            0.500000    0.718812   -0.218812 (VIOLATED)
gpio_oeb[26]                            0.500000    0.713845   -0.213845 (VIOLATED)
gpio_vtrip_sel[8]                       0.500000    0.712050   -0.212050 (VIOLATED)
gpio_inp_dis[42]                        0.500000    0.706945   -0.206945 (VIOLATED)
gpio_dm1[14]                            0.500000    0.706167   -0.206167 (VIOLATED)
gpio_holdover[14]                       0.500000    0.700563   -0.200563 (VIOLATED)
gpio_analog_en[3]                       0.500000    0.687263   -0.187263 (VIOLATED)
gpio_oeb[25]                            0.500000    0.685655   -0.185655 (VIOLATED)
gpio_analog_pol[14]                     0.500000    0.684002   -0.184002 (VIOLATED)
gpio_analog_en[12]                      0.500000    0.681532   -0.181532 (VIOLATED)
gpio_slow_sel[27]                       0.500000    0.679769   -0.179769 (VIOLATED)
gpio_inp_dis[11]                        0.500000    0.675344   -0.175344 (VIOLATED)
gpio_vtrip_sel[4]                       0.500000    0.673689   -0.173690 (VIOLATED)
gpio_ib_mode_sel[28]                    0.500000    0.671667   -0.171667 (VIOLATED)
gpio_dm1[43]                            0.500000    0.669111   -0.169111 (VIOLATED)
gpio_slow_sel[9]                        0.500000    0.654579   -0.154579 (VIOLATED)
gpio_out[10]                            0.500000    0.649395   -0.149395 (VIOLATED)
gpio_ib_mode_sel[32]                    0.500000    0.646692   -0.146692 (VIOLATED)
gpio_dm2[0]                             0.500000    0.646527   -0.146527 (VIOLATED)
gpio_out[41]                            0.500000    0.639392   -0.139392 (VIOLATED)
gpio_dm2[12]                            0.500000    0.638027   -0.138027 (VIOLATED)
gpio_out[7]                             0.500000    0.635515   -0.135515 (VIOLATED)
gpio_dm1[25]                            0.500000    0.631518   -0.131518 (VIOLATED)
gpio_analog_en[23]                      0.500000    0.630047   -0.130047 (VIOLATED)
gpio_ib_mode_sel[12]                    0.500000    0.622698   -0.122698 (VIOLATED)
gpio_dm1[42]                            0.500000    0.620246   -0.120246 (VIOLATED)
gpio_holdover[28]                       0.500000    0.616217   -0.116217 (VIOLATED)
gpio_out[6]                             0.500000    0.614062   -0.114062 (VIOLATED)
gpio_out[35]                            0.500000    0.608003   -0.108003 (VIOLATED)
mprj/gpio_out[35]                       0.500000    0.607594   -0.107594 (VIOLATED)
gpio_dm2[24]                            0.500000    0.604826   -0.104826 (VIOLATED)
gpio_dm0[43]                            0.500000    0.603523   -0.103523 (VIOLATED)
gpio_dm2[7]                             0.500000    0.597893   -0.097893 (VIOLATED)
gpio_holdover[31]                       0.500000    0.595444   -0.095444 (VIOLATED)
gpio_analog_pol[12]                     0.500000    0.591409   -0.091409 (VIOLATED)
gpio_ib_mode_sel[10]                    0.500000    0.588703   -0.088703 (VIOLATED)
gpio_ib_mode_sel[42]                    0.500000    0.584283   -0.084283 (VIOLATED)
gpio_vtrip_sel[9]                       0.500000    0.577852   -0.077852 (VIOLATED)
gpio_out[15]                            0.500000    0.577375   -0.077375 (VIOLATED)
gpio_slow_sel[21]                       0.500000    0.576395   -0.076395 (VIOLATED)
gpio_analog_pol[27]                     0.500000    0.570504   -0.070504 (VIOLATED)
gpio_analog_sel[13]                     0.500000    0.570155   -0.070155 (VIOLATED)
gpio_vtrip_sel[5]                       0.500000    0.557932   -0.057932 (VIOLATED)
gpio_dm1[13]                            0.500000    0.555040   -0.055040 (VIOLATED)
gpio_analog_sel[42]                     0.500000    0.551849   -0.051849 (VIOLATED)
gpio_analog_pol[7]                      0.500000    0.550185   -0.050185 (VIOLATED)
gpio_holdover[23]                       0.500000    0.545999   -0.045999 (VIOLATED)
gpio_ib_mode_sel[40]                    0.500000    0.539943   -0.039943 (VIOLATED)
gpio_vtrip_sel[20]                      0.500000    0.537499   -0.037499 (VIOLATED)
gpio_slow_sel[28]                       0.500000    0.537342   -0.037342 (VIOLATED)
gpio_out[43]                            0.500000    0.536512   -0.036512 (VIOLATED)
gpio_dm2[13]                            0.500000    0.534843   -0.034843 (VIOLATED)
gpio_dm0[26]                            0.500000    0.516994   -0.016994 (VIOLATED)
gpio_inp_dis[30]                        0.500000    0.516064   -0.016064 (VIOLATED)
gpio_inp_dis[8]                         0.500000    0.513400   -0.013400 (VIOLATED)
gpio_holdover[43]                       0.500000    0.512607   -0.012607 (VIOLATED)
gpio_out[34]                            0.500000    0.508497   -0.008497 (VIOLATED)
gpio_holdover[11]                       0.500000    0.508332   -0.008332 (VIOLATED)
mprj/gpio_out[34]                       0.500000    0.507671   -0.007671 (VIOLATED)
gpio_ib_mode_sel[43]                    0.500000    0.506810   -0.006810 (VIOLATED)
gpio_oeb[2]                             0.500000    0.502336   -0.002336 (VIOLATED)

max capacitance

Pin                                        Limit         Cap       Slack
------------------------------------------------------------------------
mprj/gpio_out[15]                       0.200000    1.355338   -1.155338 (VIOLATED)
mprj/gpio_analog_en[16]                 0.200000    1.334923   -1.134923 (VIOLATED)
mprj/gpio_ib_mode_sel[14]               0.200000    1.300040   -1.100040 (VIOLATED)
mprj/gpio_dm2[14]                       0.200000    1.195434   -0.995434 (VIOLATED)
mprj/gpio_oeb[14]                       0.200000    1.178889   -0.978889 (VIOLATED)
mprj/gpio_dm0[11]                       0.200000    1.178810   -0.978810 (VIOLATED)
mprj/gpio_holdover[17]                  0.200000    1.177137   -0.977138 (VIOLATED)
mprj/gpio_analog_sel[9]                 0.200000    1.123156   -0.923156 (VIOLATED)
mprj/gpio_analog_sel[15]                0.200000    1.121538   -0.921538 (VIOLATED)
mprj/gpio_analog_en[11]                 0.200000    1.112777   -0.912777 (VIOLATED)
mprj/gpio_dm2[11]                       0.200000    1.105877   -0.905877 (VIOLATED)
mprj/gpio_analog_sel[11]                0.200000    1.103407   -0.903407 (VIOLATED)
mprj/gpio_dm1[16]                       0.200000    1.094441   -0.894441 (VIOLATED)
mprj/gpio_dm1[18]                       0.200000    1.063888   -0.863888 (VIOLATED)
mprj/gpio_analog_en[9]                  0.200000    1.053093   -0.853093 (VIOLATED)
mprj/gpio_dm0[13]                       0.200000    1.033367   -0.833367 (VIOLATED)
mprj/gpio_vtrip_sel[10]                 0.200000    1.030681   -0.830681 (VIOLATED)
gpio_in[8]                              0.200000    1.030249   -0.830249 (VIOLATED)
mprj/gpio_analog_sel[20]                0.200000    1.020098   -0.820098 (VIOLATED)
mprj/gpio_dm2[9]                        0.200000    1.019709   -0.819709 (VIOLATED)
mprj/gpio_dm2[16]                       0.200000    1.018073   -0.818073 (VIOLATED)
mprj/gpio_analog_en[15]                 0.200000    1.009114   -0.809114 (VIOLATED)
mprj/gpio_analog_pol[0]                 0.200000    0.986559   -0.786559 (VIOLATED)
mprj/gpio_ib_mode_sel[16]               0.200000    0.973386   -0.773386 (VIOLATED)
mprj/gpio_analog_en[13]                 0.200000    0.973121   -0.773121 (VIOLATED)
gpio_in[9]                              0.200000    0.969366   -0.769366 (VIOLATED)
mprj/gpio_analog_sel[10]                0.200000    0.967086   -0.767086 (VIOLATED)
mprj/gpio_analog_pol[11]                0.200000    0.965248   -0.765248 (VIOLATED)
mprj/gpio_analog_pol[13]                0.200000    0.959174   -0.759174 (VIOLATED)
mprj/gpio_dm0[9]                        0.200000    0.958496   -0.758496 (VIOLATED)
mprj/gpio_analog_sel[16]                0.200000    0.956208   -0.756208 (VIOLATED)
mprj/gpio_dm0[14]                       0.200000    0.954998   -0.754998 (VIOLATED)
mprj/gpio_dm0[24]                       0.200000    0.952158   -0.752158 (VIOLATED)
mprj/gpio_holdover[10]                  0.200000    0.950712   -0.750712 (VIOLATED)
mprj/gpio_oeb[10]                       0.200000    0.948833   -0.748833 (VIOLATED)
mprj/gpio_out[14]                       0.200000    0.940589   -0.740589 (VIOLATED)
mprj/gpio_out[18]                       0.200000    0.939146   -0.739146 (VIOLATED)
mprj/gpio_analog_sel[22]                0.200000    0.934332   -0.734332 (VIOLATED)
mprj/gpio_analog_sel[12]                0.200000    0.921512   -0.721512 (VIOLATED)
mprj/gpio_slow_sel[16]                  0.200000    0.919108   -0.719108 (VIOLATED)
mprj/gpio_out[5]                        0.200000    0.913949   -0.713949 (VIOLATED)
mprj/gpio_dm0[12]                       0.200000    0.912272   -0.712272 (VIOLATED)
mprj/gpio_slow_sel[15]                  0.200000    0.909743   -0.709743 (VIOLATED)
mprj/gpio_analog_sel[14]                0.200000    0.905003   -0.705003 (VIOLATED)
mprj/gpio_inp_dis[14]                   0.200000    0.904075   -0.704075 (VIOLATED)
mprj/gpio_dm2[10]                       0.200000    0.902048   -0.702048 (VIOLATED)
mprj/gpio_vtrip_sel[14]                 0.200000    0.901304   -0.701304 (VIOLATED)
mprj/gpio_holdover[8]                   0.200000    0.900788   -0.700788 (VIOLATED)
mprj/gpio_dm1[12]                       0.200000    0.892226   -0.692226 (VIOLATED)
mprj/gpio_ib_mode_sel[8]                0.200000    0.892071   -0.692071 (VIOLATED)
gpio_in[14]                             0.200000    0.888546   -0.688546 (VIOLATED)
mprj/gpio_oeb[13]                       0.200000    0.887978   -0.687978 (VIOLATED)
mprj/gpio_holdover[20]                  0.200000    0.886001   -0.686001 (VIOLATED)
mprj/gpio_ib_mode_sel[13]               0.200000    0.884907   -0.684907 (VIOLATED)
gpio_in[15]                             0.200000    0.883697   -0.683697 (VIOLATED)
mprj/gpio_vtrip_sel[16]                 0.200000    0.879672   -0.679672 (VIOLATED)
mprj/gpio_inp_dis[13]                   0.200000    0.878856   -0.678856 (VIOLATED)
mprj/gpio_holdover[15]                  0.200000    0.874241   -0.674241 (VIOLATED)
mprj/gpio_analog_pol[17]                0.200000    0.871664   -0.671664 (VIOLATED)
mprj/gpio_analog_pol[15]                0.200000    0.870939   -0.670939 (VIOLATED)
mprj/gpio_dm2[0]                        0.200000    0.870224   -0.670224 (VIOLATED)
gpio_in[7]                              0.200000    0.864162   -0.664162 (VIOLATED)
mprj/gpio_analog_en[14]                 0.200000    0.863840   -0.663840 (VIOLATED)
mprj/gpio_holdover[9]                   0.200000    0.851919   -0.651919 (VIOLATED)
mprj/gpio_oeb[11]                       0.200000    0.849524   -0.649524 (VIOLATED)
mprj/gpio_ib_mode_sel[9]                0.200000    0.848834   -0.648834 (VIOLATED)
mprj/gpio_dm1[15]                       0.200000    0.848053   -0.648053 (VIOLATED)
mprj/gpio_inp_dis[12]                   0.200000    0.846151   -0.646151 (VIOLATED)
gpio_in[12]                             0.200000    0.845636   -0.645636 (VIOLATED)
mprj/gpio_analog_en[19]                 0.200000    0.842960   -0.642960 (VIOLATED)
mprj/gpio_dm1[10]                       0.200000    0.842435   -0.642435 (VIOLATED)
mprj/gpio_dm1[8]                        0.200000    0.835055   -0.635055 (VIOLATED)
mprj/gpio_slow_sel[14]                  0.200000    0.832227   -0.632227 (VIOLATED)
mprj/gpio_holdover[13]                  0.200000    0.831146   -0.631146 (VIOLATED)
mprj/gpio_inp_dis[11]                   0.200000    0.830399   -0.630399 (VIOLATED)
mprj/gpio_inp_dis[6]                    0.200000    0.825912   -0.625912 (VIOLATED)
mprj/gpio_ib_mode_sel[7]                0.200000    0.825819   -0.625819 (VIOLATED)
mprj/gpio_inp_dis[15]                   0.200000    0.819766   -0.619766 (VIOLATED)
mprj/gpio_dm0[16]                       0.200000    0.818157   -0.618157 (VIOLATED)
mprj/gpio_analog_en[24]                 0.200000    0.814089   -0.614089 (VIOLATED)
mprj/gpio_dm2[7]                        0.200000    0.813264   -0.613264 (VIOLATED)
mprj/gpio_dm1[14]                       0.200000    0.810961   -0.610960 (VIOLATED)
mprj/gpio_analog_en[12]                 0.200000    0.810005   -0.610005 (VIOLATED)
mprj/gpio_analog_pol[14]                0.200000    0.809956   -0.609956 (VIOLATED)
mprj/gpio_holdover[14]                  0.200000    0.808899   -0.608899 (VIOLATED)
mprj/gpio_ib_mode_sel[12]               0.200000    0.808312   -0.608312 (VIOLATED)
mprj/gpio_holdover[16]                  0.200000    0.806419   -0.606419 (VIOLATED)
mprj/gpio_holdover[24]                  0.200000    0.804819   -0.604819 (VIOLATED)
mprj/gpio_ib_mode_sel[18]               0.200000    0.803792   -0.603792 (VIOLATED)
mprj/gpio_slow_sel[13]                  0.200000    0.803720   -0.603720 (VIOLATED)
mprj/gpio_inp_dis[16]                   0.200000    0.801491   -0.601491 (VIOLATED)
mprj/gpio_vtrip_sel[4]                  0.200000    0.801453   -0.601453 (VIOLATED)
mprj/gpio_analog_pol[7]                 0.200000    0.796429   -0.596429 (VIOLATED)
mprj/gpio_out[10]                       0.200000    0.792693   -0.592692 (VIOLATED)
mprj/gpio_holdover[21]                  0.200000    0.783097   -0.583097 (VIOLATED)
mprj/gpio_dm2[12]                       0.200000    0.779402   -0.579402 (VIOLATED)
mprj/gpio_out[19]                       0.200000    0.777740   -0.577740 (VIOLATED)
mprj/gpio_oeb[12]                       0.200000    0.776956   -0.576956 (VIOLATED)
mprj/gpio_analog_pol[2]                 0.200000    0.774432   -0.574432 (VIOLATED)
gpio_in[24]                             0.200000    0.771523   -0.571523 (VIOLATED)
mprj/gpio_analog_en[23]                 0.200000    0.770441   -0.570441 (VIOLATED)
mprj/gpio_oeb[7]                        0.200000    0.767739   -0.567739 (VIOLATED)
mprj/gpio_analog_pol[24]                0.200000    0.764004   -0.564004 (VIOLATED)
mprj/gpio_analog_pol[6]                 0.200000    0.760738   -0.560738 (VIOLATED)
mprj/gpio_analog_sel[6]                 0.200000    0.760428   -0.560428 (VIOLATED)
mprj/gpio_analog_en[20]                 0.200000    0.759717   -0.559717 (VIOLATED)
mprj/gpio_dm2[6]                        0.200000    0.757081   -0.557081 (VIOLATED)
mprj/gpio_analog_sel[8]                 0.200000    0.756898   -0.556898 (VIOLATED)
gpio_in[16]                             0.200000    0.756613   -0.556613 (VIOLATED)
mprj/gpio_dm2[24]                       0.200000    0.755703   -0.555703 (VIOLATED)
mprj/gpio_analog_sel[3]                 0.200000    0.754851   -0.554851 (VIOLATED)
mprj/gpio_oeb[17]                       0.200000    0.753446   -0.553445 (VIOLATED)
mprj/gpio_ib_mode_sel[10]               0.200000    0.753090   -0.553090 (VIOLATED)
mprj/gpio_analog_pol[12]                0.200000    0.752379   -0.552379 (VIOLATED)
mprj/gpio_holdover[6]                   0.200000    0.752026   -0.552026 (VIOLATED)
mprj/gpio_oeb[6]                        0.200000    0.750288   -0.550288 (VIOLATED)
mprj/gpio_dm1[24]                       0.200000    0.746051   -0.546051 (VIOLATED)
mprj/gpio_dm0[17]                       0.200000    0.745271   -0.545271 (VIOLATED)
mprj/gpio_slow_sel[21]                  0.200000    0.742426   -0.542426 (VIOLATED)
mprj/gpio_out[13]                       0.200000    0.742187   -0.542187 (VIOLATED)
mprj/gpio_dm2[17]                       0.200000    0.740689   -0.540689 (VIOLATED)
mprj/gpio_vtrip_sel[9]                  0.200000    0.739442   -0.539442 (VIOLATED)
mprj/gpio_vtrip_sel[6]                  0.200000    0.739264   -0.539264 (VIOLATED)
mprj/gpio_oeb[19]                       0.200000    0.737108   -0.537108 (VIOLATED)
mprj/gpio_dm2[8]                        0.200000    0.735119   -0.535119 (VIOLATED)
mprj/gpio_analog_sel[13]                0.200000    0.734388   -0.534388 (VIOLATED)
gpio_in[11]                             0.200000    0.733224   -0.533224 (VIOLATED)
mprj/gpio_dm1[7]                        0.200000    0.729743   -0.529743 (VIOLATED)
mprj/gpio_vtrip_sel[8]                  0.200000    0.727334   -0.527334 (VIOLATED)
mprj/gpio_out[8]                        0.200000    0.727221   -0.527221 (VIOLATED)
mprj/gpio_oeb[15]                       0.200000    0.726521   -0.526521 (VIOLATED)
mprj/gpio_holdover[23]                  0.200000    0.725695   -0.525695 (VIOLATED)
mprj/gpio_vtrip_sel[13]                 0.200000    0.725582   -0.525582 (VIOLATED)
mprj/gpio_oeb[21]                       0.200000    0.724505   -0.524505 (VIOLATED)
mprj/gpio_inp_dis[17]                   0.200000    0.720497   -0.520497 (VIOLATED)
mprj/gpio_dm1[13]                       0.200000    0.719958   -0.519958 (VIOLATED)
mprj/gpio_dm2[13]                       0.200000    0.717495   -0.517495 (VIOLATED)
mprj/gpio_out[17]                       0.200000    0.717347   -0.517347 (VIOLATED)
mprj/gpio_analog_en[3]                  0.200000    0.715661   -0.515661 (VIOLATED)
mprj/gpio_analog_sel[23]                0.200000    0.712810   -0.512810 (VIOLATED)
mprj/gpio_slow_sel[9]                   0.200000    0.709513   -0.509513 (VIOLATED)
mprj/gpio_vtrip_sel[20]                 0.200000    0.709173   -0.509173 (VIOLATED)
mprj/gpio_vtrip_sel[15]                 0.200000    0.704861   -0.504861 (VIOLATED)
mprj/gpio_dm0[23]                       0.200000    0.703116   -0.503116 (VIOLATED)
mprj/gpio_vtrip_sel[17]                 0.200000    0.702154   -0.502154 (VIOLATED)
mprj/gpio_analog_sel[2]                 0.200000    0.702012   -0.502012 (VIOLATED)
mprj/gpio_analog_en[8]                  0.200000    0.700990   -0.500990 (VIOLATED)
mprj/gpio_out[12]                       0.200000    0.700635   -0.500635 (VIOLATED)
mprj/gpio_slow_sel[24]                  0.200000    0.700482   -0.500482 (VIOLATED)
mprj/gpio_analog_en[6]                  0.200000    0.699881   -0.499881 (VIOLATED)
mprj/gpio_inp_dis[8]                    0.200000    0.699367   -0.499367 (VIOLATED)
mprj/gpio_ib_mode_sel[24]               0.200000    0.697896   -0.497896 (VIOLATED)
mprj/gpio_analog_sel[24]                0.200000    0.697230   -0.497230 (VIOLATED)
mprj/gpio_holdover[25]                  0.200000    0.697175   -0.497175 (VIOLATED)
mprj/gpio_dm0[8]                        0.200000    0.693135   -0.493135 (VIOLATED)
mprj/gpio_oeb[20]                       0.200000    0.693009   -0.493009 (VIOLATED)
mprj/gpio_dm1[23]                       0.200000    0.691725   -0.491725 (VIOLATED)
mprj/gpio_holdover[11]                  0.200000    0.689163   -0.489163 (VIOLATED)
mprj/gpio_oeb[18]                       0.200000    0.687451   -0.487451 (VIOLATED)
gpio_in[22]                             0.200000    0.687326   -0.487326 (VIOLATED)
mprj/gpio_inp_dis[18]                   0.200000    0.684705   -0.484705 (VIOLATED)
mprj/gpio_analog_pol[9]                 0.200000    0.682359   -0.482359 (VIOLATED)
mprj/gpio_inp_dis[7]                    0.200000    0.681917   -0.481917 (VIOLATED)
mprj/gpio_ib_mode_sel[15]               0.200000    0.677738   -0.477738 (VIOLATED)
mprj/gpio_inp_dis[26]                   0.200000    0.675835   -0.475835 (VIOLATED)
gpio_in[21]                             0.200000    0.672148   -0.472148 (VIOLATED)
mprj/gpio_analog_pol[19]                0.200000    0.670187   -0.470187 (VIOLATED)
mprj/gpio_ib_mode_sel[11]               0.200000    0.667723   -0.467723 (VIOLATED)
mprj/gpio_dm0[10]                       0.200000    0.665299   -0.465299 (VIOLATED)
mprj/gpio_dm0[5]                        0.200000    0.663669   -0.463669 (VIOLATED)
mprj/gpio_oeb[5]                        0.200000    0.661963   -0.461963 (VIOLATED)
mprj/gpio_analog_en[7]                  0.200000    0.661836   -0.461836 (VIOLATED)
mprj/gpio_holdover[12]                  0.200000    0.661628   -0.461628 (VIOLATED)
gpio_in[13]                             0.200000    0.661318   -0.461318 (VIOLATED)
mprj/gpio_oeb[8]                        0.200000    0.661189   -0.461189 (VIOLATED)
mprj/gpio_vtrip_sel[12]                 0.200000    0.660872   -0.460872 (VIOLATED)
mprj/gpio_dm2[27]                       0.200000    0.660654   -0.460654 (VIOLATED)
mprj/gpio_analog_pol[18]                0.200000    0.660185   -0.460184 (VIOLATED)
mprj/gpio_holdover[7]                   0.200000    0.658946   -0.458946 (VIOLATED)
mprj/gpio_analog_pol[10]                0.200000    0.658910   -0.458910 (VIOLATED)
mprj/gpio_vtrip_sel[11]                 0.200000    0.657134   -0.457134 (VIOLATED)
mprj/gpio_dm0[15]                       0.200000    0.650233   -0.450233 (VIOLATED)
mprj/gpio_dm0[25]                       0.200000    0.649513   -0.449513 (VIOLATED)
mprj/gpio_dm2[15]                       0.200000    0.649348   -0.449348 (VIOLATED)
mprj/gpio_analog_en[22]                 0.200000    0.648873   -0.448873 (VIOLATED)
mprj/gpio_dm1[29]                       0.200000    0.646352   -0.446352 (VIOLATED)
mprj/gpio_holdover[4]                   0.200000    0.646159   -0.446159 (VIOLATED)
mprj/gpio_ib_mode_sel[20]               0.200000    0.646046   -0.446046 (VIOLATED)
mprj/gpio_dm2[3]                        0.200000    0.645127   -0.445127 (VIOLATED)
mprj/gpio_analog_sel[27]                0.200000    0.644391   -0.444391 (VIOLATED)
mprj/gpio_dm2[4]                        0.200000    0.644024   -0.444024 (VIOLATED)
mprj/gpio_analog_en[17]                 0.200000    0.643512   -0.443512 (VIOLATED)
mprj/gpio_dm1[26]                       0.200000    0.643468   -0.443468 (VIOLATED)
mprj/gpio_inp_dis[24]                   0.200000    0.641803   -0.441803 (VIOLATED)
mprj/gpio_ib_mode_sel[26]               0.200000    0.640518   -0.440518 (VIOLATED)
mprj/gpio_ib_mode_sel[19]               0.200000    0.637706   -0.437706 (VIOLATED)
mprj/gpio_out[2]                        0.200000    0.635960   -0.435960 (VIOLATED)
mprj/gpio_dm0[26]                       0.200000    0.635361   -0.435361 (VIOLATED)
mprj/gpio_oeb[1]                        0.200000    0.631516   -0.431516 (VIOLATED)
mprj/gpio_dm2[25]                       0.200000    0.629461   -0.429461 (VIOLATED)
mprj/gpio_out[4]                        0.200000    0.628617   -0.428617 (VIOLATED)
mprj/gpio_inp_dis[10]                   0.200000    0.627936   -0.427936 (VIOLATED)
mprj/gpio_oeb[0]                        0.200000    0.627656   -0.427656 (VIOLATED)
mprj/gpio_analog_sel[19]                0.200000    0.627121   -0.427121 (VIOLATED)
mprj/gpio_holdover[2]                   0.200000    0.624867   -0.424867 (VIOLATED)
mprj/gpio_analog_en[21]                 0.200000    0.624595   -0.424595 (VIOLATED)
mprj/gpio_vtrip_sel[22]                 0.200000    0.624404   -0.424404 (VIOLATED)
mprj/gpio_slow_sel[17]                  0.200000    0.624014   -0.424014 (VIOLATED)
mprj/gpio_oeb[16]                       0.200000    0.622949   -0.422949 (VIOLATED)
mprj/gpio_analog_en[26]                 0.200000    0.622070   -0.422070 (VIOLATED)
mprj/gpio_dm1[11]                       0.200000    0.621554   -0.421554 (VIOLATED)
mprj/gpio_inp_dis[25]                   0.200000    0.621298   -0.421298 (VIOLATED)
mprj/gpio_vtrip_sel[2]                  0.200000    0.620626   -0.420626 (VIOLATED)
mprj/gpio_slow_sel[11]                  0.200000    0.618343   -0.418343 (VIOLATED)
mprj/gpio_dm1[9]                        0.200000    0.617543   -0.417543 (VIOLATED)
gpio_in[20]                             0.200000    0.616618   -0.416618 (VIOLATED)
mprj/gpio_analog_en[10]                 0.200000    0.616275   -0.416275 (VIOLATED)
mprj/gpio_out[20]                       0.200000    0.615507   -0.415507 (VIOLATED)
mprj/gpio_analog_pol[25]                0.200000    0.614515   -0.414515 (VIOLATED)
mprj/gpio_dm1[22]                       0.200000    0.614252   -0.414252 (VIOLATED)
mprj/gpio_analog_pol[1]                 0.200000    0.614166   -0.414166 (VIOLATED)
mprj/gpio_dm2[26]                       0.200000    0.613679   -0.413679 (VIOLATED)
mprj/gpio_holdover[26]                  0.200000    0.613557   -0.413557 (VIOLATED)
mprj/gpio_oeb[9]                        0.200000    0.612670   -0.412670 (VIOLATED)
gpio_in[23]                             0.200000    0.612376   -0.412376 (VIOLATED)
gpio_in[19]                             0.200000    0.612225   -0.412225 (VIOLATED)
mprj/gpio_analog_en[28]                 0.200000    0.611319   -0.411319 (VIOLATED)
mprj/gpio_analog_sel[26]                0.200000    0.611145   -0.411145 (VIOLATED)
mprj/gpio_dm1[1]                        0.200000    0.609928   -0.409928 (VIOLATED)
mprj/gpio_out[16]                       0.200000    0.609496   -0.409496 (VIOLATED)
mprj/gpio_vtrip_sel[21]                 0.200000    0.604211   -0.404211 (VIOLATED)
mprj/gpio_out[11]                       0.200000    0.604192   -0.404192 (VIOLATED)
mprj/gpio_vtrip_sel[5]                  0.200000    0.601688   -0.401688 (VIOLATED)
mprj/gpio_dm2[23]                       0.200000    0.600359   -0.400359 (VIOLATED)
mprj/gpio_slow_sel[10]                  0.200000    0.599753   -0.399753 (VIOLATED)
gpio_in[4]                              0.200000    0.599187   -0.399187 (VIOLATED)
mprj/gpio_analog_en[18]                 0.200000    0.599145   -0.399145 (VIOLATED)
mprj/gpio_analog_en[2]                  0.200000    0.596450   -0.396450 (VIOLATED)
mprj/gpio_dm2[21]                       0.200000    0.596230   -0.396230 (VIOLATED)
mprj/gpio_slow_sel[12]                  0.200000    0.595679   -0.395679 (VIOLATED)
mprj/gpio_slow_sel[20]                  0.200000    0.593901   -0.393901 (VIOLATED)
mprj/gpio_analog_pol[16]                0.200000    0.593631   -0.393631 (VIOLATED)
mprj/gpio_dm0[7]                        0.200000    0.592484   -0.392484 (VIOLATED)
gpio_in[10]                             0.200000    0.589811   -0.389811 (VIOLATED)
mprj/gpio_dm1[17]                       0.200000    0.587926   -0.387926 (VIOLATED)
mprj/gpio_inp_dis[0]                    0.200000    0.584973   -0.384973 (VIOLATED)
mprj/gpio_analog_pol[8]                 0.200000    0.583901   -0.383901 (VIOLATED)
mprj/gpio_out[21]                       0.200000    0.581123   -0.381123 (VIOLATED)
mprj/gpio_ib_mode_sel[17]               0.200000    0.580582   -0.380582 (VIOLATED)
mprj/gpio_ib_mode_sel[22]               0.200000    0.579589   -0.379589 (VIOLATED)
mprj/gpio_dm0[20]                       0.200000    0.578706   -0.378706 (VIOLATED)
mprj/gpio_analog_pol[28]                0.200000    0.578470   -0.378470 (VIOLATED)
mprj/gpio_dm1[6]                        0.200000    0.576676   -0.376676 (VIOLATED)
mprj/gpio_dm0[27]                       0.200000    0.574519   -0.374519 (VIOLATED)
gpio_in[18]                             0.200000    0.573246   -0.373246 (VIOLATED)
mprj/gpio_holdover[29]                  0.200000    0.571903   -0.371903 (VIOLATED)
mprj/gpio_analog_pol[22]                0.200000    0.571661   -0.371661 (VIOLATED)
mprj/gpio_out[9]                        0.200000    0.570521   -0.370521 (VIOLATED)
mprj/gpio_dm1[5]                        0.200000    0.570283   -0.370283 (VIOLATED)
mprj/gpio_holdover[5]                   0.200000    0.567848   -0.367848 (VIOLATED)
mprj/gpio_inp_dis[3]                    0.200000    0.567230   -0.367230 (VIOLATED)
mprj/gpio_inp_dis[28]                   0.200000    0.566255   -0.366255 (VIOLATED)
mprj/gpio_dm1[4]                        0.200000    0.563899   -0.363899 (VIOLATED)
mprj/gpio_inp_dis[21]                   0.200000    0.562195   -0.362195 (VIOLATED)
mprj/gpio_ib_mode_sel[1]                0.200000    0.561628   -0.361628 (VIOLATED)
mprj/gpio_analog_en[5]                  0.200000    0.559356   -0.359356 (VIOLATED)
mprj/gpio_out[27]                       0.200000    0.559259   -0.359259 (VIOLATED)
gpio_in[25]                             0.200000    0.559248   -0.359248 (VIOLATED)
mprj/gpio_dm1[25]                       0.200000    0.559148   -0.359148 (VIOLATED)
mprj/gpio_vtrip_sel[7]                  0.200000    0.558221   -0.358221 (VIOLATED)
mprj/gpio_out[43]                       0.200000    0.553721   -0.353721 (VIOLATED)
gpio_in[17]                             0.200000    0.553550   -0.353550 (VIOLATED)
mprj/gpio_dm0[4]                        0.200000    0.552917   -0.352917 (VIOLATED)
mprj/gpio_dm1[27]                       0.200000    0.552418   -0.352417 (VIOLATED)
mprj/gpio_vtrip_sel[42]                 0.200000    0.552384   -0.352384 (VIOLATED)
mprj/gpio_out[6]                        0.200000    0.551948   -0.351948 (VIOLATED)
mprj/gpio_dm1[3]                        0.200000    0.551384   -0.351384 (VIOLATED)
mprj/gpio_dm1[43]                       0.200000    0.549597   -0.349597 (VIOLATED)
mprj/gpio_out[28]                       0.200000    0.549053   -0.349053 (VIOLATED)
mprj/gpio_vtrip_sel[25]                 0.200000    0.548908   -0.348908 (VIOLATED)
mprj/gpio_inp_dis[23]                   0.200000    0.548620   -0.348620 (VIOLATED)
mprj/gpio_inp_dis[4]                    0.200000    0.547329   -0.347329 (VIOLATED)
mprj/gpio_analog_sel[4]                 0.200000    0.546685   -0.346685 (VIOLATED)
mprj/gpio_dm0[18]                       0.200000    0.546278   -0.346278 (VIOLATED)
mprj/gpio_analog_pol[41]                0.200000    0.546191   -0.346191 (VIOLATED)
mprj/gpio_oeb[22]                       0.200000    0.545796   -0.345796 (VIOLATED)
mprj/gpio_ib_mode_sel[0]                0.200000    0.543138   -0.343138 (VIOLATED)
mprj/gpio_slow_sel[8]                   0.200000    0.542287   -0.342287 (VIOLATED)
mprj/gpio_holdover[18]                  0.200000    0.540446   -0.340446 (VIOLATED)
mprj/gpio_dm2[22]                       0.200000    0.534750   -0.334750 (VIOLATED)
mprj/gpio_ib_mode_sel[23]               0.200000    0.533572   -0.333572 (VIOLATED)
mprj/gpio_out[0]                        0.200000    0.532693   -0.332693 (VIOLATED)
mprj/gpio_slow_sel[7]                   0.200000    0.532115   -0.332115 (VIOLATED)
mprj/gpio_dm0[28]                       0.200000    0.531601   -0.331601 (VIOLATED)
mprj/gpio_analog_sel[17]                0.200000    0.531106   -0.331106 (VIOLATED)
mprj/gpio_slow_sel[18]                  0.200000    0.531059   -0.331059 (VIOLATED)
mprj/gpio_analog_sel[7]                 0.200000    0.529933   -0.329933 (VIOLATED)
mprj/gpio_analog_sel[21]                0.200000    0.529356   -0.329356 (VIOLATED)
mprj/gpio_oeb[3]                        0.200000    0.528067   -0.328067 (VIOLATED)
mprj/gpio_analog_sel[30]                0.200000    0.527079   -0.327079 (VIOLATED)
mprj/gpio_analog_sel[18]                0.200000    0.526623   -0.326623 (VIOLATED)
mprj/gpio_analog_pol[23]                0.200000    0.522456   -0.322456 (VIOLATED)
mprj/gpio_inp_dis[9]                    0.200000    0.521572   -0.321572 (VIOLATED)
mprj/gpio_out[1]                        0.200000    0.520510   -0.320510 (VIOLATED)
mprj/gpio_inp_dis[22]                   0.200000    0.519679   -0.319679 (VIOLATED)
mprj/gpio_ib_mode_sel[2]                0.200000    0.517838   -0.317838 (VIOLATED)
mprj/gpio_analog_en[27]                 0.200000    0.516803   -0.316803 (VIOLATED)
mprj/gpio_slow_sel[3]                   0.200000    0.512827   -0.312827 (VIOLATED)
gpio_in[26]                             0.200000    0.509688   -0.309688 (VIOLATED)
mprj/gpio_inp_dis[27]                   0.200000    0.509634   -0.309634 (VIOLATED)
mprj/gpio_vtrip_sel[18]                 0.200000    0.507634   -0.307634 (VIOLATED)
mprj/gpio_ib_mode_sel[3]                0.200000    0.507331   -0.307331 (VIOLATED)
mprj/gpio_out[7]                        0.200000    0.506862   -0.306861 (VIOLATED)
mprj/gpio_vtrip_sel[24]                 0.200000    0.505991   -0.305991 (VIOLATED)
mprj/gpio_dm2[41]                       0.200000    0.503599   -0.303599 (VIOLATED)
mprj/gpio_slow_sel[0]                   0.200000    0.502822   -0.302822 (VIOLATED)
mprj/gpio_dm2[18]                       0.200000    0.502252   -0.302252 (VIOLATED)
mprj/gpio_dm2[1]                        0.200000    0.501119   -0.301119 (VIOLATED)
mprj/gpio_ib_mode_sel[27]               0.200000    0.500433   -0.300433 (VIOLATED)
mprj/gpio_oeb[24]                       0.200000    0.494505   -0.294505 (VIOLATED)
mprj/gpio_analog_sel[25]                0.200000    0.494054   -0.294054 (VIOLATED)
gpio_in[6]                              0.200000    0.493856   -0.293856 (VIOLATED)
mprj/gpio_slow_sel[2]                   0.200000    0.493774   -0.293774 (VIOLATED)
mprj/gpio_ib_mode_sel[6]                0.200000    0.493352   -0.293352 (VIOLATED)
mprj/gpio_holdover[1]                   0.200000    0.492089   -0.292089 (VIOLATED)
mprj/gpio_dm0[30]                       0.200000    0.491655   -0.291655 (VIOLATED)
mprj/gpio_dm1[42]                       0.200000    0.490775   -0.290775 (VIOLATED)
mprj/gpio_vtrip_sel[0]                  0.200000    0.490437   -0.290437 (VIOLATED)
mprj/gpio_oeb[2]                        0.200000    0.490276   -0.290276 (VIOLATED)
mprj/gpio_dm2[5]                        0.200000    0.488707   -0.288707 (VIOLATED)
mprj/gpio_inp_dis[42]                   0.200000    0.487379   -0.287379 (VIOLATED)
mprj/gpio_holdover[30]                  0.200000    0.483079   -0.283080 (VIOLATED)
mprj/gpio_dm0[22]                       0.200000    0.482035   -0.282035 (VIOLATED)
mprj/gpio_holdover[27]                  0.200000    0.481043   -0.281043 (VIOLATED)
mprj/gpio_out[24]                       0.200000    0.480285   -0.280285 (VIOLATED)
mprj/gpio_analog_en[29]                 0.200000    0.479201   -0.279200 (VIOLATED)
mprj/gpio_ib_mode_sel[29]               0.200000    0.475869   -0.275869 (VIOLATED)
mprj/gpio_analog_pol[27]                0.200000    0.473728   -0.273728 (VIOLATED)
mprj/gpio_holdover[42]                  0.200000    0.473262   -0.273262 (VIOLATED)
mprj/gpio_dm1[21]                       0.200000    0.472962   -0.272962 (VIOLATED)
mprj/gpio_analog_pol[30]                0.200000    0.472866   -0.272866 (VIOLATED)
mprj/gpio_dm0[21]                       0.200000    0.472247   -0.272247 (VIOLATED)
gpio_in[5]                              0.200000    0.470879   -0.270879 (VIOLATED)
mprj/gpio_dm1[41]                       0.200000    0.470373   -0.270373 (VIOLATED)
mprj/gpio_dm0[3]                        0.200000    0.470326   -0.270326 (VIOLATED)
gpio_in[3]                              0.200000    0.468470   -0.268470 (VIOLATED)
mprj/gpio_holdover[19]                  0.200000    0.468278   -0.268278 (VIOLATED)
mprj/gpio_holdover[22]                  0.200000    0.467641   -0.267641 (VIOLATED)
mprj/gpio_slow_sel[1]                   0.200000    0.464453   -0.264453 (VIOLATED)
mprj/gpio_analog_en[0]                  0.200000    0.463280   -0.263280 (VIOLATED)
mprj/gpio_analog_sel[28]                0.200000    0.462841   -0.262841 (VIOLATED)
mprj/gpio_vtrip_sel[19]                 0.200000    0.462812   -0.262812 (VIOLATED)
mprj/gpio_analog_pol[20]                0.200000    0.462687   -0.262687 (VIOLATED)
gpio_in[29]                             0.200000    0.462567   -0.262567 (VIOLATED)
mprj/gpio_ib_mode_sel[43]               0.200000    0.461665   -0.261665 (VIOLATED)
mprj/gpio_out[3]                        0.200000    0.460341   -0.260341 (VIOLATED)
mprj/gpio_dm1[19]                       0.200000    0.460058   -0.260058 (VIOLATED)
mprj/gpio_inp_dis[20]                   0.200000    0.459367   -0.259367 (VIOLATED)
mprj/gpio_analog_pol[29]                0.200000    0.458607   -0.258607 (VIOLATED)
mprj/gpio_dm2[19]                       0.200000    0.457867   -0.257867 (VIOLATED)
gpio_in[27]                             0.200000    0.457212   -0.257212 (VIOLATED)
mprj/gpio_vtrip_sel[1]                  0.200000    0.456726   -0.256726 (VIOLATED)
mprj/gpio_ib_mode_sel[5]                0.200000    0.452638   -0.252638 (VIOLATED)
mprj/gpio_slow_sel[19]                  0.200000    0.451582   -0.251582 (VIOLATED)
mprj/gpio_analog_en[25]                 0.200000    0.451415   -0.251415 (VIOLATED)
mprj/gpio_dm1[30]                       0.200000    0.451281   -0.251281 (VIOLATED)
mprj/gpio_dm0[1]                        0.200000    0.450944   -0.250944 (VIOLATED)
mprj/gpio_analog_en[42]                 0.200000    0.450593   -0.250593 (VIOLATED)
mprj/gpio_dm1[0]                        0.200000    0.448887   -0.248887 (VIOLATED)
mprj/gpio_analog_sel[29]                0.200000    0.448874   -0.248874 (VIOLATED)
mprj/gpio_dm0[19]                       0.200000    0.446941   -0.246941 (VIOLATED)
mprj/gpio_dm1[28]                       0.200000    0.446338   -0.246338 (VIOLATED)
mprj/gpio_slow_sel[4]                   0.200000    0.442764   -0.242764 (VIOLATED)
mprj/gpio_slow_sel[6]                   0.200000    0.440945   -0.240945 (VIOLATED)
mprj/gpio_ib_mode_sel[28]               0.200000    0.440374   -0.240374 (VIOLATED)
mprj/gpio_analog_sel[31]                0.200000    0.437942   -0.237942 (VIOLATED)
mprj/gpio_holdover[28]                  0.200000    0.436332   -0.236332 (VIOLATED)
gpio_in[30]                             0.200000    0.435770   -0.235770 (VIOLATED)
mprj/gpio_slow_sel[40]                  0.200000    0.434278   -0.234278 (VIOLATED)
mprj/gpio_inp_dis[29]                   0.200000    0.429973   -0.229973 (VIOLATED)
mprj/gpio_holdover[31]                  0.200000    0.428352   -0.228352 (VIOLATED)
mprj/gpio_dm1[20]                       0.200000    0.428151   -0.228151 (VIOLATED)
mprj/gpio_dm0[31]                       0.200000    0.427506   -0.227506 (VIOLATED)
mprj/gpio_analog_en[4]                  0.200000    0.427305   -0.227305 (VIOLATED)
mprj/gpio_vtrip_sel[28]                 0.200000    0.427149   -0.227149 (VIOLATED)
mprj/gpio_analog_en[1]                  0.200000    0.426601   -0.226601 (VIOLATED)
mprj/gpio_analog_pol[21]                0.200000    0.425660   -0.225660 (VIOLATED)
mprj/gpio_vtrip_sel[3]                  0.200000    0.425094   -0.225094 (VIOLATED)
mprj/gpio_inp_dis[5]                    0.200000    0.424228   -0.224228 (VIOLATED)
mprj/gpio_dm2[28]                       0.200000    0.422882   -0.222882 (VIOLATED)
mprj/gpio_out[23]                       0.200000    0.422718   -0.222718 (VIOLATED)
mprj/gpio_analog_sel[1]                 0.200000    0.422500   -0.222500 (VIOLATED)
mprj/gpio_oeb[23]                       0.200000    0.421035   -0.221035 (VIOLATED)
mprj/gpio_ib_mode_sel[40]               0.200000    0.420720   -0.220720 (VIOLATED)
gpio_in[28]                             0.200000    0.420684   -0.220684 (VIOLATED)
mprj/gpio_oeb[27]                       0.200000    0.420611   -0.220611 (VIOLATED)
mprj/gpio_inp_dis[19]                   0.200000    0.418528   -0.218528 (VIOLATED)
mprj/gpio_inp_dis[1]                    0.200000    0.417830   -0.217830 (VIOLATED)
mprj/gpio_dm0[6]                        0.200000    0.417482   -0.217482 (VIOLATED)
mprj/gpio_ib_mode_sel[25]               0.200000    0.416588   -0.216588 (VIOLATED)
mprj/gpio_dm2[2]                        0.200000    0.412460   -0.212460 (VIOLATED)
mprj/gpio_vtrip_sel[23]                 0.200000    0.412400   -0.212400 (VIOLATED)
mprj/gpio_oeb[43]                       0.200000    0.409938   -0.209938 (VIOLATED)
mprj/gpio_out[31]                       0.200000    0.408957   -0.208957 (VIOLATED)
gpio_in[31]                             0.200000    0.408321   -0.208321 (VIOLATED)
mprj/gpio_analog_sel[0]                 0.200000    0.405959   -0.205959 (VIOLATED)
mprj/gpio_holdover[32]                  0.200000    0.405573   -0.205573 (VIOLATED)
mprj/gpio_inp_dis[43]                   0.200000    0.404182   -0.204182 (VIOLATED)
mprj/gpio_oeb[40]                       0.200000    0.401357   -0.201357 (VIOLATED)
mprj/gpio_out[22]                       0.200000    0.399991   -0.199991 (VIOLATED)
mprj/gpio_vtrip_sel[26]                 0.200000    0.398767   -0.198767 (VIOLATED)
mprj/gpio_dm0[43]                       0.200000    0.397316   -0.197316 (VIOLATED)
mprj/gpio_holdover[0]                   0.200000    0.394990   -0.194990 (VIOLATED)
mprj/gpio_analog_en[30]                 0.200000    0.394836   -0.194836 (VIOLATED)
mprj/gpio_slow_sel[5]                   0.200000    0.391520   -0.191520 (VIOLATED)
mprj/gpio_ib_mode_sel[21]               0.200000    0.390769   -0.190769 (VIOLATED)
mprj/gpio_dm2[29]                       0.200000    0.390360   -0.190360 (VIOLATED)
mprj/gpio_slow_sel[41]                  0.200000    0.390042   -0.190042 (VIOLATED)
mprj/gpio_analog_en[40]                 0.200000    0.389614   -0.189614 (VIOLATED)
mprj/gpio_dm0[32]                       0.200000    0.389050   -0.189050 (VIOLATED)
mprj/gpio_analog_sel[42]                0.200000    0.388923   -0.188923 (VIOLATED)
gpio_in[2]                              0.200000    0.388315   -0.188315 (VIOLATED)
mprj/gpio_analog_pol[5]                 0.200000    0.388163   -0.188163 (VIOLATED)
mprj/gpio_vtrip_sel[31]                 0.200000    0.386655   -0.186655 (VIOLATED)
mprj/gpio_dm2[43]                       0.200000    0.386594   -0.186594 (VIOLATED)
mprj/gpio_out[30]                       0.200000    0.386246   -0.186246 (VIOLATED)
mprj/gpio_out[26]                       0.200000    0.385703   -0.185703 (VIOLATED)
mprj/gpio_ib_mode_sel[32]               0.200000    0.385453   -0.185453 (VIOLATED)
mprj/gpio_analog_sel[5]                 0.200000    0.384245   -0.184245 (VIOLATED)
mprj/gpio_vtrip_sel[27]                 0.200000    0.382930   -0.182930 (VIOLATED)
mprj/gpio_dm0[0]                        0.200000    0.382414   -0.182414 (VIOLATED)
mprj/gpio_analog_pol[26]                0.200000    0.382301   -0.182301 (VIOLATED)
mprj/gpio_ib_mode_sel[4]                0.200000    0.381893   -0.181893 (VIOLATED)
mprj/gpio_dm0[2]                        0.200000    0.381253   -0.181253 (VIOLATED)
mprj/gpio_oeb[4]                        0.200000    0.381151   -0.181151 (VIOLATED)
mprj/gpio_oeb[41]                       0.200000    0.380944   -0.180944 (VIOLATED)
mprj/gpio_dm2[20]                       0.200000    0.379488   -0.179488 (VIOLATED)
gpio_in[0]                              0.200000    0.379134   -0.179134 (VIOLATED)
mprj/gpio_slow_sel[25]                  0.200000    0.378688   -0.178688 (VIOLATED)
mprj/gpio_out[29]                       0.200000    0.376494   -0.176494 (VIOLATED)
mprj/gpio_slow_sel[23]                  0.200000    0.375767   -0.175767 (VIOLATED)
mprj/gpio_analog_pol[3]                 0.200000    0.375638   -0.175638 (VIOLATED)
mprj/gpio_slow_sel[22]                  0.200000    0.375524   -0.175524 (VIOLATED)
mprj/gpio_ib_mode_sel[30]               0.200000    0.375359   -0.175359 (VIOLATED)
mprj/gpio_inp_dis[41]                   0.200000    0.374029   -0.174029 (VIOLATED)
mprj/gpio_vtrip_sel[29]                 0.200000    0.373331   -0.173331 (VIOLATED)
mprj/gpio_inp_dis[2]                    0.200000    0.371294   -0.171294 (VIOLATED)
mprj/gpio_analog_sel[43]                0.200000    0.371215   -0.171215 (VIOLATED)
mprj/gpio_holdover[3]                   0.200000    0.370366   -0.170366 (VIOLATED)
mprj/gpio_holdover[43]                  0.200000    0.369880   -0.169880 (VIOLATED)
mprj/gpio_oeb[42]                       0.200000    0.368419   -0.168419 (VIOLATED)
mprj/gpio_analog_pol[4]                 0.200000    0.367534   -0.167534 (VIOLATED)
mprj/gpio_slow_sel[26]                  0.200000    0.362751   -0.162751 (VIOLATED)
mprj/gpio_dm0[29]                       0.200000    0.359844   -0.159844 (VIOLATED)
mprj/gpio_slow_sel[39]                  0.200000    0.358832   -0.158832 (VIOLATED)
mprj/gpio_out[25]                       0.200000    0.356154   -0.156154 (VIOLATED)
mprj/gpio_analog_sel[41]                0.200000    0.354845   -0.154845 (VIOLATED)
mprj/gpio_analog_en[43]                 0.200000    0.353653   -0.153653 (VIOLATED)
mprj/gpio_oeb[29]                       0.200000    0.351459   -0.151459 (VIOLATED)
mprj/gpio_ib_mode_sel[31]               0.200000    0.351436   -0.151436 (VIOLATED)
mprj/gpio_dm1[2]                        0.200000    0.350055   -0.150055 (VIOLATED)
mprj/gpio_dm2[31]                       0.200000    0.348556   -0.148556 (VIOLATED)
mprj/gpio_analog_pol[31]                0.200000    0.347889   -0.147889 (VIOLATED)
mprj/gpio_ib_mode_sel[37]               0.200000    0.347455   -0.147455 (VIOLATED)
mprj/gpio_dm2[35]                       0.200000    0.344976   -0.144976 (VIOLATED)
mprj/gpio_analog_en[41]                 0.200000    0.344041   -0.144041 (VIOLATED)
mprj/gpio_inp_dis[31]                   0.200000    0.343803   -0.143803 (VIOLATED)
mprj/gpio_out[33]                       0.200000    0.343247   -0.143247 (VIOLATED)
gpio_in[1]                              0.200000    0.342936   -0.142936 (VIOLATED)
mprj/gpio_ib_mode_sel[42]               0.200000    0.341518   -0.141518 (VIOLATED)
mprj/gpio_dm2[33]                       0.200000    0.340110   -0.140110 (VIOLATED)
mprj/gpio_vtrip_sel[41]                 0.200000    0.339098   -0.139098 (VIOLATED)
mprj/gpio_analog_sel[32]                0.200000    0.330520   -0.130520 (VIOLATED)
mprj/gpio_vtrip_sel[43]                 0.200000    0.330171   -0.130171 (VIOLATED)
mprj/gpio_oeb[25]                       0.200000    0.327750   -0.127750 (VIOLATED)
mprj/gpio_analog_pol[32]                0.200000    0.326157   -0.126157 (VIOLATED)
mprj/gpio_out[41]                       0.200000    0.326107   -0.126107 (VIOLATED)
mprj/gpio_dm0[42]                       0.200000    0.324987   -0.124987 (VIOLATED)
mprj/gpio_dm1[32]                       0.200000    0.322227   -0.122227 (VIOLATED)
mprj/gpio_slow_sel[27]                  0.200000    0.320458   -0.120458 (VIOLATED)
mprj/gpio_holdover[41]                  0.200000    0.320298   -0.120298 (VIOLATED)
mprj/gpio_dm2[30]                       0.200000    0.318379   -0.118379 (VIOLATED)
mprj/gpio_slow_sel[43]                  0.200000    0.318341   -0.118341 (VIOLATED)
mprj/gpio_dm1[31]                       0.200000    0.318271   -0.118271 (VIOLATED)
mprj/gpio_analog_pol[42]                0.200000    0.315870   -0.115870 (VIOLATED)
mprj/gpio_dm2[36]                       0.200000    0.313717   -0.113717 (VIOLATED)
mprj/gpio_out[32]                       0.200000    0.312124   -0.112124 (VIOLATED)
mprj/gpio_inp_dis[33]                   0.200000    0.308451   -0.108451 (VIOLATED)
mprj/gpio_analog_pol[43]                0.200000    0.307137   -0.107137 (VIOLATED)
gpio_in[32]                             0.200000    0.306011   -0.106011 (VIOLATED)
mprj/gpio_oeb[26]                       0.200000    0.305364   -0.105364 (VIOLATED)
mprj/gpio_out[40]                       0.200000    0.302596   -0.102596 (VIOLATED)
mprj/gpio_dm1[35]                       0.200000    0.301414   -0.101414 (VIOLATED)
mprj/gpio_vtrip_sel[30]                 0.200000    0.301026   -0.101026 (VIOLATED)
mprj/gpio_vtrip_sel[35]                 0.200000    0.298945   -0.098945 (VIOLATED)
mprj/gpio_slow_sel[37]                  0.200000    0.296596   -0.096596 (VIOLATED)
mprj/gpio_vtrip_sel[34]                 0.200000    0.296414   -0.096414 (VIOLATED)
mprj/gpio_analog_pol[34]                0.200000    0.295268   -0.095268 (VIOLATED)
mprj/gpio_inp_dis[35]                   0.200000    0.293285   -0.093285 (VIOLATED)
mprj/gpio_analog_en[32]                 0.200000    0.291199   -0.091199 (VIOLATED)
mprj/gpio_dm2[42]                       0.200000    0.290626   -0.090626 (VIOLATED)
mprj/gpio_inp_dis[40]                   0.200000    0.286822   -0.086822 (VIOLATED)
mprj/gpio_inp_dis[30]                   0.200000    0.286819   -0.086819 (VIOLATED)
mprj/gpio_slow_sel[29]                  0.200000    0.285758   -0.085758 (VIOLATED)
mprj/gpio_dm2[32]                       0.200000    0.285278   -0.085278 (VIOLATED)
gpio_in[33]                             0.200000    0.284457   -0.084457 (VIOLATED)
mprj/gpio_analog_sel[35]                0.200000    0.281382   -0.081382 (VIOLATED)
mprj/gpio_slow_sel[28]                  0.200000    0.281188   -0.081188 (VIOLATED)
mprj/gpio_dm1[33]                       0.200000    0.281018   -0.081018 (VIOLATED)
mprj/gpio_analog_en[31]                 0.200000    0.279941   -0.079941 (VIOLATED)
mprj/gpio_ib_mode_sel[41]               0.200000    0.279881   -0.079881 (VIOLATED)
mprj/gpio_out[42]                       0.200000    0.277432   -0.077432 (VIOLATED)
mprj/gpio_analog_en[35]                 0.200000    0.276730   -0.076730 (VIOLATED)
mprj/gpio_dm2[40]                       0.200000    0.273049   -0.073049 (VIOLATED)
mprj/gpio_vtrip_sel[33]                 0.200000    0.272652   -0.072652 (VIOLATED)
mprj/gpio_vtrip_sel[39]                 0.200000    0.271665   -0.071665 (VIOLATED)
mprj/gpio_slow_sel[42]                  0.200000    0.271243   -0.071243 (VIOLATED)
mprj/gpio_dm0[33]                       0.200000    0.268700   -0.068700 (VIOLATED)
gpio_in[34]                             0.200000    0.262511   -0.062511 (VIOLATED)
mprj/gpio_analog_en[33]                 0.200000    0.260866   -0.060866 (VIOLATED)
mprj/gpio_oeb[31]                       0.200000    0.259897   -0.059897 (VIOLATED)
gpio_in[38]                             0.200000    0.259683   -0.059683 (VIOLATED)
mprj/gpio_slow_sel[30]                  0.200000    0.258984   -0.058984 (VIOLATED)
mprj/gpio_ib_mode_sel[35]               0.200000    0.254314   -0.054314 (VIOLATED)
mprj/gpio_analog_sel[33]                0.200000    0.253412   -0.053412 (VIOLATED)
mprj/gpio_oeb[28]                       0.200000    0.251984   -0.051984 (VIOLATED)
mprj/gpio_analog_sel[40]                0.200000    0.251459   -0.051459 (VIOLATED)
mprj/gpio_holdover[35]                  0.200000    0.248828   -0.048828 (VIOLATED)
mprj/gpio_slow_sel[35]                  0.200000    0.248738   -0.048738 (VIOLATED)
gpio_in[35]                             0.200000    0.248618   -0.048618 (VIOLATED)
mprj/gpio_analog_pol[33]                0.200000    0.248351   -0.048351 (VIOLATED)
mprj/gpio_inp_dis[32]                   0.200000    0.247925   -0.047925 (VIOLATED)
mprj/gpio_inp_dis[34]                   0.200000    0.247546   -0.047546 (VIOLATED)
mprj/gpio_holdover[38]                  0.200000    0.245722   -0.045722 (VIOLATED)
mprj/gpio_vtrip_sel[40]                 0.200000    0.245228   -0.045228 (VIOLATED)
mprj/gpio_ib_mode_sel[33]               0.200000    0.244653   -0.044653 (VIOLATED)
mprj/gpio_holdover[33]                  0.200000    0.243816   -0.043816 (VIOLATED)
gpio_in[36]                             0.200000    0.243396   -0.043396 (VIOLATED)
mprj/gpio_dm0[34]                       0.200000    0.241068   -0.041068 (VIOLATED)
mprj/gpio_analog_en[39]                 0.200000    0.239628   -0.039628 (VIOLATED)
mprj/gpio_oeb[36]                       0.200000    0.238754   -0.038754 (VIOLATED)
mprj/gpio_oeb[30]                       0.200000    0.235158   -0.035158 (VIOLATED)
gpio_in[43]                             0.200000    0.234045   -0.034045 (VIOLATED)
mprj/gpio_analog_sel[34]                0.200000    0.228720   -0.028720 (VIOLATED)
mprj/gpio_analog_en[36]                 0.200000    0.228526   -0.028526 (VIOLATED)
mprj/gpio_analog_pol[38]                0.200000    0.228493   -0.028493 (VIOLATED)
mprj/gpio_dm1[38]                       0.200000    0.228300   -0.028300 (VIOLATED)
mprj/gpio_vtrip_sel[38]                 0.200000    0.227958   -0.027958 (VIOLATED)
mprj/gpio_dm0[41]                       0.200000    0.227454   -0.027454 (VIOLATED)
mprj/gpio_slow_sel[31]                  0.200000    0.226635   -0.026635 (VIOLATED)
mprj/gpio_dm0[36]                       0.200000    0.226229   -0.026229 (VIOLATED)
mprj/gpio_dm0[39]                       0.200000    0.224727   -0.024727 (VIOLATED)
mprj/gpio_dm2[39]                       0.200000    0.224472   -0.024472 (VIOLATED)
mprj/gpio_dm2[37]                       0.200000    0.222295   -0.022295 (VIOLATED)
mprj/gpio_analog_pol[40]                0.200000    0.220495   -0.020495 (VIOLATED)
mprj/gpio_ib_mode_sel[34]               0.200000    0.220403   -0.020403 (VIOLATED)
mprj/gpio_inp_dis[36]                   0.200000    0.217588   -0.017588 (VIOLATED)
mprj/gpio_oeb[37]                       0.200000    0.217154   -0.017154 (VIOLATED)
mprj/gpio_slow_sel[36]                  0.200000    0.216744   -0.016744 (VIOLATED)
mprj/gpio_dm1[34]                       0.200000    0.213833   -0.013833 (VIOLATED)
mprj/gpio_dm2[38]                       0.200000    0.212870   -0.012870 (VIOLATED)
mprj/gpio_dm1[40]                       0.200000    0.212202   -0.012202 (VIOLATED)
mprj/gpio_out[38]                       0.200000    0.211633   -0.011633 (VIOLATED)
mprj/gpio_analog_pol[35]                0.200000    0.210088   -0.010088 (VIOLATED)
gpio_in[42]                             0.200000    0.209631   -0.009631 (VIOLATED)
gpio_in[37]                             0.200000    0.207265   -0.007265 (VIOLATED)
mprj/gpio_dm0[37]                       0.200000    0.207041   -0.007041 (VIOLATED)
mprj/gpio_dm1[36]                       0.200000    0.205904   -0.005904 (VIOLATED)
mprj/gpio_dm0[40]                       0.200000    0.205565   -0.005565 (VIOLATED)
mprj/gpio_dm0[35]                       0.200000    0.203740   -0.003740 (VIOLATED)
mprj/gpio_out[37]                       0.200000    0.201397   -0.001397 (VIOLATED)
mprj/gpio_holdover[40]                  0.200000    0.201156   -0.001156 (VIOLATED)
mprj/gpio_ib_mode_sel[36]               0.200000    0.201075   -0.001075 (VIOLATED)
mprj/gpio_dm1[37]                       0.200000    0.200280   -0.000280 (VIOLATED)



===========================================================================
report_parasitic_annotation -report_unannotated
============================================================================
Found 256 unannotated drivers.
 analog_io[0]
 analog_io[10]
 analog_io[11]
 analog_io[12]
 analog_io[13]
 analog_io[14]
 analog_io[15]
 analog_io[16]
 analog_io[17]
 analog_io[18]
 analog_io[19]
 analog_io[1]
 analog_io[20]
 analog_io[21]
 analog_io[22]
 analog_io[23]
 analog_io[24]
 analog_io[25]
 analog_io[26]
 analog_io[27]
 analog_io[28]
 analog_io[29]
 analog_io[2]
 analog_io[30]
 analog_io[31]
 analog_io[32]
 analog_io[33]
 analog_io[34]
 analog_io[35]
 analog_io[36]
 analog_io[37]
 analog_io[38]
 analog_io[39]
 analog_io[3]
 analog_io[40]
 analog_io[41]
 analog_io[42]
 analog_io[43]
 analog_io[4]
 analog_io[5]
 analog_io[6]
 analog_io[7]
 analog_io[8]
 analog_io[9]
 analog_noesd_io[0]
 analog_noesd_io[10]
 analog_noesd_io[11]
 analog_noesd_io[12]
 analog_noesd_io[13]
 analog_noesd_io[14]
 analog_noesd_io[15]
 analog_noesd_io[16]
 analog_noesd_io[17]
 analog_noesd_io[18]
 analog_noesd_io[19]
 analog_noesd_io[1]
 analog_noesd_io[20]
 analog_noesd_io[21]
 analog_noesd_io[22]
 analog_noesd_io[23]
 analog_noesd_io[24]
 analog_noesd_io[25]
 analog_noesd_io[26]
 analog_noesd_io[27]
 analog_noesd_io[28]
 analog_noesd_io[29]
 analog_noesd_io[2]
 analog_noesd_io[30]
 analog_noesd_io[31]
 analog_noesd_io[32]
 analog_noesd_io[33]
 analog_noesd_io[34]
 analog_noesd_io[35]
 analog_noesd_io[36]
 analog_noesd_io[37]
 analog_noesd_io[38]
 analog_noesd_io[39]
 analog_noesd_io[3]
 analog_noesd_io[40]
 analog_noesd_io[41]
 analog_noesd_io[42]
 analog_noesd_io[43]
 analog_noesd_io[4]
 analog_noesd_io[5]
 analog_noesd_io[6]
 analog_noesd_io[7]
 analog_noesd_io[8]
 analog_noesd_io[9]
 gpio_in_h[0]
 gpio_in_h[10]
 gpio_in_h[11]
 gpio_in_h[12]
 gpio_in_h[13]
 gpio_in_h[14]
 gpio_in_h[15]
 gpio_in_h[16]
 gpio_in_h[17]
 gpio_in_h[18]
 gpio_in_h[19]
 gpio_in_h[1]
 gpio_in_h[20]
 gpio_in_h[21]
 gpio_in_h[22]
 gpio_in_h[23]
 gpio_in_h[24]
 gpio_in_h[25]
 gpio_in_h[26]
 gpio_in_h[27]
 gpio_in_h[28]
 gpio_in_h[29]
 gpio_in_h[2]
 gpio_in_h[30]
 gpio_in_h[31]
 gpio_in_h[32]
 gpio_in_h[33]
 gpio_in_h[34]
 gpio_in_h[35]
 gpio_in_h[36]
 gpio_in_h[37]
 gpio_in_h[38]
 gpio_in_h[39]
 gpio_in_h[3]
 gpio_in_h[40]
 gpio_in_h[41]
 gpio_in_h[42]
 gpio_in_h[43]
 gpio_in_h[4]
 gpio_in_h[5]
 gpio_in_h[6]
 gpio_in_h[7]
 gpio_in_h[8]
 gpio_in_h[9]
 gpio_loopback_one[0]
 gpio_loopback_one[10]
 gpio_loopback_one[11]
 gpio_loopback_one[12]
 gpio_loopback_one[13]
 gpio_loopback_one[14]
 gpio_loopback_one[15]
 gpio_loopback_one[16]
 gpio_loopback_one[17]
 gpio_loopback_one[18]
 gpio_loopback_one[19]
 gpio_loopback_one[1]
 gpio_loopback_one[20]
 gpio_loopback_one[21]
 gpio_loopback_one[22]
 gpio_loopback_one[23]
 gpio_loopback_one[24]
 gpio_loopback_one[25]
 gpio_loopback_one[26]
 gpio_loopback_one[27]
 gpio_loopback_one[28]
 gpio_loopback_one[29]
 gpio_loopback_one[2]
 gpio_loopback_one[30]
 gpio_loopback_one[31]
 gpio_loopback_one[32]
 gpio_loopback_one[33]
 gpio_loopback_one[34]
 gpio_loopback_one[35]
 gpio_loopback_one[36]
 gpio_loopback_one[37]
 gpio_loopback_one[38]
 gpio_loopback_one[39]
 gpio_loopback_one[3]
 gpio_loopback_one[40]
 gpio_loopback_one[41]
 gpio_loopback_one[42]
 gpio_loopback_one[43]
 gpio_loopback_one[4]
 gpio_loopback_one[5]
 gpio_loopback_one[6]
 gpio_loopback_one[7]
 gpio_loopback_one[8]
 gpio_loopback_one[9]
 gpio_loopback_zero[0]
 gpio_loopback_zero[10]
 gpio_loopback_zero[11]
 gpio_loopback_zero[12]
 gpio_loopback_zero[13]
 gpio_loopback_zero[14]
 gpio_loopback_zero[15]
 gpio_loopback_zero[16]
 gpio_loopback_zero[17]
 gpio_loopback_zero[18]
 gpio_loopback_zero[19]
 gpio_loopback_zero[1]
 gpio_loopback_zero[20]
 gpio_loopback_zero[21]
 gpio_loopback_zero[22]
 gpio_loopback_zero[23]
 gpio_loopback_zero[24]
 gpio_loopback_zero[25]
 gpio_loopback_zero[26]
 gpio_loopback_zero[27]
 gpio_loopback_zero[28]
 gpio_loopback_zero[29]
 gpio_loopback_zero[2]
 gpio_loopback_zero[30]
 gpio_loopback_zero[31]
 gpio_loopback_zero[32]
 gpio_loopback_zero[33]
 gpio_loopback_zero[34]
 gpio_loopback_zero[35]
 gpio_loopback_zero[36]
 gpio_loopback_zero[37]
 gpio_loopback_zero[38]
 gpio_loopback_zero[39]
 gpio_loopback_zero[3]
 gpio_loopback_zero[40]
 gpio_loopback_zero[41]
 gpio_loopback_zero[42]
 gpio_loopback_zero[43]
 gpio_loopback_zero[4]
 gpio_loopback_zero[5]
 gpio_loopback_zero[6]
 gpio_loopback_zero[7]
 gpio_loopback_zero[8]
 gpio_loopback_zero[9]
 mask_rev[0]
 mask_rev[10]
 mask_rev[11]
 mask_rev[12]
 mask_rev[13]
 mask_rev[14]
 mask_rev[15]
 mask_rev[16]
 mask_rev[17]
 mask_rev[18]
 mask_rev[19]
 mask_rev[1]
 mask_rev[20]
 mask_rev[21]
 mask_rev[22]
 mask_rev[23]
 mask_rev[24]
 mask_rev[25]
 mask_rev[26]
 mask_rev[27]
 mask_rev[28]
 mask_rev[29]
 mask_rev[2]
 mask_rev[30]
 mask_rev[31]
 mask_rev[3]
 mask_rev[4]
 mask_rev[5]
 mask_rev[6]
 mask_rev[7]
 mask_rev[8]
 mask_rev[9]
 por_l
 porb_h
 porb_l
 resetb_h
Found 0 partially unannotated drivers.

===========================================================================
max slew violation count 433
max fanout violation count 0
max cap violation count 574
============================================================================

===========================================================================
check_setup -verbose -unconstrained_endpoints -multiple_clock -no_clock -no_input_delay -loops -generated_clocks
===========================================================================
Warning: There is 1 unclocked register/latch pin.
  mprj/gpio_in[38]
Warning: There are 657 unconstrained endpoints.
  analog_io[0]
  analog_io[10]
  analog_io[11]
  analog_io[12]
  analog_io[13]
  analog_io[14]
  analog_io[15]
  analog_io[16]
  analog_io[17]
  analog_io[18]
  analog_io[19]
  analog_io[1]
  analog_io[20]
  analog_io[21]
  analog_io[22]
  analog_io[23]
  analog_io[24]
  analog_io[25]
  analog_io[26]
  analog_io[27]
  analog_io[28]
  analog_io[29]
  analog_io[2]
  analog_io[30]
  analog_io[31]
  analog_io[32]
  analog_io[33]
  analog_io[34]
  analog_io[35]
  analog_io[36]
  analog_io[37]
  analog_io[38]
  analog_io[39]
  analog_io[3]
  analog_io[40]
  analog_io[41]
  analog_io[42]
  analog_io[43]
  analog_io[4]
  analog_io[5]
  analog_io[6]
  analog_io[7]
  analog_io[8]
  analog_io[9]
  analog_noesd_io[0]
  analog_noesd_io[10]
  analog_noesd_io[11]
  analog_noesd_io[12]
  analog_noesd_io[13]
  analog_noesd_io[14]
  analog_noesd_io[15]
  analog_noesd_io[16]
  analog_noesd_io[17]
  analog_noesd_io[18]
  analog_noesd_io[19]
  analog_noesd_io[1]
  analog_noesd_io[20]
  analog_noesd_io[21]
  analog_noesd_io[22]
  analog_noesd_io[23]
  analog_noesd_io[24]
  analog_noesd_io[25]
  analog_noesd_io[26]
  analog_noesd_io[27]
  analog_noesd_io[28]
  analog_noesd_io[29]
  analog_noesd_io[2]
  analog_noesd_io[30]
  analog_noesd_io[31]
  analog_noesd_io[32]
  analog_noesd_io[33]
  analog_noesd_io[34]
  analog_noesd_io[35]
  analog_noesd_io[36]
  analog_noesd_io[37]
  analog_noesd_io[38]
  analog_noesd_io[39]
  analog_noesd_io[3]
  analog_noesd_io[40]
  analog_noesd_io[41]
  analog_noesd_io[42]
  analog_noesd_io[43]
  analog_noesd_io[4]
  analog_noesd_io[5]
  analog_noesd_io[6]
  analog_noesd_io[7]
  analog_noesd_io[8]
  analog_noesd_io[9]
  gpio_analog_en[0]
  gpio_analog_en[10]
  gpio_analog_en[11]
  gpio_analog_en[12]
  gpio_analog_en[13]
  gpio_analog_en[14]
  gpio_analog_en[15]
  gpio_analog_en[16]
  gpio_analog_en[17]
  gpio_analog_en[18]
  gpio_analog_en[19]
  gpio_analog_en[1]
  gpio_analog_en[20]
  gpio_analog_en[21]
  gpio_analog_en[22]
  gpio_analog_en[23]
  gpio_analog_en[24]
  gpio_analog_en[25]
  gpio_analog_en[26]
  gpio_analog_en[27]
  gpio_analog_en[28]
  gpio_analog_en[29]
  gpio_analog_en[2]
  gpio_analog_en[30]
  gpio_analog_en[31]
  gpio_analog_en[32]
  gpio_analog_en[33]
  gpio_analog_en[34]
  gpio_analog_en[35]
  gpio_analog_en[36]
  gpio_analog_en[37]
  gpio_analog_en[38]
  gpio_analog_en[39]
  gpio_analog_en[3]
  gpio_analog_en[40]
  gpio_analog_en[41]
  gpio_analog_en[42]
  gpio_analog_en[43]
  gpio_analog_en[4]
  gpio_analog_en[5]
  gpio_analog_en[6]
  gpio_analog_en[7]
  gpio_analog_en[8]
  gpio_analog_en[9]
  gpio_analog_pol[0]
  gpio_analog_pol[10]
  gpio_analog_pol[11]
  gpio_analog_pol[12]
  gpio_analog_pol[13]
  gpio_analog_pol[14]
  gpio_analog_pol[15]
  gpio_analog_pol[16]
  gpio_analog_pol[17]
  gpio_analog_pol[18]
  gpio_analog_pol[19]
  gpio_analog_pol[1]
  gpio_analog_pol[20]
  gpio_analog_pol[21]
  gpio_analog_pol[22]
  gpio_analog_pol[23]
  gpio_analog_pol[24]
  gpio_analog_pol[25]
  gpio_analog_pol[26]
  gpio_analog_pol[27]
  gpio_analog_pol[28]
  gpio_analog_pol[29]
  gpio_analog_pol[2]
  gpio_analog_pol[30]
  gpio_analog_pol[31]
  gpio_analog_pol[32]
  gpio_analog_pol[33]
  gpio_analog_pol[34]
  gpio_analog_pol[35]
  gpio_analog_pol[36]
  gpio_analog_pol[37]
  gpio_analog_pol[38]
  gpio_analog_pol[39]
  gpio_analog_pol[3]
  gpio_analog_pol[40]
  gpio_analog_pol[41]
  gpio_analog_pol[42]
  gpio_analog_pol[43]
  gpio_analog_pol[4]
  gpio_analog_pol[5]
  gpio_analog_pol[6]
  gpio_analog_pol[7]
  gpio_analog_pol[8]
  gpio_analog_pol[9]
  gpio_analog_sel[0]
  gpio_analog_sel[10]
  gpio_analog_sel[11]
  gpio_analog_sel[12]
  gpio_analog_sel[13]
  gpio_analog_sel[14]
  gpio_analog_sel[15]
  gpio_analog_sel[16]
  gpio_analog_sel[17]
  gpio_analog_sel[18]
  gpio_analog_sel[19]
  gpio_analog_sel[1]
  gpio_analog_sel[20]
  gpio_analog_sel[21]
  gpio_analog_sel[22]
  gpio_analog_sel[23]
  gpio_analog_sel[24]
  gpio_analog_sel[25]
  gpio_analog_sel[26]
  gpio_analog_sel[27]
  gpio_analog_sel[28]
  gpio_analog_sel[29]
  gpio_analog_sel[2]
  gpio_analog_sel[30]
  gpio_analog_sel[31]
  gpio_analog_sel[32]
  gpio_analog_sel[33]
  gpio_analog_sel[34]
  gpio_analog_sel[35]
  gpio_analog_sel[36]
  gpio_analog_sel[37]
  gpio_analog_sel[38]
  gpio_analog_sel[39]
  gpio_analog_sel[3]
  gpio_analog_sel[40]
  gpio_analog_sel[41]
  gpio_analog_sel[42]
  gpio_analog_sel[43]
  gpio_analog_sel[4]
  gpio_analog_sel[5]
  gpio_analog_sel[6]
  gpio_analog_sel[7]
  gpio_analog_sel[8]
  gpio_analog_sel[9]
  gpio_dm0[0]
  gpio_dm0[10]
  gpio_dm0[11]
  gpio_dm0[12]
  gpio_dm0[13]
  gpio_dm0[14]
  gpio_dm0[15]
  gpio_dm0[16]
  gpio_dm0[17]
  gpio_dm0[18]
  gpio_dm0[19]
  gpio_dm0[1]
  gpio_dm0[20]
  gpio_dm0[21]
  gpio_dm0[22]
  gpio_dm0[23]
  gpio_dm0[24]
  gpio_dm0[25]
  gpio_dm0[26]
  gpio_dm0[27]
  gpio_dm0[28]
  gpio_dm0[29]
  gpio_dm0[2]
  gpio_dm0[30]
  gpio_dm0[31]
  gpio_dm0[32]
  gpio_dm0[33]
  gpio_dm0[34]
  gpio_dm0[35]
  gpio_dm0[36]
  gpio_dm0[37]
  gpio_dm0[38]
  gpio_dm0[39]
  gpio_dm0[3]
  gpio_dm0[40]
  gpio_dm0[41]
  gpio_dm0[42]
  gpio_dm0[43]
  gpio_dm0[4]
  gpio_dm0[5]
  gpio_dm0[6]
  gpio_dm0[7]
  gpio_dm0[8]
  gpio_dm0[9]
  gpio_dm1[0]
  gpio_dm1[10]
  gpio_dm1[11]
  gpio_dm1[12]
  gpio_dm1[13]
  gpio_dm1[14]
  gpio_dm1[15]
  gpio_dm1[16]
  gpio_dm1[17]
  gpio_dm1[18]
  gpio_dm1[19]
  gpio_dm1[1]
  gpio_dm1[20]
  gpio_dm1[21]
  gpio_dm1[22]
  gpio_dm1[23]
  gpio_dm1[24]
  gpio_dm1[25]
  gpio_dm1[26]
  gpio_dm1[27]
  gpio_dm1[28]
  gpio_dm1[29]
  gpio_dm1[2]
  gpio_dm1[30]
  gpio_dm1[31]
  gpio_dm1[32]
  gpio_dm1[33]
  gpio_dm1[34]
  gpio_dm1[35]
  gpio_dm1[36]
  gpio_dm1[37]
  gpio_dm1[38]
  gpio_dm1[39]
  gpio_dm1[3]
  gpio_dm1[40]
  gpio_dm1[41]
  gpio_dm1[42]
  gpio_dm1[43]
  gpio_dm1[4]
  gpio_dm1[5]
  gpio_dm1[6]
  gpio_dm1[7]
  gpio_dm1[8]
  gpio_dm1[9]
  gpio_dm2[0]
  gpio_dm2[10]
  gpio_dm2[11]
  gpio_dm2[12]
  gpio_dm2[13]
  gpio_dm2[14]
  gpio_dm2[15]
  gpio_dm2[16]
  gpio_dm2[17]
  gpio_dm2[18]
  gpio_dm2[19]
  gpio_dm2[1]
  gpio_dm2[20]
  gpio_dm2[21]
  gpio_dm2[22]
  gpio_dm2[23]
  gpio_dm2[24]
  gpio_dm2[25]
  gpio_dm2[26]
  gpio_dm2[27]
  gpio_dm2[28]
  gpio_dm2[29]
  gpio_dm2[2]
  gpio_dm2[30]
  gpio_dm2[31]
  gpio_dm2[32]
  gpio_dm2[33]
  gpio_dm2[34]
  gpio_dm2[35]
  gpio_dm2[36]
  gpio_dm2[37]
  gpio_dm2[38]
  gpio_dm2[39]
  gpio_dm2[3]
  gpio_dm2[40]
  gpio_dm2[41]
  gpio_dm2[42]
  gpio_dm2[43]
  gpio_dm2[4]
  gpio_dm2[5]
  gpio_dm2[6]
  gpio_dm2[7]
  gpio_dm2[8]
  gpio_dm2[9]
  gpio_holdover[0]
  gpio_holdover[10]
  gpio_holdover[11]
  gpio_holdover[12]
  gpio_holdover[13]
  gpio_holdover[14]
  gpio_holdover[15]
  gpio_holdover[16]
  gpio_holdover[17]
  gpio_holdover[18]
  gpio_holdover[19]
  gpio_holdover[1]
  gpio_holdover[20]
  gpio_holdover[21]
  gpio_holdover[22]
  gpio_holdover[23]
  gpio_holdover[24]
  gpio_holdover[25]
  gpio_holdover[26]
  gpio_holdover[27]
  gpio_holdover[28]
  gpio_holdover[29]
  gpio_holdover[2]
  gpio_holdover[30]
  gpio_holdover[31]
  gpio_holdover[32]
  gpio_holdover[33]
  gpio_holdover[34]
  gpio_holdover[35]
  gpio_holdover[36]
  gpio_holdover[37]
  gpio_holdover[38]
  gpio_holdover[39]
  gpio_holdover[3]
  gpio_holdover[40]
  gpio_holdover[41]
  gpio_holdover[42]
  gpio_holdover[43]
  gpio_holdover[4]
  gpio_holdover[5]
  gpio_holdover[6]
  gpio_holdover[7]
  gpio_holdover[8]
  gpio_holdover[9]
  gpio_ib_mode_sel[0]
  gpio_ib_mode_sel[10]
  gpio_ib_mode_sel[11]
  gpio_ib_mode_sel[12]
  gpio_ib_mode_sel[13]
  gpio_ib_mode_sel[14]
  gpio_ib_mode_sel[15]
  gpio_ib_mode_sel[16]
  gpio_ib_mode_sel[17]
  gpio_ib_mode_sel[18]
  gpio_ib_mode_sel[19]
  gpio_ib_mode_sel[1]
  gpio_ib_mode_sel[20]
  gpio_ib_mode_sel[21]
  gpio_ib_mode_sel[22]
  gpio_ib_mode_sel[23]
  gpio_ib_mode_sel[24]
  gpio_ib_mode_sel[25]
  gpio_ib_mode_sel[26]
  gpio_ib_mode_sel[27]
  gpio_ib_mode_sel[28]
  gpio_ib_mode_sel[29]
  gpio_ib_mode_sel[2]
  gpio_ib_mode_sel[30]
  gpio_ib_mode_sel[31]
  gpio_ib_mode_sel[32]
  gpio_ib_mode_sel[33]
  gpio_ib_mode_sel[34]
  gpio_ib_mode_sel[35]
  gpio_ib_mode_sel[36]
  gpio_ib_mode_sel[37]
  gpio_ib_mode_sel[38]
  gpio_ib_mode_sel[39]
  gpio_ib_mode_sel[3]
  gpio_ib_mode_sel[40]
  gpio_ib_mode_sel[41]
  gpio_ib_mode_sel[42]
  gpio_ib_mode_sel[43]
  gpio_ib_mode_sel[4]
  gpio_ib_mode_sel[5]
  gpio_ib_mode_sel[6]
  gpio_ib_mode_sel[7]
  gpio_ib_mode_sel[8]
  gpio_ib_mode_sel[9]
  gpio_inp_dis[0]
  gpio_inp_dis[10]
  gpio_inp_dis[11]
  gpio_inp_dis[12]
  gpio_inp_dis[13]
  gpio_inp_dis[14]
  gpio_inp_dis[15]
  gpio_inp_dis[16]
  gpio_inp_dis[17]
  gpio_inp_dis[18]
  gpio_inp_dis[19]
  gpio_inp_dis[1]
  gpio_inp_dis[20]
  gpio_inp_dis[21]
  gpio_inp_dis[22]
  gpio_inp_dis[23]
  gpio_inp_dis[24]
  gpio_inp_dis[25]
  gpio_inp_dis[26]
  gpio_inp_dis[27]
  gpio_inp_dis[28]
  gpio_inp_dis[29]
  gpio_inp_dis[2]
  gpio_inp_dis[30]
  gpio_inp_dis[31]
  gpio_inp_dis[32]
  gpio_inp_dis[33]
  gpio_inp_dis[34]
  gpio_inp_dis[35]
  gpio_inp_dis[36]
  gpio_inp_dis[37]
  gpio_inp_dis[38]
  gpio_inp_dis[39]
  gpio_inp_dis[3]
  gpio_inp_dis[40]
  gpio_inp_dis[41]
  gpio_inp_dis[42]
  gpio_inp_dis[43]
  gpio_inp_dis[4]
  gpio_inp_dis[5]
  gpio_inp_dis[6]
  gpio_inp_dis[7]
  gpio_inp_dis[8]
  gpio_inp_dis[9]
  gpio_oeb[0]
  gpio_oeb[10]
  gpio_oeb[11]
  gpio_oeb[12]
  gpio_oeb[13]
  gpio_oeb[14]
  gpio_oeb[15]
  gpio_oeb[16]
  gpio_oeb[17]
  gpio_oeb[1]
  gpio_oeb[22]
  gpio_oeb[23]
  gpio_oeb[24]
  gpio_oeb[25]
  gpio_oeb[26]
  gpio_oeb[27]
  gpio_oeb[28]
  gpio_oeb[29]
  gpio_oeb[2]
  gpio_oeb[30]
  gpio_oeb[31]
  gpio_oeb[32]
  gpio_oeb[33]
  gpio_oeb[34]
  gpio_oeb[35]
  gpio_oeb[36]
  gpio_oeb[37]
  gpio_oeb[38]
  gpio_oeb[39]
  gpio_oeb[3]
  gpio_oeb[40]
  gpio_oeb[41]
  gpio_oeb[42]
  gpio_oeb[43]
  gpio_oeb[4]
  gpio_oeb[5]
  gpio_oeb[6]
  gpio_oeb[7]
  gpio_oeb[8]
  gpio_oeb[9]
  gpio_out[0]
  gpio_out[10]
  gpio_out[11]
  gpio_out[12]
  gpio_out[13]
  gpio_out[14]
  gpio_out[15]
  gpio_out[16]
  gpio_out[17]
  gpio_out[18]
  gpio_out[19]
  gpio_out[1]
  gpio_out[20]
  gpio_out[21]
  gpio_out[22]
  gpio_out[23]
  gpio_out[24]
  gpio_out[25]
  gpio_out[26]
  gpio_out[27]
  gpio_out[28]
  gpio_out[29]
  gpio_out[2]
  gpio_out[30]
  gpio_out[31]
  gpio_out[32]
  gpio_out[33]
  gpio_out[34]
  gpio_out[35]
  gpio_out[36]
  gpio_out[37]
  gpio_out[38]
  gpio_out[39]
  gpio_out[3]
  gpio_out[40]
  gpio_out[41]
  gpio_out[42]
  gpio_out[43]
  gpio_out[4]
  gpio_out[5]
  gpio_out[6]
  gpio_out[7]
  gpio_out[8]
  gpio_out[9]
  gpio_slow_sel[0]
  gpio_slow_sel[10]
  gpio_slow_sel[11]
  gpio_slow_sel[12]
  gpio_slow_sel[13]
  gpio_slow_sel[14]
  gpio_slow_sel[15]
  gpio_slow_sel[16]
  gpio_slow_sel[17]
  gpio_slow_sel[18]
  gpio_slow_sel[19]
  gpio_slow_sel[1]
  gpio_slow_sel[20]
  gpio_slow_sel[21]
  gpio_slow_sel[22]
  gpio_slow_sel[23]
  gpio_slow_sel[24]
  gpio_slow_sel[25]
  gpio_slow_sel[26]
  gpio_slow_sel[27]
  gpio_slow_sel[28]
  gpio_slow_sel[29]
  gpio_slow_sel[2]
  gpio_slow_sel[30]
  gpio_slow_sel[31]
  gpio_slow_sel[32]
  gpio_slow_sel[33]
  gpio_slow_sel[34]
  gpio_slow_sel[35]
  gpio_slow_sel[36]
  gpio_slow_sel[37]
  gpio_slow_sel[38]
  gpio_slow_sel[39]
  gpio_slow_sel[3]
  gpio_slow_sel[40]
  gpio_slow_sel[41]
  gpio_slow_sel[42]
  gpio_slow_sel[43]
  gpio_slow_sel[4]
  gpio_slow_sel[5]
  gpio_slow_sel[6]
  gpio_slow_sel[7]
  gpio_slow_sel[8]
  gpio_slow_sel[9]
  gpio_vtrip_sel[0]
  gpio_vtrip_sel[10]
  gpio_vtrip_sel[11]
  gpio_vtrip_sel[12]
  gpio_vtrip_sel[13]
  gpio_vtrip_sel[14]
  gpio_vtrip_sel[15]
  gpio_vtrip_sel[16]
  gpio_vtrip_sel[17]
  gpio_vtrip_sel[18]
  gpio_vtrip_sel[19]
  gpio_vtrip_sel[1]
  gpio_vtrip_sel[20]
  gpio_vtrip_sel[21]
  gpio_vtrip_sel[22]
  gpio_vtrip_sel[23]
  gpio_vtrip_sel[24]
  gpio_vtrip_sel[25]
  gpio_vtrip_sel[26]
  gpio_vtrip_sel[27]
  gpio_vtrip_sel[28]
  gpio_vtrip_sel[29]
  gpio_vtrip_sel[2]
  gpio_vtrip_sel[30]
  gpio_vtrip_sel[31]
  gpio_vtrip_sel[32]
  gpio_vtrip_sel[33]
  gpio_vtrip_sel[34]
  gpio_vtrip_sel[35]
  gpio_vtrip_sel[36]
  gpio_vtrip_sel[37]
  gpio_vtrip_sel[38]
  gpio_vtrip_sel[39]
  gpio_vtrip_sel[3]
  gpio_vtrip_sel[40]
  gpio_vtrip_sel[41]
  gpio_vtrip_sel[42]
  gpio_vtrip_sel[43]
  gpio_vtrip_sel[4]
  gpio_vtrip_sel[5]
  gpio_vtrip_sel[6]
  gpio_vtrip_sel[7]
  gpio_vtrip_sel[8]
  gpio_vtrip_sel[9]
  mprj/resetb_l
