
===========================================================================
report_checks -path_delay max (Setup)
============================================================================
======================= max_tt_025C_1v80 Corner ===================================

Startpoint: gpio_in[0] (input port clocked by gpio_in[38])
Endpoint: gpio_oeb[21] (output port clocked by gpio_in[38])
Path Group: gpio_in[38]
Path Type: max

Fanout         Cap        Slew       Delay        Time   Description
---------------------------------------------------------------------------------------------
                                  0.000000    0.000000   clock gpio_in[38] (rise edge)
                                  0.000000    0.000000   clock network delay (propagated)
                                  5.000000    5.000000 v input external delay
     2    0.003998    0.011413    0.006494    5.006495 v gpio_in[0] (in)
                                                         gpio_in[0] (net)
                      0.011416    0.000000    5.006495 v input1/A (sky130_fd_sc_hd__clkbuf_4)
     3    0.050257    0.110805    0.185592    5.192087 v input1/X (sky130_fd_sc_hd__clkbuf_4)
                                                         net1 (net)
                      0.113415    0.013558    5.205645 v _044_/A (sky130_fd_sc_hd__inv_2)
     9    0.049956    0.229010    0.212473    5.418118 ^ _044_/Y (sky130_fd_sc_hd__inv_2)
                                                         bidir_oeb (net)
                      0.230052    0.012588    5.430706 ^ _654_/A (sky130_fd_sc_hd__clkbuf_1)
     1    0.006102    0.081732    0.143575    5.574280 ^ _654_/X (sky130_fd_sc_hd__clkbuf_1)
                                                         net6 (net)
                      0.081732    0.000345    5.574625 ^ output6/A (sky130_fd_sc_hd__buf_2)
     1    0.034449    0.171371    0.211555    5.786180 ^ output6/X (sky130_fd_sc_hd__buf_2)
                                                         gpio_oeb[21] (net)
                      0.171444    0.001613    5.787794 ^ gpio_oeb[21] (out)
                                              5.787794   data arrival time

                                 25.000000   25.000000   clock gpio_in[38] (rise edge)
                                  0.000000   25.000000   clock network delay (propagated)
                                 -0.250000   24.750000   clock uncertainty
                                  0.000000   24.750000   clock reconvergence pessimism
                                 -5.000000   19.750000   output external delay
                                             19.750000   data required time
---------------------------------------------------------------------------------------------
                                             19.750000   data required time
                                             -5.787794   data arrival time
---------------------------------------------------------------------------------------------
                                             13.962206   slack (MET)


Startpoint: gpio_in[0] (input port clocked by gpio_in[38])
Endpoint: gpio_oeb[18] (output port clocked by gpio_in[38])
Path Group: gpio_in[38]
Path Type: max

Fanout         Cap        Slew       Delay        Time   Description
---------------------------------------------------------------------------------------------
                                  0.000000    0.000000   clock gpio_in[38] (rise edge)
                                  0.000000    0.000000   clock network delay (propagated)
                                  5.000000    5.000000 v input external delay
     2    0.003998    0.011413    0.006494    5.006495 v gpio_in[0] (in)
                                                         gpio_in[0] (net)
                      0.011416    0.000000    5.006495 v input1/A (sky130_fd_sc_hd__clkbuf_4)
     3    0.050257    0.110805    0.185592    5.192087 v input1/X (sky130_fd_sc_hd__clkbuf_4)
                                                         net1 (net)
                      0.113415    0.013558    5.205645 v _044_/A (sky130_fd_sc_hd__inv_2)
     9    0.049956    0.229010    0.212473    5.418118 ^ _044_/Y (sky130_fd_sc_hd__inv_2)
                                                         bidir_oeb (net)
                      0.229942    0.011928    5.430046 ^ _651_/A (sky130_fd_sc_hd__clkbuf_1)
     1    0.002608    0.044057    0.115375    5.545421 ^ _651_/X (sky130_fd_sc_hd__clkbuf_1)
                                                         net3 (net)
                      0.044058    0.000167    5.545588 ^ output3/A (sky130_fd_sc_hd__buf_2)
     1    0.034449    0.171178    0.197539    5.743128 ^ output3/X (sky130_fd_sc_hd__buf_2)
                                                         gpio_oeb[18] (net)
                      0.171200    0.001613    5.744741 ^ gpio_oeb[18] (out)
                                              5.744741   data arrival time

                                 25.000000   25.000000   clock gpio_in[38] (rise edge)
                                  0.000000   25.000000   clock network delay (propagated)
                                 -0.250000   24.750000   clock uncertainty
                                  0.000000   24.750000   clock reconvergence pessimism
                                 -5.000000   19.750000   output external delay
                                             19.750000   data required time
---------------------------------------------------------------------------------------------
                                             19.750000   data required time
                                             -5.744741   data arrival time
---------------------------------------------------------------------------------------------
                                             14.005258   slack (MET)


Startpoint: gpio_in[0] (input port clocked by gpio_in[38])
Endpoint: gpio_oeb[20] (output port clocked by gpio_in[38])
Path Group: gpio_in[38]
Path Type: max

Fanout         Cap        Slew       Delay        Time   Description
---------------------------------------------------------------------------------------------
                                  0.000000    0.000000   clock gpio_in[38] (rise edge)
                                  0.000000    0.000000   clock network delay (propagated)
                                  5.000000    5.000000 v input external delay
     2    0.003998    0.011413    0.006494    5.006495 v gpio_in[0] (in)
                                                         gpio_in[0] (net)
                      0.011416    0.000000    5.006495 v input1/A (sky130_fd_sc_hd__clkbuf_4)
     3    0.050257    0.110805    0.185592    5.192087 v input1/X (sky130_fd_sc_hd__clkbuf_4)
                                                         net1 (net)
                      0.113415    0.013558    5.205645 v _044_/A (sky130_fd_sc_hd__inv_2)
     9    0.049956    0.229010    0.212473    5.418118 ^ _044_/Y (sky130_fd_sc_hd__inv_2)
                                                         bidir_oeb (net)
                      0.230044    0.012543    5.430661 ^ _653_/A (sky130_fd_sc_hd__clkbuf_1)
     1    0.002184    0.039825    0.111794    5.542455 ^ _653_/X (sky130_fd_sc_hd__clkbuf_1)
                                                         net5 (net)
                      0.039826    0.000151    5.542606 ^ output5/A (sky130_fd_sc_hd__buf_2)
     1    0.034441    0.171152    0.195894    5.738500 ^ output5/X (sky130_fd_sc_hd__buf_2)
                                                         gpio_oeb[20] (net)
                      0.171174    0.001613    5.740113 ^ gpio_oeb[20] (out)
                                              5.740113   data arrival time

                                 25.000000   25.000000   clock gpio_in[38] (rise edge)
                                  0.000000   25.000000   clock network delay (propagated)
                                 -0.250000   24.750000   clock uncertainty
                                  0.000000   24.750000   clock reconvergence pessimism
                                 -5.000000   19.750000   output external delay
                                             19.750000   data required time
---------------------------------------------------------------------------------------------
                                             19.750000   data required time
                                             -5.740113   data arrival time
---------------------------------------------------------------------------------------------
                                             14.009887   slack (MET)


Startpoint: gpio_in[0] (input port clocked by gpio_in[38])
Endpoint: gpio_oeb[19] (output port clocked by gpio_in[38])
Path Group: gpio_in[38]
Path Type: max

Fanout         Cap        Slew       Delay        Time   Description
---------------------------------------------------------------------------------------------
                                  0.000000    0.000000   clock gpio_in[38] (rise edge)
                                  0.000000    0.000000   clock network delay (propagated)
                                  5.000000    5.000000 v input external delay
     2    0.003998    0.011413    0.006494    5.006495 v gpio_in[0] (in)
                                                         gpio_in[0] (net)
                      0.011416    0.000000    5.006495 v input1/A (sky130_fd_sc_hd__clkbuf_4)
     3    0.050257    0.110805    0.185592    5.192087 v input1/X (sky130_fd_sc_hd__clkbuf_4)
                                                         net1 (net)
                      0.113415    0.013558    5.205645 v _044_/A (sky130_fd_sc_hd__inv_2)
     9    0.049956    0.229010    0.212473    5.418118 ^ _044_/Y (sky130_fd_sc_hd__inv_2)
                                                         bidir_oeb (net)
                      0.230052    0.012585    5.430703 ^ _652_/A (sky130_fd_sc_hd__clkbuf_1)
     1    0.002181    0.039791    0.111765    5.542468 ^ _652_/X (sky130_fd_sc_hd__clkbuf_1)
                                                         net4 (net)
                      0.039791    0.000151    5.542619 ^ output4/A (sky130_fd_sc_hd__buf_2)
     1    0.034377    0.170852    0.195680    5.738299 ^ output4/X (sky130_fd_sc_hd__buf_2)
                                                         gpio_oeb[19] (net)
                      0.170873    0.001596    5.739895 ^ gpio_oeb[19] (out)
                                              5.739895   data arrival time

                                 25.000000   25.000000   clock gpio_in[38] (rise edge)
                                  0.000000   25.000000   clock network delay (propagated)
                                 -0.250000   24.750000   clock uncertainty
                                  0.000000   24.750000   clock reconvergence pessimism
                                 -5.000000   19.750000   output external delay
                                             19.750000   data required time
---------------------------------------------------------------------------------------------
                                             19.750000   data required time
                                             -5.739895   data arrival time
---------------------------------------------------------------------------------------------
                                             14.010104   slack (MET)


Startpoint: _095_ (rising edge-triggered flip-flop clocked by gpio_in[38])
Endpoint: gpio_out[26] (output port clocked by gpio_in[38])
Path Group: gpio_in[38]
Path Type: max

Fanout         Cap        Slew       Delay        Time   Description
---------------------------------------------------------------------------------------------
                                  0.000000    0.000000   clock gpio_in[38] (rise edge)
                                  0.000000    0.000000   clock source latency
     2    0.100454    0.457024    0.337565    0.337565 ^ gpio_in[38] (in)
                                                         gpio_in[38] (net)
                      0.465885    0.000000    0.337565 ^ clkbuf_0_gpio_in[38]/A (sky130_fd_sc_hd__clkbuf_16)
     5    0.068250    0.092165    0.271113    0.608677 ^ clkbuf_0_gpio_in[38]/X (sky130_fd_sc_hd__clkbuf_16)
                                                         clknet_0_gpio_in[38] (net)
                      0.093194    0.007623    0.616300 ^ clkbuf_1_0__f_gpio_in[38]/A (sky130_fd_sc_hd__clkbuf_16)
    25    0.085726    0.104052    0.180229    0.796529 ^ clkbuf_1_0__f_gpio_in[38]/X (sky130_fd_sc_hd__clkbuf_16)
                                                         clknet_1_0__leaf_gpio_in[38] (net)
                      0.110818    0.020180    0.816709 ^ _095_/CLK (sky130_fd_sc_hd__dfrtp_2)
     3    0.012162    0.077902    0.397191    1.213900 ^ _095_/Q (sky130_fd_sc_hd__dfrtp_2)
                                                         gpio_22_37_output[26].cfg.gpio_out_val (net)
                      0.077908    0.000745    1.214644 ^ _667_/A (sky130_fd_sc_hd__buf_6)
     3    0.112163    0.220849    0.215406    1.430050 ^ _667_/X (sky130_fd_sc_hd__buf_6)
                                                         net15 (net)
                      0.248681    0.059676    1.489726 ^ output15/A (sky130_fd_sc_hd__buf_2)
     1    0.034495    0.171988    0.260812    1.750539 ^ output15/X (sky130_fd_sc_hd__buf_2)
                                                         gpio_out[26] (net)
                      0.172003    0.001682    1.752221 ^ gpio_out[26] (out)
                                              1.752221   data arrival time

                                 25.000000   25.000000   clock gpio_in[38] (rise edge)
                                  0.000000   25.000000   clock network delay (propagated)
                                 -0.250000   24.750000   clock uncertainty
                                  0.000000   24.750000   clock reconvergence pessimism
                                 -5.000000   19.750000   output external delay
                                             19.750000   data required time
---------------------------------------------------------------------------------------------
                                             19.750000   data required time
                                             -1.752221   data arrival time
---------------------------------------------------------------------------------------------
                                             17.997778   slack (MET)


Startpoint: _105_ (rising edge-triggered flip-flop clocked by gpio_in[38])
Endpoint: gpio_out[36] (output port clocked by gpio_in[38])
Path Group: gpio_in[38]
Path Type: max

Fanout         Cap        Slew       Delay        Time   Description
---------------------------------------------------------------------------------------------
                                  0.000000    0.000000   clock gpio_in[38] (rise edge)
                                  0.000000    0.000000   clock source latency
     2    0.100454    0.457024    0.337565    0.337565 ^ gpio_in[38] (in)
                                                         gpio_in[38] (net)
                      0.465885    0.000000    0.337565 ^ clkbuf_0_gpio_in[38]/A (sky130_fd_sc_hd__clkbuf_16)
     5    0.068250    0.092165    0.271113    0.608677 ^ clkbuf_0_gpio_in[38]/X (sky130_fd_sc_hd__clkbuf_16)
                                                         clknet_0_gpio_in[38] (net)
                      0.093149    0.007446    0.616124 ^ clkbuf_1_1__f_gpio_in[38]/A (sky130_fd_sc_hd__clkbuf_16)
    19    0.072851    0.091062    0.176969    0.793093 ^ clkbuf_1_1__f_gpio_in[38]/X (sky130_fd_sc_hd__clkbuf_16)
                                                         clknet_1_1__leaf_gpio_in[38] (net)
                      0.095615    0.015673    0.808766 ^ _105_/CLK (sky130_fd_sc_hd__dfrtp_1)
     3    0.009682    0.097756    0.379862    1.188629 ^ _105_/Q (sky130_fd_sc_hd__dfrtp_1)
                                                         gpio_22_37_output[36].cfg.gpio_out_val (net)
                      0.097758    0.000595    1.189224 ^ _677_/A (sky130_fd_sc_hd__clkbuf_1)
     3    0.023167    0.275537    0.255709    1.444933 ^ _677_/X (sky130_fd_sc_hd__clkbuf_1)
                                                         net26 (net)
                      0.275579    0.002814    1.447747 ^ output26/A (sky130_fd_sc_hd__buf_2)
     1    0.034599    0.172503    0.268415    1.716162 ^ output26/X (sky130_fd_sc_hd__buf_2)
                                                         gpio_out[36] (net)
                      0.172518    0.001707    1.717869 ^ gpio_out[36] (out)
                                              1.717869   data arrival time

                                 25.000000   25.000000   clock gpio_in[38] (rise edge)
                                  0.000000   25.000000   clock network delay (propagated)
                                 -0.250000   24.750000   clock uncertainty
                                  0.000000   24.750000   clock reconvergence pessimism
                                 -5.000000   19.750000   output external delay
                                             19.750000   data required time
---------------------------------------------------------------------------------------------
                                             19.750000   data required time
                                             -1.717869   data arrival time
---------------------------------------------------------------------------------------------
                                             18.032131   slack (MET)


Startpoint: _088_ (rising edge-triggered flip-flop clocked by gpio_in[38])
Endpoint: gpio_out[3] (output port clocked by gpio_in[38])
Path Group: gpio_in[38]
Path Type: max

Fanout         Cap        Slew       Delay        Time   Description
---------------------------------------------------------------------------------------------
                                  0.000000    0.000000   clock gpio_in[38] (rise edge)
                                  0.000000    0.000000   clock source latency
     2    0.100454    0.457024    0.337565    0.337565 ^ gpio_in[38] (in)
                                                         gpio_in[38] (net)
                      0.465885    0.000000    0.337565 ^ clkbuf_0_gpio_in[38]/A (sky130_fd_sc_hd__clkbuf_16)
     5    0.068250    0.092165    0.271113    0.608677 ^ clkbuf_0_gpio_in[38]/X (sky130_fd_sc_hd__clkbuf_16)
                                                         clknet_0_gpio_in[38] (net)
                      0.093194    0.007623    0.616300 ^ clkbuf_1_0__f_gpio_in[38]/A (sky130_fd_sc_hd__clkbuf_16)
    25    0.085726    0.104052    0.180229    0.796529 ^ clkbuf_1_0__f_gpio_in[38]/X (sky130_fd_sc_hd__clkbuf_16)
                                                         clknet_1_0__leaf_gpio_in[38] (net)
                      0.113935    0.024432    0.820961 ^ _088_/CLK (sky130_fd_sc_hd__dfrtp_1)
     5    0.014165    0.134497    0.413604    1.234565 ^ _088_/Q (sky130_fd_sc_hd__dfrtp_1)
                                                         gpio_18_21_bidir[19].cfg.gpio_out_val (net)
                      0.134501    0.000921    1.235486 ^ _656_/A (sky130_fd_sc_hd__buf_1)
     1    0.017922    0.215788    0.223342    1.458828 ^ _656_/X (sky130_fd_sc_hd__buf_1)
                                                         net28 (net)
                      0.215811    0.001859    1.460688 ^ output28/A (sky130_fd_sc_hd__buf_2)
     1    0.034377    0.171390    0.251591    1.712279 ^ output28/X (sky130_fd_sc_hd__buf_2)
                                                         gpio_out[3] (net)
                      0.171403    0.001596    1.713875 ^ gpio_out[3] (out)
                                              1.713875   data arrival time

                                 25.000000   25.000000   clock gpio_in[38] (rise edge)
                                  0.000000   25.000000   clock network delay (propagated)
                                 -0.250000   24.750000   clock uncertainty
                                  0.000000   24.750000   clock reconvergence pessimism
                                 -5.000000   19.750000   output external delay
                                             19.750000   data required time
---------------------------------------------------------------------------------------------
                                             19.750000   data required time
                                             -1.713875   data arrival time
---------------------------------------------------------------------------------------------
                                             18.036123   slack (MET)


Startpoint: _096_ (rising edge-triggered flip-flop clocked by gpio_in[38])
Endpoint: gpio_out[27] (output port clocked by gpio_in[38])
Path Group: gpio_in[38]
Path Type: max

Fanout         Cap        Slew       Delay        Time   Description
---------------------------------------------------------------------------------------------
                                  0.000000    0.000000   clock gpio_in[38] (rise edge)
                                  0.000000    0.000000   clock source latency
     2    0.100454    0.457024    0.337565    0.337565 ^ gpio_in[38] (in)
                                                         gpio_in[38] (net)
                      0.465885    0.000000    0.337565 ^ clkbuf_0_gpio_in[38]/A (sky130_fd_sc_hd__clkbuf_16)
     5    0.068250    0.092165    0.271113    0.608677 ^ clkbuf_0_gpio_in[38]/X (sky130_fd_sc_hd__clkbuf_16)
                                                         clknet_0_gpio_in[38] (net)
                      0.093194    0.007623    0.616300 ^ clkbuf_1_0__f_gpio_in[38]/A (sky130_fd_sc_hd__clkbuf_16)
    25    0.085726    0.104052    0.180229    0.796529 ^ clkbuf_1_0__f_gpio_in[38]/X (sky130_fd_sc_hd__clkbuf_16)
                                                         clknet_1_0__leaf_gpio_in[38] (net)
                      0.113328    0.023653    0.820182 ^ _096_/CLK (sky130_fd_sc_hd__dfrtp_1)
     4    0.011663    0.113930    0.398446    1.218628 ^ _096_/Q (sky130_fd_sc_hd__dfrtp_1)
                                                         gpio_22_37_output[27].cfg.gpio_out_val (net)
                      0.113932    0.000616    1.219244 ^ _668_/A (sky130_fd_sc_hd__buf_1)
     1    0.014573    0.177328    0.192974    1.412218 ^ _668_/X (sky130_fd_sc_hd__buf_1)
                                                         net16 (net)
                      0.177342    0.001341    1.413560 ^ output16/A (sky130_fd_sc_hd__buf_2)
     1    0.034370    0.171306    0.241163    1.654723 ^ output16/X (sky130_fd_sc_hd__buf_2)
                                                         gpio_out[27] (net)
                      0.171319    0.001595    1.656318 ^ gpio_out[27] (out)
                                              1.656318   data arrival time

                                 25.000000   25.000000   clock gpio_in[38] (rise edge)
                                  0.000000   25.000000   clock network delay (propagated)
                                 -0.250000   24.750000   clock uncertainty
                                  0.000000   24.750000   clock reconvergence pessimism
                                 -5.000000   19.750000   output external delay
                                             19.750000   data required time
---------------------------------------------------------------------------------------------
                                             19.750000   data required time
                                             -1.656318   data arrival time
---------------------------------------------------------------------------------------------
                                             18.093681   slack (MET)


Startpoint: _104_ (rising edge-triggered flip-flop clocked by gpio_in[38])
Endpoint: gpio_out[35] (output port clocked by gpio_in[38])
Path Group: gpio_in[38]
Path Type: max

Fanout         Cap        Slew       Delay        Time   Description
---------------------------------------------------------------------------------------------
                                  0.000000    0.000000   clock gpio_in[38] (rise edge)
                                  0.000000    0.000000   clock source latency
     2    0.100454    0.457024    0.337565    0.337565 ^ gpio_in[38] (in)
                                                         gpio_in[38] (net)
                      0.465885    0.000000    0.337565 ^ clkbuf_0_gpio_in[38]/A (sky130_fd_sc_hd__clkbuf_16)
     5    0.068250    0.092165    0.271113    0.608677 ^ clkbuf_0_gpio_in[38]/X (sky130_fd_sc_hd__clkbuf_16)
                                                         clknet_0_gpio_in[38] (net)
                      0.093149    0.007446    0.616124 ^ clkbuf_1_1__f_gpio_in[38]/A (sky130_fd_sc_hd__clkbuf_16)
    19    0.072851    0.091062    0.176969    0.793093 ^ clkbuf_1_1__f_gpio_in[38]/X (sky130_fd_sc_hd__clkbuf_16)
                                                         clknet_1_1__leaf_gpio_in[38] (net)
                      0.095605    0.015656    0.808749 ^ _104_/CLK (sky130_fd_sc_hd__dfrtp_1)
     3    0.009120    0.093494    0.376279    1.185028 ^ _104_/Q (sky130_fd_sc_hd__dfrtp_1)
                                                         gpio_22_37_output[35].cfg.gpio_out_val (net)
                      0.093495    0.000532    1.185560 ^ _676_/A (sky130_fd_sc_hd__clkbuf_2)
     3    0.030181    0.168098    0.207378    1.392939 ^ _676_/X (sky130_fd_sc_hd__clkbuf_2)
                                                         net25 (net)
                      0.168262    0.004312    1.397251 ^ output25/A (sky130_fd_sc_hd__buf_2)
     1    0.034582    0.172297    0.239335    1.636586 ^ output25/X (sky130_fd_sc_hd__buf_2)
                                                         gpio_out[35] (net)
                      0.172313    0.001707    1.638293 ^ gpio_out[35] (out)
                                              1.638293   data arrival time

                                 25.000000   25.000000   clock gpio_in[38] (rise edge)
                                  0.000000   25.000000   clock network delay (propagated)
                                 -0.250000   24.750000   clock uncertainty
                                  0.000000   24.750000   clock reconvergence pessimism
                                 -5.000000   19.750000   output external delay
                                             19.750000   data required time
---------------------------------------------------------------------------------------------
                                             19.750000   data required time
                                             -1.638293   data arrival time
---------------------------------------------------------------------------------------------
                                             18.111706   slack (MET)


Startpoint: _103_ (rising edge-triggered flip-flop clocked by gpio_in[38])
Endpoint: gpio_out[34] (output port clocked by gpio_in[38])
Path Group: gpio_in[38]
Path Type: max

Fanout         Cap        Slew       Delay        Time   Description
---------------------------------------------------------------------------------------------
                                  0.000000    0.000000   clock gpio_in[38] (rise edge)
                                  0.000000    0.000000   clock source latency
     2    0.100454    0.457024    0.337565    0.337565 ^ gpio_in[38] (in)
                                                         gpio_in[38] (net)
                      0.465885    0.000000    0.337565 ^ clkbuf_0_gpio_in[38]/A (sky130_fd_sc_hd__clkbuf_16)
     5    0.068250    0.092165    0.271113    0.608677 ^ clkbuf_0_gpio_in[38]/X (sky130_fd_sc_hd__clkbuf_16)
                                                         clknet_0_gpio_in[38] (net)
                      0.093149    0.007446    0.616124 ^ clkbuf_1_1__f_gpio_in[38]/A (sky130_fd_sc_hd__clkbuf_16)
    19    0.072851    0.091062    0.176969    0.793093 ^ clkbuf_1_1__f_gpio_in[38]/X (sky130_fd_sc_hd__clkbuf_16)
                                                         clknet_1_1__leaf_gpio_in[38] (net)
                      0.095595    0.015639    0.808731 ^ _103_/CLK (sky130_fd_sc_hd__dfrtp_1)
     3    0.009496    0.096253    0.378656    1.187388 ^ _103_/Q (sky130_fd_sc_hd__dfrtp_1)
                                                         gpio_22_37_output[34].cfg.gpio_out_val (net)
                      0.096257    0.000762    1.188150 ^ _675_/A (sky130_fd_sc_hd__clkbuf_2)
     3    0.026680    0.149171    0.196600    1.384750 ^ _675_/X (sky130_fd_sc_hd__clkbuf_2)
                                                         net24 (net)
                      0.149288    0.003429    1.388179 ^ output24/A (sky130_fd_sc_hd__buf_2)
     1    0.034537    0.172061    0.234054    1.622233 ^ output24/X (sky130_fd_sc_hd__buf_2)
                                                         gpio_out[34] (net)
                      0.172076    0.001701    1.623934 ^ gpio_out[34] (out)
                                              1.623934   data arrival time

                                 25.000000   25.000000   clock gpio_in[38] (rise edge)
                                  0.000000   25.000000   clock network delay (propagated)
                                 -0.250000   24.750000   clock uncertainty
                                  0.000000   24.750000   clock reconvergence pessimism
                                 -5.000000   19.750000   output external delay
                                             19.750000   data required time
---------------------------------------------------------------------------------------------
                                             19.750000   data required time
                                             -1.623934   data arrival time
---------------------------------------------------------------------------------------------
                                             18.126064   slack (MET)


Startpoint: _097_ (rising edge-triggered flip-flop clocked by gpio_in[38])
Endpoint: gpio_out[28] (output port clocked by gpio_in[38])
Path Group: gpio_in[38]
Path Type: max

Fanout         Cap        Slew       Delay        Time   Description
---------------------------------------------------------------------------------------------
                                  0.000000    0.000000   clock gpio_in[38] (rise edge)
                                  0.000000    0.000000   clock source latency
     2    0.100454    0.457024    0.337565    0.337565 ^ gpio_in[38] (in)
                                                         gpio_in[38] (net)
                      0.465885    0.000000    0.337565 ^ clkbuf_0_gpio_in[38]/A (sky130_fd_sc_hd__clkbuf_16)
     5    0.068250    0.092165    0.271113    0.608677 ^ clkbuf_0_gpio_in[38]/X (sky130_fd_sc_hd__clkbuf_16)
                                                         clknet_0_gpio_in[38] (net)
                      0.093194    0.007623    0.616300 ^ clkbuf_1_0__f_gpio_in[38]/A (sky130_fd_sc_hd__clkbuf_16)
    25    0.085726    0.104052    0.180229    0.796529 ^ clkbuf_1_0__f_gpio_in[38]/X (sky130_fd_sc_hd__clkbuf_16)
                                                         clknet_1_0__leaf_gpio_in[38] (net)
                      0.113281    0.023591    0.820120 ^ _097_/CLK (sky130_fd_sc_hd__dfrtp_1)
     2    0.006644    0.074655    0.366247    1.186368 ^ _097_/Q (sky130_fd_sc_hd__dfrtp_1)
                                                         gpio_22_37_output[28].cfg.gpio_out_val (net)
                      0.074656    0.000481    1.186848 ^ _669_/A (sky130_fd_sc_hd__buf_1)
     1    0.014859    0.180556    0.184551    1.371399 ^ _669_/X (sky130_fd_sc_hd__buf_1)
                                                         net17 (net)
                      0.180577    0.001634    1.373034 ^ output17/A (sky130_fd_sc_hd__buf_2)
     1    0.034370    0.171311    0.242038    1.615071 ^ output17/X (sky130_fd_sc_hd__buf_2)
                                                         gpio_out[28] (net)
                      0.171323    0.001595    1.616667 ^ gpio_out[28] (out)
                                              1.616667   data arrival time

                                 25.000000   25.000000   clock gpio_in[38] (rise edge)
                                  0.000000   25.000000   clock network delay (propagated)
                                 -0.250000   24.750000   clock uncertainty
                                  0.000000   24.750000   clock reconvergence pessimism
                                 -5.000000   19.750000   output external delay
                                             19.750000   data required time
---------------------------------------------------------------------------------------------
                                             19.750000   data required time
                                             -1.616667   data arrival time
---------------------------------------------------------------------------------------------
                                             18.133333   slack (MET)


Startpoint: _101_ (rising edge-triggered flip-flop clocked by gpio_in[38])
Endpoint: gpio_out[32] (output port clocked by gpio_in[38])
Path Group: gpio_in[38]
Path Type: max

Fanout         Cap        Slew       Delay        Time   Description
---------------------------------------------------------------------------------------------
                                  0.000000    0.000000   clock gpio_in[38] (rise edge)
                                  0.000000    0.000000   clock source latency
     2    0.100454    0.457024    0.337565    0.337565 ^ gpio_in[38] (in)
                                                         gpio_in[38] (net)
                      0.465885    0.000000    0.337565 ^ clkbuf_0_gpio_in[38]/A (sky130_fd_sc_hd__clkbuf_16)
     5    0.068250    0.092165    0.271113    0.608677 ^ clkbuf_0_gpio_in[38]/X (sky130_fd_sc_hd__clkbuf_16)
                                                         clknet_0_gpio_in[38] (net)
                      0.093194    0.007623    0.616300 ^ clkbuf_1_0__f_gpio_in[38]/A (sky130_fd_sc_hd__clkbuf_16)
    25    0.085726    0.104052    0.180229    0.796529 ^ clkbuf_1_0__f_gpio_in[38]/X (sky130_fd_sc_hd__clkbuf_16)
                                                         clknet_1_0__leaf_gpio_in[38] (net)
                      0.115522    0.026379    0.822908 ^ _101_/CLK (sky130_fd_sc_hd__dfrtp_1)
     4    0.015519    0.145609    0.422467    1.245375 ^ _101_/Q (sky130_fd_sc_hd__dfrtp_1)
                                                         gpio_22_37_output[32].cfg.gpio_out_val (net)
                      0.145611    0.000815    1.246190 ^ _673_/A (sky130_fd_sc_hd__clkbuf_1)
     1    0.008047    0.102810    0.146899    1.393089 ^ _673_/X (sky130_fd_sc_hd__clkbuf_1)
                                                         net22 (net)
                      0.102811    0.000557    1.393646 ^ output22/A (sky130_fd_sc_hd__buf_2)
     1    0.034441    0.171458    0.219300    1.612947 ^ output22/X (sky130_fd_sc_hd__buf_2)
                                                         gpio_out[32] (net)
                      0.171530    0.001613    1.614560 ^ gpio_out[32] (out)
                                              1.614560   data arrival time

                                 25.000000   25.000000   clock gpio_in[38] (rise edge)
                                  0.000000   25.000000   clock network delay (propagated)
                                 -0.250000   24.750000   clock uncertainty
                                  0.000000   24.750000   clock reconvergence pessimism
                                 -5.000000   19.750000   output external delay
                                             19.750000   data required time
---------------------------------------------------------------------------------------------
                                             19.750000   data required time
                                             -1.614560   data arrival time
---------------------------------------------------------------------------------------------
                                             18.135441   slack (MET)


Startpoint: _093_ (rising edge-triggered flip-flop clocked by gpio_in[38])
Endpoint: gpio_out[24] (output port clocked by gpio_in[38])
Path Group: gpio_in[38]
Path Type: max

Fanout         Cap        Slew       Delay        Time   Description
---------------------------------------------------------------------------------------------
                                  0.000000    0.000000   clock gpio_in[38] (rise edge)
                                  0.000000    0.000000   clock source latency
     2    0.100454    0.457024    0.337565    0.337565 ^ gpio_in[38] (in)
                                                         gpio_in[38] (net)
                      0.465885    0.000000    0.337565 ^ clkbuf_0_gpio_in[38]/A (sky130_fd_sc_hd__clkbuf_16)
     5    0.068250    0.092165    0.271113    0.608677 ^ clkbuf_0_gpio_in[38]/X (sky130_fd_sc_hd__clkbuf_16)
                                                         clknet_0_gpio_in[38] (net)
                      0.093149    0.007446    0.616124 ^ clkbuf_1_1__f_gpio_in[38]/A (sky130_fd_sc_hd__clkbuf_16)
    19    0.072851    0.091062    0.176969    0.793093 ^ clkbuf_1_1__f_gpio_in[38]/X (sky130_fd_sc_hd__clkbuf_16)
                                                         clknet_1_1__leaf_gpio_in[38] (net)
                      0.096432    0.017087    0.810180 ^ _093_/CLK (sky130_fd_sc_hd__dfrtp_1)
     3    0.010704    0.106097    0.386310    1.196489 ^ _093_/Q (sky130_fd_sc_hd__dfrtp_1)
                                                         gpio_22_37_output[24].cfg.gpio_out_val (net)
                      0.106100    0.000724    1.197213 ^ _665_/A (sky130_fd_sc_hd__buf_1)
     1    0.008883    0.112202    0.145745    1.342958 ^ _665_/X (sky130_fd_sc_hd__buf_1)
                                                         net13 (net)
                      0.112250    0.000846    1.343804 ^ output13/A (sky130_fd_sc_hd__buf_2)
     1    0.034495    0.171772    0.222910    1.566713 ^ output13/X (sky130_fd_sc_hd__buf_2)
                                                         gpio_out[24] (net)
                      0.171786    0.001682    1.568395 ^ gpio_out[24] (out)
                                              1.568395   data arrival time

                                 25.000000   25.000000   clock gpio_in[38] (rise edge)
                                  0.000000   25.000000   clock network delay (propagated)
                                 -0.250000   24.750000   clock uncertainty
                                  0.000000   24.750000   clock reconvergence pessimism
                                 -5.000000   19.750000   output external delay
                                             19.750000   data required time
---------------------------------------------------------------------------------------------
                                             19.750000   data required time
                                             -1.568395   data arrival time
---------------------------------------------------------------------------------------------
                                             18.181604   slack (MET)


Startpoint: _100_ (rising edge-triggered flip-flop clocked by gpio_in[38])
Endpoint: gpio_out[31] (output port clocked by gpio_in[38])
Path Group: gpio_in[38]
Path Type: max

Fanout         Cap        Slew       Delay        Time   Description
---------------------------------------------------------------------------------------------
                                  0.000000    0.000000   clock gpio_in[38] (rise edge)
                                  0.000000    0.000000   clock source latency
     2    0.100454    0.457024    0.337565    0.337565 ^ gpio_in[38] (in)
                                                         gpio_in[38] (net)
                      0.465885    0.000000    0.337565 ^ clkbuf_0_gpio_in[38]/A (sky130_fd_sc_hd__clkbuf_16)
     5    0.068250    0.092165    0.271113    0.608677 ^ clkbuf_0_gpio_in[38]/X (sky130_fd_sc_hd__clkbuf_16)
                                                         clknet_0_gpio_in[38] (net)
                      0.093194    0.007623    0.616300 ^ clkbuf_1_0__f_gpio_in[38]/A (sky130_fd_sc_hd__clkbuf_16)
    25    0.085726    0.104052    0.180229    0.796529 ^ clkbuf_1_0__f_gpio_in[38]/X (sky130_fd_sc_hd__clkbuf_16)
                                                         clknet_1_0__leaf_gpio_in[38] (net)
                      0.115620    0.026496    0.823025 ^ _100_/CLK (sky130_fd_sc_hd__dfrtp_1)
     4    0.014383    0.136248    0.415696    1.238721 ^ _100_/Q (sky130_fd_sc_hd__dfrtp_1)
                                                         gpio_22_37_output[31].cfg.gpio_out_val (net)
                      0.136248    0.000520    1.239241 ^ _672_/A (sky130_fd_sc_hd__clkbuf_1)
     1    0.002848    0.045473    0.103953    1.343194 ^ _672_/X (sky130_fd_sc_hd__clkbuf_1)
                                                         net21 (net)
                      0.045473    0.000184    1.343378 ^ output21/A (sky130_fd_sc_hd__buf_2)
     1    0.034782    0.172742    0.199124    1.542501 ^ output21/X (sky130_fd_sc_hd__buf_2)
                                                         gpio_out[31] (net)
                      0.172766    0.001706    1.544207 ^ gpio_out[31] (out)
                                              1.544207   data arrival time

                                 25.000000   25.000000   clock gpio_in[38] (rise edge)
                                  0.000000   25.000000   clock network delay (propagated)
                                 -0.250000   24.750000   clock uncertainty
                                  0.000000   24.750000   clock reconvergence pessimism
                                 -5.000000   19.750000   output external delay
                                             19.750000   data required time
---------------------------------------------------------------------------------------------
                                             19.750000   data required time
                                             -1.544207   data arrival time
---------------------------------------------------------------------------------------------
                                             18.205793   slack (MET)


Startpoint: _099_ (rising edge-triggered flip-flop clocked by gpio_in[38])
Endpoint: gpio_out[30] (output port clocked by gpio_in[38])
Path Group: gpio_in[38]
Path Type: max

Fanout         Cap        Slew       Delay        Time   Description
---------------------------------------------------------------------------------------------
                                  0.000000    0.000000   clock gpio_in[38] (rise edge)
                                  0.000000    0.000000   clock source latency
     2    0.100454    0.457024    0.337565    0.337565 ^ gpio_in[38] (in)
                                                         gpio_in[38] (net)
                      0.465885    0.000000    0.337565 ^ clkbuf_0_gpio_in[38]/A (sky130_fd_sc_hd__clkbuf_16)
     5    0.068250    0.092165    0.271113    0.608677 ^ clkbuf_0_gpio_in[38]/X (sky130_fd_sc_hd__clkbuf_16)
                                                         clknet_0_gpio_in[38] (net)
                      0.093194    0.007623    0.616300 ^ clkbuf_1_0__f_gpio_in[38]/A (sky130_fd_sc_hd__clkbuf_16)
    25    0.085726    0.104052    0.180229    0.796529 ^ clkbuf_1_0__f_gpio_in[38]/X (sky130_fd_sc_hd__clkbuf_16)
                                                         clknet_1_0__leaf_gpio_in[38] (net)
                      0.115337    0.026158    0.822687 ^ _099_/CLK (sky130_fd_sc_hd__dfrtp_1)
     5    0.012050    0.117096    0.401532    1.224218 ^ _099_/Q (sky130_fd_sc_hd__dfrtp_1)
                                                         gpio_22_37_output[30].cfg.gpio_out_val (net)
                      0.117097    0.000604    1.224822 ^ _671_/A (sky130_fd_sc_hd__clkbuf_1)
     1    0.003984    0.057560    0.109732    1.334554 ^ _671_/X (sky130_fd_sc_hd__clkbuf_1)
                                                         net20 (net)
                      0.057561    0.000268    1.334822 ^ output20/A (sky130_fd_sc_hd__buf_2)
     1    0.034858    0.173056    0.203944    1.538766 ^ output20/X (sky130_fd_sc_hd__buf_2)
                                                         gpio_out[30] (net)
                      0.173132    0.001708    1.540473 ^ gpio_out[30] (out)
                                              1.540473   data arrival time

                                 25.000000   25.000000   clock gpio_in[38] (rise edge)
                                  0.000000   25.000000   clock network delay (propagated)
                                 -0.250000   24.750000   clock uncertainty
                                  0.000000   24.750000   clock reconvergence pessimism
                                 -5.000000   19.750000   output external delay
                                             19.750000   data required time
---------------------------------------------------------------------------------------------
                                             19.750000   data required time
                                             -1.540473   data arrival time
---------------------------------------------------------------------------------------------
                                             18.209526   slack (MET)


Startpoint: _090_ (rising edge-triggered flip-flop clocked by gpio_in[38])
Endpoint: gpio_out[5] (output port clocked by gpio_in[38])
Path Group: gpio_in[38]
Path Type: max

Fanout         Cap        Slew       Delay        Time   Description
---------------------------------------------------------------------------------------------
                                  0.000000    0.000000   clock gpio_in[38] (rise edge)
                                  0.000000    0.000000   clock source latency
     2    0.100454    0.457024    0.337565    0.337565 ^ gpio_in[38] (in)
                                                         gpio_in[38] (net)
                      0.465885    0.000000    0.337565 ^ clkbuf_0_gpio_in[38]/A (sky130_fd_sc_hd__clkbuf_16)
     5    0.068250    0.092165    0.271113    0.608677 ^ clkbuf_0_gpio_in[38]/X (sky130_fd_sc_hd__clkbuf_16)
                                                         clknet_0_gpio_in[38] (net)
                      0.093194    0.007623    0.616300 ^ clkbuf_1_0__f_gpio_in[38]/A (sky130_fd_sc_hd__clkbuf_16)
    25    0.085726    0.104052    0.180229    0.796529 ^ clkbuf_1_0__f_gpio_in[38]/X (sky130_fd_sc_hd__clkbuf_16)
                                                         clknet_1_0__leaf_gpio_in[38] (net)
                      0.114221    0.024792    0.821321 ^ _090_/CLK (sky130_fd_sc_hd__dfrtp_1)
     3    0.008115    0.086390    0.376445    1.197766 ^ _090_/Q (sky130_fd_sc_hd__dfrtp_1)
                                                         gpio_18_21_bidir[21].cfg.gpio_out_val (net)
                      0.086391    0.000505    1.198271 ^ _658_/A (sky130_fd_sc_hd__clkbuf_1)
     1    0.006926    0.090103    0.125073    1.323344 ^ _658_/X (sky130_fd_sc_hd__clkbuf_1)
                                                         net30 (net)
                      0.090104    0.000415    1.323759 ^ output30/A (sky130_fd_sc_hd__buf_2)
     1    0.034441    0.171385    0.214617    1.538376 ^ output30/X (sky130_fd_sc_hd__buf_2)
                                                         gpio_out[5] (net)
                      0.171458    0.001613    1.539989 ^ gpio_out[5] (out)
                                              1.539989   data arrival time

                                 25.000000   25.000000   clock gpio_in[38] (rise edge)
                                  0.000000   25.000000   clock network delay (propagated)
                                 -0.250000   24.750000   clock uncertainty
                                  0.000000   24.750000   clock reconvergence pessimism
                                 -5.000000   19.750000   output external delay
                                             19.750000   data required time
---------------------------------------------------------------------------------------------
                                             19.750000   data required time
                                             -1.539989   data arrival time
---------------------------------------------------------------------------------------------
                                             18.210011   slack (MET)


Startpoint: _088_ (rising edge-triggered flip-flop clocked by gpio_in[38])
Endpoint: gpio_out[19] (output port clocked by gpio_in[38])
Path Group: gpio_in[38]
Path Type: max

Fanout         Cap        Slew       Delay        Time   Description
---------------------------------------------------------------------------------------------
                                  0.000000    0.000000   clock gpio_in[38] (rise edge)
                                  0.000000    0.000000   clock source latency
     2    0.100454    0.457024    0.337565    0.337565 ^ gpio_in[38] (in)
                                                         gpio_in[38] (net)
                      0.465885    0.000000    0.337565 ^ clkbuf_0_gpio_in[38]/A (sky130_fd_sc_hd__clkbuf_16)
     5    0.068250    0.092165    0.271113    0.608677 ^ clkbuf_0_gpio_in[38]/X (sky130_fd_sc_hd__clkbuf_16)
                                                         clknet_0_gpio_in[38] (net)
                      0.093194    0.007623    0.616300 ^ clkbuf_1_0__f_gpio_in[38]/A (sky130_fd_sc_hd__clkbuf_16)
    25    0.085726    0.104052    0.180229    0.796529 ^ clkbuf_1_0__f_gpio_in[38]/X (sky130_fd_sc_hd__clkbuf_16)
                                                         clknet_1_0__leaf_gpio_in[38] (net)
                      0.113935    0.024432    0.820961 ^ _088_/CLK (sky130_fd_sc_hd__dfrtp_1)
     5    0.014165    0.134497    0.413604    1.234565 ^ _088_/Q (sky130_fd_sc_hd__dfrtp_1)
                                                         gpio_18_21_bidir[19].cfg.gpio_out_val (net)
                      0.134501    0.000904    1.235469 ^ _660_/A (sky130_fd_sc_hd__clkbuf_1)
     1    0.002623    0.043106    0.101819    1.337288 ^ _660_/X (sky130_fd_sc_hd__clkbuf_1)
                                                         net8 (net)
                      0.043107    0.000171    1.337459 ^ output8/A (sky130_fd_sc_hd__buf_2)
     1    0.034449    0.171180    0.197175    1.534634 ^ output8/X (sky130_fd_sc_hd__buf_2)
                                                         gpio_out[19] (net)
                      0.171202    0.001613    1.536248 ^ gpio_out[19] (out)
                                              1.536248   data arrival time

                                 25.000000   25.000000   clock gpio_in[38] (rise edge)
                                  0.000000   25.000000   clock network delay (propagated)
                                 -0.250000   24.750000   clock uncertainty
                                  0.000000   24.750000   clock reconvergence pessimism
                                 -5.000000   19.750000   output external delay
                                             19.750000   data required time
---------------------------------------------------------------------------------------------
                                             19.750000   data required time
                                             -1.536248   data arrival time
---------------------------------------------------------------------------------------------
                                             18.213751   slack (MET)


Startpoint: _102_ (rising edge-triggered flip-flop clocked by gpio_in[38])
Endpoint: gpio_out[33] (output port clocked by gpio_in[38])
Path Group: gpio_in[38]
Path Type: max

Fanout         Cap        Slew       Delay        Time   Description
---------------------------------------------------------------------------------------------
                                  0.000000    0.000000   clock gpio_in[38] (rise edge)
                                  0.000000    0.000000   clock source latency
     2    0.100454    0.457024    0.337565    0.337565 ^ gpio_in[38] (in)
                                                         gpio_in[38] (net)
                      0.465885    0.000000    0.337565 ^ clkbuf_0_gpio_in[38]/A (sky130_fd_sc_hd__clkbuf_16)
     5    0.068250    0.092165    0.271113    0.608677 ^ clkbuf_0_gpio_in[38]/X (sky130_fd_sc_hd__clkbuf_16)
                                                         clknet_0_gpio_in[38] (net)
                      0.093194    0.007623    0.616300 ^ clkbuf_1_0__f_gpio_in[38]/A (sky130_fd_sc_hd__clkbuf_16)
    25    0.085726    0.104052    0.180229    0.796529 ^ clkbuf_1_0__f_gpio_in[38]/X (sky130_fd_sc_hd__clkbuf_16)
                                                         clknet_1_0__leaf_gpio_in[38] (net)
                      0.115395    0.026227    0.822756 ^ _102_/CLK (sky130_fd_sc_hd__dfrtp_1)
     3    0.009271    0.094514    0.384705    1.207462 ^ _102_/Q (sky130_fd_sc_hd__dfrtp_1)
                                                         gpio_22_37_output[33].cfg.gpio_out_val (net)
                      0.094516    0.000527    1.207989 ^ _674_/A (sky130_fd_sc_hd__clkbuf_1)
     1    0.003816    0.055517    0.102423    1.310412 ^ _674_/X (sky130_fd_sc_hd__clkbuf_1)
                                                         net23 (net)
                      0.055517    0.000231    1.310643 ^ output23/A (sky130_fd_sc_hd__buf_2)
     1    0.034377    0.170792    0.201671    1.512314 ^ output23/X (sky130_fd_sc_hd__buf_2)
                                                         gpio_out[33] (net)
                      0.170863    0.001595    1.513909 ^ gpio_out[33] (out)
                                              1.513909   data arrival time

                                 25.000000   25.000000   clock gpio_in[38] (rise edge)
                                  0.000000   25.000000   clock network delay (propagated)
                                 -0.250000   24.750000   clock uncertainty
                                  0.000000   24.750000   clock reconvergence pessimism
                                 -5.000000   19.750000   output external delay
                                             19.750000   data required time
---------------------------------------------------------------------------------------------
                                             19.750000   data required time
                                             -1.513909   data arrival time
---------------------------------------------------------------------------------------------
                                             18.236090   slack (MET)


Startpoint: _087_ (rising edge-triggered flip-flop clocked by gpio_in[38])
Endpoint: gpio_out[2] (output port clocked by gpio_in[38])
Path Group: gpio_in[38]
Path Type: max

Fanout         Cap        Slew       Delay        Time   Description
---------------------------------------------------------------------------------------------
                                  0.000000    0.000000   clock gpio_in[38] (rise edge)
                                  0.000000    0.000000   clock source latency
     2    0.100454    0.457024    0.337565    0.337565 ^ gpio_in[38] (in)
                                                         gpio_in[38] (net)
                      0.465885    0.000000    0.337565 ^ clkbuf_0_gpio_in[38]/A (sky130_fd_sc_hd__clkbuf_16)
     5    0.068250    0.092165    0.271113    0.608677 ^ clkbuf_0_gpio_in[38]/X (sky130_fd_sc_hd__clkbuf_16)
                                                         clknet_0_gpio_in[38] (net)
                      0.093194    0.007623    0.616300 ^ clkbuf_1_0__f_gpio_in[38]/A (sky130_fd_sc_hd__clkbuf_16)
    25    0.085726    0.104052    0.180229    0.796529 ^ clkbuf_1_0__f_gpio_in[38]/X (sky130_fd_sc_hd__clkbuf_16)
                                                         clknet_1_0__leaf_gpio_in[38] (net)
                      0.113467    0.023833    0.820362 ^ _087_/CLK (sky130_fd_sc_hd__dfrtp_2)
     3    0.009339    0.055839    0.430082    1.250445 v _087_/Q (sky130_fd_sc_hd__dfrtp_2)
                                                         gpio_18_21_bidir[18].cfg.gpio_out_val (net)
                      0.055839    0.000601    1.251046 v _655_/A (sky130_fd_sc_hd__clkbuf_1)
     1    0.002213    0.023577    0.088878    1.339924 v _655_/X (sky130_fd_sc_hd__clkbuf_1)
                                                         net19 (net)
                      0.023578    0.000147    1.340070 v output19/A (sky130_fd_sc_hd__buf_2)
     1    0.034441    0.090432    0.170444    1.510515 v output19/X (sky130_fd_sc_hd__buf_2)
                                                         gpio_out[2] (net)
                      0.090465    0.001611    1.512126 v gpio_out[2] (out)
                                              1.512126   data arrival time

                                 25.000000   25.000000   clock gpio_in[38] (rise edge)
                                  0.000000   25.000000   clock network delay (propagated)
                                 -0.250000   24.750000   clock uncertainty
                                  0.000000   24.750000   clock reconvergence pessimism
                                 -5.000000   19.750000   output external delay
                                             19.750000   data required time
---------------------------------------------------------------------------------------------
                                             19.750000   data required time
                                             -1.512126   data arrival time
---------------------------------------------------------------------------------------------
                                             18.237873   slack (MET)


Startpoint: _087_ (rising edge-triggered flip-flop clocked by gpio_in[38])
Endpoint: gpio_out[18] (output port clocked by gpio_in[38])
Path Group: gpio_in[38]
Path Type: max

Fanout         Cap        Slew       Delay        Time   Description
---------------------------------------------------------------------------------------------
                                  0.000000    0.000000   clock gpio_in[38] (rise edge)
                                  0.000000    0.000000   clock source latency
     2    0.100454    0.457024    0.337565    0.337565 ^ gpio_in[38] (in)
                                                         gpio_in[38] (net)
                      0.465885    0.000000    0.337565 ^ clkbuf_0_gpio_in[38]/A (sky130_fd_sc_hd__clkbuf_16)
     5    0.068250    0.092165    0.271113    0.608677 ^ clkbuf_0_gpio_in[38]/X (sky130_fd_sc_hd__clkbuf_16)
                                                         clknet_0_gpio_in[38] (net)
                      0.093194    0.007623    0.616300 ^ clkbuf_1_0__f_gpio_in[38]/A (sky130_fd_sc_hd__clkbuf_16)
    25    0.085726    0.104052    0.180229    0.796529 ^ clkbuf_1_0__f_gpio_in[38]/X (sky130_fd_sc_hd__clkbuf_16)
                                                         clknet_1_0__leaf_gpio_in[38] (net)
                      0.113467    0.023833    0.820362 ^ _087_/CLK (sky130_fd_sc_hd__dfrtp_2)
     3    0.009339    0.055839    0.430082    1.250445 v _087_/Q (sky130_fd_sc_hd__dfrtp_2)
                                                         gpio_18_21_bidir[18].cfg.gpio_out_val (net)
                      0.055839    0.000579    1.251024 v _659_/A (sky130_fd_sc_hd__clkbuf_1)
     1    0.002094    0.022968    0.088220    1.339244 v _659_/X (sky130_fd_sc_hd__clkbuf_1)
                                                         net7 (net)
                      0.022968    0.000141    1.339385 v output7/A (sky130_fd_sc_hd__buf_2)
     1    0.034449    0.090450    0.170197    1.509582 v output7/X (sky130_fd_sc_hd__buf_2)
                                                         gpio_out[18] (net)
                      0.090484    0.001611    1.511193 v gpio_out[18] (out)
                                              1.511193   data arrival time

                                 25.000000   25.000000   clock gpio_in[38] (rise edge)
                                  0.000000   25.000000   clock network delay (propagated)
                                 -0.250000   24.750000   clock uncertainty
                                  0.000000   24.750000   clock reconvergence pessimism
                                 -5.000000   19.750000   output external delay
                                             19.750000   data required time
---------------------------------------------------------------------------------------------
                                             19.750000   data required time
                                             -1.511193   data arrival time
---------------------------------------------------------------------------------------------
                                             18.238806   slack (MET)


Startpoint: _098_ (rising edge-triggered flip-flop clocked by gpio_in[38])
Endpoint: gpio_out[29] (output port clocked by gpio_in[38])
Path Group: gpio_in[38]
Path Type: max

Fanout         Cap        Slew       Delay        Time   Description
---------------------------------------------------------------------------------------------
                                  0.000000    0.000000   clock gpio_in[38] (rise edge)
                                  0.000000    0.000000   clock source latency
     2    0.100454    0.457024    0.337565    0.337565 ^ gpio_in[38] (in)
                                                         gpio_in[38] (net)
                      0.465885    0.000000    0.337565 ^ clkbuf_0_gpio_in[38]/A (sky130_fd_sc_hd__clkbuf_16)
     5    0.068250    0.092165    0.271113    0.608677 ^ clkbuf_0_gpio_in[38]/X (sky130_fd_sc_hd__clkbuf_16)
                                                         clknet_0_gpio_in[38] (net)
                      0.093194    0.007623    0.616300 ^ clkbuf_1_0__f_gpio_in[38]/A (sky130_fd_sc_hd__clkbuf_16)
    25    0.085726    0.104052    0.180229    0.796529 ^ clkbuf_1_0__f_gpio_in[38]/X (sky130_fd_sc_hd__clkbuf_16)
                                                         clknet_1_0__leaf_gpio_in[38] (net)
                      0.112640    0.022744    0.819273 ^ _098_/CLK (sky130_fd_sc_hd__dfrtp_1)
     2    0.006390    0.072642    0.364333    1.183606 ^ _098_/Q (sky130_fd_sc_hd__dfrtp_1)
                                                         gpio_22_37_output[29].cfg.gpio_out_val (net)
                      0.072642    0.000389    1.183995 ^ _670_/A (sky130_fd_sc_hd__clkbuf_1)
     1    0.005060    0.069164    0.106484    1.290479 ^ _670_/X (sky130_fd_sc_hd__clkbuf_1)
                                                         net18 (net)
                      0.069165    0.000369    1.290848 ^ output18/A (sky130_fd_sc_hd__buf_2)
     1    0.034377    0.170965    0.206699    1.497547 ^ output18/X (sky130_fd_sc_hd__buf_2)
                                                         gpio_out[29] (net)
                      0.171037    0.001595    1.499142 ^ gpio_out[29] (out)
                                              1.499142   data arrival time

                                 25.000000   25.000000   clock gpio_in[38] (rise edge)
                                  0.000000   25.000000   clock network delay (propagated)
                                 -0.250000   24.750000   clock uncertainty
                                  0.000000   24.750000   clock reconvergence pessimism
                                 -5.000000   19.750000   output external delay
                                             19.750000   data required time
---------------------------------------------------------------------------------------------
                                             19.750000   data required time
                                             -1.499142   data arrival time
---------------------------------------------------------------------------------------------
                                             18.250856   slack (MET)


Startpoint: _089_ (rising edge-triggered flip-flop clocked by gpio_in[38])
Endpoint: gpio_out[20] (output port clocked by gpio_in[38])
Path Group: gpio_in[38]
Path Type: max

Fanout         Cap        Slew       Delay        Time   Description
---------------------------------------------------------------------------------------------
                                  0.000000    0.000000   clock gpio_in[38] (rise edge)
                                  0.000000    0.000000   clock source latency
     2    0.100454    0.457024    0.337565    0.337565 ^ gpio_in[38] (in)
                                                         gpio_in[38] (net)
                      0.465885    0.000000    0.337565 ^ clkbuf_0_gpio_in[38]/A (sky130_fd_sc_hd__clkbuf_16)
     5    0.068250    0.092165    0.271113    0.608677 ^ clkbuf_0_gpio_in[38]/X (sky130_fd_sc_hd__clkbuf_16)
                                                         clknet_0_gpio_in[38] (net)
                      0.093194    0.007623    0.616300 ^ clkbuf_1_0__f_gpio_in[38]/A (sky130_fd_sc_hd__clkbuf_16)
    25    0.085726    0.104052    0.180229    0.796529 ^ clkbuf_1_0__f_gpio_in[38]/X (sky130_fd_sc_hd__clkbuf_16)
                                                         clknet_1_0__leaf_gpio_in[38] (net)
                      0.114932    0.025669    0.822198 ^ _089_/CLK (sky130_fd_sc_hd__dfrtp_1)
     3    0.008264    0.065257    0.408879    1.231077 v _089_/Q (sky130_fd_sc_hd__dfrtp_1)
                                                         gpio_18_21_bidir[20].cfg.gpio_out_val (net)
                      0.065260    0.000495    1.231572 v _661_/A (sky130_fd_sc_hd__clkbuf_1)
     1    0.002102    0.023121    0.092396    1.323969 v _661_/X (sky130_fd_sc_hd__clkbuf_1)
                                                         net9 (net)
                      0.023122    0.000141    1.324110 v output9/A (sky130_fd_sc_hd__buf_2)
     1    0.034377    0.090291    0.170141    1.494251 v output9/X (sky130_fd_sc_hd__buf_2)
                                                         gpio_out[20] (net)
                      0.090324    0.001594    1.495845 v gpio_out[20] (out)
                                              1.495845   data arrival time

                                 25.000000   25.000000   clock gpio_in[38] (rise edge)
                                  0.000000   25.000000   clock network delay (propagated)
                                 -0.250000   24.750000   clock uncertainty
                                  0.000000   24.750000   clock reconvergence pessimism
                                 -5.000000   19.750000   output external delay
                                             19.750000   data required time
---------------------------------------------------------------------------------------------
                                             19.750000   data required time
                                             -1.495845   data arrival time
---------------------------------------------------------------------------------------------
                                             18.254154   slack (MET)


Startpoint: _089_ (rising edge-triggered flip-flop clocked by gpio_in[38])
Endpoint: gpio_out[4] (output port clocked by gpio_in[38])
Path Group: gpio_in[38]
Path Type: max

Fanout         Cap        Slew       Delay        Time   Description
---------------------------------------------------------------------------------------------
                                  0.000000    0.000000   clock gpio_in[38] (rise edge)
                                  0.000000    0.000000   clock source latency
     2    0.100454    0.457024    0.337565    0.337565 ^ gpio_in[38] (in)
                                                         gpio_in[38] (net)
                      0.465885    0.000000    0.337565 ^ clkbuf_0_gpio_in[38]/A (sky130_fd_sc_hd__clkbuf_16)
     5    0.068250    0.092165    0.271113    0.608677 ^ clkbuf_0_gpio_in[38]/X (sky130_fd_sc_hd__clkbuf_16)
                                                         clknet_0_gpio_in[38] (net)
                      0.093194    0.007623    0.616300 ^ clkbuf_1_0__f_gpio_in[38]/A (sky130_fd_sc_hd__clkbuf_16)
    25    0.085726    0.104052    0.180229    0.796529 ^ clkbuf_1_0__f_gpio_in[38]/X (sky130_fd_sc_hd__clkbuf_16)
                                                         clknet_1_0__leaf_gpio_in[38] (net)
                      0.114932    0.025669    0.822198 ^ _089_/CLK (sky130_fd_sc_hd__dfrtp_1)
     3    0.008264    0.065257    0.408879    1.231077 v _089_/Q (sky130_fd_sc_hd__dfrtp_1)
                                                         gpio_18_21_bidir[20].cfg.gpio_out_val (net)
                      0.065260    0.000487    1.231564 v _657_/A (sky130_fd_sc_hd__clkbuf_1)
     1    0.002094    0.023082    0.092353    1.323917 v _657_/X (sky130_fd_sc_hd__clkbuf_1)
                                                         net29 (net)
                      0.023082    0.000141    1.324058 v output29/A (sky130_fd_sc_hd__buf_2)
     1    0.034377    0.090291    0.170124    1.494182 v output29/X (sky130_fd_sc_hd__buf_2)
                                                         gpio_out[4] (net)
                      0.090324    0.001594    1.495776 v gpio_out[4] (out)
                                              1.495776   data arrival time

                                 25.000000   25.000000   clock gpio_in[38] (rise edge)
                                  0.000000   25.000000   clock network delay (propagated)
                                 -0.250000   24.750000   clock uncertainty
                                  0.000000   24.750000   clock reconvergence pessimism
                                 -5.000000   19.750000   output external delay
                                             19.750000   data required time
---------------------------------------------------------------------------------------------
                                             19.750000   data required time
                                             -1.495776   data arrival time
---------------------------------------------------------------------------------------------
                                             18.254223   slack (MET)


Startpoint: _092_ (rising edge-triggered flip-flop clocked by gpio_in[38])
Endpoint: gpio_out[23] (output port clocked by gpio_in[38])
Path Group: gpio_in[38]
Path Type: max

Fanout         Cap        Slew       Delay        Time   Description
---------------------------------------------------------------------------------------------
                                  0.000000    0.000000   clock gpio_in[38] (rise edge)
                                  0.000000    0.000000   clock source latency
     2    0.100454    0.457024    0.337565    0.337565 ^ gpio_in[38] (in)
                                                         gpio_in[38] (net)
                      0.465885    0.000000    0.337565 ^ clkbuf_0_gpio_in[38]/A (sky130_fd_sc_hd__clkbuf_16)
     5    0.068250    0.092165    0.271113    0.608677 ^ clkbuf_0_gpio_in[38]/X (sky130_fd_sc_hd__clkbuf_16)
                                                         clknet_0_gpio_in[38] (net)
                      0.093149    0.007446    0.616124 ^ clkbuf_1_1__f_gpio_in[38]/A (sky130_fd_sc_hd__clkbuf_16)
    19    0.072851    0.091062    0.176969    0.793093 ^ clkbuf_1_1__f_gpio_in[38]/X (sky130_fd_sc_hd__clkbuf_16)
                                                         clknet_1_1__leaf_gpio_in[38] (net)
                      0.096424    0.017074    0.810167 ^ _092_/CLK (sky130_fd_sc_hd__dfrtp_1)
     3    0.010406    0.072402    0.412175    1.222342 v _092_/Q (sky130_fd_sc_hd__dfrtp_1)
                                                         gpio_22_37_output[23].cfg.gpio_out_val (net)
                      0.072474    0.000747    1.223089 v _664_/A (sky130_fd_sc_hd__clkbuf_1)
     1    0.002227    0.023845    0.096254    1.319342 v _664_/X (sky130_fd_sc_hd__clkbuf_1)
                                                         net12 (net)
                      0.023846    0.000149    1.319491 v output12/A (sky130_fd_sc_hd__buf_2)
     1    0.034537    0.090669    0.170668    1.490159 v output12/X (sky130_fd_sc_hd__buf_2)
                                                         gpio_out[23] (net)
                      0.090706    0.001699    1.491858 v gpio_out[23] (out)
                                              1.491858   data arrival time

                                 25.000000   25.000000   clock gpio_in[38] (rise edge)
                                  0.000000   25.000000   clock network delay (propagated)
                                 -0.250000   24.750000   clock uncertainty
                                  0.000000   24.750000   clock reconvergence pessimism
                                 -5.000000   19.750000   output external delay
                                             19.750000   data required time
---------------------------------------------------------------------------------------------
                                             19.750000   data required time
                                             -1.491858   data arrival time
---------------------------------------------------------------------------------------------
                                             18.258142   slack (MET)


Startpoint: _090_ (rising edge-triggered flip-flop clocked by gpio_in[38])
Endpoint: gpio_out[21] (output port clocked by gpio_in[38])
Path Group: gpio_in[38]
Path Type: max

Fanout         Cap        Slew       Delay        Time   Description
---------------------------------------------------------------------------------------------
                                  0.000000    0.000000   clock gpio_in[38] (rise edge)
                                  0.000000    0.000000   clock source latency
     2    0.100454    0.457024    0.337565    0.337565 ^ gpio_in[38] (in)
                                                         gpio_in[38] (net)
                      0.465885    0.000000    0.337565 ^ clkbuf_0_gpio_in[38]/A (sky130_fd_sc_hd__clkbuf_16)
     5    0.068250    0.092165    0.271113    0.608677 ^ clkbuf_0_gpio_in[38]/X (sky130_fd_sc_hd__clkbuf_16)
                                                         clknet_0_gpio_in[38] (net)
                      0.093194    0.007623    0.616300 ^ clkbuf_1_0__f_gpio_in[38]/A (sky130_fd_sc_hd__clkbuf_16)
    25    0.085726    0.104052    0.180229    0.796529 ^ clkbuf_1_0__f_gpio_in[38]/X (sky130_fd_sc_hd__clkbuf_16)
                                                         clknet_1_0__leaf_gpio_in[38] (net)
                      0.114221    0.024792    0.821321 ^ _090_/CLK (sky130_fd_sc_hd__dfrtp_1)
     3    0.007598    0.061748    0.405018    1.226339 v _090_/Q (sky130_fd_sc_hd__dfrtp_1)
                                                         gpio_18_21_bidir[21].cfg.gpio_out_val (net)
                      0.061841    0.000556    1.226895 v _662_/A (sky130_fd_sc_hd__clkbuf_1)
     1    0.001794    0.021555    0.089214    1.316110 v _662_/X (sky130_fd_sc_hd__clkbuf_1)
                                                         net10 (net)
                      0.021555    0.000082    1.316192 v output10/A (sky130_fd_sc_hd__buf_2)
     1    0.034377    0.090277    0.169507    1.485698 v output10/X (sky130_fd_sc_hd__buf_2)
                                                         gpio_out[21] (net)
                      0.090310    0.001594    1.487292 v gpio_out[21] (out)
                                              1.487292   data arrival time

                                 25.000000   25.000000   clock gpio_in[38] (rise edge)
                                  0.000000   25.000000   clock network delay (propagated)
                                 -0.250000   24.750000   clock uncertainty
                                  0.000000   24.750000   clock reconvergence pessimism
                                 -5.000000   19.750000   output external delay
                                             19.750000   data required time
---------------------------------------------------------------------------------------------
                                             19.750000   data required time
                                             -1.487292   data arrival time
---------------------------------------------------------------------------------------------
                                             18.262707   slack (MET)


Startpoint: _091_ (rising edge-triggered flip-flop clocked by gpio_in[38])
Endpoint: gpio_out[22] (output port clocked by gpio_in[38])
Path Group: gpio_in[38]
Path Type: max

Fanout         Cap        Slew       Delay        Time   Description
---------------------------------------------------------------------------------------------
                                  0.000000    0.000000   clock gpio_in[38] (rise edge)
                                  0.000000    0.000000   clock source latency
     2    0.100454    0.457024    0.337565    0.337565 ^ gpio_in[38] (in)
                                                         gpio_in[38] (net)
                      0.465885    0.000000    0.337565 ^ clkbuf_0_gpio_in[38]/A (sky130_fd_sc_hd__clkbuf_16)
     5    0.068250    0.092165    0.271113    0.608677 ^ clkbuf_0_gpio_in[38]/X (sky130_fd_sc_hd__clkbuf_16)
                                                         clknet_0_gpio_in[38] (net)
                      0.093149    0.007446    0.616124 ^ clkbuf_1_1__f_gpio_in[38]/A (sky130_fd_sc_hd__clkbuf_16)
    19    0.072851    0.091062    0.176969    0.793093 ^ clkbuf_1_1__f_gpio_in[38]/X (sky130_fd_sc_hd__clkbuf_16)
                                                         clknet_1_1__leaf_gpio_in[38] (net)
                      0.096415    0.017059    0.810151 ^ _091_/CLK (sky130_fd_sc_hd__dfrtp_1)
     3    0.008446    0.065724    0.403081    1.213232 v _091_/Q (sky130_fd_sc_hd__dfrtp_1)
                                                         gpio_22_37_output[22].cfg.gpio_out_val (net)
                      0.065726    0.000420    1.213652 v _663_/A (sky130_fd_sc_hd__clkbuf_1)
     1    0.002162    0.023431    0.092933    1.306585 v _663_/X (sky130_fd_sc_hd__clkbuf_1)
                                                         net11 (net)
                      0.023432    0.000144    1.306729 v output11/A (sky130_fd_sc_hd__buf_2)
     1    0.034495    0.090574    0.170428    1.477157 v output11/X (sky130_fd_sc_hd__buf_2)
                                                         gpio_out[22] (net)
                      0.090610    0.001680    1.478837 v gpio_out[22] (out)
                                              1.478837   data arrival time

                                 25.000000   25.000000   clock gpio_in[38] (rise edge)
                                  0.000000   25.000000   clock network delay (propagated)
                                 -0.250000   24.750000   clock uncertainty
                                  0.000000   24.750000   clock reconvergence pessimism
                                 -5.000000   19.750000   output external delay
                                             19.750000   data required time
---------------------------------------------------------------------------------------------
                                             19.750000   data required time
                                             -1.478837   data arrival time
---------------------------------------------------------------------------------------------
                                             18.271162   slack (MET)


Startpoint: _094_ (rising edge-triggered flip-flop clocked by gpio_in[38])
Endpoint: gpio_out[25] (output port clocked by gpio_in[38])
Path Group: gpio_in[38]
Path Type: max

Fanout         Cap        Slew       Delay        Time   Description
---------------------------------------------------------------------------------------------
                                  0.000000    0.000000   clock gpio_in[38] (rise edge)
                                  0.000000    0.000000   clock source latency
     2    0.100454    0.457024    0.337565    0.337565 ^ gpio_in[38] (in)
                                                         gpio_in[38] (net)
                      0.465885    0.000000    0.337565 ^ clkbuf_0_gpio_in[38]/A (sky130_fd_sc_hd__clkbuf_16)
     5    0.068250    0.092165    0.271113    0.608677 ^ clkbuf_0_gpio_in[38]/X (sky130_fd_sc_hd__clkbuf_16)
                                                         clknet_0_gpio_in[38] (net)
                      0.093149    0.007446    0.616124 ^ clkbuf_1_1__f_gpio_in[38]/A (sky130_fd_sc_hd__clkbuf_16)
    19    0.072851    0.091062    0.176969    0.793093 ^ clkbuf_1_1__f_gpio_in[38]/X (sky130_fd_sc_hd__clkbuf_16)
                                                         clknet_1_1__leaf_gpio_in[38] (net)
                      0.096306    0.016875    0.809968 ^ _094_/CLK (sky130_fd_sc_hd__dfrtp_1)
     3    0.007275    0.060010    0.396729    1.206697 v _094_/Q (sky130_fd_sc_hd__dfrtp_1)
                                                         gpio_22_37_output[25].cfg.gpio_out_val (net)
                      0.060095    0.000385    1.207082 v _666_/A (sky130_fd_sc_hd__clkbuf_1)
     1    0.002295    0.024048    0.091194    1.298276 v _666_/X (sky130_fd_sc_hd__clkbuf_1)
                                                         net14 (net)
                      0.024048    0.000154    1.298431 v output14/A (sky130_fd_sc_hd__buf_2)
     1    0.034577    0.090759    0.170818    1.469249 v output14/X (sky130_fd_sc_hd__buf_2)
                                                         gpio_out[25] (net)
                      0.090797    0.001707    1.470956 v gpio_out[25] (out)
                                              1.470956   data arrival time

                                 25.000000   25.000000   clock gpio_in[38] (rise edge)
                                  0.000000   25.000000   clock network delay (propagated)
                                 -0.250000   24.750000   clock uncertainty
                                  0.000000   24.750000   clock reconvergence pessimism
                                 -5.000000   19.750000   output external delay
                                             19.750000   data required time
---------------------------------------------------------------------------------------------
                                             19.750000   data required time
                                             -1.470956   data arrival time
---------------------------------------------------------------------------------------------
                                             18.279043   slack (MET)


Startpoint: _106_ (rising edge-triggered flip-flop clocked by gpio_in[38])
Endpoint: gpio_out[37] (output port clocked by gpio_in[38])
Path Group: gpio_in[38]
Path Type: max

Fanout         Cap        Slew       Delay        Time   Description
---------------------------------------------------------------------------------------------
                                  0.000000    0.000000   clock gpio_in[38] (rise edge)
                                  0.000000    0.000000   clock source latency
     2    0.100454    0.457024    0.337565    0.337565 ^ gpio_in[38] (in)
                                                         gpio_in[38] (net)
                      0.465885    0.000000    0.337565 ^ clkbuf_0_gpio_in[38]/A (sky130_fd_sc_hd__clkbuf_16)
     5    0.068250    0.092165    0.271113    0.608677 ^ clkbuf_0_gpio_in[38]/X (sky130_fd_sc_hd__clkbuf_16)
                                                         clknet_0_gpio_in[38] (net)
                      0.093149    0.007446    0.616124 ^ clkbuf_1_1__f_gpio_in[38]/A (sky130_fd_sc_hd__clkbuf_16)
    19    0.072851    0.091062    0.176969    0.793093 ^ clkbuf_1_1__f_gpio_in[38]/X (sky130_fd_sc_hd__clkbuf_16)
                                                         clknet_1_1__leaf_gpio_in[38] (net)
                      0.095608    0.015662    0.808755 ^ _106_/CLK (sky130_fd_sc_hd__dfrtp_1)
     2    0.005890    0.053227    0.389059    1.197814 v _106_/Q (sky130_fd_sc_hd__dfrtp_1)
                                                         gpio_22_37_output[37].cfg.gpio_out_val (net)
                      0.053227    0.000369    1.198183 v _678_/A (sky130_fd_sc_hd__clkbuf_1)
     1    0.001854    0.021738    0.085753    1.283936 v _678_/X (sky130_fd_sc_hd__clkbuf_1)
                                                         net27 (net)
                      0.021740    0.000132    1.284068 v output27/A (sky130_fd_sc_hd__buf_2)
     1    0.034537    0.090662    0.169796    1.453865 v output27/X (sky130_fd_sc_hd__buf_2)
                                                         gpio_out[37] (net)
                      0.090699    0.001699    1.455564 v gpio_out[37] (out)
                                              1.455564   data arrival time

                                 25.000000   25.000000   clock gpio_in[38] (rise edge)
                                  0.000000   25.000000   clock network delay (propagated)
                                 -0.250000   24.750000   clock uncertainty
                                  0.000000   24.750000   clock reconvergence pessimism
                                 -5.000000   19.750000   output external delay
                                             19.750000   data required time
---------------------------------------------------------------------------------------------
                                             19.750000   data required time
                                             -1.455564   data arrival time
---------------------------------------------------------------------------------------------
                                             18.294436   slack (MET)


Startpoint: resetb_l (input port clocked by gpio_in[38])
Endpoint: _094_ (recovery check against rising-edge clock gpio_in[38])
Path Group: asynchronous
Path Type: max

Fanout         Cap        Slew       Delay        Time   Description
---------------------------------------------------------------------------------------------
                                  0.000000    0.000000   clock gpio_in[38] (rise edge)
                                  0.000000    0.000000   clock network delay (propagated)
                                  5.000000    5.000000 ^ input external delay
     2    0.009152    0.047669    0.031389    5.031389 ^ resetb_l (in)
                                                         resetb_l (net)
                      0.047674    0.000000    5.031389 ^ input2/A (sky130_fd_sc_hd__buf_8)
    11    0.139992    0.217581    0.196445    5.227834 ^ input2/X (sky130_fd_sc_hd__buf_8)
                                                         net2 (net)
                      0.217658    0.003762    5.231596 ^ fanout31/A (sky130_fd_sc_hd__clkbuf_16)
    33    0.199344    0.199161    0.273464    5.505060 ^ fanout31/X (sky130_fd_sc_hd__clkbuf_16)
                                                         net31 (net)
                      0.279069    0.098846    5.603906 ^ _094_/RESET_B (sky130_fd_sc_hd__dfrtp_1)
                                              5.603906   data arrival time

                                 25.000000   25.000000   clock gpio_in[38] (rise edge)
                                  0.000000   25.000000   clock source latency
     2    0.100454    0.457024    0.337565   25.337564 ^ gpio_in[38] (in)
                                                         gpio_in[38] (net)
                      0.465885    0.000000   25.337564 ^ clkbuf_0_gpio_in[38]/A (sky130_fd_sc_hd__clkbuf_16)
     5    0.068250    0.092165    0.271113   25.608677 ^ clkbuf_0_gpio_in[38]/X (sky130_fd_sc_hd__clkbuf_16)
                                                         clknet_0_gpio_in[38] (net)
                      0.093149    0.007446   25.616123 ^ clkbuf_1_1__f_gpio_in[38]/A (sky130_fd_sc_hd__clkbuf_16)
    19    0.072851    0.091062    0.176970   25.793093 ^ clkbuf_1_1__f_gpio_in[38]/X (sky130_fd_sc_hd__clkbuf_16)
                                                         clknet_1_1__leaf_gpio_in[38] (net)
                      0.096306    0.016874   25.809967 ^ _094_/CLK (sky130_fd_sc_hd__dfrtp_1)
                                 -0.250000   25.559967   clock uncertainty
                                  0.000000   25.559967   clock reconvergence pessimism
                                  0.185951   25.745918   library recovery time
                                             25.745918   data required time
---------------------------------------------------------------------------------------------
                                             25.745918   data required time
                                             -5.603906   data arrival time
---------------------------------------------------------------------------------------------
                                             20.142012   slack (MET)


Startpoint: resetb_l (input port clocked by gpio_in[38])
Endpoint: _092_ (recovery check against rising-edge clock gpio_in[38])
Path Group: asynchronous
Path Type: max

Fanout         Cap        Slew       Delay        Time   Description
---------------------------------------------------------------------------------------------
                                  0.000000    0.000000   clock gpio_in[38] (rise edge)
                                  0.000000    0.000000   clock network delay (propagated)
                                  5.000000    5.000000 ^ input external delay
     2    0.009152    0.047669    0.031389    5.031389 ^ resetb_l (in)
                                                         resetb_l (net)
                      0.047674    0.000000    5.031389 ^ input2/A (sky130_fd_sc_hd__buf_8)
    11    0.139992    0.217581    0.196445    5.227834 ^ input2/X (sky130_fd_sc_hd__buf_8)
                                                         net2 (net)
                      0.217658    0.003762    5.231596 ^ fanout31/A (sky130_fd_sc_hd__clkbuf_16)
    33    0.199344    0.199161    0.273464    5.505060 ^ fanout31/X (sky130_fd_sc_hd__clkbuf_16)
                                                         net31 (net)
                      0.279105    0.098875    5.603935 ^ _092_/RESET_B (sky130_fd_sc_hd__dfrtp_1)
                                              5.603935   data arrival time

                                 25.000000   25.000000   clock gpio_in[38] (rise edge)
                                  0.000000   25.000000   clock source latency
     2    0.100454    0.457024    0.337565   25.337564 ^ gpio_in[38] (in)
                                                         gpio_in[38] (net)
                      0.465885    0.000000   25.337564 ^ clkbuf_0_gpio_in[38]/A (sky130_fd_sc_hd__clkbuf_16)
     5    0.068250    0.092165    0.271113   25.608677 ^ clkbuf_0_gpio_in[38]/X (sky130_fd_sc_hd__clkbuf_16)
                                                         clknet_0_gpio_in[38] (net)
                      0.093149    0.007446   25.616123 ^ clkbuf_1_1__f_gpio_in[38]/A (sky130_fd_sc_hd__clkbuf_16)
    19    0.072851    0.091062    0.176970   25.793093 ^ clkbuf_1_1__f_gpio_in[38]/X (sky130_fd_sc_hd__clkbuf_16)
                                                         clknet_1_1__leaf_gpio_in[38] (net)
                      0.096424    0.017073   25.810165 ^ _092_/CLK (sky130_fd_sc_hd__dfrtp_1)
                                 -0.250000   25.560165   clock uncertainty
                                  0.000000   25.560165   clock reconvergence pessimism
                                  0.185979   25.746145   library recovery time
                                             25.746145   data required time
---------------------------------------------------------------------------------------------
                                             25.746145   data required time
                                             -5.603935   data arrival time
---------------------------------------------------------------------------------------------
                                             20.142210   slack (MET)


Startpoint: resetb_l (input port clocked by gpio_in[38])
Endpoint: _091_ (recovery check against rising-edge clock gpio_in[38])
Path Group: asynchronous
Path Type: max

Fanout         Cap        Slew       Delay        Time   Description
---------------------------------------------------------------------------------------------
                                  0.000000    0.000000   clock gpio_in[38] (rise edge)
                                  0.000000    0.000000   clock network delay (propagated)
                                  5.000000    5.000000 ^ input external delay
     2    0.009152    0.047669    0.031389    5.031389 ^ resetb_l (in)
                                                         resetb_l (net)
                      0.047674    0.000000    5.031389 ^ input2/A (sky130_fd_sc_hd__buf_8)
    11    0.139992    0.217581    0.196445    5.227834 ^ input2/X (sky130_fd_sc_hd__buf_8)
                                                         net2 (net)
                      0.217658    0.003762    5.231596 ^ fanout31/A (sky130_fd_sc_hd__clkbuf_16)
    33    0.199344    0.199161    0.273464    5.505060 ^ fanout31/X (sky130_fd_sc_hd__clkbuf_16)
                                                         net31 (net)
                      0.279034    0.098818    5.603878 ^ _091_/RESET_B (sky130_fd_sc_hd__dfrtp_1)
                                              5.603878   data arrival time

                                 25.000000   25.000000   clock gpio_in[38] (rise edge)
                                  0.000000   25.000000   clock source latency
     2    0.100454    0.457024    0.337565   25.337564 ^ gpio_in[38] (in)
                                                         gpio_in[38] (net)
                      0.465885    0.000000   25.337564 ^ clkbuf_0_gpio_in[38]/A (sky130_fd_sc_hd__clkbuf_16)
     5    0.068250    0.092165    0.271113   25.608677 ^ clkbuf_0_gpio_in[38]/X (sky130_fd_sc_hd__clkbuf_16)
                                                         clknet_0_gpio_in[38] (net)
                      0.093149    0.007446   25.616123 ^ clkbuf_1_1__f_gpio_in[38]/A (sky130_fd_sc_hd__clkbuf_16)
    19    0.072851    0.091062    0.176970   25.793093 ^ clkbuf_1_1__f_gpio_in[38]/X (sky130_fd_sc_hd__clkbuf_16)
                                                         clknet_1_1__leaf_gpio_in[38] (net)
                      0.096415    0.017058   25.810152 ^ _091_/CLK (sky130_fd_sc_hd__dfrtp_1)
                                 -0.250000   25.560152   clock uncertainty
                                  0.000000   25.560152   clock reconvergence pessimism
                                  0.185995   25.746147   library recovery time
                                             25.746147   data required time
---------------------------------------------------------------------------------------------
                                             25.746147   data required time
                                             -5.603878   data arrival time
---------------------------------------------------------------------------------------------
                                             20.142269   slack (MET)


Startpoint: resetb_l (input port clocked by gpio_in[38])
Endpoint: _093_ (recovery check against rising-edge clock gpio_in[38])
Path Group: asynchronous
Path Type: max

Fanout         Cap        Slew       Delay        Time   Description
---------------------------------------------------------------------------------------------
                                  0.000000    0.000000   clock gpio_in[38] (rise edge)
                                  0.000000    0.000000   clock network delay (propagated)
                                  5.000000    5.000000 ^ input external delay
     2    0.009152    0.047669    0.031389    5.031389 ^ resetb_l (in)
                                                         resetb_l (net)
                      0.047674    0.000000    5.031389 ^ input2/A (sky130_fd_sc_hd__buf_8)
    11    0.139992    0.217581    0.196445    5.227834 ^ input2/X (sky130_fd_sc_hd__buf_8)
                                                         net2 (net)
                      0.217658    0.003762    5.231596 ^ fanout31/A (sky130_fd_sc_hd__clkbuf_16)
    33    0.199344    0.199161    0.273464    5.505060 ^ fanout31/X (sky130_fd_sc_hd__clkbuf_16)
                                                         net31 (net)
                      0.278689    0.098540    5.603600 ^ _093_/RESET_B (sky130_fd_sc_hd__dfrtp_1)
                                              5.603600   data arrival time

                                 25.000000   25.000000   clock gpio_in[38] (rise edge)
                                  0.000000   25.000000   clock source latency
     2    0.100454    0.457024    0.337565   25.337564 ^ gpio_in[38] (in)
                                                         gpio_in[38] (net)
                      0.465885    0.000000   25.337564 ^ clkbuf_0_gpio_in[38]/A (sky130_fd_sc_hd__clkbuf_16)
     5    0.068250    0.092165    0.271113   25.608677 ^ clkbuf_0_gpio_in[38]/X (sky130_fd_sc_hd__clkbuf_16)
                                                         clknet_0_gpio_in[38] (net)
                      0.093149    0.007446   25.616123 ^ clkbuf_1_1__f_gpio_in[38]/A (sky130_fd_sc_hd__clkbuf_16)
    19    0.072851    0.091062    0.176970   25.793093 ^ clkbuf_1_1__f_gpio_in[38]/X (sky130_fd_sc_hd__clkbuf_16)
                                                         clknet_1_1__leaf_gpio_in[38] (net)
                      0.096432    0.017087   25.810179 ^ _093_/CLK (sky130_fd_sc_hd__dfrtp_1)
                                 -0.250000   25.560181   clock uncertainty
                                  0.000000   25.560181   clock reconvergence pessimism
                                  0.186088   25.746267   library recovery time
                                             25.746267   data required time
---------------------------------------------------------------------------------------------
                                             25.746267   data required time
                                             -5.603600   data arrival time
---------------------------------------------------------------------------------------------
                                             20.142668   slack (MET)


Startpoint: resetb_l (input port clocked by gpio_in[38])
Endpoint: _095_ (recovery check against rising-edge clock gpio_in[38])
Path Group: asynchronous
Path Type: max

Fanout         Cap        Slew       Delay        Time   Description
---------------------------------------------------------------------------------------------
                                  0.000000    0.000000   clock gpio_in[38] (rise edge)
                                  0.000000    0.000000   clock network delay (propagated)
                                  5.000000    5.000000 ^ input external delay
     2    0.009152    0.047669    0.031389    5.031389 ^ resetb_l (in)
                                                         resetb_l (net)
                      0.047674    0.000000    5.031389 ^ input2/A (sky130_fd_sc_hd__buf_8)
    11    0.139992    0.217581    0.196445    5.227834 ^ input2/X (sky130_fd_sc_hd__buf_8)
                                                         net2 (net)
                      0.217658    0.003762    5.231596 ^ fanout31/A (sky130_fd_sc_hd__clkbuf_16)
    33    0.199344    0.199161    0.273464    5.505060 ^ fanout31/X (sky130_fd_sc_hd__clkbuf_16)
                                                         net31 (net)
                      0.215028    0.040008    5.545069 ^ _095_/RESET_B (sky130_fd_sc_hd__dfrtp_2)
                                              5.545069   data arrival time

                                 25.000000   25.000000   clock gpio_in[38] (rise edge)
                                  0.000000   25.000000   clock source latency
     2    0.100454    0.457024    0.337565   25.337564 ^ gpio_in[38] (in)
                                                         gpio_in[38] (net)
                      0.465885    0.000000   25.337564 ^ clkbuf_0_gpio_in[38]/A (sky130_fd_sc_hd__clkbuf_16)
     5    0.068250    0.092165    0.271113   25.608677 ^ clkbuf_0_gpio_in[38]/X (sky130_fd_sc_hd__clkbuf_16)
                                                         clknet_0_gpio_in[38] (net)
                      0.093194    0.007622   25.616299 ^ clkbuf_1_0__f_gpio_in[38]/A (sky130_fd_sc_hd__clkbuf_16)
    25    0.085726    0.104052    0.180229   25.796528 ^ clkbuf_1_0__f_gpio_in[38]/X (sky130_fd_sc_hd__clkbuf_16)
                                                         clknet_1_0__leaf_gpio_in[38] (net)
                      0.110818    0.020179   25.816708 ^ _095_/CLK (sky130_fd_sc_hd__dfrtp_2)
                                 -0.250000   25.566710   clock uncertainty
                                  0.000000   25.566710   clock reconvergence pessimism
                                  0.189219   25.755928   library recovery time
                                             25.755928   data required time
---------------------------------------------------------------------------------------------
                                             25.755928   data required time
                                             -5.545069   data arrival time
---------------------------------------------------------------------------------------------
                                             20.210859   slack (MET)


Startpoint: resetb_l (input port clocked by gpio_in[38])
Endpoint: _087_ (recovery check against rising-edge clock gpio_in[38])
Path Group: asynchronous
Path Type: max

Fanout         Cap        Slew       Delay        Time   Description
---------------------------------------------------------------------------------------------
                                  0.000000    0.000000   clock gpio_in[38] (rise edge)
                                  0.000000    0.000000   clock network delay (propagated)
                                  5.000000    5.000000 ^ input external delay
     2    0.009152    0.047669    0.031389    5.031389 ^ resetb_l (in)
                                                         resetb_l (net)
                      0.047674    0.000000    5.031389 ^ input2/A (sky130_fd_sc_hd__buf_8)
    11    0.139992    0.217581    0.196445    5.227834 ^ input2/X (sky130_fd_sc_hd__buf_8)
                                                         net2 (net)
                      0.217658    0.003762    5.231596 ^ fanout31/A (sky130_fd_sc_hd__clkbuf_16)
    33    0.199344    0.199161    0.273464    5.505060 ^ fanout31/X (sky130_fd_sc_hd__clkbuf_16)
                                                         net31 (net)
                      0.208876    0.031512    5.536572 ^ _087_/RESET_B (sky130_fd_sc_hd__dfrtp_2)
                                              5.536572   data arrival time

                                 25.000000   25.000000   clock gpio_in[38] (rise edge)
                                  0.000000   25.000000   clock source latency
     2    0.100454    0.457024    0.337565   25.337564 ^ gpio_in[38] (in)
                                                         gpio_in[38] (net)
                      0.465885    0.000000   25.337564 ^ clkbuf_0_gpio_in[38]/A (sky130_fd_sc_hd__clkbuf_16)
     5    0.068250    0.092165    0.271113   25.608677 ^ clkbuf_0_gpio_in[38]/X (sky130_fd_sc_hd__clkbuf_16)
                                                         clknet_0_gpio_in[38] (net)
                      0.093194    0.007622   25.616299 ^ clkbuf_1_0__f_gpio_in[38]/A (sky130_fd_sc_hd__clkbuf_16)
    25    0.085726    0.104052    0.180229   25.796528 ^ clkbuf_1_0__f_gpio_in[38]/X (sky130_fd_sc_hd__clkbuf_16)
                                                         clknet_1_0__leaf_gpio_in[38] (net)
                      0.113467    0.023833   25.820362 ^ _087_/CLK (sky130_fd_sc_hd__dfrtp_2)
                                 -0.250000   25.570362   clock uncertainty
                                  0.000000   25.570362   clock reconvergence pessimism
                                  0.191869   25.762232   library recovery time
                                             25.762232   data required time
---------------------------------------------------------------------------------------------
                                             25.762232   data required time
                                             -5.536572   data arrival time
---------------------------------------------------------------------------------------------
                                             20.225660   slack (MET)


Startpoint: resetb_l (input port clocked by gpio_in[38])
Endpoint: _098_ (recovery check against rising-edge clock gpio_in[38])
Path Group: asynchronous
Path Type: max

Fanout         Cap        Slew       Delay        Time   Description
---------------------------------------------------------------------------------------------
                                  0.000000    0.000000   clock gpio_in[38] (rise edge)
                                  0.000000    0.000000   clock network delay (propagated)
                                  5.000000    5.000000 ^ input external delay
     2    0.009152    0.047669    0.031389    5.031389 ^ resetb_l (in)
                                                         resetb_l (net)
                      0.047674    0.000000    5.031389 ^ input2/A (sky130_fd_sc_hd__buf_8)
    11    0.139992    0.217581    0.196445    5.227834 ^ input2/X (sky130_fd_sc_hd__buf_8)
                                                         net2 (net)
                      0.217658    0.003762    5.231596 ^ fanout31/A (sky130_fd_sc_hd__clkbuf_16)
    33    0.199344    0.199161    0.273464    5.505060 ^ fanout31/X (sky130_fd_sc_hd__clkbuf_16)
                                                         net31 (net)
                      0.211569    0.035409    5.540469 ^ _098_/RESET_B (sky130_fd_sc_hd__dfrtp_1)
                                              5.540469   data arrival time

                                 25.000000   25.000000   clock gpio_in[38] (rise edge)
                                  0.000000   25.000000   clock source latency
     2    0.100454    0.457024    0.337565   25.337564 ^ gpio_in[38] (in)
                                                         gpio_in[38] (net)
                      0.465885    0.000000   25.337564 ^ clkbuf_0_gpio_in[38]/A (sky130_fd_sc_hd__clkbuf_16)
     5    0.068250    0.092165    0.271113   25.608677 ^ clkbuf_0_gpio_in[38]/X (sky130_fd_sc_hd__clkbuf_16)
                                                         clknet_0_gpio_in[38] (net)
                      0.093194    0.007622   25.616299 ^ clkbuf_1_0__f_gpio_in[38]/A (sky130_fd_sc_hd__clkbuf_16)
    25    0.085726    0.104052    0.180229   25.796528 ^ clkbuf_1_0__f_gpio_in[38]/X (sky130_fd_sc_hd__clkbuf_16)
                                                         clknet_1_0__leaf_gpio_in[38] (net)
                      0.112640    0.022744   25.819273 ^ _098_/CLK (sky130_fd_sc_hd__dfrtp_1)
                                 -0.250000   25.569273   clock uncertainty
                                  0.000000   25.569273   clock reconvergence pessimism
                                  0.208404   25.777678   library recovery time
                                             25.777678   data required time
---------------------------------------------------------------------------------------------
                                             25.777678   data required time
                                             -5.540469   data arrival time
---------------------------------------------------------------------------------------------
                                             20.237207   slack (MET)


Startpoint: resetb_l (input port clocked by gpio_in[38])
Endpoint: _097_ (recovery check against rising-edge clock gpio_in[38])
Path Group: asynchronous
Path Type: max

Fanout         Cap        Slew       Delay        Time   Description
---------------------------------------------------------------------------------------------
                                  0.000000    0.000000   clock gpio_in[38] (rise edge)
                                  0.000000    0.000000   clock network delay (propagated)
                                  5.000000    5.000000 ^ input external delay
     2    0.009152    0.047669    0.031389    5.031389 ^ resetb_l (in)
                                                         resetb_l (net)
                      0.047674    0.000000    5.031389 ^ input2/A (sky130_fd_sc_hd__buf_8)
    11    0.139992    0.217581    0.196445    5.227834 ^ input2/X (sky130_fd_sc_hd__buf_8)
                                                         net2 (net)
                      0.217658    0.003762    5.231596 ^ fanout31/A (sky130_fd_sc_hd__clkbuf_16)
    33    0.199344    0.199161    0.273464    5.505060 ^ fanout31/X (sky130_fd_sc_hd__clkbuf_16)
                                                         net31 (net)
                      0.211711    0.035603    5.540663 ^ _097_/RESET_B (sky130_fd_sc_hd__dfrtp_1)
                                              5.540663   data arrival time

                                 25.000000   25.000000   clock gpio_in[38] (rise edge)
                                  0.000000   25.000000   clock source latency
     2    0.100454    0.457024    0.337565   25.337564 ^ gpio_in[38] (in)
                                                         gpio_in[38] (net)
                      0.465885    0.000000   25.337564 ^ clkbuf_0_gpio_in[38]/A (sky130_fd_sc_hd__clkbuf_16)
     5    0.068250    0.092165    0.271113   25.608677 ^ clkbuf_0_gpio_in[38]/X (sky130_fd_sc_hd__clkbuf_16)
                                                         clknet_0_gpio_in[38] (net)
                      0.093194    0.007622   25.616299 ^ clkbuf_1_0__f_gpio_in[38]/A (sky130_fd_sc_hd__clkbuf_16)
    25    0.085726    0.104052    0.180229   25.796528 ^ clkbuf_1_0__f_gpio_in[38]/X (sky130_fd_sc_hd__clkbuf_16)
                                                         clknet_1_0__leaf_gpio_in[38] (net)
                      0.113281    0.023592   25.820120 ^ _097_/CLK (sky130_fd_sc_hd__dfrtp_1)
                                 -0.250000   25.570122   clock uncertainty
                                  0.000000   25.570122   clock reconvergence pessimism
                                  0.208569   25.778690   library recovery time
                                             25.778690   data required time
---------------------------------------------------------------------------------------------
                                             25.778690   data required time
                                             -5.540663   data arrival time
---------------------------------------------------------------------------------------------
                                             20.238028   slack (MET)


Startpoint: resetb_l (input port clocked by gpio_in[38])
Endpoint: _096_ (recovery check against rising-edge clock gpio_in[38])
Path Group: asynchronous
Path Type: max

Fanout         Cap        Slew       Delay        Time   Description
---------------------------------------------------------------------------------------------
                                  0.000000    0.000000   clock gpio_in[38] (rise edge)
                                  0.000000    0.000000   clock network delay (propagated)
                                  5.000000    5.000000 ^ input external delay
     2    0.009152    0.047669    0.031389    5.031389 ^ resetb_l (in)
                                                         resetb_l (net)
                      0.047674    0.000000    5.031389 ^ input2/A (sky130_fd_sc_hd__buf_8)
    11    0.139992    0.217581    0.196445    5.227834 ^ input2/X (sky130_fd_sc_hd__buf_8)
                                                         net2 (net)
                      0.217658    0.003762    5.231596 ^ fanout31/A (sky130_fd_sc_hd__clkbuf_16)
    33    0.199344    0.199161    0.273464    5.505060 ^ fanout31/X (sky130_fd_sc_hd__clkbuf_16)
                                                         net31 (net)
                      0.211608    0.035463    5.540523 ^ _096_/RESET_B (sky130_fd_sc_hd__dfrtp_1)
                                              5.540523   data arrival time

                                 25.000000   25.000000   clock gpio_in[38] (rise edge)
                                  0.000000   25.000000   clock source latency
     2    0.100454    0.457024    0.337565   25.337564 ^ gpio_in[38] (in)
                                                         gpio_in[38] (net)
                      0.465885    0.000000   25.337564 ^ clkbuf_0_gpio_in[38]/A (sky130_fd_sc_hd__clkbuf_16)
     5    0.068250    0.092165    0.271113   25.608677 ^ clkbuf_0_gpio_in[38]/X (sky130_fd_sc_hd__clkbuf_16)
                                                         clknet_0_gpio_in[38] (net)
                      0.093194    0.007622   25.616299 ^ clkbuf_1_0__f_gpio_in[38]/A (sky130_fd_sc_hd__clkbuf_16)
    25    0.085726    0.104052    0.180229   25.796528 ^ clkbuf_1_0__f_gpio_in[38]/X (sky130_fd_sc_hd__clkbuf_16)
                                                         clknet_1_0__leaf_gpio_in[38] (net)
                      0.113328    0.023652   25.820181 ^ _096_/CLK (sky130_fd_sc_hd__dfrtp_1)
                                 -0.250000   25.570181   clock uncertainty
                                  0.000000   25.570181   clock reconvergence pessimism
                                  0.208610   25.778791   library recovery time
                                             25.778791   data required time
---------------------------------------------------------------------------------------------
                                             25.778791   data required time
                                             -5.540523   data arrival time
---------------------------------------------------------------------------------------------
                                             20.238268   slack (MET)


Startpoint: resetb_l (input port clocked by gpio_in[38])
Endpoint: _088_ (recovery check against rising-edge clock gpio_in[38])
Path Group: asynchronous
Path Type: max

Fanout         Cap        Slew       Delay        Time   Description
---------------------------------------------------------------------------------------------
                                  0.000000    0.000000   clock gpio_in[38] (rise edge)
                                  0.000000    0.000000   clock network delay (propagated)
                                  5.000000    5.000000 ^ input external delay
     2    0.009152    0.047669    0.031389    5.031389 ^ resetb_l (in)
                                                         resetb_l (net)
                      0.047674    0.000000    5.031389 ^ input2/A (sky130_fd_sc_hd__buf_8)
    11    0.139992    0.217581    0.196445    5.227834 ^ input2/X (sky130_fd_sc_hd__buf_8)
                                                         net2 (net)
                      0.217658    0.003762    5.231596 ^ fanout31/A (sky130_fd_sc_hd__clkbuf_16)
    33    0.199344    0.199161    0.273464    5.505060 ^ fanout31/X (sky130_fd_sc_hd__clkbuf_16)
                                                         net31 (net)
                      0.207093    0.028678    5.533738 ^ _088_/RESET_B (sky130_fd_sc_hd__dfrtp_1)
                                              5.533738   data arrival time

                                 25.000000   25.000000   clock gpio_in[38] (rise edge)
                                  0.000000   25.000000   clock source latency
     2    0.100454    0.457024    0.337565   25.337564 ^ gpio_in[38] (in)
                                                         gpio_in[38] (net)
                      0.465885    0.000000   25.337564 ^ clkbuf_0_gpio_in[38]/A (sky130_fd_sc_hd__clkbuf_16)
     5    0.068250    0.092165    0.271113   25.608677 ^ clkbuf_0_gpio_in[38]/X (sky130_fd_sc_hd__clkbuf_16)
                                                         clknet_0_gpio_in[38] (net)
                      0.093194    0.007622   25.616299 ^ clkbuf_1_0__f_gpio_in[38]/A (sky130_fd_sc_hd__clkbuf_16)
    25    0.085726    0.104052    0.180229   25.796528 ^ clkbuf_1_0__f_gpio_in[38]/X (sky130_fd_sc_hd__clkbuf_16)
                                                         clknet_1_0__leaf_gpio_in[38] (net)
                      0.113935    0.024432   25.820961 ^ _088_/CLK (sky130_fd_sc_hd__dfrtp_1)
                                 -0.250000   25.570961   clock uncertainty
                                  0.000000   25.570961   clock reconvergence pessimism
                                  0.209956   25.780918   library recovery time
                                             25.780918   data required time
---------------------------------------------------------------------------------------------
                                             25.780918   data required time
                                             -5.533738   data arrival time
---------------------------------------------------------------------------------------------
                                             20.247179   slack (MET)


Startpoint: resetb_l (input port clocked by gpio_in[38])
Endpoint: _090_ (recovery check against rising-edge clock gpio_in[38])
Path Group: asynchronous
Path Type: max

Fanout         Cap        Slew       Delay        Time   Description
---------------------------------------------------------------------------------------------
                                  0.000000    0.000000   clock gpio_in[38] (rise edge)
                                  0.000000    0.000000   clock network delay (propagated)
                                  5.000000    5.000000 ^ input external delay
     2    0.009152    0.047669    0.031389    5.031389 ^ resetb_l (in)
                                                         resetb_l (net)
                      0.047674    0.000000    5.031389 ^ input2/A (sky130_fd_sc_hd__buf_8)
    11    0.139992    0.217581    0.196445    5.227834 ^ input2/X (sky130_fd_sc_hd__buf_8)
                                                         net2 (net)
                      0.217658    0.003762    5.231596 ^ fanout31/A (sky130_fd_sc_hd__clkbuf_16)
    33    0.199344    0.199161    0.273464    5.505060 ^ fanout31/X (sky130_fd_sc_hd__clkbuf_16)
                                                         net31 (net)
                      0.204170    0.023327    5.528387 ^ _090_/RESET_B (sky130_fd_sc_hd__dfrtp_1)
                                              5.528387   data arrival time

                                 25.000000   25.000000   clock gpio_in[38] (rise edge)
                                  0.000000   25.000000   clock source latency
     2    0.100454    0.457024    0.337565   25.337564 ^ gpio_in[38] (in)
                                                         gpio_in[38] (net)
                      0.465885    0.000000   25.337564 ^ clkbuf_0_gpio_in[38]/A (sky130_fd_sc_hd__clkbuf_16)
     5    0.068250    0.092165    0.271113   25.608677 ^ clkbuf_0_gpio_in[38]/X (sky130_fd_sc_hd__clkbuf_16)
                                                         clknet_0_gpio_in[38] (net)
                      0.093194    0.007622   25.616299 ^ clkbuf_1_0__f_gpio_in[38]/A (sky130_fd_sc_hd__clkbuf_16)
    25    0.085726    0.104052    0.180229   25.796528 ^ clkbuf_1_0__f_gpio_in[38]/X (sky130_fd_sc_hd__clkbuf_16)
                                                         clknet_1_0__leaf_gpio_in[38] (net)
                      0.114221    0.024793   25.821321 ^ _090_/CLK (sky130_fd_sc_hd__dfrtp_1)
                                 -0.250000   25.571321   clock uncertainty
                                  0.000000   25.571321   clock reconvergence pessimism
                                  0.210794   25.782116   library recovery time
                                             25.782116   data required time
---------------------------------------------------------------------------------------------
                                             25.782116   data required time
                                             -5.528387   data arrival time
---------------------------------------------------------------------------------------------
                                             20.253731   slack (MET)


Startpoint: resetb_l (input port clocked by gpio_in[38])
Endpoint: _089_ (recovery check against rising-edge clock gpio_in[38])
Path Group: asynchronous
Path Type: max

Fanout         Cap        Slew       Delay        Time   Description
---------------------------------------------------------------------------------------------
                                  0.000000    0.000000   clock gpio_in[38] (rise edge)
                                  0.000000    0.000000   clock network delay (propagated)
                                  5.000000    5.000000 ^ input external delay
     2    0.009152    0.047669    0.031389    5.031389 ^ resetb_l (in)
                                                         resetb_l (net)
                      0.047674    0.000000    5.031389 ^ input2/A (sky130_fd_sc_hd__buf_8)
    11    0.139992    0.217581    0.196445    5.227834 ^ input2/X (sky130_fd_sc_hd__buf_8)
                                                         net2 (net)
                      0.217658    0.003762    5.231596 ^ fanout31/A (sky130_fd_sc_hd__clkbuf_16)
    33    0.199344    0.199161    0.273464    5.505060 ^ fanout31/X (sky130_fd_sc_hd__clkbuf_16)
                                                         net31 (net)
                      0.202517    0.019619    5.524679 ^ _089_/RESET_B (sky130_fd_sc_hd__dfrtp_1)
                                              5.524679   data arrival time

                                 25.000000   25.000000   clock gpio_in[38] (rise edge)
                                  0.000000   25.000000   clock source latency
     2    0.100454    0.457024    0.337565   25.337564 ^ gpio_in[38] (in)
                                                         gpio_in[38] (net)
                      0.465885    0.000000   25.337564 ^ clkbuf_0_gpio_in[38]/A (sky130_fd_sc_hd__clkbuf_16)
     5    0.068250    0.092165    0.271113   25.608677 ^ clkbuf_0_gpio_in[38]/X (sky130_fd_sc_hd__clkbuf_16)
                                                         clknet_0_gpio_in[38] (net)
                      0.093194    0.007622   25.616299 ^ clkbuf_1_0__f_gpio_in[38]/A (sky130_fd_sc_hd__clkbuf_16)
    25    0.085726    0.104052    0.180229   25.796528 ^ clkbuf_1_0__f_gpio_in[38]/X (sky130_fd_sc_hd__clkbuf_16)
                                                         clknet_1_0__leaf_gpio_in[38] (net)
                      0.114932    0.025668   25.822197 ^ _089_/CLK (sky130_fd_sc_hd__dfrtp_1)
                                 -0.250000   25.572197   clock uncertainty
                                  0.000000   25.572197   clock reconvergence pessimism
                                  0.211440   25.783638   library recovery time
                                             25.783638   data required time
---------------------------------------------------------------------------------------------
                                             25.783638   data required time
                                             -5.524679   data arrival time
---------------------------------------------------------------------------------------------
                                             20.258959   slack (MET)


Startpoint: resetb_l (input port clocked by gpio_in[38])
Endpoint: _099_ (recovery check against rising-edge clock gpio_in[38])
Path Group: asynchronous
Path Type: max

Fanout         Cap        Slew       Delay        Time   Description
---------------------------------------------------------------------------------------------
                                  0.000000    0.000000   clock gpio_in[38] (rise edge)
                                  0.000000    0.000000   clock network delay (propagated)
                                  5.000000    5.000000 ^ input external delay
     2    0.009152    0.047669    0.031389    5.031389 ^ resetb_l (in)
                                                         resetb_l (net)
                      0.047674    0.000000    5.031389 ^ input2/A (sky130_fd_sc_hd__buf_8)
    11    0.139992    0.217581    0.196445    5.227834 ^ input2/X (sky130_fd_sc_hd__buf_8)
                                                         net2 (net)
                      0.217658    0.003762    5.231596 ^ fanout31/A (sky130_fd_sc_hd__clkbuf_16)
    33    0.199344    0.199161    0.273464    5.505060 ^ fanout31/X (sky130_fd_sc_hd__clkbuf_16)
                                                         net31 (net)
                      0.200400    0.012940    5.518000 ^ _099_/RESET_B (sky130_fd_sc_hd__dfrtp_1)
                                              5.518000   data arrival time

                                 25.000000   25.000000   clock gpio_in[38] (rise edge)
                                  0.000000   25.000000   clock source latency
     2    0.100454    0.457024    0.337565   25.337564 ^ gpio_in[38] (in)
                                                         gpio_in[38] (net)
                      0.465885    0.000000   25.337564 ^ clkbuf_0_gpio_in[38]/A (sky130_fd_sc_hd__clkbuf_16)
     5    0.068250    0.092165    0.271113   25.608677 ^ clkbuf_0_gpio_in[38]/X (sky130_fd_sc_hd__clkbuf_16)
                                                         clknet_0_gpio_in[38] (net)
                      0.093194    0.007622   25.616299 ^ clkbuf_1_0__f_gpio_in[38]/A (sky130_fd_sc_hd__clkbuf_16)
    25    0.085726    0.104052    0.180229   25.796528 ^ clkbuf_1_0__f_gpio_in[38]/X (sky130_fd_sc_hd__clkbuf_16)
                                                         clknet_1_0__leaf_gpio_in[38] (net)
                      0.115337    0.026159   25.822687 ^ _099_/CLK (sky130_fd_sc_hd__dfrtp_1)
                                 -0.250000   25.572687   clock uncertainty
                                  0.000000   25.572687   clock reconvergence pessimism
                                  0.212109   25.784798   library recovery time
                                             25.784798   data required time
---------------------------------------------------------------------------------------------
                                             25.784798   data required time
                                             -5.518000   data arrival time
---------------------------------------------------------------------------------------------
                                             20.266796   slack (MET)


Startpoint: resetb_l (input port clocked by gpio_in[38])
Endpoint: _100_ (recovery check against rising-edge clock gpio_in[38])
Path Group: asynchronous
Path Type: max

Fanout         Cap        Slew       Delay        Time   Description
---------------------------------------------------------------------------------------------
                                  0.000000    0.000000   clock gpio_in[38] (rise edge)
                                  0.000000    0.000000   clock network delay (propagated)
                                  5.000000    5.000000 ^ input external delay
     2    0.009152    0.047669    0.031389    5.031389 ^ resetb_l (in)
                                                         resetb_l (net)
                      0.047674    0.000000    5.031389 ^ input2/A (sky130_fd_sc_hd__buf_8)
    11    0.139992    0.217581    0.196445    5.227834 ^ input2/X (sky130_fd_sc_hd__buf_8)
                                                         net2 (net)
                      0.217658    0.003762    5.231596 ^ fanout31/A (sky130_fd_sc_hd__clkbuf_16)
    33    0.199344    0.199161    0.273464    5.505060 ^ fanout31/X (sky130_fd_sc_hd__clkbuf_16)
                                                         net31 (net)
                      0.200130    0.011680    5.516740 ^ _100_/RESET_B (sky130_fd_sc_hd__dfrtp_1)
                                              5.516740   data arrival time

                                 25.000000   25.000000   clock gpio_in[38] (rise edge)
                                  0.000000   25.000000   clock source latency
     2    0.100454    0.457024    0.337565   25.337564 ^ gpio_in[38] (in)
                                                         gpio_in[38] (net)
                      0.465885    0.000000   25.337564 ^ clkbuf_0_gpio_in[38]/A (sky130_fd_sc_hd__clkbuf_16)
     5    0.068250    0.092165    0.271113   25.608677 ^ clkbuf_0_gpio_in[38]/X (sky130_fd_sc_hd__clkbuf_16)
                                                         clknet_0_gpio_in[38] (net)
                      0.093194    0.007622   25.616299 ^ clkbuf_1_0__f_gpio_in[38]/A (sky130_fd_sc_hd__clkbuf_16)
    25    0.085726    0.104052    0.180229   25.796528 ^ clkbuf_1_0__f_gpio_in[38]/X (sky130_fd_sc_hd__clkbuf_16)
                                                         clknet_1_0__leaf_gpio_in[38] (net)
                      0.115620    0.026496   25.823025 ^ _100_/CLK (sky130_fd_sc_hd__dfrtp_1)
                                 -0.250000   25.573025   clock uncertainty
                                  0.000000   25.573025   clock reconvergence pessimism
                                  0.212267   25.785294   library recovery time
                                             25.785294   data required time
---------------------------------------------------------------------------------------------
                                             25.785294   data required time
                                             -5.516740   data arrival time
---------------------------------------------------------------------------------------------
                                             20.268553   slack (MET)


Startpoint: resetb_l (input port clocked by gpio_in[38])
Endpoint: _102_ (recovery check against rising-edge clock gpio_in[38])
Path Group: asynchronous
Path Type: max

Fanout         Cap        Slew       Delay        Time   Description
---------------------------------------------------------------------------------------------
                                  0.000000    0.000000   clock gpio_in[38] (rise edge)
                                  0.000000    0.000000   clock network delay (propagated)
                                  5.000000    5.000000 ^ input external delay
     2    0.009152    0.047669    0.031389    5.031389 ^ resetb_l (in)
                                                         resetb_l (net)
                      0.047674    0.000000    5.031389 ^ input2/A (sky130_fd_sc_hd__buf_8)
    11    0.139992    0.217581    0.196445    5.227834 ^ input2/X (sky130_fd_sc_hd__buf_8)
                                                         net2 (net)
                      0.217658    0.003762    5.231596 ^ fanout31/A (sky130_fd_sc_hd__clkbuf_16)
    33    0.199344    0.199161    0.273464    5.505060 ^ fanout31/X (sky130_fd_sc_hd__clkbuf_16)
                                                         net31 (net)
                      0.199647    0.008696    5.513756 ^ _102_/RESET_B (sky130_fd_sc_hd__dfrtp_1)
                                              5.513756   data arrival time

                                 25.000000   25.000000   clock gpio_in[38] (rise edge)
                                  0.000000   25.000000   clock source latency
     2    0.100454    0.457024    0.337565   25.337564 ^ gpio_in[38] (in)
                                                         gpio_in[38] (net)
                      0.465885    0.000000   25.337564 ^ clkbuf_0_gpio_in[38]/A (sky130_fd_sc_hd__clkbuf_16)
     5    0.068250    0.092165    0.271113   25.608677 ^ clkbuf_0_gpio_in[38]/X (sky130_fd_sc_hd__clkbuf_16)
                                                         clknet_0_gpio_in[38] (net)
                      0.093194    0.007622   25.616299 ^ clkbuf_1_0__f_gpio_in[38]/A (sky130_fd_sc_hd__clkbuf_16)
    25    0.085726    0.104052    0.180229   25.796528 ^ clkbuf_1_0__f_gpio_in[38]/X (sky130_fd_sc_hd__clkbuf_16)
                                                         clknet_1_0__leaf_gpio_in[38] (net)
                      0.115395    0.026228   25.822756 ^ _102_/CLK (sky130_fd_sc_hd__dfrtp_1)
                                 -0.250000   25.572758   clock uncertainty
                                  0.000000   25.572758   clock reconvergence pessimism
                                  0.212320   25.785076   library recovery time
                                             25.785076   data required time
---------------------------------------------------------------------------------------------
                                             25.785076   data required time
                                             -5.513756   data arrival time
---------------------------------------------------------------------------------------------
                                             20.271320   slack (MET)


Startpoint: resetb_l (input port clocked by gpio_in[38])
Endpoint: _101_ (recovery check against rising-edge clock gpio_in[38])
Path Group: asynchronous
Path Type: max

Fanout         Cap        Slew       Delay        Time   Description
---------------------------------------------------------------------------------------------
                                  0.000000    0.000000   clock gpio_in[38] (rise edge)
                                  0.000000    0.000000   clock network delay (propagated)
                                  5.000000    5.000000 ^ input external delay
     2    0.009152    0.047669    0.031389    5.031389 ^ resetb_l (in)
                                                         resetb_l (net)
                      0.047674    0.000000    5.031389 ^ input2/A (sky130_fd_sc_hd__buf_8)
    11    0.139992    0.217581    0.196445    5.227834 ^ input2/X (sky130_fd_sc_hd__buf_8)
                                                         net2 (net)
                      0.217658    0.003762    5.231596 ^ fanout31/A (sky130_fd_sc_hd__clkbuf_16)
    33    0.199344    0.199161    0.273464    5.505060 ^ fanout31/X (sky130_fd_sc_hd__clkbuf_16)
                                                         net31 (net)
                      0.199591    0.008240    5.513300 ^ _101_/RESET_B (sky130_fd_sc_hd__dfrtp_1)
                                              5.513300   data arrival time

                                 25.000000   25.000000   clock gpio_in[38] (rise edge)
                                  0.000000   25.000000   clock source latency
     2    0.100454    0.457024    0.337565   25.337564 ^ gpio_in[38] (in)
                                                         gpio_in[38] (net)
                      0.465885    0.000000   25.337564 ^ clkbuf_0_gpio_in[38]/A (sky130_fd_sc_hd__clkbuf_16)
     5    0.068250    0.092165    0.271113   25.608677 ^ clkbuf_0_gpio_in[38]/X (sky130_fd_sc_hd__clkbuf_16)
                                                         clknet_0_gpio_in[38] (net)
                      0.093194    0.007622   25.616299 ^ clkbuf_1_0__f_gpio_in[38]/A (sky130_fd_sc_hd__clkbuf_16)
    25    0.085726    0.104052    0.180229   25.796528 ^ clkbuf_1_0__f_gpio_in[38]/X (sky130_fd_sc_hd__clkbuf_16)
                                                         clknet_1_0__leaf_gpio_in[38] (net)
                      0.115522    0.026379   25.822906 ^ _101_/CLK (sky130_fd_sc_hd__dfrtp_1)
                                 -0.250000   25.572908   clock uncertainty
                                  0.000000   25.572908   clock reconvergence pessimism
                                  0.212374   25.785282   library recovery time
                                             25.785282   data required time
---------------------------------------------------------------------------------------------
                                             25.785282   data required time
                                             -5.513300   data arrival time
---------------------------------------------------------------------------------------------
                                             20.271982   slack (MET)


Startpoint: resetb_l (input port clocked by gpio_in[38])
Endpoint: _106_ (recovery check against rising-edge clock gpio_in[38])
Path Group: asynchronous
Path Type: max

Fanout         Cap        Slew       Delay        Time   Description
---------------------------------------------------------------------------------------------
                                  0.000000    0.000000   clock gpio_in[38] (rise edge)
                                  0.000000    0.000000   clock network delay (propagated)
                                  5.000000    5.000000 ^ input external delay
     2    0.009152    0.047669    0.031389    5.031389 ^ resetb_l (in)
                                                         resetb_l (net)
                      0.047674    0.000000    5.031389 ^ input2/A (sky130_fd_sc_hd__buf_8)
    11    0.139992    0.217581    0.196445    5.227834 ^ input2/X (sky130_fd_sc_hd__buf_8)
                                                         net2 (net)
                      0.269060    0.079869    5.307703 ^ _106_/RESET_B (sky130_fd_sc_hd__dfrtp_1)
                                              5.307703   data arrival time

                                 25.000000   25.000000   clock gpio_in[38] (rise edge)
                                  0.000000   25.000000   clock source latency
     2    0.100454    0.457024    0.337565   25.337564 ^ gpio_in[38] (in)
                                                         gpio_in[38] (net)
                      0.465885    0.000000   25.337564 ^ clkbuf_0_gpio_in[38]/A (sky130_fd_sc_hd__clkbuf_16)
     5    0.068250    0.092165    0.271113   25.608677 ^ clkbuf_0_gpio_in[38]/X (sky130_fd_sc_hd__clkbuf_16)
                                                         clknet_0_gpio_in[38] (net)
                      0.093149    0.007446   25.616123 ^ clkbuf_1_1__f_gpio_in[38]/A (sky130_fd_sc_hd__clkbuf_16)
    19    0.072851    0.091062    0.176970   25.793093 ^ clkbuf_1_1__f_gpio_in[38]/X (sky130_fd_sc_hd__clkbuf_16)
                                                         clknet_1_1__leaf_gpio_in[38] (net)
                      0.095608    0.015660   25.808754 ^ _106_/CLK (sky130_fd_sc_hd__dfrtp_1)
                                 -0.250000   25.558754   clock uncertainty
                                  0.000000   25.558754   clock reconvergence pessimism
                                  0.188301   25.747055   library recovery time
                                             25.747055   data required time
---------------------------------------------------------------------------------------------
                                             25.747055   data required time
                                             -5.307703   data arrival time
---------------------------------------------------------------------------------------------
                                             20.439352   slack (MET)


Startpoint: resetb_l (input port clocked by gpio_in[38])
Endpoint: _104_ (recovery check against rising-edge clock gpio_in[38])
Path Group: asynchronous
Path Type: max

Fanout         Cap        Slew       Delay        Time   Description
---------------------------------------------------------------------------------------------
                                  0.000000    0.000000   clock gpio_in[38] (rise edge)
                                  0.000000    0.000000   clock network delay (propagated)
                                  5.000000    5.000000 ^ input external delay
     2    0.009152    0.047669    0.031389    5.031389 ^ resetb_l (in)
                                                         resetb_l (net)
                      0.047674    0.000000    5.031389 ^ input2/A (sky130_fd_sc_hd__buf_8)
    11    0.139992    0.217581    0.196445    5.227834 ^ input2/X (sky130_fd_sc_hd__buf_8)
                                                         net2 (net)
                      0.269027    0.079839    5.307673 ^ _104_/RESET_B (sky130_fd_sc_hd__dfrtp_1)
                                              5.307673   data arrival time

                                 25.000000   25.000000   clock gpio_in[38] (rise edge)
                                  0.000000   25.000000   clock source latency
     2    0.100454    0.457024    0.337565   25.337564 ^ gpio_in[38] (in)
                                                         gpio_in[38] (net)
                      0.465885    0.000000   25.337564 ^ clkbuf_0_gpio_in[38]/A (sky130_fd_sc_hd__clkbuf_16)
     5    0.068250    0.092165    0.271113   25.608677 ^ clkbuf_0_gpio_in[38]/X (sky130_fd_sc_hd__clkbuf_16)
                                                         clknet_0_gpio_in[38] (net)
                      0.093149    0.007446   25.616123 ^ clkbuf_1_1__f_gpio_in[38]/A (sky130_fd_sc_hd__clkbuf_16)
    19    0.072851    0.091062    0.176970   25.793093 ^ clkbuf_1_1__f_gpio_in[38]/X (sky130_fd_sc_hd__clkbuf_16)
                                                         clknet_1_1__leaf_gpio_in[38] (net)
                      0.095605    0.015655   25.808748 ^ _104_/CLK (sky130_fd_sc_hd__dfrtp_1)
                                 -0.250000   25.558748   clock uncertainty
                                  0.000000   25.558748   clock reconvergence pessimism
                                  0.188309   25.747057   library recovery time
                                             25.747057   data required time
---------------------------------------------------------------------------------------------
                                             25.747057   data required time
                                             -5.307673   data arrival time
---------------------------------------------------------------------------------------------
                                             20.439384   slack (MET)


Startpoint: resetb_l (input port clocked by gpio_in[38])
Endpoint: _103_ (recovery check against rising-edge clock gpio_in[38])
Path Group: asynchronous
Path Type: max

Fanout         Cap        Slew       Delay        Time   Description
---------------------------------------------------------------------------------------------
                                  0.000000    0.000000   clock gpio_in[38] (rise edge)
                                  0.000000    0.000000   clock network delay (propagated)
                                  5.000000    5.000000 ^ input external delay
     2    0.009152    0.047669    0.031389    5.031389 ^ resetb_l (in)
                                                         resetb_l (net)
                      0.047674    0.000000    5.031389 ^ input2/A (sky130_fd_sc_hd__buf_8)
    11    0.139992    0.217581    0.196445    5.227834 ^ input2/X (sky130_fd_sc_hd__buf_8)
                                                         net2 (net)
                      0.268950    0.079769    5.307602 ^ _103_/RESET_B (sky130_fd_sc_hd__dfrtp_1)
                                              5.307602   data arrival time

                                 25.000000   25.000000   clock gpio_in[38] (rise edge)
                                  0.000000   25.000000   clock source latency
     2    0.100454    0.457024    0.337565   25.337564 ^ gpio_in[38] (in)
                                                         gpio_in[38] (net)
                      0.465885    0.000000   25.337564 ^ clkbuf_0_gpio_in[38]/A (sky130_fd_sc_hd__clkbuf_16)
     5    0.068250    0.092165    0.271113   25.608677 ^ clkbuf_0_gpio_in[38]/X (sky130_fd_sc_hd__clkbuf_16)
                                                         clknet_0_gpio_in[38] (net)
                      0.093149    0.007446   25.616123 ^ clkbuf_1_1__f_gpio_in[38]/A (sky130_fd_sc_hd__clkbuf_16)
    19    0.072851    0.091062    0.176970   25.793093 ^ clkbuf_1_1__f_gpio_in[38]/X (sky130_fd_sc_hd__clkbuf_16)
                                                         clknet_1_1__leaf_gpio_in[38] (net)
                      0.095595    0.015637   25.808729 ^ _103_/CLK (sky130_fd_sc_hd__dfrtp_1)
                                 -0.250000   25.558731   clock uncertainty
                                  0.000000   25.558731   clock reconvergence pessimism
                                  0.188326   25.747057   library recovery time
                                             25.747057   data required time
---------------------------------------------------------------------------------------------
                                             25.747057   data required time
                                             -5.307602   data arrival time
---------------------------------------------------------------------------------------------
                                             20.439455   slack (MET)


Startpoint: resetb_l (input port clocked by gpio_in[38])
Endpoint: _105_ (recovery check against rising-edge clock gpio_in[38])
Path Group: asynchronous
Path Type: max

Fanout         Cap        Slew       Delay        Time   Description
---------------------------------------------------------------------------------------------
                                  0.000000    0.000000   clock gpio_in[38] (rise edge)
                                  0.000000    0.000000   clock network delay (propagated)
                                  5.000000    5.000000 ^ input external delay
     2    0.009152    0.047669    0.031389    5.031389 ^ resetb_l (in)
                                                         resetb_l (net)
                      0.047674    0.000000    5.031389 ^ input2/A (sky130_fd_sc_hd__buf_8)
    11    0.139992    0.217581    0.196445    5.227834 ^ input2/X (sky130_fd_sc_hd__buf_8)
                                                         net2 (net)
                      0.268598    0.079448    5.307281 ^ _105_/RESET_B (sky130_fd_sc_hd__dfrtp_1)
                                              5.307281   data arrival time

                                 25.000000   25.000000   clock gpio_in[38] (rise edge)
                                  0.000000   25.000000   clock source latency
     2    0.100454    0.457024    0.337565   25.337564 ^ gpio_in[38] (in)
                                                         gpio_in[38] (net)
                      0.465885    0.000000   25.337564 ^ clkbuf_0_gpio_in[38]/A (sky130_fd_sc_hd__clkbuf_16)
     5    0.068250    0.092165    0.271113   25.608677 ^ clkbuf_0_gpio_in[38]/X (sky130_fd_sc_hd__clkbuf_16)
                                                         clknet_0_gpio_in[38] (net)
                      0.093149    0.007446   25.616123 ^ clkbuf_1_1__f_gpio_in[38]/A (sky130_fd_sc_hd__clkbuf_16)
    19    0.072851    0.091062    0.176970   25.793093 ^ clkbuf_1_1__f_gpio_in[38]/X (sky130_fd_sc_hd__clkbuf_16)
                                                         clknet_1_1__leaf_gpio_in[38] (net)
                      0.095615    0.015673   25.808765 ^ _105_/CLK (sky130_fd_sc_hd__dfrtp_1)
                                 -0.250000   25.558767   clock uncertainty
                                  0.000000   25.558767   clock reconvergence pessimism
                                  0.188422   25.747189   library recovery time
                                             25.747189   data required time
---------------------------------------------------------------------------------------------
                                             25.747189   data required time
                                             -5.307281   data arrival time
---------------------------------------------------------------------------------------------
                                             20.439907   slack (MET)


Startpoint: _087_ (rising edge-triggered flip-flop clocked by gpio_in[38])
Endpoint: _106_ (rising edge-triggered flip-flop clocked by gpio_in[38])
Path Group: gpio_in[38]
Path Type: max

Fanout         Cap        Slew       Delay        Time   Description
---------------------------------------------------------------------------------------------
                                  0.000000    0.000000   clock gpio_in[38] (rise edge)
                                  0.000000    0.000000   clock source latency
     2    0.100454    0.457024    0.337565    0.337565 ^ gpio_in[38] (in)
                                                         gpio_in[38] (net)
                      0.465885    0.000000    0.337565 ^ clkbuf_0_gpio_in[38]/A (sky130_fd_sc_hd__clkbuf_16)
     5    0.068250    0.092165    0.271113    0.608677 ^ clkbuf_0_gpio_in[38]/X (sky130_fd_sc_hd__clkbuf_16)
                                                         clknet_0_gpio_in[38] (net)
                      0.093194    0.007623    0.616300 ^ clkbuf_1_0__f_gpio_in[38]/A (sky130_fd_sc_hd__clkbuf_16)
    25    0.085726    0.104052    0.180229    0.796529 ^ clkbuf_1_0__f_gpio_in[38]/X (sky130_fd_sc_hd__clkbuf_16)
                                                         clknet_1_0__leaf_gpio_in[38] (net)
                      0.113467    0.023833    0.820362 ^ _087_/CLK (sky130_fd_sc_hd__dfrtp_2)
     3    0.009856    0.068511    0.388338    1.208701 ^ _087_/Q (sky130_fd_sc_hd__dfrtp_2)
                                                         gpio_18_21_bidir[18].cfg.gpio_out_val (net)
                      0.068513    0.000487    1.209188 ^ hold3/A (sky130_fd_sc_hd__dlygate4sd3_1)
     5    0.020714    0.215175    0.670208    1.879396 ^ hold3/X (sky130_fd_sc_hd__dlygate4sd3_1)
                                                         net578 (net)
                      0.215178    0.001188    1.880584 ^ _049_/A (sky130_fd_sc_hd__and4_4)
    17    0.140840    0.415508    0.505116    2.385700 ^ _049_/X (sky130_fd_sc_hd__and4_4)
                                                         _022_ (net)
                      0.415913    0.011696    2.397396 ^ _078_/A (sky130_fd_sc_hd__and4_4)
    11    0.128027    0.380784    0.538546    2.935942 ^ _078_/X (sky130_fd_sc_hd__and4_4)
                                                         _039_ (net)
                      0.404973    0.073779    3.009721 ^ _084_/D (sky130_fd_sc_hd__and4_1)
     1    0.006766    0.090769    0.274501    3.284222 ^ _084_/X (sky130_fd_sc_hd__and4_1)
                                                         _042_ (net)
                      0.090770    0.000525    3.284747 ^ _086_/B (sky130_fd_sc_hd__xor2_1)
     1    0.002527    0.106848    0.141758    3.426505 ^ _086_/X (sky130_fd_sc_hd__xor2_1)
                                                         _010_ (net)
                      0.106848    0.000123    3.426628 ^ hold2/A (sky130_fd_sc_hd__dlygate4sd3_1)
     1    0.003192    0.056321    0.556586    3.983214 ^ hold2/X (sky130_fd_sc_hd__dlygate4sd3_1)
                                                         net577 (net)
                      0.056321    0.000199    3.983413 ^ _106_/D (sky130_fd_sc_hd__dfrtp_1)
                                              3.983413   data arrival time

                                 25.000000   25.000000   clock gpio_in[38] (rise edge)
                                  0.000000   25.000000   clock source latency
     2    0.100454    0.457024    0.337565   25.337564 ^ gpio_in[38] (in)
                                                         gpio_in[38] (net)
                      0.465885    0.000000   25.337564 ^ clkbuf_0_gpio_in[38]/A (sky130_fd_sc_hd__clkbuf_16)
     5    0.068250    0.092165    0.271113   25.608677 ^ clkbuf_0_gpio_in[38]/X (sky130_fd_sc_hd__clkbuf_16)
                                                         clknet_0_gpio_in[38] (net)
                      0.093149    0.007446   25.616123 ^ clkbuf_1_1__f_gpio_in[38]/A (sky130_fd_sc_hd__clkbuf_16)
    19    0.072851    0.091062    0.176970   25.793093 ^ clkbuf_1_1__f_gpio_in[38]/X (sky130_fd_sc_hd__clkbuf_16)
                                                         clknet_1_1__leaf_gpio_in[38] (net)
                      0.095608    0.015660   25.808754 ^ _106_/CLK (sky130_fd_sc_hd__dfrtp_1)
                                 -0.250000   25.558754   clock uncertainty
                                  0.000000   25.558754   clock reconvergence pessimism
                                 -0.054810   25.503942   library setup time
                                             25.503942   data required time
---------------------------------------------------------------------------------------------
                                             25.503942   data required time
                                             -3.983413   data arrival time
---------------------------------------------------------------------------------------------
                                             21.520531   slack (MET)


Startpoint: _087_ (rising edge-triggered flip-flop clocked by gpio_in[38])
Endpoint: _105_ (rising edge-triggered flip-flop clocked by gpio_in[38])
Path Group: gpio_in[38]
Path Type: max

Fanout         Cap        Slew       Delay        Time   Description
---------------------------------------------------------------------------------------------
                                  0.000000    0.000000   clock gpio_in[38] (rise edge)
                                  0.000000    0.000000   clock source latency
     2    0.100454    0.457024    0.337565    0.337565 ^ gpio_in[38] (in)
                                                         gpio_in[38] (net)
                      0.465885    0.000000    0.337565 ^ clkbuf_0_gpio_in[38]/A (sky130_fd_sc_hd__clkbuf_16)
     5    0.068250    0.092165    0.271113    0.608677 ^ clkbuf_0_gpio_in[38]/X (sky130_fd_sc_hd__clkbuf_16)
                                                         clknet_0_gpio_in[38] (net)
                      0.093194    0.007623    0.616300 ^ clkbuf_1_0__f_gpio_in[38]/A (sky130_fd_sc_hd__clkbuf_16)
    25    0.085726    0.104052    0.180229    0.796529 ^ clkbuf_1_0__f_gpio_in[38]/X (sky130_fd_sc_hd__clkbuf_16)
                                                         clknet_1_0__leaf_gpio_in[38] (net)
                      0.113467    0.023833    0.820362 ^ _087_/CLK (sky130_fd_sc_hd__dfrtp_2)
     3    0.009856    0.068511    0.388338    1.208701 ^ _087_/Q (sky130_fd_sc_hd__dfrtp_2)
                                                         gpio_18_21_bidir[18].cfg.gpio_out_val (net)
                      0.068513    0.000487    1.209188 ^ hold3/A (sky130_fd_sc_hd__dlygate4sd3_1)
     5    0.020714    0.215175    0.670208    1.879396 ^ hold3/X (sky130_fd_sc_hd__dlygate4sd3_1)
                                                         net578 (net)
                      0.215178    0.001188    1.880584 ^ _049_/A (sky130_fd_sc_hd__and4_4)
    17    0.140840    0.415508    0.505116    2.385700 ^ _049_/X (sky130_fd_sc_hd__and4_4)
                                                         _022_ (net)
                      0.415913    0.011696    2.397396 ^ _078_/A (sky130_fd_sc_hd__and4_4)
    11    0.128027    0.380784    0.538546    2.935942 ^ _078_/X (sky130_fd_sc_hd__and4_4)
                                                         _039_ (net)
                      0.404902    0.073668    3.009609 ^ _082_/C (sky130_fd_sc_hd__and3_1)
     2    0.010840    0.121648    0.270818    3.280428 ^ _082_/X (sky130_fd_sc_hd__and3_1)
                                                         _041_ (net)
                      0.121649    0.000656    3.281084 ^ _085_/B (sky130_fd_sc_hd__xor2_1)
     1    0.002283    0.102659    0.144454    3.425538 ^ _085_/X (sky130_fd_sc_hd__xor2_1)
                                                         _009_ (net)
                      0.102659    0.000108    3.425645 ^ hold5/A (sky130_fd_sc_hd__dlygate4sd3_1)
     1    0.003086    0.055388    0.554392    3.980038 ^ hold5/X (sky130_fd_sc_hd__dlygate4sd3_1)
                                                         net580 (net)
                      0.055388    0.000204    3.980242 ^ _105_/D (sky130_fd_sc_hd__dfrtp_1)
                                              3.980242   data arrival time

                                 25.000000   25.000000   clock gpio_in[38] (rise edge)
                                  0.000000   25.000000   clock source latency
     2    0.100454    0.457024    0.337565   25.337564 ^ gpio_in[38] (in)
                                                         gpio_in[38] (net)
                      0.465885    0.000000   25.337564 ^ clkbuf_0_gpio_in[38]/A (sky130_fd_sc_hd__clkbuf_16)
     5    0.068250    0.092165    0.271113   25.608677 ^ clkbuf_0_gpio_in[38]/X (sky130_fd_sc_hd__clkbuf_16)
                                                         clknet_0_gpio_in[38] (net)
                      0.093149    0.007446   25.616123 ^ clkbuf_1_1__f_gpio_in[38]/A (sky130_fd_sc_hd__clkbuf_16)
    19    0.072851    0.091062    0.176970   25.793093 ^ clkbuf_1_1__f_gpio_in[38]/X (sky130_fd_sc_hd__clkbuf_16)
                                                         clknet_1_1__leaf_gpio_in[38] (net)
                      0.095615    0.015673   25.808765 ^ _105_/CLK (sky130_fd_sc_hd__dfrtp_1)
                                 -0.250000   25.558767   clock uncertainty
                                  0.000000   25.558767   clock reconvergence pessimism
                                 -0.054597   25.504169   library setup time
                                             25.504169   data required time
---------------------------------------------------------------------------------------------
                                             25.504169   data required time
                                             -3.980242   data arrival time
---------------------------------------------------------------------------------------------
                                             21.523928   slack (MET)


Startpoint: _087_ (rising edge-triggered flip-flop clocked by gpio_in[38])
Endpoint: _097_ (rising edge-triggered flip-flop clocked by gpio_in[38])
Path Group: gpio_in[38]
Path Type: max

Fanout         Cap        Slew       Delay        Time   Description
---------------------------------------------------------------------------------------------
                                  0.000000    0.000000   clock gpio_in[38] (rise edge)
                                  0.000000    0.000000   clock source latency
     2    0.100454    0.457024    0.337565    0.337565 ^ gpio_in[38] (in)
                                                         gpio_in[38] (net)
                      0.465885    0.000000    0.337565 ^ clkbuf_0_gpio_in[38]/A (sky130_fd_sc_hd__clkbuf_16)
     5    0.068250    0.092165    0.271113    0.608677 ^ clkbuf_0_gpio_in[38]/X (sky130_fd_sc_hd__clkbuf_16)
                                                         clknet_0_gpio_in[38] (net)
                      0.093194    0.007623    0.616300 ^ clkbuf_1_0__f_gpio_in[38]/A (sky130_fd_sc_hd__clkbuf_16)
    25    0.085726    0.104052    0.180229    0.796529 ^ clkbuf_1_0__f_gpio_in[38]/X (sky130_fd_sc_hd__clkbuf_16)
                                                         clknet_1_0__leaf_gpio_in[38] (net)
                      0.113467    0.023833    0.820362 ^ _087_/CLK (sky130_fd_sc_hd__dfrtp_2)
     3    0.009856    0.068511    0.388338    1.208701 ^ _087_/Q (sky130_fd_sc_hd__dfrtp_2)
                                                         gpio_18_21_bidir[18].cfg.gpio_out_val (net)
                      0.068513    0.000487    1.209188 ^ hold3/A (sky130_fd_sc_hd__dlygate4sd3_1)
     5    0.020714    0.215175    0.670208    1.879396 ^ hold3/X (sky130_fd_sc_hd__dlygate4sd3_1)
                                                         net578 (net)
                      0.215178    0.001188    1.880584 ^ _049_/A (sky130_fd_sc_hd__and4_4)
    17    0.140840    0.415508    0.505116    2.385700 ^ _049_/X (sky130_fd_sc_hd__and4_4)
                                                         _022_ (net)
                      0.443469    0.083409    2.469109 ^ _059_/A (sky130_fd_sc_hd__and2_4)
     9    0.123496    0.353521    0.443395    2.912503 ^ _059_/X (sky130_fd_sc_hd__and2_4)
                                                         _028_ (net)
                      0.374461    0.066379    2.978882 ^ _062_/C (sky130_fd_sc_hd__and3_1)
     2    0.007399    0.092187    0.242296    3.221179 ^ _062_/X (sky130_fd_sc_hd__and3_1)
                                                         _029_ (net)
                      0.092188    0.000470    3.221649 ^ _066_/B (sky130_fd_sc_hd__xor2_1)
     1    0.001930    0.096627    0.133796    3.355445 ^ _066_/X (sky130_fd_sc_hd__xor2_1)
                                                         _001_ (net)
                      0.096627    0.000138    3.355583 ^ hold7/A (sky130_fd_sc_hd__dlygate4sd3_1)
     1    0.002604    0.051220    0.548130    3.903713 ^ hold7/X (sky130_fd_sc_hd__dlygate4sd3_1)
                                                         net582 (net)
                      0.051220    0.000190    3.903903 ^ _097_/D (sky130_fd_sc_hd__dfrtp_1)
                                              3.903903   data arrival time

                                 25.000000   25.000000   clock gpio_in[38] (rise edge)
                                  0.000000   25.000000   clock source latency
     2    0.100454    0.457024    0.337565   25.337564 ^ gpio_in[38] (in)
                                                         gpio_in[38] (net)
                      0.465885    0.000000   25.337564 ^ clkbuf_0_gpio_in[38]/A (sky130_fd_sc_hd__clkbuf_16)
     5    0.068250    0.092165    0.271113   25.608677 ^ clkbuf_0_gpio_in[38]/X (sky130_fd_sc_hd__clkbuf_16)
                                                         clknet_0_gpio_in[38] (net)
                      0.093194    0.007622   25.616299 ^ clkbuf_1_0__f_gpio_in[38]/A (sky130_fd_sc_hd__clkbuf_16)
    25    0.085726    0.104052    0.180229   25.796528 ^ clkbuf_1_0__f_gpio_in[38]/X (sky130_fd_sc_hd__clkbuf_16)
                                                         clknet_1_0__leaf_gpio_in[38] (net)
                      0.113281    0.023592   25.820120 ^ _097_/CLK (sky130_fd_sc_hd__dfrtp_1)
                                 -0.250000   25.570122   clock uncertainty
                                  0.000000   25.570122   clock reconvergence pessimism
                                 -0.050987   25.519135   library setup time
                                             25.519135   data required time
---------------------------------------------------------------------------------------------
                                             25.519135   data required time
                                             -3.903903   data arrival time
---------------------------------------------------------------------------------------------
                                             21.615231   slack (MET)


Startpoint: _087_ (rising edge-triggered flip-flop clocked by gpio_in[38])
Endpoint: _098_ (rising edge-triggered flip-flop clocked by gpio_in[38])
Path Group: gpio_in[38]
Path Type: max

Fanout         Cap        Slew       Delay        Time   Description
---------------------------------------------------------------------------------------------
                                  0.000000    0.000000   clock gpio_in[38] (rise edge)
                                  0.000000    0.000000   clock source latency
     2    0.100454    0.457024    0.337565    0.337565 ^ gpio_in[38] (in)
                                                         gpio_in[38] (net)
                      0.465885    0.000000    0.337565 ^ clkbuf_0_gpio_in[38]/A (sky130_fd_sc_hd__clkbuf_16)
     5    0.068250    0.092165    0.271113    0.608677 ^ clkbuf_0_gpio_in[38]/X (sky130_fd_sc_hd__clkbuf_16)
                                                         clknet_0_gpio_in[38] (net)
                      0.093194    0.007623    0.616300 ^ clkbuf_1_0__f_gpio_in[38]/A (sky130_fd_sc_hd__clkbuf_16)
    25    0.085726    0.104052    0.180229    0.796529 ^ clkbuf_1_0__f_gpio_in[38]/X (sky130_fd_sc_hd__clkbuf_16)
                                                         clknet_1_0__leaf_gpio_in[38] (net)
                      0.113467    0.023833    0.820362 ^ _087_/CLK (sky130_fd_sc_hd__dfrtp_2)
     3    0.009856    0.068511    0.388338    1.208701 ^ _087_/Q (sky130_fd_sc_hd__dfrtp_2)
                                                         gpio_18_21_bidir[18].cfg.gpio_out_val (net)
                      0.068513    0.000487    1.209188 ^ hold3/A (sky130_fd_sc_hd__dlygate4sd3_1)
     5    0.020714    0.215175    0.670208    1.879396 ^ hold3/X (sky130_fd_sc_hd__dlygate4sd3_1)
                                                         net578 (net)
                      0.215178    0.001188    1.880584 ^ _049_/A (sky130_fd_sc_hd__and4_4)
    17    0.140840    0.415508    0.505116    2.385700 ^ _049_/X (sky130_fd_sc_hd__and4_4)
                                                         _022_ (net)
                      0.443469    0.083409    2.469109 ^ _059_/A (sky130_fd_sc_hd__and2_4)
     9    0.123496    0.353521    0.443395    2.912503 ^ _059_/X (sky130_fd_sc_hd__and2_4)
                                                         _028_ (net)
                      0.374366    0.066227    2.978730 ^ _065_/D (sky130_fd_sc_hd__and4_1)
     1    0.003250    0.061204    0.242071    3.220801 ^ _065_/X (sky130_fd_sc_hd__and4_1)
                                                         _031_ (net)
                      0.061204    0.000225    3.221026 ^ _069_/A2 (sky130_fd_sc_hd__o21ba_1)
     1    0.001850    0.035770    0.105134    3.326160 ^ _069_/X (sky130_fd_sc_hd__o21ba_1)
                                                         _002_ (net)
                      0.035770    0.000086    3.326246 ^ hold15/A (sky130_fd_sc_hd__dlygate4sd3_1)
     1    0.002909    0.053813    0.532818    3.859064 ^ hold15/X (sky130_fd_sc_hd__dlygate4sd3_1)
                                                         net590 (net)
                      0.053813    0.000189    3.859253 ^ _098_/D (sky130_fd_sc_hd__dfrtp_1)
                                              3.859253   data arrival time

                                 25.000000   25.000000   clock gpio_in[38] (rise edge)
                                  0.000000   25.000000   clock source latency
     2    0.100454    0.457024    0.337565   25.337564 ^ gpio_in[38] (in)
                                                         gpio_in[38] (net)
                      0.465885    0.000000   25.337564 ^ clkbuf_0_gpio_in[38]/A (sky130_fd_sc_hd__clkbuf_16)
     5    0.068250    0.092165    0.271113   25.608677 ^ clkbuf_0_gpio_in[38]/X (sky130_fd_sc_hd__clkbuf_16)
                                                         clknet_0_gpio_in[38] (net)
                      0.093194    0.007622   25.616299 ^ clkbuf_1_0__f_gpio_in[38]/A (sky130_fd_sc_hd__clkbuf_16)
    25    0.085726    0.104052    0.180229   25.796528 ^ clkbuf_1_0__f_gpio_in[38]/X (sky130_fd_sc_hd__clkbuf_16)
                                                         clknet_1_0__leaf_gpio_in[38] (net)
                      0.112640    0.022744   25.819273 ^ _098_/CLK (sky130_fd_sc_hd__dfrtp_1)
                                 -0.250000   25.569273   clock uncertainty
                                  0.000000   25.569273   clock reconvergence pessimism
                                 -0.051672   25.517601   library setup time
                                             25.517601   data required time
---------------------------------------------------------------------------------------------
                                             25.517601   data required time
                                             -3.859253   data arrival time
---------------------------------------------------------------------------------------------
                                             21.658348   slack (MET)


Startpoint: _087_ (rising edge-triggered flip-flop clocked by gpio_in[38])
Endpoint: _094_ (rising edge-triggered flip-flop clocked by gpio_in[38])
Path Group: gpio_in[38]
Path Type: max

Fanout         Cap        Slew       Delay        Time   Description
---------------------------------------------------------------------------------------------
                                  0.000000    0.000000   clock gpio_in[38] (rise edge)
                                  0.000000    0.000000   clock source latency
     2    0.100454    0.457024    0.337565    0.337565 ^ gpio_in[38] (in)
                                                         gpio_in[38] (net)
                      0.465885    0.000000    0.337565 ^ clkbuf_0_gpio_in[38]/A (sky130_fd_sc_hd__clkbuf_16)
     5    0.068250    0.092165    0.271113    0.608677 ^ clkbuf_0_gpio_in[38]/X (sky130_fd_sc_hd__clkbuf_16)
                                                         clknet_0_gpio_in[38] (net)
                      0.093194    0.007623    0.616300 ^ clkbuf_1_0__f_gpio_in[38]/A (sky130_fd_sc_hd__clkbuf_16)
    25    0.085726    0.104052    0.180229    0.796529 ^ clkbuf_1_0__f_gpio_in[38]/X (sky130_fd_sc_hd__clkbuf_16)
                                                         clknet_1_0__leaf_gpio_in[38] (net)
                      0.113467    0.023833    0.820362 ^ _087_/CLK (sky130_fd_sc_hd__dfrtp_2)
     3    0.009856    0.068511    0.388338    1.208701 ^ _087_/Q (sky130_fd_sc_hd__dfrtp_2)
                                                         gpio_18_21_bidir[18].cfg.gpio_out_val (net)
                      0.068513    0.000487    1.209188 ^ hold3/A (sky130_fd_sc_hd__dlygate4sd3_1)
     5    0.020714    0.215175    0.670208    1.879396 ^ hold3/X (sky130_fd_sc_hd__dlygate4sd3_1)
                                                         net578 (net)
                      0.215178    0.001188    1.880584 ^ _049_/A (sky130_fd_sc_hd__and4_4)
    17    0.140840    0.415508    0.505116    2.385700 ^ _049_/X (sky130_fd_sc_hd__and4_4)
                                                         _022_ (net)
                      0.443469    0.083409    2.469109 ^ _059_/A (sky130_fd_sc_hd__and2_4)
     9    0.123496    0.353521    0.443395    2.912503 ^ _059_/X (sky130_fd_sc_hd__and2_4)
                                                         _028_ (net)
                      0.353559    0.003238    2.915741 ^ _060_/B1_N (sky130_fd_sc_hd__o21ba_1)
     1    0.004732    0.043918    0.208833    3.124574 v _060_/X (sky130_fd_sc_hd__o21ba_1)
                                                         _017_ (net)
                      0.043920    0.000324    3.124898 v hold17/A (sky130_fd_sc_hd__dlygate4sd3_1)
     1    0.002821    0.053124    0.547906    3.672804 v hold17/X (sky130_fd_sc_hd__dlygate4sd3_1)
                                                         net592 (net)
                      0.053124    0.000190    3.672994 v _094_/D (sky130_fd_sc_hd__dfrtp_1)
                                              3.672994   data arrival time

                                 25.000000   25.000000   clock gpio_in[38] (rise edge)
                                  0.000000   25.000000   clock source latency
     2    0.100454    0.457024    0.337565   25.337564 ^ gpio_in[38] (in)
                                                         gpio_in[38] (net)
                      0.465885    0.000000   25.337564 ^ clkbuf_0_gpio_in[38]/A (sky130_fd_sc_hd__clkbuf_16)
     5    0.068250    0.092165    0.271113   25.608677 ^ clkbuf_0_gpio_in[38]/X (sky130_fd_sc_hd__clkbuf_16)
                                                         clknet_0_gpio_in[38] (net)
                      0.093149    0.007446   25.616123 ^ clkbuf_1_1__f_gpio_in[38]/A (sky130_fd_sc_hd__clkbuf_16)
    19    0.072851    0.091062    0.176970   25.793093 ^ clkbuf_1_1__f_gpio_in[38]/X (sky130_fd_sc_hd__clkbuf_16)
                                                         clknet_1_1__leaf_gpio_in[38] (net)
                      0.096306    0.016874   25.809967 ^ _094_/CLK (sky130_fd_sc_hd__dfrtp_1)
                                 -0.250000   25.559967   clock uncertainty
                                  0.000000   25.559967   clock reconvergence pessimism
                                 -0.106068   25.453899   library setup time
                                             25.453899   data required time
---------------------------------------------------------------------------------------------
                                             25.453899   data required time
                                             -3.672994   data arrival time
---------------------------------------------------------------------------------------------
                                             21.780905   slack (MET)


Startpoint: _087_ (rising edge-triggered flip-flop clocked by gpio_in[38])
Endpoint: _102_ (rising edge-triggered flip-flop clocked by gpio_in[38])
Path Group: gpio_in[38]
Path Type: max

Fanout         Cap        Slew       Delay        Time   Description
---------------------------------------------------------------------------------------------
                                  0.000000    0.000000   clock gpio_in[38] (rise edge)
                                  0.000000    0.000000   clock source latency
     2    0.100454    0.457024    0.337565    0.337565 ^ gpio_in[38] (in)
                                                         gpio_in[38] (net)
                      0.465885    0.000000    0.337565 ^ clkbuf_0_gpio_in[38]/A (sky130_fd_sc_hd__clkbuf_16)
     5    0.068250    0.092165    0.271113    0.608677 ^ clkbuf_0_gpio_in[38]/X (sky130_fd_sc_hd__clkbuf_16)
                                                         clknet_0_gpio_in[38] (net)
                      0.093194    0.007623    0.616300 ^ clkbuf_1_0__f_gpio_in[38]/A (sky130_fd_sc_hd__clkbuf_16)
    25    0.085726    0.104052    0.180229    0.796529 ^ clkbuf_1_0__f_gpio_in[38]/X (sky130_fd_sc_hd__clkbuf_16)
                                                         clknet_1_0__leaf_gpio_in[38] (net)
                      0.113467    0.023833    0.820362 ^ _087_/CLK (sky130_fd_sc_hd__dfrtp_2)
     3    0.009856    0.068511    0.388338    1.208701 ^ _087_/Q (sky130_fd_sc_hd__dfrtp_2)
                                                         gpio_18_21_bidir[18].cfg.gpio_out_val (net)
                      0.068513    0.000487    1.209188 ^ hold3/A (sky130_fd_sc_hd__dlygate4sd3_1)
     5    0.020714    0.215175    0.670208    1.879396 ^ hold3/X (sky130_fd_sc_hd__dlygate4sd3_1)
                                                         net578 (net)
                      0.215178    0.001188    1.880584 ^ _049_/A (sky130_fd_sc_hd__and4_4)
    17    0.140840    0.415508    0.505116    2.385700 ^ _049_/X (sky130_fd_sc_hd__and4_4)
                                                         _022_ (net)
                      0.415913    0.011696    2.397396 ^ _078_/A (sky130_fd_sc_hd__and4_4)
    11    0.128027    0.380784    0.538546    2.935942 ^ _078_/X (sky130_fd_sc_hd__and4_4)
                                                         _039_ (net)
                      0.380976    0.004707    2.940649 ^ _079_/B1_N (sky130_fd_sc_hd__o21ba_1)
     1    0.002279    0.032719    0.198594    3.139243 v _079_/X (sky130_fd_sc_hd__o21ba_1)
                                                         _006_ (net)
                      0.032719    0.000110    3.139352 v hold9/A (sky130_fd_sc_hd__dlygate4sd3_1)
     1    0.002988    0.054271    0.545048    3.684400 v hold9/X (sky130_fd_sc_hd__dlygate4sd3_1)
                                                         net584 (net)
                      0.054271    0.000201    3.684601 v _102_/D (sky130_fd_sc_hd__dfrtp_1)
                                              3.684601   data arrival time

                                 25.000000   25.000000   clock gpio_in[38] (rise edge)
                                  0.000000   25.000000   clock source latency
     2    0.100454    0.457024    0.337565   25.337564 ^ gpio_in[38] (in)
                                                         gpio_in[38] (net)
                      0.465885    0.000000   25.337564 ^ clkbuf_0_gpio_in[38]/A (sky130_fd_sc_hd__clkbuf_16)
     5    0.068250    0.092165    0.271113   25.608677 ^ clkbuf_0_gpio_in[38]/X (sky130_fd_sc_hd__clkbuf_16)
                                                         clknet_0_gpio_in[38] (net)
                      0.093194    0.007622   25.616299 ^ clkbuf_1_0__f_gpio_in[38]/A (sky130_fd_sc_hd__clkbuf_16)
    25    0.085726    0.104052    0.180229   25.796528 ^ clkbuf_1_0__f_gpio_in[38]/X (sky130_fd_sc_hd__clkbuf_16)
                                                         clknet_1_0__leaf_gpio_in[38] (net)
                      0.115395    0.026228   25.822756 ^ _102_/CLK (sky130_fd_sc_hd__dfrtp_1)
                                 -0.250000   25.572758   clock uncertainty
                                  0.000000   25.572758   clock reconvergence pessimism
                                 -0.102194   25.470564   library setup time
                                             25.470564   data required time
---------------------------------------------------------------------------------------------
                                             25.470564   data required time
                                             -3.684601   data arrival time
---------------------------------------------------------------------------------------------
                                             21.785961   slack (MET)


Startpoint: _087_ (rising edge-triggered flip-flop clocked by gpio_in[38])
Endpoint: _100_ (rising edge-triggered flip-flop clocked by gpio_in[38])
Path Group: gpio_in[38]
Path Type: max

Fanout         Cap        Slew       Delay        Time   Description
---------------------------------------------------------------------------------------------
                                  0.000000    0.000000   clock gpio_in[38] (rise edge)
                                  0.000000    0.000000   clock source latency
     2    0.100454    0.457024    0.337565    0.337565 ^ gpio_in[38] (in)
                                                         gpio_in[38] (net)
                      0.465885    0.000000    0.337565 ^ clkbuf_0_gpio_in[38]/A (sky130_fd_sc_hd__clkbuf_16)
     5    0.068250    0.092165    0.271113    0.608677 ^ clkbuf_0_gpio_in[38]/X (sky130_fd_sc_hd__clkbuf_16)
                                                         clknet_0_gpio_in[38] (net)
                      0.093194    0.007623    0.616300 ^ clkbuf_1_0__f_gpio_in[38]/A (sky130_fd_sc_hd__clkbuf_16)
    25    0.085726    0.104052    0.180229    0.796529 ^ clkbuf_1_0__f_gpio_in[38]/X (sky130_fd_sc_hd__clkbuf_16)
                                                         clknet_1_0__leaf_gpio_in[38] (net)
                      0.113467    0.023833    0.820362 ^ _087_/CLK (sky130_fd_sc_hd__dfrtp_2)
     3    0.009856    0.068511    0.388338    1.208701 ^ _087_/Q (sky130_fd_sc_hd__dfrtp_2)
                                                         gpio_18_21_bidir[18].cfg.gpio_out_val (net)
                      0.068513    0.000487    1.209188 ^ hold3/A (sky130_fd_sc_hd__dlygate4sd3_1)
     5    0.020714    0.215175    0.670208    1.879396 ^ hold3/X (sky130_fd_sc_hd__dlygate4sd3_1)
                                                         net578 (net)
                      0.215178    0.001188    1.880584 ^ _049_/A (sky130_fd_sc_hd__and4_4)
    17    0.140840    0.415508    0.505116    2.385700 ^ _049_/X (sky130_fd_sc_hd__and4_4)
                                                         _022_ (net)
                      0.415623    0.006419    2.392119 ^ _068_/A (sky130_fd_sc_hd__and3_1)
     5    0.017067    0.178264    0.322866    2.714985 ^ _068_/X (sky130_fd_sc_hd__and3_1)
                                                         _033_ (net)
                      0.178265    0.000824    2.715808 ^ _073_/C (sky130_fd_sc_hd__and3_1)
     2    0.007797    0.093219    0.212809    2.928617 ^ _073_/X (sky130_fd_sc_hd__and3_1)
                                                         _036_ (net)
                      0.093219    0.000392    2.929009 ^ _074_/B1_N (sky130_fd_sc_hd__o21ba_1)
     1    0.003748    0.039736    0.155593    3.084602 v _074_/X (sky130_fd_sc_hd__o21ba_1)
                                                         _004_ (net)
                      0.039756    0.000159    3.084760 v hold27/A (sky130_fd_sc_hd__dlygate4sd3_1)
     1    0.002448    0.050958    0.542902    3.627662 v hold27/X (sky130_fd_sc_hd__dlygate4sd3_1)
                                                         net602 (net)
                      0.050958    0.000168    3.627830 v _100_/D (sky130_fd_sc_hd__dfrtp_1)
                                              3.627830   data arrival time

                                 25.000000   25.000000   clock gpio_in[38] (rise edge)
                                  0.000000   25.000000   clock source latency
     2    0.100454    0.457024    0.337565   25.337564 ^ gpio_in[38] (in)
                                                         gpio_in[38] (net)
                      0.465885    0.000000   25.337564 ^ clkbuf_0_gpio_in[38]/A (sky130_fd_sc_hd__clkbuf_16)
     5    0.068250    0.092165    0.271113   25.608677 ^ clkbuf_0_gpio_in[38]/X (sky130_fd_sc_hd__clkbuf_16)
                                                         clknet_0_gpio_in[38] (net)
                      0.093194    0.007622   25.616299 ^ clkbuf_1_0__f_gpio_in[38]/A (sky130_fd_sc_hd__clkbuf_16)
    25    0.085726    0.104052    0.180229   25.796528 ^ clkbuf_1_0__f_gpio_in[38]/X (sky130_fd_sc_hd__clkbuf_16)
                                                         clknet_1_0__leaf_gpio_in[38] (net)
                      0.115620    0.026496   25.823025 ^ _100_/CLK (sky130_fd_sc_hd__dfrtp_1)
                                 -0.250000   25.573025   clock uncertainty
                                  0.000000   25.573025   clock reconvergence pessimism
                                 -0.100703   25.472322   library setup time
                                             25.472322   data required time
---------------------------------------------------------------------------------------------
                                             25.472322   data required time
                                             -3.627830   data arrival time
---------------------------------------------------------------------------------------------
                                             21.844494   slack (MET)


Startpoint: _087_ (rising edge-triggered flip-flop clocked by gpio_in[38])
Endpoint: _101_ (rising edge-triggered flip-flop clocked by gpio_in[38])
Path Group: gpio_in[38]
Path Type: max

Fanout         Cap        Slew       Delay        Time   Description
---------------------------------------------------------------------------------------------
                                  0.000000    0.000000   clock gpio_in[38] (rise edge)
                                  0.000000    0.000000   clock source latency
     2    0.100454    0.457024    0.337565    0.337565 ^ gpio_in[38] (in)
                                                         gpio_in[38] (net)
                      0.465885    0.000000    0.337565 ^ clkbuf_0_gpio_in[38]/A (sky130_fd_sc_hd__clkbuf_16)
     5    0.068250    0.092165    0.271113    0.608677 ^ clkbuf_0_gpio_in[38]/X (sky130_fd_sc_hd__clkbuf_16)
                                                         clknet_0_gpio_in[38] (net)
                      0.093194    0.007623    0.616300 ^ clkbuf_1_0__f_gpio_in[38]/A (sky130_fd_sc_hd__clkbuf_16)
    25    0.085726    0.104052    0.180229    0.796529 ^ clkbuf_1_0__f_gpio_in[38]/X (sky130_fd_sc_hd__clkbuf_16)
                                                         clknet_1_0__leaf_gpio_in[38] (net)
                      0.113467    0.023833    0.820362 ^ _087_/CLK (sky130_fd_sc_hd__dfrtp_2)
     3    0.009856    0.068511    0.388338    1.208701 ^ _087_/Q (sky130_fd_sc_hd__dfrtp_2)
                                                         gpio_18_21_bidir[18].cfg.gpio_out_val (net)
                      0.068513    0.000487    1.209188 ^ hold3/A (sky130_fd_sc_hd__dlygate4sd3_1)
     5    0.020714    0.215175    0.670208    1.879396 ^ hold3/X (sky130_fd_sc_hd__dlygate4sd3_1)
                                                         net578 (net)
                      0.215178    0.001188    1.880584 ^ _049_/A (sky130_fd_sc_hd__and4_4)
    17    0.140840    0.415508    0.505116    2.385700 ^ _049_/X (sky130_fd_sc_hd__and4_4)
                                                         _022_ (net)
                      0.415623    0.006419    2.392119 ^ _068_/A (sky130_fd_sc_hd__and3_1)
     5    0.017067    0.178264    0.322866    2.714985 ^ _068_/X (sky130_fd_sc_hd__and3_1)
                                                         _033_ (net)
                      0.178265    0.000824    2.715808 ^ _073_/C (sky130_fd_sc_hd__and3_1)
     2    0.007797    0.093219    0.212809    2.928617 ^ _073_/X (sky130_fd_sc_hd__and3_1)
                                                         _036_ (net)
                      0.093220    0.000519    2.929136 ^ _076_/B (sky130_fd_sc_hd__xor2_1)
     1    0.004301    0.137557    0.166327    3.095463 ^ _076_/X (sky130_fd_sc_hd__xor2_1)
                                                         _005_ (net)
                      0.137557    0.000344    3.095807 ^ hold11/A (sky130_fd_sc_hd__dlygate4sd3_1)
     1    0.002371    0.049264    0.556609    3.652416 ^ hold11/X (sky130_fd_sc_hd__dlygate4sd3_1)
                                                         net586 (net)
                      0.049264    0.000166    3.652582 ^ _101_/D (sky130_fd_sc_hd__dfrtp_1)
                                              3.652582   data arrival time

                                 25.000000   25.000000   clock gpio_in[38] (rise edge)
                                  0.000000   25.000000   clock source latency
     2    0.100454    0.457024    0.337565   25.337564 ^ gpio_in[38] (in)
                                                         gpio_in[38] (net)
                      0.465885    0.000000   25.337564 ^ clkbuf_0_gpio_in[38]/A (sky130_fd_sc_hd__clkbuf_16)
     5    0.068250    0.092165    0.271113   25.608677 ^ clkbuf_0_gpio_in[38]/X (sky130_fd_sc_hd__clkbuf_16)
                                                         clknet_0_gpio_in[38] (net)
                      0.093194    0.007622   25.616299 ^ clkbuf_1_0__f_gpio_in[38]/A (sky130_fd_sc_hd__clkbuf_16)
    25    0.085726    0.104052    0.180229   25.796528 ^ clkbuf_1_0__f_gpio_in[38]/X (sky130_fd_sc_hd__clkbuf_16)
                                                         clknet_1_0__leaf_gpio_in[38] (net)
                      0.115522    0.026379   25.822906 ^ _101_/CLK (sky130_fd_sc_hd__dfrtp_1)
                                 -0.250000   25.572908   clock uncertainty
                                  0.000000   25.572908   clock reconvergence pessimism
                                 -0.050205   25.522703   library setup time
                                             25.522703   data required time
---------------------------------------------------------------------------------------------
                                             25.522703   data required time
                                             -3.652582   data arrival time
---------------------------------------------------------------------------------------------
                                             21.870121   slack (MET)


Startpoint: _087_ (rising edge-triggered flip-flop clocked by gpio_in[38])
Endpoint: _093_ (rising edge-triggered flip-flop clocked by gpio_in[38])
Path Group: gpio_in[38]
Path Type: max

Fanout         Cap        Slew       Delay        Time   Description
---------------------------------------------------------------------------------------------
                                  0.000000    0.000000   clock gpio_in[38] (rise edge)
                                  0.000000    0.000000   clock source latency
     2    0.100454    0.457024    0.337565    0.337565 ^ gpio_in[38] (in)
                                                         gpio_in[38] (net)
                      0.465885    0.000000    0.337565 ^ clkbuf_0_gpio_in[38]/A (sky130_fd_sc_hd__clkbuf_16)
     5    0.068250    0.092165    0.271113    0.608677 ^ clkbuf_0_gpio_in[38]/X (sky130_fd_sc_hd__clkbuf_16)
                                                         clknet_0_gpio_in[38] (net)
                      0.093194    0.007623    0.616300 ^ clkbuf_1_0__f_gpio_in[38]/A (sky130_fd_sc_hd__clkbuf_16)
    25    0.085726    0.104052    0.180229    0.796529 ^ clkbuf_1_0__f_gpio_in[38]/X (sky130_fd_sc_hd__clkbuf_16)
                                                         clknet_1_0__leaf_gpio_in[38] (net)
                      0.113467    0.023833    0.820362 ^ _087_/CLK (sky130_fd_sc_hd__dfrtp_2)
     3    0.009856    0.068511    0.388338    1.208701 ^ _087_/Q (sky130_fd_sc_hd__dfrtp_2)
                                                         gpio_18_21_bidir[18].cfg.gpio_out_val (net)
                      0.068513    0.000487    1.209188 ^ hold3/A (sky130_fd_sc_hd__dlygate4sd3_1)
     5    0.020714    0.215175    0.670208    1.879396 ^ hold3/X (sky130_fd_sc_hd__dlygate4sd3_1)
                                                         net578 (net)
                      0.215178    0.001188    1.880584 ^ _049_/A (sky130_fd_sc_hd__and4_4)
    17    0.140840    0.415508    0.505116    2.385700 ^ _049_/X (sky130_fd_sc_hd__and4_4)
                                                         _022_ (net)
                      0.443734    0.083803    2.469502 ^ _053_/C (sky130_fd_sc_hd__and3_1)
     3    0.011400    0.127083    0.279573    2.749075 ^ _053_/X (sky130_fd_sc_hd__and3_1)
                                                         _024_ (net)
                      0.127085    0.000727    2.749803 ^ _057_/B (sky130_fd_sc_hd__xor2_1)
     1    0.001822    0.094656    0.138779    2.888582 ^ _057_/X (sky130_fd_sc_hd__xor2_1)
                                                         _016_ (net)
                      0.094656    0.000084    2.888665 ^ hold13/A (sky130_fd_sc_hd__dlygate4sd3_1)
     1    0.003719    0.060616    0.557463    3.446129 ^ hold13/X (sky130_fd_sc_hd__dlygate4sd3_1)
                                                         net588 (net)
                      0.061327    0.000242    3.446371 ^ _093_/D (sky130_fd_sc_hd__dfrtp_1)
                                              3.446371   data arrival time

                                 25.000000   25.000000   clock gpio_in[38] (rise edge)
                                  0.000000   25.000000   clock source latency
     2    0.100454    0.457024    0.337565   25.337564 ^ gpio_in[38] (in)
                                                         gpio_in[38] (net)
                      0.465885    0.000000   25.337564 ^ clkbuf_0_gpio_in[38]/A (sky130_fd_sc_hd__clkbuf_16)
     5    0.068250    0.092165    0.271113   25.608677 ^ clkbuf_0_gpio_in[38]/X (sky130_fd_sc_hd__clkbuf_16)
                                                         clknet_0_gpio_in[38] (net)
                      0.093149    0.007446   25.616123 ^ clkbuf_1_1__f_gpio_in[38]/A (sky130_fd_sc_hd__clkbuf_16)
    19    0.072851    0.091062    0.176970   25.793093 ^ clkbuf_1_1__f_gpio_in[38]/X (sky130_fd_sc_hd__clkbuf_16)
                                                         clknet_1_1__leaf_gpio_in[38] (net)
                      0.096432    0.017087   25.810179 ^ _093_/CLK (sky130_fd_sc_hd__dfrtp_1)
                                 -0.250000   25.560181   clock uncertainty
                                  0.000000   25.560181   clock reconvergence pessimism
                                 -0.055828   25.504353   library setup time
                                             25.504353   data required time
---------------------------------------------------------------------------------------------
                                             25.504353   data required time
                                             -3.446371   data arrival time
---------------------------------------------------------------------------------------------
                                             22.057983   slack (MET)


Startpoint: _087_ (rising edge-triggered flip-flop clocked by gpio_in[38])
Endpoint: _096_ (rising edge-triggered flip-flop clocked by gpio_in[38])
Path Group: gpio_in[38]
Path Type: max

Fanout         Cap        Slew       Delay        Time   Description
---------------------------------------------------------------------------------------------
                                  0.000000    0.000000   clock gpio_in[38] (rise edge)
                                  0.000000    0.000000   clock source latency
     2    0.100454    0.457024    0.337565    0.337565 ^ gpio_in[38] (in)
                                                         gpio_in[38] (net)
                      0.465885    0.000000    0.337565 ^ clkbuf_0_gpio_in[38]/A (sky130_fd_sc_hd__clkbuf_16)
     5    0.068250    0.092165    0.271113    0.608677 ^ clkbuf_0_gpio_in[38]/X (sky130_fd_sc_hd__clkbuf_16)
                                                         clknet_0_gpio_in[38] (net)
                      0.093194    0.007623    0.616300 ^ clkbuf_1_0__f_gpio_in[38]/A (sky130_fd_sc_hd__clkbuf_16)
    25    0.085726    0.104052    0.180229    0.796529 ^ clkbuf_1_0__f_gpio_in[38]/X (sky130_fd_sc_hd__clkbuf_16)
                                                         clknet_1_0__leaf_gpio_in[38] (net)
                      0.113467    0.023833    0.820362 ^ _087_/CLK (sky130_fd_sc_hd__dfrtp_2)
     3    0.009856    0.068511    0.388338    1.208701 ^ _087_/Q (sky130_fd_sc_hd__dfrtp_2)
                                                         gpio_18_21_bidir[18].cfg.gpio_out_val (net)
                      0.068513    0.000487    1.209188 ^ hold3/A (sky130_fd_sc_hd__dlygate4sd3_1)
     5    0.020714    0.215175    0.670208    1.879396 ^ hold3/X (sky130_fd_sc_hd__dlygate4sd3_1)
                                                         net578 (net)
                      0.215178    0.001188    1.880584 ^ _049_/A (sky130_fd_sc_hd__and4_4)
    17    0.140840    0.415508    0.505116    2.385700 ^ _049_/X (sky130_fd_sc_hd__and4_4)
                                                         _022_ (net)
                      0.443469    0.083409    2.469109 ^ _059_/A (sky130_fd_sc_hd__and2_4)
     9    0.123496    0.353521    0.443395    2.912503 ^ _059_/X (sky130_fd_sc_hd__and2_4)
                                                         _028_ (net)
                      0.374461    0.066379    2.978882 ^ _062_/C (sky130_fd_sc_hd__and3_1)
     2    0.007399    0.092187    0.242296    3.221179 ^ _062_/X (sky130_fd_sc_hd__and3_1)
                                                         _029_ (net)
                      0.092187    0.000388    3.221567 ^ _064_/A_N (sky130_fd_sc_hd__and2b_1)
     1    0.002246    0.031260    0.178168    3.399735 v _064_/X (sky130_fd_sc_hd__and2b_1)
                                                         _019_ (net)
                      0.031260    0.000159    3.399894 v _096_/D (sky130_fd_sc_hd__dfrtp_1)
                                              3.399894   data arrival time

                                 25.000000   25.000000   clock gpio_in[38] (rise edge)
                                  0.000000   25.000000   clock source latency
     2    0.100454    0.457024    0.337565   25.337564 ^ gpio_in[38] (in)
                                                         gpio_in[38] (net)
                      0.465885    0.000000   25.337564 ^ clkbuf_0_gpio_in[38]/A (sky130_fd_sc_hd__clkbuf_16)
     5    0.068250    0.092165    0.271113   25.608677 ^ clkbuf_0_gpio_in[38]/X (sky130_fd_sc_hd__clkbuf_16)
                                                         clknet_0_gpio_in[38] (net)
                      0.093194    0.007622   25.616299 ^ clkbuf_1_0__f_gpio_in[38]/A (sky130_fd_sc_hd__clkbuf_16)
    25    0.085726    0.104052    0.180229   25.796528 ^ clkbuf_1_0__f_gpio_in[38]/X (sky130_fd_sc_hd__clkbuf_16)
                                                         clknet_1_0__leaf_gpio_in[38] (net)
                      0.113328    0.023652   25.820181 ^ _096_/CLK (sky130_fd_sc_hd__dfrtp_1)
                                 -0.250000   25.570181   clock uncertainty
                                  0.000000   25.570181   clock reconvergence pessimism
                                 -0.092668   25.477514   library setup time
                                             25.477514   data required time
---------------------------------------------------------------------------------------------
                                             25.477514   data required time
                                             -3.399894   data arrival time
---------------------------------------------------------------------------------------------
                                             22.077620   slack (MET)


Startpoint: _087_ (rising edge-triggered flip-flop clocked by gpio_in[38])
Endpoint: _099_ (rising edge-triggered flip-flop clocked by gpio_in[38])
Path Group: gpio_in[38]
Path Type: max

Fanout         Cap        Slew       Delay        Time   Description
---------------------------------------------------------------------------------------------
                                  0.000000    0.000000   clock gpio_in[38] (rise edge)
                                  0.000000    0.000000   clock source latency
     2    0.100454    0.457024    0.337565    0.337565 ^ gpio_in[38] (in)
                                                         gpio_in[38] (net)
                      0.465885    0.000000    0.337565 ^ clkbuf_0_gpio_in[38]/A (sky130_fd_sc_hd__clkbuf_16)
     5    0.068250    0.092165    0.271113    0.608677 ^ clkbuf_0_gpio_in[38]/X (sky130_fd_sc_hd__clkbuf_16)
                                                         clknet_0_gpio_in[38] (net)
                      0.093194    0.007623    0.616300 ^ clkbuf_1_0__f_gpio_in[38]/A (sky130_fd_sc_hd__clkbuf_16)
    25    0.085726    0.104052    0.180229    0.796529 ^ clkbuf_1_0__f_gpio_in[38]/X (sky130_fd_sc_hd__clkbuf_16)
                                                         clknet_1_0__leaf_gpio_in[38] (net)
                      0.113467    0.023833    0.820362 ^ _087_/CLK (sky130_fd_sc_hd__dfrtp_2)
     3    0.009856    0.068511    0.388338    1.208701 ^ _087_/Q (sky130_fd_sc_hd__dfrtp_2)
                                                         gpio_18_21_bidir[18].cfg.gpio_out_val (net)
                      0.068513    0.000487    1.209188 ^ hold3/A (sky130_fd_sc_hd__dlygate4sd3_1)
     5    0.020714    0.215175    0.670208    1.879396 ^ hold3/X (sky130_fd_sc_hd__dlygate4sd3_1)
                                                         net578 (net)
                      0.215178    0.001188    1.880584 ^ _049_/A (sky130_fd_sc_hd__and4_4)
    17    0.140840    0.415508    0.505116    2.385700 ^ _049_/X (sky130_fd_sc_hd__and4_4)
                                                         _022_ (net)
                      0.415623    0.006419    2.392119 ^ _068_/A (sky130_fd_sc_hd__and3_1)
     5    0.017067    0.178264    0.322866    2.714985 ^ _068_/X (sky130_fd_sc_hd__and3_1)
                                                         _033_ (net)
                      0.178265    0.000920    2.715905 ^ _071_/B (sky130_fd_sc_hd__nor2_1)
     1    0.002349    0.042737    0.056092    2.771997 v _071_/Y (sky130_fd_sc_hd__nor2_1)
                                                         _035_ (net)
                      0.042737    0.000147    2.772144 v hold29/A (sky130_fd_sc_hd__dlygate4sd3_1)
     1    0.003538    0.057377    0.553569    3.325713 v hold29/X (sky130_fd_sc_hd__dlygate4sd3_1)
                                                         net604 (net)
                      0.057377    0.000229    3.325943 v _072_/B (sky130_fd_sc_hd__nor2_1)
     1    0.002774    0.075669    0.085286    3.411229 ^ _072_/Y (sky130_fd_sc_hd__nor2_1)
                                                         _003_ (net)
                      0.075669    0.000197    3.411426 ^ _099_/D (sky130_fd_sc_hd__dfrtp_1)
                                              3.411426   data arrival time

                                 25.000000   25.000000   clock gpio_in[38] (rise edge)
                                  0.000000   25.000000   clock source latency
     2    0.100454    0.457024    0.337565   25.337564 ^ gpio_in[38] (in)
                                                         gpio_in[38] (net)
                      0.465885    0.000000   25.337564 ^ clkbuf_0_gpio_in[38]/A (sky130_fd_sc_hd__clkbuf_16)
     5    0.068250    0.092165    0.271113   25.608677 ^ clkbuf_0_gpio_in[38]/X (sky130_fd_sc_hd__clkbuf_16)
                                                         clknet_0_gpio_in[38] (net)
                      0.093194    0.007622   25.616299 ^ clkbuf_1_0__f_gpio_in[38]/A (sky130_fd_sc_hd__clkbuf_16)
    25    0.085726    0.104052    0.180229   25.796528 ^ clkbuf_1_0__f_gpio_in[38]/X (sky130_fd_sc_hd__clkbuf_16)
                                                         clknet_1_0__leaf_gpio_in[38] (net)
                      0.115337    0.026159   25.822687 ^ _099_/CLK (sky130_fd_sc_hd__dfrtp_1)
                                 -0.250000   25.572687   clock uncertainty
                                  0.000000   25.572687   clock reconvergence pessimism
                                 -0.056228   25.516460   library setup time
                                             25.516460   data required time
---------------------------------------------------------------------------------------------
                                             25.516460   data required time
                                             -3.411426   data arrival time
---------------------------------------------------------------------------------------------
                                             22.105036   slack (MET)


Startpoint: _087_ (rising edge-triggered flip-flop clocked by gpio_in[38])
Endpoint: _104_ (rising edge-triggered flip-flop clocked by gpio_in[38])
Path Group: gpio_in[38]
Path Type: max

Fanout         Cap        Slew       Delay        Time   Description
---------------------------------------------------------------------------------------------
                                  0.000000    0.000000   clock gpio_in[38] (rise edge)
                                  0.000000    0.000000   clock source latency
     2    0.100454    0.457024    0.337565    0.337565 ^ gpio_in[38] (in)
                                                         gpio_in[38] (net)
                      0.465885    0.000000    0.337565 ^ clkbuf_0_gpio_in[38]/A (sky130_fd_sc_hd__clkbuf_16)
     5    0.068250    0.092165    0.271113    0.608677 ^ clkbuf_0_gpio_in[38]/X (sky130_fd_sc_hd__clkbuf_16)
                                                         clknet_0_gpio_in[38] (net)
                      0.093194    0.007623    0.616300 ^ clkbuf_1_0__f_gpio_in[38]/A (sky130_fd_sc_hd__clkbuf_16)
    25    0.085726    0.104052    0.180229    0.796529 ^ clkbuf_1_0__f_gpio_in[38]/X (sky130_fd_sc_hd__clkbuf_16)
                                                         clknet_1_0__leaf_gpio_in[38] (net)
                      0.113467    0.023833    0.820362 ^ _087_/CLK (sky130_fd_sc_hd__dfrtp_2)
     3    0.009856    0.068511    0.388338    1.208701 ^ _087_/Q (sky130_fd_sc_hd__dfrtp_2)
                                                         gpio_18_21_bidir[18].cfg.gpio_out_val (net)
                      0.068513    0.000487    1.209188 ^ hold3/A (sky130_fd_sc_hd__dlygate4sd3_1)
     5    0.020714    0.215175    0.670208    1.879396 ^ hold3/X (sky130_fd_sc_hd__dlygate4sd3_1)
                                                         net578 (net)
                      0.215178    0.001188    1.880584 ^ _049_/A (sky130_fd_sc_hd__and4_4)
    17    0.140840    0.415508    0.505116    2.385700 ^ _049_/X (sky130_fd_sc_hd__and4_4)
                                                         _022_ (net)
                      0.415913    0.011696    2.397396 ^ _078_/A (sky130_fd_sc_hd__and4_4)
    11    0.128027    0.380784    0.538546    2.935942 ^ _078_/X (sky130_fd_sc_hd__and4_4)
                                                         _039_ (net)
                      0.404902    0.073668    3.009609 ^ _082_/C (sky130_fd_sc_hd__and3_1)
     2    0.010840    0.121648    0.270818    3.280428 ^ _082_/X (sky130_fd_sc_hd__and3_1)
                                                         _041_ (net)
                      0.121648    0.000402    3.280829 ^ _083_/B (sky130_fd_sc_hd__nor2_1)
     1    0.003871    0.051619    0.059458    3.340287 v _083_/Y (sky130_fd_sc_hd__nor2_1)
                                                         _008_ (net)
                      0.051620    0.000243    3.340531 v _104_/D (sky130_fd_sc_hd__dfrtp_1)
                                              3.340531   data arrival time

                                 25.000000   25.000000   clock gpio_in[38] (rise edge)
                                  0.000000   25.000000   clock source latency
     2    0.100454    0.457024    0.337565   25.337564 ^ gpio_in[38] (in)
                                                         gpio_in[38] (net)
                      0.465885    0.000000   25.337564 ^ clkbuf_0_gpio_in[38]/A (sky130_fd_sc_hd__clkbuf_16)
     5    0.068250    0.092165    0.271113   25.608677 ^ clkbuf_0_gpio_in[38]/X (sky130_fd_sc_hd__clkbuf_16)
                                                         clknet_0_gpio_in[38] (net)
                      0.093149    0.007446   25.616123 ^ clkbuf_1_1__f_gpio_in[38]/A (sky130_fd_sc_hd__clkbuf_16)
    19    0.072851    0.091062    0.176970   25.793093 ^ clkbuf_1_1__f_gpio_in[38]/X (sky130_fd_sc_hd__clkbuf_16)
                                                         clknet_1_1__leaf_gpio_in[38] (net)
                      0.095605    0.015655   25.808748 ^ _104_/CLK (sky130_fd_sc_hd__dfrtp_1)
                                 -0.250000   25.558748   clock uncertainty
                                  0.000000   25.558748   clock reconvergence pessimism
                                 -0.105574   25.453175   library setup time
                                             25.453175   data required time
---------------------------------------------------------------------------------------------
                                             25.453175   data required time
                                             -3.340531   data arrival time
---------------------------------------------------------------------------------------------
                                             22.112644   slack (MET)


Startpoint: _087_ (rising edge-triggered flip-flop clocked by gpio_in[38])
Endpoint: _090_ (rising edge-triggered flip-flop clocked by gpio_in[38])
Path Group: gpio_in[38]
Path Type: max

Fanout         Cap        Slew       Delay        Time   Description
---------------------------------------------------------------------------------------------
                                  0.000000    0.000000   clock gpio_in[38] (rise edge)
                                  0.000000    0.000000   clock source latency
     2    0.100454    0.457024    0.337565    0.337565 ^ gpio_in[38] (in)
                                                         gpio_in[38] (net)
                      0.465885    0.000000    0.337565 ^ clkbuf_0_gpio_in[38]/A (sky130_fd_sc_hd__clkbuf_16)
     5    0.068250    0.092165    0.271113    0.608677 ^ clkbuf_0_gpio_in[38]/X (sky130_fd_sc_hd__clkbuf_16)
                                                         clknet_0_gpio_in[38] (net)
                      0.093194    0.007623    0.616300 ^ clkbuf_1_0__f_gpio_in[38]/A (sky130_fd_sc_hd__clkbuf_16)
    25    0.085726    0.104052    0.180229    0.796529 ^ clkbuf_1_0__f_gpio_in[38]/X (sky130_fd_sc_hd__clkbuf_16)
                                                         clknet_1_0__leaf_gpio_in[38] (net)
                      0.113467    0.023833    0.820362 ^ _087_/CLK (sky130_fd_sc_hd__dfrtp_2)
     3    0.009339    0.055839    0.430082    1.250445 v _087_/Q (sky130_fd_sc_hd__dfrtp_2)
                                                         gpio_18_21_bidir[18].cfg.gpio_out_val (net)
                      0.055839    0.000460    1.250905 v hold3/A (sky130_fd_sc_hd__dlygate4sd3_1)
     5    0.019829    0.132138    0.643723    1.894627 v hold3/X (sky130_fd_sc_hd__dlygate4sd3_1)
                                                         net578 (net)
                      0.132151    0.001300    1.895927 v _050_/A1 (sky130_fd_sc_hd__a31o_1)
     1    0.001698    0.031930    0.197065    2.092992 v _050_/X (sky130_fd_sc_hd__a31o_1)
                                                         _023_ (net)
                      0.031930    0.000078    2.093070 v hold32/A (sky130_fd_sc_hd__dlygate4sd3_1)
     1    0.004199    0.059755    0.553646    2.646716 v hold32/X (sky130_fd_sc_hd__dlygate4sd3_1)
                                                         net607 (net)
                      0.059755    0.000300    2.647017 v _051_/B (sky130_fd_sc_hd__and2b_1)
     1    0.002855    0.033813    0.157006    2.804023 v _051_/X (sky130_fd_sc_hd__and2b_1)
                                                         _013_ (net)
                      0.033817    0.000200    2.804223 v hold33/A (sky130_fd_sc_hd__dlygate4sd3_1)
     1    0.003085    0.054896    0.546364    3.350587 v hold33/X (sky130_fd_sc_hd__dlygate4sd3_1)
                                                         net608 (net)
                      0.054896    0.000201    3.350787 v _090_/D (sky130_fd_sc_hd__dfrtp_1)
                                              3.350787   data arrival time

                                 25.000000   25.000000   clock gpio_in[38] (rise edge)
                                  0.000000   25.000000   clock source latency
     2    0.100454    0.457024    0.337565   25.337564 ^ gpio_in[38] (in)
                                                         gpio_in[38] (net)
                      0.465885    0.000000   25.337564 ^ clkbuf_0_gpio_in[38]/A (sky130_fd_sc_hd__clkbuf_16)
     5    0.068250    0.092165    0.271113   25.608677 ^ clkbuf_0_gpio_in[38]/X (sky130_fd_sc_hd__clkbuf_16)
                                                         clknet_0_gpio_in[38] (net)
                      0.093194    0.007622   25.616299 ^ clkbuf_1_0__f_gpio_in[38]/A (sky130_fd_sc_hd__clkbuf_16)
    25    0.085726    0.104052    0.180229   25.796528 ^ clkbuf_1_0__f_gpio_in[38]/X (sky130_fd_sc_hd__clkbuf_16)
                                                         clknet_1_0__leaf_gpio_in[38] (net)
                      0.114221    0.024793   25.821321 ^ _090_/CLK (sky130_fd_sc_hd__dfrtp_1)
                                 -0.250000   25.571321   clock uncertainty
                                  0.000000   25.571321   clock reconvergence pessimism
                                 -0.102735   25.468588   library setup time
                                             25.468588   data required time
---------------------------------------------------------------------------------------------
                                             25.468588   data required time
                                             -3.350787   data arrival time
---------------------------------------------------------------------------------------------
                                             22.117800   slack (MET)


Startpoint: _087_ (rising edge-triggered flip-flop clocked by gpio_in[38])
Endpoint: _091_ (rising edge-triggered flip-flop clocked by gpio_in[38])
Path Group: gpio_in[38]
Path Type: max

Fanout         Cap        Slew       Delay        Time   Description
---------------------------------------------------------------------------------------------
                                  0.000000    0.000000   clock gpio_in[38] (rise edge)
                                  0.000000    0.000000   clock source latency
     2    0.100454    0.457024    0.337565    0.337565 ^ gpio_in[38] (in)
                                                         gpio_in[38] (net)
                      0.465885    0.000000    0.337565 ^ clkbuf_0_gpio_in[38]/A (sky130_fd_sc_hd__clkbuf_16)
     5    0.068250    0.092165    0.271113    0.608677 ^ clkbuf_0_gpio_in[38]/X (sky130_fd_sc_hd__clkbuf_16)
                                                         clknet_0_gpio_in[38] (net)
                      0.093194    0.007623    0.616300 ^ clkbuf_1_0__f_gpio_in[38]/A (sky130_fd_sc_hd__clkbuf_16)
    25    0.085726    0.104052    0.180229    0.796529 ^ clkbuf_1_0__f_gpio_in[38]/X (sky130_fd_sc_hd__clkbuf_16)
                                                         clknet_1_0__leaf_gpio_in[38] (net)
                      0.113467    0.023833    0.820362 ^ _087_/CLK (sky130_fd_sc_hd__dfrtp_2)
     3    0.009856    0.068511    0.388338    1.208701 ^ _087_/Q (sky130_fd_sc_hd__dfrtp_2)
                                                         gpio_18_21_bidir[18].cfg.gpio_out_val (net)
                      0.068513    0.000487    1.209188 ^ hold3/A (sky130_fd_sc_hd__dlygate4sd3_1)
     5    0.020714    0.215175    0.670208    1.879396 ^ hold3/X (sky130_fd_sc_hd__dlygate4sd3_1)
                                                         net578 (net)
                      0.215178    0.001188    1.880584 ^ _049_/A (sky130_fd_sc_hd__and4_4)
    17    0.140840    0.415508    0.505116    2.385700 ^ _049_/X (sky130_fd_sc_hd__and4_4)
                                                         _022_ (net)
                      0.443820    0.083929    2.469628 ^ _052_/B (sky130_fd_sc_hd__xor2_1)
     1    0.002162    0.097338    0.110750    2.580378 v _052_/X (sky130_fd_sc_hd__xor2_1)
                                                         _014_ (net)
                      0.097338    0.000143    2.580521 v hold21/A (sky130_fd_sc_hd__dlygate4sd3_1)
     1    0.002242    0.050018    0.566360    3.146881 v hold21/X (sky130_fd_sc_hd__dlygate4sd3_1)
                                                         net596 (net)
                      0.050018    0.000103    3.146985 v _091_/D (sky130_fd_sc_hd__dfrtp_1)
                                              3.146985   data arrival time

                                 25.000000   25.000000   clock gpio_in[38] (rise edge)
                                  0.000000   25.000000   clock source latency
     2    0.100454    0.457024    0.337565   25.337564 ^ gpio_in[38] (in)
                                                         gpio_in[38] (net)
                      0.465885    0.000000   25.337564 ^ clkbuf_0_gpio_in[38]/A (sky130_fd_sc_hd__clkbuf_16)
     5    0.068250    0.092165    0.271113   25.608677 ^ clkbuf_0_gpio_in[38]/X (sky130_fd_sc_hd__clkbuf_16)
                                                         clknet_0_gpio_in[38] (net)
                      0.093149    0.007446   25.616123 ^ clkbuf_1_1__f_gpio_in[38]/A (sky130_fd_sc_hd__clkbuf_16)
    19    0.072851    0.091062    0.176970   25.793093 ^ clkbuf_1_1__f_gpio_in[38]/X (sky130_fd_sc_hd__clkbuf_16)
                                                         clknet_1_1__leaf_gpio_in[38] (net)
                      0.096415    0.017058   25.810152 ^ _091_/CLK (sky130_fd_sc_hd__dfrtp_1)
                                 -0.250000   25.560152   clock uncertainty
                                  0.000000   25.560152   clock reconvergence pessimism
                                 -0.104692   25.455462   library setup time
                                             25.455462   data required time
---------------------------------------------------------------------------------------------
                                             25.455462   data required time
                                             -3.146985   data arrival time
---------------------------------------------------------------------------------------------
                                             22.308475   slack (MET)


Startpoint: _087_ (rising edge-triggered flip-flop clocked by gpio_in[38])
Endpoint: _103_ (rising edge-triggered flip-flop clocked by gpio_in[38])
Path Group: gpio_in[38]
Path Type: max

Fanout         Cap        Slew       Delay        Time   Description
---------------------------------------------------------------------------------------------
                                  0.000000    0.000000   clock gpio_in[38] (rise edge)
                                  0.000000    0.000000   clock source latency
     2    0.100454    0.457024    0.337565    0.337565 ^ gpio_in[38] (in)
                                                         gpio_in[38] (net)
                      0.465885    0.000000    0.337565 ^ clkbuf_0_gpio_in[38]/A (sky130_fd_sc_hd__clkbuf_16)
     5    0.068250    0.092165    0.271113    0.608677 ^ clkbuf_0_gpio_in[38]/X (sky130_fd_sc_hd__clkbuf_16)
                                                         clknet_0_gpio_in[38] (net)
                      0.093194    0.007623    0.616300 ^ clkbuf_1_0__f_gpio_in[38]/A (sky130_fd_sc_hd__clkbuf_16)
    25    0.085726    0.104052    0.180229    0.796529 ^ clkbuf_1_0__f_gpio_in[38]/X (sky130_fd_sc_hd__clkbuf_16)
                                                         clknet_1_0__leaf_gpio_in[38] (net)
                      0.113467    0.023833    0.820362 ^ _087_/CLK (sky130_fd_sc_hd__dfrtp_2)
     3    0.009856    0.068511    0.388338    1.208701 ^ _087_/Q (sky130_fd_sc_hd__dfrtp_2)
                                                         gpio_18_21_bidir[18].cfg.gpio_out_val (net)
                      0.068513    0.000487    1.209188 ^ hold3/A (sky130_fd_sc_hd__dlygate4sd3_1)
     5    0.020714    0.215175    0.670208    1.879396 ^ hold3/X (sky130_fd_sc_hd__dlygate4sd3_1)
                                                         net578 (net)
                      0.215178    0.001188    1.880584 ^ _049_/A (sky130_fd_sc_hd__and4_4)
    17    0.140840    0.415508    0.505116    2.385700 ^ _049_/X (sky130_fd_sc_hd__and4_4)
                                                         _022_ (net)
                      0.415913    0.011696    2.397396 ^ _078_/A (sky130_fd_sc_hd__and4_4)
    11    0.128027    0.380784    0.538546    2.935942 ^ _078_/X (sky130_fd_sc_hd__and4_4)
                                                         _039_ (net)
                      0.404472    0.072998    3.008940 ^ _080_/B (sky130_fd_sc_hd__xor2_1)
     1    0.002385    0.104488    0.171815    3.180755 ^ _080_/X (sky130_fd_sc_hd__xor2_1)
                                                         _007_ (net)
                      0.104488    0.000110    3.180866 ^ _103_/D (sky130_fd_sc_hd__dfrtp_1)
                                              3.180866   data arrival time

                                 25.000000   25.000000   clock gpio_in[38] (rise edge)
                                  0.000000   25.000000   clock source latency
     2    0.100454    0.457024    0.337565   25.337564 ^ gpio_in[38] (in)
                                                         gpio_in[38] (net)
                      0.465885    0.000000   25.337564 ^ clkbuf_0_gpio_in[38]/A (sky130_fd_sc_hd__clkbuf_16)
     5    0.068250    0.092165    0.271113   25.608677 ^ clkbuf_0_gpio_in[38]/X (sky130_fd_sc_hd__clkbuf_16)
                                                         clknet_0_gpio_in[38] (net)
                      0.093149    0.007446   25.616123 ^ clkbuf_1_1__f_gpio_in[38]/A (sky130_fd_sc_hd__clkbuf_16)
    19    0.072851    0.091062    0.176970   25.793093 ^ clkbuf_1_1__f_gpio_in[38]/X (sky130_fd_sc_hd__clkbuf_16)
                                                         clknet_1_1__leaf_gpio_in[38] (net)
                      0.095595    0.015637   25.808729 ^ _103_/CLK (sky130_fd_sc_hd__dfrtp_1)
                                 -0.250000   25.558731   clock uncertainty
                                  0.000000   25.558731   clock reconvergence pessimism
                                 -0.065801   25.492931   library setup time
                                             25.492931   data required time
---------------------------------------------------------------------------------------------
                                             25.492931   data required time
                                             -3.180866   data arrival time
---------------------------------------------------------------------------------------------
                                             22.312065   slack (MET)


Startpoint: _087_ (rising edge-triggered flip-flop clocked by gpio_in[38])
Endpoint: _095_ (rising edge-triggered flip-flop clocked by gpio_in[38])
Path Group: gpio_in[38]
Path Type: max

Fanout         Cap        Slew       Delay        Time   Description
---------------------------------------------------------------------------------------------
                                  0.000000    0.000000   clock gpio_in[38] (rise edge)
                                  0.000000    0.000000   clock source latency
     2    0.100454    0.457024    0.337565    0.337565 ^ gpio_in[38] (in)
                                                         gpio_in[38] (net)
                      0.465885    0.000000    0.337565 ^ clkbuf_0_gpio_in[38]/A (sky130_fd_sc_hd__clkbuf_16)
     5    0.068250    0.092165    0.271113    0.608677 ^ clkbuf_0_gpio_in[38]/X (sky130_fd_sc_hd__clkbuf_16)
                                                         clknet_0_gpio_in[38] (net)
                      0.093194    0.007623    0.616300 ^ clkbuf_1_0__f_gpio_in[38]/A (sky130_fd_sc_hd__clkbuf_16)
    25    0.085726    0.104052    0.180229    0.796529 ^ clkbuf_1_0__f_gpio_in[38]/X (sky130_fd_sc_hd__clkbuf_16)
                                                         clknet_1_0__leaf_gpio_in[38] (net)
                      0.113467    0.023833    0.820362 ^ _087_/CLK (sky130_fd_sc_hd__dfrtp_2)
     3    0.009856    0.068511    0.388338    1.208701 ^ _087_/Q (sky130_fd_sc_hd__dfrtp_2)
                                                         gpio_18_21_bidir[18].cfg.gpio_out_val (net)
                      0.068513    0.000487    1.209188 ^ hold3/A (sky130_fd_sc_hd__dlygate4sd3_1)
     5    0.020714    0.215175    0.670208    1.879396 ^ hold3/X (sky130_fd_sc_hd__dlygate4sd3_1)
                                                         net578 (net)
                      0.215178    0.001188    1.880584 ^ _049_/A (sky130_fd_sc_hd__and4_4)
    17    0.140840    0.415508    0.505116    2.385700 ^ _049_/X (sky130_fd_sc_hd__and4_4)
                                                         _022_ (net)
                      0.443469    0.083409    2.469109 ^ _059_/A (sky130_fd_sc_hd__and2_4)
     9    0.123496    0.353521    0.443395    2.912503 ^ _059_/X (sky130_fd_sc_hd__and2_4)
                                                         _028_ (net)
                      0.374091    0.065782    2.978286 ^ _061_/B (sky130_fd_sc_hd__xor2_1)
     1    0.002475    0.106099    0.171526    3.149812 ^ _061_/X (sky130_fd_sc_hd__xor2_1)
                                                         _018_ (net)
                      0.106099    0.000181    3.149992 ^ _095_/D (sky130_fd_sc_hd__dfrtp_2)
                                              3.149992   data arrival time

                                 25.000000   25.000000   clock gpio_in[38] (rise edge)
                                  0.000000   25.000000   clock source latency
     2    0.100454    0.457024    0.337565   25.337564 ^ gpio_in[38] (in)
                                                         gpio_in[38] (net)
                      0.465885    0.000000   25.337564 ^ clkbuf_0_gpio_in[38]/A (sky130_fd_sc_hd__clkbuf_16)
     5    0.068250    0.092165    0.271113   25.608677 ^ clkbuf_0_gpio_in[38]/X (sky130_fd_sc_hd__clkbuf_16)
                                                         clknet_0_gpio_in[38] (net)
                      0.093194    0.007622   25.616299 ^ clkbuf_1_0__f_gpio_in[38]/A (sky130_fd_sc_hd__clkbuf_16)
    25    0.085726    0.104052    0.180229   25.796528 ^ clkbuf_1_0__f_gpio_in[38]/X (sky130_fd_sc_hd__clkbuf_16)
                                                         clknet_1_0__leaf_gpio_in[38] (net)
                      0.110818    0.020179   25.816708 ^ _095_/CLK (sky130_fd_sc_hd__dfrtp_2)
                                 -0.250000   25.566710   clock uncertainty
                                  0.000000   25.566710   clock reconvergence pessimism
                                 -0.067530   25.499178   library setup time
                                             25.499178   data required time
---------------------------------------------------------------------------------------------
                                             25.499178   data required time
                                             -3.149992   data arrival time
---------------------------------------------------------------------------------------------
                                             22.349186   slack (MET)


Startpoint: _087_ (rising edge-triggered flip-flop clocked by gpio_in[38])
Endpoint: _092_ (rising edge-triggered flip-flop clocked by gpio_in[38])
Path Group: gpio_in[38]
Path Type: max

Fanout         Cap        Slew       Delay        Time   Description
---------------------------------------------------------------------------------------------
                                  0.000000    0.000000   clock gpio_in[38] (rise edge)
                                  0.000000    0.000000   clock source latency
     2    0.100454    0.457024    0.337565    0.337565 ^ gpio_in[38] (in)
                                                         gpio_in[38] (net)
                      0.465885    0.000000    0.337565 ^ clkbuf_0_gpio_in[38]/A (sky130_fd_sc_hd__clkbuf_16)
     5    0.068250    0.092165    0.271113    0.608677 ^ clkbuf_0_gpio_in[38]/X (sky130_fd_sc_hd__clkbuf_16)
                                                         clknet_0_gpio_in[38] (net)
                      0.093194    0.007623    0.616300 ^ clkbuf_1_0__f_gpio_in[38]/A (sky130_fd_sc_hd__clkbuf_16)
    25    0.085726    0.104052    0.180229    0.796529 ^ clkbuf_1_0__f_gpio_in[38]/X (sky130_fd_sc_hd__clkbuf_16)
                                                         clknet_1_0__leaf_gpio_in[38] (net)
                      0.113467    0.023833    0.820362 ^ _087_/CLK (sky130_fd_sc_hd__dfrtp_2)
     3    0.009856    0.068511    0.388338    1.208701 ^ _087_/Q (sky130_fd_sc_hd__dfrtp_2)
                                                         gpio_18_21_bidir[18].cfg.gpio_out_val (net)
                      0.068513    0.000487    1.209188 ^ hold3/A (sky130_fd_sc_hd__dlygate4sd3_1)
     5    0.020714    0.215175    0.670208    1.879396 ^ hold3/X (sky130_fd_sc_hd__dlygate4sd3_1)
                                                         net578 (net)
                      0.215178    0.001188    1.880584 ^ _049_/A (sky130_fd_sc_hd__and4_4)
    17    0.140840    0.415508    0.505116    2.385700 ^ _049_/X (sky130_fd_sc_hd__and4_4)
                                                         _022_ (net)
                      0.443734    0.083803    2.469502 ^ _053_/C (sky130_fd_sc_hd__and3_1)
     3    0.011400    0.127083    0.279573    2.749075 ^ _053_/X (sky130_fd_sc_hd__and3_1)
                                                         _024_ (net)
                      0.127083    0.000568    2.749643 ^ _055_/A (sky130_fd_sc_hd__nor2_1)
     1    0.003953    0.046592    0.068549    2.818192 v _055_/Y (sky130_fd_sc_hd__nor2_1)
                                                         _015_ (net)
                      0.046593    0.000297    2.818490 v _092_/D (sky130_fd_sc_hd__dfrtp_1)
                                              2.818490   data arrival time

                                 25.000000   25.000000   clock gpio_in[38] (rise edge)
                                  0.000000   25.000000   clock source latency
     2    0.100454    0.457024    0.337565   25.337564 ^ gpio_in[38] (in)
                                                         gpio_in[38] (net)
                      0.465885    0.000000   25.337564 ^ clkbuf_0_gpio_in[38]/A (sky130_fd_sc_hd__clkbuf_16)
     5    0.068250    0.092165    0.271113   25.608677 ^ clkbuf_0_gpio_in[38]/X (sky130_fd_sc_hd__clkbuf_16)
                                                         clknet_0_gpio_in[38] (net)
                      0.093149    0.007446   25.616123 ^ clkbuf_1_1__f_gpio_in[38]/A (sky130_fd_sc_hd__clkbuf_16)
    19    0.072851    0.091062    0.176970   25.793093 ^ clkbuf_1_1__f_gpio_in[38]/X (sky130_fd_sc_hd__clkbuf_16)
                                                         clknet_1_1__leaf_gpio_in[38] (net)
                      0.096424    0.017073   25.810165 ^ _092_/CLK (sky130_fd_sc_hd__dfrtp_1)
                                 -0.250000   25.560165   clock uncertainty
                                  0.000000   25.560165   clock reconvergence pessimism
                                 -0.103200   25.456966   library setup time
                                             25.456966   data required time
---------------------------------------------------------------------------------------------
                                             25.456966   data required time
                                             -2.818490   data arrival time
---------------------------------------------------------------------------------------------
                                             22.638479   slack (MET)


Startpoint: _087_ (rising edge-triggered flip-flop clocked by gpio_in[38])
Endpoint: _089_ (rising edge-triggered flip-flop clocked by gpio_in[38])
Path Group: gpio_in[38]
Path Type: max

Fanout         Cap        Slew       Delay        Time   Description
---------------------------------------------------------------------------------------------
                                  0.000000    0.000000   clock gpio_in[38] (rise edge)
                                  0.000000    0.000000   clock source latency
     2    0.100454    0.457024    0.337565    0.337565 ^ gpio_in[38] (in)
                                                         gpio_in[38] (net)
                      0.465885    0.000000    0.337565 ^ clkbuf_0_gpio_in[38]/A (sky130_fd_sc_hd__clkbuf_16)
     5    0.068250    0.092165    0.271113    0.608677 ^ clkbuf_0_gpio_in[38]/X (sky130_fd_sc_hd__clkbuf_16)
                                                         clknet_0_gpio_in[38] (net)
                      0.093194    0.007623    0.616300 ^ clkbuf_1_0__f_gpio_in[38]/A (sky130_fd_sc_hd__clkbuf_16)
    25    0.085726    0.104052    0.180229    0.796529 ^ clkbuf_1_0__f_gpio_in[38]/X (sky130_fd_sc_hd__clkbuf_16)
                                                         clknet_1_0__leaf_gpio_in[38] (net)
                      0.113467    0.023833    0.820362 ^ _087_/CLK (sky130_fd_sc_hd__dfrtp_2)
     3    0.009856    0.068511    0.388338    1.208701 ^ _087_/Q (sky130_fd_sc_hd__dfrtp_2)
                                                         gpio_18_21_bidir[18].cfg.gpio_out_val (net)
                      0.068513    0.000487    1.209188 ^ hold3/A (sky130_fd_sc_hd__dlygate4sd3_1)
     5    0.020714    0.215175    0.670208    1.879396 ^ hold3/X (sky130_fd_sc_hd__dlygate4sd3_1)
                                                         net578 (net)
                      0.215177    0.001002    1.880398 ^ _045_/A (sky130_fd_sc_hd__nand2_1)
     2    0.008657    0.094794    0.124429    2.004827 v _045_/Y (sky130_fd_sc_hd__nand2_1)
                                                         _020_ (net)
                      0.094794    0.000321    2.005148 v _048_/B (sky130_fd_sc_hd__xnor2_1)
     1    0.002482    0.048855    0.136820    2.141968 v _048_/Y (sky130_fd_sc_hd__xnor2_1)
                                                         _012_ (net)
                      0.048856    0.000100    2.142068 v hold24/A (sky130_fd_sc_hd__dlygate4sd3_1)
     1    0.002879    0.053446    0.550353    2.692421 v hold24/X (sky130_fd_sc_hd__dlygate4sd3_1)
                                                         net599 (net)
                      0.053446    0.000193    2.692614 v _089_/D (sky130_fd_sc_hd__dfrtp_1)
                                              2.692614   data arrival time

                                 25.000000   25.000000   clock gpio_in[38] (rise edge)
                                  0.000000   25.000000   clock source latency
     2    0.100454    0.457024    0.337565   25.337564 ^ gpio_in[38] (in)
                                                         gpio_in[38] (net)
                      0.465885    0.000000   25.337564 ^ clkbuf_0_gpio_in[38]/A (sky130_fd_sc_hd__clkbuf_16)
     5    0.068250    0.092165    0.271113   25.608677 ^ clkbuf_0_gpio_in[38]/X (sky130_fd_sc_hd__clkbuf_16)
                                                         clknet_0_gpio_in[38] (net)
                      0.093194    0.007622   25.616299 ^ clkbuf_1_0__f_gpio_in[38]/A (sky130_fd_sc_hd__clkbuf_16)
    25    0.085726    0.104052    0.180229   25.796528 ^ clkbuf_1_0__f_gpio_in[38]/X (sky130_fd_sc_hd__clkbuf_16)
                                                         clknet_1_0__leaf_gpio_in[38] (net)
                      0.114932    0.025668   25.822197 ^ _089_/CLK (sky130_fd_sc_hd__dfrtp_1)
                                 -0.250000   25.572197   clock uncertainty
                                  0.000000   25.572197   clock reconvergence pessimism
                                 -0.101942   25.470257   library setup time
                                             25.470257   data required time
---------------------------------------------------------------------------------------------
                                             25.470257   data required time
                                             -2.692614   data arrival time
---------------------------------------------------------------------------------------------
                                             22.777641   slack (MET)


Startpoint: _087_ (rising edge-triggered flip-flop clocked by gpio_in[38])
Endpoint: _088_ (rising edge-triggered flip-flop clocked by gpio_in[38])
Path Group: gpio_in[38]
Path Type: max

Fanout         Cap        Slew       Delay        Time   Description
---------------------------------------------------------------------------------------------
                                  0.000000    0.000000   clock gpio_in[38] (rise edge)
                                  0.000000    0.000000   clock source latency
     2    0.100454    0.457024    0.337565    0.337565 ^ gpio_in[38] (in)
                                                         gpio_in[38] (net)
                      0.465885    0.000000    0.337565 ^ clkbuf_0_gpio_in[38]/A (sky130_fd_sc_hd__clkbuf_16)
     5    0.068250    0.092165    0.271113    0.608677 ^ clkbuf_0_gpio_in[38]/X (sky130_fd_sc_hd__clkbuf_16)
                                                         clknet_0_gpio_in[38] (net)
                      0.093194    0.007623    0.616300 ^ clkbuf_1_0__f_gpio_in[38]/A (sky130_fd_sc_hd__clkbuf_16)
    25    0.085726    0.104052    0.180229    0.796529 ^ clkbuf_1_0__f_gpio_in[38]/X (sky130_fd_sc_hd__clkbuf_16)
                                                         clknet_1_0__leaf_gpio_in[38] (net)
                      0.113467    0.023833    0.820362 ^ _087_/CLK (sky130_fd_sc_hd__dfrtp_2)
     3    0.009339    0.055839    0.430082    1.250445 v _087_/Q (sky130_fd_sc_hd__dfrtp_2)
                                                         gpio_18_21_bidir[18].cfg.gpio_out_val (net)
                      0.055839    0.000460    1.250905 v hold3/A (sky130_fd_sc_hd__dlygate4sd3_1)
     5    0.019829    0.132138    0.643723    1.894627 v hold3/X (sky130_fd_sc_hd__dlygate4sd3_1)
                                                         net578 (net)
                      0.132148    0.001183    1.895810 v _046_/A (sky130_fd_sc_hd__or2_1)
     1    0.004602    0.056379    0.264002    2.159812 v _046_/X (sky130_fd_sc_hd__or2_1)
                                                         _021_ (net)
                      0.056379    0.000300    2.160112 v _047_/B (sky130_fd_sc_hd__and2_1)
     1    0.002744    0.034875    0.154662    2.314773 v _047_/X (sky130_fd_sc_hd__and2_1)
                                                         _011_ (net)
                      0.034875    0.000180    2.314953 v _088_/D (sky130_fd_sc_hd__dfrtp_1)
                                              2.314953   data arrival time

                                 25.000000   25.000000   clock gpio_in[38] (rise edge)
                                  0.000000   25.000000   clock source latency
     2    0.100454    0.457024    0.337565   25.337564 ^ gpio_in[38] (in)
                                                         gpio_in[38] (net)
                      0.465885    0.000000   25.337564 ^ clkbuf_0_gpio_in[38]/A (sky130_fd_sc_hd__clkbuf_16)
     5    0.068250    0.092165    0.271113   25.608677 ^ clkbuf_0_gpio_in[38]/X (sky130_fd_sc_hd__clkbuf_16)
                                                         clknet_0_gpio_in[38] (net)
                      0.093194    0.007622   25.616299 ^ clkbuf_1_0__f_gpio_in[38]/A (sky130_fd_sc_hd__clkbuf_16)
    25    0.085726    0.104052    0.180229   25.796528 ^ clkbuf_1_0__f_gpio_in[38]/X (sky130_fd_sc_hd__clkbuf_16)
                                                         clknet_1_0__leaf_gpio_in[38] (net)
                      0.113935    0.024432   25.820961 ^ _088_/CLK (sky130_fd_sc_hd__dfrtp_1)
                                 -0.250000   25.570961   clock uncertainty
                                  0.000000   25.570961   clock reconvergence pessimism
                                 -0.094100   25.476860   library setup time
                                             25.476860   data required time
---------------------------------------------------------------------------------------------
                                             25.476860   data required time
                                             -2.314953   data arrival time
---------------------------------------------------------------------------------------------
                                             23.161907   slack (MET)


Startpoint: _087_ (rising edge-triggered flip-flop clocked by gpio_in[38])
Endpoint: _087_ (rising edge-triggered flip-flop clocked by gpio_in[38])
Path Group: gpio_in[38]
Path Type: max

Fanout         Cap        Slew       Delay        Time   Description
---------------------------------------------------------------------------------------------
                                  0.000000    0.000000   clock gpio_in[38] (rise edge)
                                  0.000000    0.000000   clock source latency
     2    0.100454    0.457024    0.337565    0.337565 ^ gpio_in[38] (in)
                                                         gpio_in[38] (net)
                      0.465885    0.000000    0.337565 ^ clkbuf_0_gpio_in[38]/A (sky130_fd_sc_hd__clkbuf_16)
     5    0.068250    0.092165    0.271113    0.608677 ^ clkbuf_0_gpio_in[38]/X (sky130_fd_sc_hd__clkbuf_16)
                                                         clknet_0_gpio_in[38] (net)
                      0.093194    0.007623    0.616300 ^ clkbuf_1_0__f_gpio_in[38]/A (sky130_fd_sc_hd__clkbuf_16)
    25    0.085726    0.104052    0.180229    0.796529 ^ clkbuf_1_0__f_gpio_in[38]/X (sky130_fd_sc_hd__clkbuf_16)
                                                         clknet_1_0__leaf_gpio_in[38] (net)
                      0.113467    0.023833    0.820362 ^ _087_/CLK (sky130_fd_sc_hd__dfrtp_2)
     3    0.009856    0.068511    0.388338    1.208701 ^ _087_/Q (sky130_fd_sc_hd__dfrtp_2)
                                                         gpio_18_21_bidir[18].cfg.gpio_out_val (net)
                      0.068513    0.000487    1.209188 ^ hold3/A (sky130_fd_sc_hd__dlygate4sd3_1)
     5    0.020714    0.215175    0.670208    1.879396 ^ hold3/X (sky130_fd_sc_hd__dlygate4sd3_1)
                                                         net578 (net)
                      0.215182    0.001489    1.880885 ^ _043_/A (sky130_fd_sc_hd__inv_2)
     1    0.002482    0.037044    0.039491    1.920376 v _043_/Y (sky130_fd_sc_hd__inv_2)
                                                         _000_ (net)
                      0.037044    0.000169    1.920545 v _087_/D (sky130_fd_sc_hd__dfrtp_2)
                                              1.920545   data arrival time

                                 25.000000   25.000000   clock gpio_in[38] (rise edge)
                                  0.000000   25.000000   clock source latency
     2    0.100454    0.457024    0.337565   25.337564 ^ gpio_in[38] (in)
                                                         gpio_in[38] (net)
                      0.465885    0.000000   25.337564 ^ clkbuf_0_gpio_in[38]/A (sky130_fd_sc_hd__clkbuf_16)
     5    0.068250    0.092165    0.271113   25.608677 ^ clkbuf_0_gpio_in[38]/X (sky130_fd_sc_hd__clkbuf_16)
                                                         clknet_0_gpio_in[38] (net)
                      0.093194    0.007622   25.616299 ^ clkbuf_1_0__f_gpio_in[38]/A (sky130_fd_sc_hd__clkbuf_16)
    25    0.085726    0.104052    0.180229   25.796528 ^ clkbuf_1_0__f_gpio_in[38]/X (sky130_fd_sc_hd__clkbuf_16)
                                                         clknet_1_0__leaf_gpio_in[38] (net)
                      0.113467    0.023833   25.820362 ^ _087_/CLK (sky130_fd_sc_hd__dfrtp_2)
                                 -0.250000   25.570362   clock uncertainty
                                  0.000000   25.570362   clock reconvergence pessimism
                                 -0.096180   25.474184   library setup time
                                             25.474184   data required time
---------------------------------------------------------------------------------------------
                                             25.474184   data required time
                                             -1.920545   data arrival time
---------------------------------------------------------------------------------------------
                                             23.553640   slack (MET)



