
===========================================================================
report_checks -path_delay min (Hold)
============================================================================
======================= max_tt_025C_1v80 Corner ===================================

Startpoint: _103_ (rising edge-triggered flip-flop clocked by gpio_in[38])
Endpoint: _103_ (rising edge-triggered flip-flop clocked by gpio_in[38])
Path Group: gpio_in[38]
Path Type: min

Fanout         Cap        Slew       Delay        Time   Description
---------------------------------------------------------------------------------------------
                                  0.000000    0.000000   clock gpio_in[38] (rise edge)
                                  0.000000    0.000000   clock source latency
     2    0.100454    0.457024    0.337565    0.337565 ^ gpio_in[38] (in)
                                                         gpio_in[38] (net)
                      0.465885    0.000000    0.337565 ^ clkbuf_0_gpio_in[38]/A (sky130_fd_sc_hd__clkbuf_16)
     5    0.068250    0.092165    0.271113    0.608677 ^ clkbuf_0_gpio_in[38]/X (sky130_fd_sc_hd__clkbuf_16)
                                                         clknet_0_gpio_in[38] (net)
                      0.093149    0.007446    0.616124 ^ clkbuf_1_1__f_gpio_in[38]/A (sky130_fd_sc_hd__clkbuf_16)
    19    0.072851    0.091062    0.176969    0.793093 ^ clkbuf_1_1__f_gpio_in[38]/X (sky130_fd_sc_hd__clkbuf_16)
                                                         clknet_1_1__leaf_gpio_in[38] (net)
                      0.095595    0.015639    0.808731 ^ _103_/CLK (sky130_fd_sc_hd__dfrtp_1)
     3    0.009496    0.096253    0.378656    1.187388 ^ _103_/Q (sky130_fd_sc_hd__dfrtp_1)
                                                         gpio_22_37_output[34].cfg.gpio_out_val (net)
                      0.096255    0.000584    1.187971 ^ hold19/A (sky130_fd_sc_hd__dlygate4sd3_1)
     3    0.012878    0.142328    0.624702    1.812673 ^ hold19/X (sky130_fd_sc_hd__dlygate4sd3_1)
                                                         net594 (net)
                      0.142330    0.000832    1.813505 ^ _080_/A (sky130_fd_sc_hd__xor2_1)
     1    0.002328    0.034319    0.080736    1.894241 v _080_/X (sky130_fd_sc_hd__xor2_1)
                                                         _007_ (net)
                      0.034319    0.000108    1.894349 v _103_/D (sky130_fd_sc_hd__dfrtp_1)
                                              1.894349   data arrival time

                                  0.000000    0.000000   clock gpio_in[38] (rise edge)
                                  0.000000    0.000000   clock source latency
     2    0.100454    0.457024    0.337565    0.337565 ^ gpio_in[38] (in)
                                                         gpio_in[38] (net)
                      0.465885    0.000000    0.337565 ^ clkbuf_0_gpio_in[38]/A (sky130_fd_sc_hd__clkbuf_16)
     5    0.068250    0.092165    0.271113    0.608677 ^ clkbuf_0_gpio_in[38]/X (sky130_fd_sc_hd__clkbuf_16)
                                                         clknet_0_gpio_in[38] (net)
                      0.093149    0.007446    0.616124 ^ clkbuf_1_1__f_gpio_in[38]/A (sky130_fd_sc_hd__clkbuf_16)
    19    0.072851    0.091062    0.176969    0.793093 ^ clkbuf_1_1__f_gpio_in[38]/X (sky130_fd_sc_hd__clkbuf_16)
                                                         clknet_1_1__leaf_gpio_in[38] (net)
                      0.095595    0.015639    0.808731 ^ _103_/CLK (sky130_fd_sc_hd__dfrtp_1)
                                  0.250000    1.058731   clock uncertainty
                                  0.000000    1.058731   clock reconvergence pessimism
                                 -0.029889    1.028843   library hold time
                                              1.028843   data required time
---------------------------------------------------------------------------------------------
                                              1.028843   data required time
                                             -1.894349   data arrival time
---------------------------------------------------------------------------------------------
                                              0.865506   slack (MET)


Startpoint: _087_ (rising edge-triggered flip-flop clocked by gpio_in[38])
Endpoint: _087_ (rising edge-triggered flip-flop clocked by gpio_in[38])
Path Group: gpio_in[38]
Path Type: min

Fanout         Cap        Slew       Delay        Time   Description
---------------------------------------------------------------------------------------------
                                  0.000000    0.000000   clock gpio_in[38] (rise edge)
                                  0.000000    0.000000   clock source latency
     2    0.100454    0.457024    0.337565    0.337565 ^ gpio_in[38] (in)
                                                         gpio_in[38] (net)
                      0.465885    0.000000    0.337565 ^ clkbuf_0_gpio_in[38]/A (sky130_fd_sc_hd__clkbuf_16)
     5    0.068250    0.092165    0.271113    0.608677 ^ clkbuf_0_gpio_in[38]/X (sky130_fd_sc_hd__clkbuf_16)
                                                         clknet_0_gpio_in[38] (net)
                      0.093194    0.007623    0.616300 ^ clkbuf_1_0__f_gpio_in[38]/A (sky130_fd_sc_hd__clkbuf_16)
    25    0.085726    0.104052    0.180229    0.796529 ^ clkbuf_1_0__f_gpio_in[38]/X (sky130_fd_sc_hd__clkbuf_16)
                                                         clknet_1_0__leaf_gpio_in[38] (net)
                      0.113467    0.023833    0.820362 ^ _087_/CLK (sky130_fd_sc_hd__dfrtp_2)
     3    0.009856    0.068511    0.388338    1.208701 ^ _087_/Q (sky130_fd_sc_hd__dfrtp_2)
                                                         gpio_18_21_bidir[18].cfg.gpio_out_val (net)
                      0.068513    0.000487    1.209188 ^ hold3/A (sky130_fd_sc_hd__dlygate4sd3_1)
     5    0.020714    0.215175    0.670208    1.879396 ^ hold3/X (sky130_fd_sc_hd__dlygate4sd3_1)
                                                         net578 (net)
                      0.215182    0.001489    1.880885 ^ _043_/A (sky130_fd_sc_hd__inv_2)
     1    0.002482    0.037044    0.039491    1.920376 v _043_/Y (sky130_fd_sc_hd__inv_2)
                                                         _000_ (net)
                      0.037044    0.000169    1.920545 v _087_/D (sky130_fd_sc_hd__dfrtp_2)
                                              1.920545   data arrival time

                                  0.000000    0.000000   clock gpio_in[38] (rise edge)
                                  0.000000    0.000000   clock source latency
     2    0.100454    0.457024    0.337565    0.337565 ^ gpio_in[38] (in)
                                                         gpio_in[38] (net)
                      0.465885    0.000000    0.337565 ^ clkbuf_0_gpio_in[38]/A (sky130_fd_sc_hd__clkbuf_16)
     5    0.068250    0.092165    0.271113    0.608677 ^ clkbuf_0_gpio_in[38]/X (sky130_fd_sc_hd__clkbuf_16)
                                                         clknet_0_gpio_in[38] (net)
                      0.093194    0.007623    0.616300 ^ clkbuf_1_0__f_gpio_in[38]/A (sky130_fd_sc_hd__clkbuf_16)
    25    0.085726    0.104052    0.180229    0.796529 ^ clkbuf_1_0__f_gpio_in[38]/X (sky130_fd_sc_hd__clkbuf_16)
                                                         clknet_1_0__leaf_gpio_in[38] (net)
                      0.113467    0.023833    0.820362 ^ _087_/CLK (sky130_fd_sc_hd__dfrtp_2)
                                  0.250000    1.070362   clock uncertainty
                                  0.000000    1.070362   clock reconvergence pessimism
                                 -0.023259    1.047103   library hold time
                                              1.047103   data required time
---------------------------------------------------------------------------------------------
                                              1.047103   data required time
                                             -1.920545   data arrival time
---------------------------------------------------------------------------------------------
                                              0.873441   slack (MET)


Startpoint: _091_ (rising edge-triggered flip-flop clocked by gpio_in[38])
Endpoint: _096_ (rising edge-triggered flip-flop clocked by gpio_in[38])
Path Group: gpio_in[38]
Path Type: min

Fanout         Cap        Slew       Delay        Time   Description
---------------------------------------------------------------------------------------------
                                  0.000000    0.000000   clock gpio_in[38] (rise edge)
                                  0.000000    0.000000   clock source latency
     2    0.100454    0.457024    0.337565    0.337565 ^ gpio_in[38] (in)
                                                         gpio_in[38] (net)
                      0.465885    0.000000    0.337565 ^ clkbuf_0_gpio_in[38]/A (sky130_fd_sc_hd__clkbuf_16)
     5    0.068250    0.092165    0.271113    0.608677 ^ clkbuf_0_gpio_in[38]/X (sky130_fd_sc_hd__clkbuf_16)
                                                         clknet_0_gpio_in[38] (net)
                      0.093149    0.007446    0.616124 ^ clkbuf_1_1__f_gpio_in[38]/A (sky130_fd_sc_hd__clkbuf_16)
    19    0.072851    0.091062    0.176969    0.793093 ^ clkbuf_1_1__f_gpio_in[38]/X (sky130_fd_sc_hd__clkbuf_16)
                                                         clknet_1_1__leaf_gpio_in[38] (net)
                      0.096415    0.017059    0.810151 ^ _091_/CLK (sky130_fd_sc_hd__dfrtp_1)
     3    0.008446    0.065724    0.403081    1.213232 v _091_/Q (sky130_fd_sc_hd__dfrtp_1)
                                                         gpio_22_37_output[22].cfg.gpio_out_val (net)
                      0.065724    0.000259    1.213491 v _058_/A (sky130_fd_sc_hd__and4_4)
     9    0.119540    0.152458    0.248736    1.462227 v _058_/X (sky130_fd_sc_hd__and4_4)
                                                         _027_ (net)
                      0.196521    0.061923    1.524150 v _063_/A3 (sky130_fd_sc_hd__a31o_1)
     1    0.001944    0.029862    0.264509    1.788659 v _063_/X (sky130_fd_sc_hd__a31o_1)
                                                         _030_ (net)
                      0.029862    0.000131    1.788790 v _064_/B (sky130_fd_sc_hd__and2b_1)
     1    0.002246    0.030530    0.140290    1.929080 v _064_/X (sky130_fd_sc_hd__and2b_1)
                                                         _019_ (net)
                      0.030530    0.000159    1.929239 v _096_/D (sky130_fd_sc_hd__dfrtp_1)
                                              1.929239   data arrival time

                                  0.000000    0.000000   clock gpio_in[38] (rise edge)
                                  0.000000    0.000000   clock source latency
     2    0.100454    0.457024    0.337565    0.337565 ^ gpio_in[38] (in)
                                                         gpio_in[38] (net)
                      0.465885    0.000000    0.337565 ^ clkbuf_0_gpio_in[38]/A (sky130_fd_sc_hd__clkbuf_16)
     5    0.068250    0.092165    0.271113    0.608677 ^ clkbuf_0_gpio_in[38]/X (sky130_fd_sc_hd__clkbuf_16)
                                                         clknet_0_gpio_in[38] (net)
                      0.093194    0.007623    0.616300 ^ clkbuf_1_0__f_gpio_in[38]/A (sky130_fd_sc_hd__clkbuf_16)
    25    0.085726    0.104052    0.180229    0.796529 ^ clkbuf_1_0__f_gpio_in[38]/X (sky130_fd_sc_hd__clkbuf_16)
                                                         clknet_1_0__leaf_gpio_in[38] (net)
                      0.113328    0.023653    0.820182 ^ _096_/CLK (sky130_fd_sc_hd__dfrtp_1)
                                  0.250000    1.070182   clock uncertainty
                                  0.000000    1.070182   clock reconvergence pessimism
                                 -0.024303    1.045879   library hold time
                                              1.045879   data required time
---------------------------------------------------------------------------------------------
                                              1.045879   data required time
                                             -1.929239   data arrival time
---------------------------------------------------------------------------------------------
                                              0.883360   slack (MET)


Startpoint: _095_ (rising edge-triggered flip-flop clocked by gpio_in[38])
Endpoint: _095_ (rising edge-triggered flip-flop clocked by gpio_in[38])
Path Group: gpio_in[38]
Path Type: min

Fanout         Cap        Slew       Delay        Time   Description
---------------------------------------------------------------------------------------------
                                  0.000000    0.000000   clock gpio_in[38] (rise edge)
                                  0.000000    0.000000   clock source latency
     2    0.100454    0.457024    0.337565    0.337565 ^ gpio_in[38] (in)
                                                         gpio_in[38] (net)
                      0.465885    0.000000    0.337565 ^ clkbuf_0_gpio_in[38]/A (sky130_fd_sc_hd__clkbuf_16)
     5    0.068250    0.092165    0.271113    0.608677 ^ clkbuf_0_gpio_in[38]/X (sky130_fd_sc_hd__clkbuf_16)
                                                         clknet_0_gpio_in[38] (net)
                      0.093194    0.007623    0.616300 ^ clkbuf_1_0__f_gpio_in[38]/A (sky130_fd_sc_hd__clkbuf_16)
    25    0.085726    0.104052    0.180229    0.796529 ^ clkbuf_1_0__f_gpio_in[38]/X (sky130_fd_sc_hd__clkbuf_16)
                                                         clknet_1_0__leaf_gpio_in[38] (net)
                      0.110818    0.020180    0.816709 ^ _095_/CLK (sky130_fd_sc_hd__dfrtp_2)
     3    0.012162    0.077902    0.397191    1.213900 ^ _095_/Q (sky130_fd_sc_hd__dfrtp_2)
                                                         gpio_22_37_output[26].cfg.gpio_out_val (net)
                      0.077905    0.000542    1.214442 ^ hold18/A (sky130_fd_sc_hd__dlygate4sd3_1)
     4    0.016428    0.175235    0.643820    1.858262 ^ hold18/X (sky130_fd_sc_hd__dlygate4sd3_1)
                                                         net593 (net)
                      0.175235    0.000528    1.858791 ^ _061_/A (sky130_fd_sc_hd__xor2_1)
     1    0.002419    0.034723    0.086982    1.945773 v _061_/X (sky130_fd_sc_hd__xor2_1)
                                                         _018_ (net)
                      0.034723    0.000176    1.945949 v _095_/D (sky130_fd_sc_hd__dfrtp_2)
                                              1.945949   data arrival time

                                  0.000000    0.000000   clock gpio_in[38] (rise edge)
                                  0.000000    0.000000   clock source latency
     2    0.100454    0.457024    0.337565    0.337565 ^ gpio_in[38] (in)
                                                         gpio_in[38] (net)
                      0.465885    0.000000    0.337565 ^ clkbuf_0_gpio_in[38]/A (sky130_fd_sc_hd__clkbuf_16)
     5    0.068250    0.092165    0.271113    0.608677 ^ clkbuf_0_gpio_in[38]/X (sky130_fd_sc_hd__clkbuf_16)
                                                         clknet_0_gpio_in[38] (net)
                      0.093194    0.007623    0.616300 ^ clkbuf_1_0__f_gpio_in[38]/A (sky130_fd_sc_hd__clkbuf_16)
    25    0.085726    0.104052    0.180229    0.796529 ^ clkbuf_1_0__f_gpio_in[38]/X (sky130_fd_sc_hd__clkbuf_16)
                                                         clknet_1_0__leaf_gpio_in[38] (net)
                      0.110818    0.020180    0.816709 ^ _095_/CLK (sky130_fd_sc_hd__dfrtp_2)
                                  0.250000    1.066709   clock uncertainty
                                  0.000000    1.066709   clock reconvergence pessimism
                                 -0.022919    1.043790   library hold time
                                              1.043790   data required time
---------------------------------------------------------------------------------------------
                                              1.043790   data required time
                                             -1.945949   data arrival time
---------------------------------------------------------------------------------------------
                                              0.902159   slack (MET)


Startpoint: _104_ (rising edge-triggered flip-flop clocked by gpio_in[38])
Endpoint: _104_ (rising edge-triggered flip-flop clocked by gpio_in[38])
Path Group: gpio_in[38]
Path Type: min

Fanout         Cap        Slew       Delay        Time   Description
---------------------------------------------------------------------------------------------
                                  0.000000    0.000000   clock gpio_in[38] (rise edge)
                                  0.000000    0.000000   clock source latency
     2    0.100454    0.457024    0.337565    0.337565 ^ gpio_in[38] (in)
                                                         gpio_in[38] (net)
                      0.465885    0.000000    0.337565 ^ clkbuf_0_gpio_in[38]/A (sky130_fd_sc_hd__clkbuf_16)
     5    0.068250    0.092165    0.271113    0.608677 ^ clkbuf_0_gpio_in[38]/X (sky130_fd_sc_hd__clkbuf_16)
                                                         clknet_0_gpio_in[38] (net)
                      0.093149    0.007446    0.616124 ^ clkbuf_1_1__f_gpio_in[38]/A (sky130_fd_sc_hd__clkbuf_16)
    19    0.072851    0.091062    0.176969    0.793093 ^ clkbuf_1_1__f_gpio_in[38]/X (sky130_fd_sc_hd__clkbuf_16)
                                                         clknet_1_1__leaf_gpio_in[38] (net)
                      0.095605    0.015656    0.808749 ^ _104_/CLK (sky130_fd_sc_hd__dfrtp_1)
     3    0.009120    0.093494    0.376279    1.185028 ^ _104_/Q (sky130_fd_sc_hd__dfrtp_1)
                                                         gpio_22_37_output[35].cfg.gpio_out_val (net)
                      0.093494    0.000471    1.185499 ^ hold25/A (sky130_fd_sc_hd__dlygate4sd3_1)
     2    0.007042    0.090078    0.582581    1.768080 ^ hold25/X (sky130_fd_sc_hd__dlygate4sd3_1)
                                                         net600 (net)
                      0.090078    0.000413    1.768493 ^ _081_/B1 (sky130_fd_sc_hd__a21oi_1)
     1    0.006367    0.047395    0.063603    1.832095 v _081_/Y (sky130_fd_sc_hd__a21oi_1)
                                                         _040_ (net)
                      0.047400    0.000458    1.832553 v _083_/A (sky130_fd_sc_hd__nor2_1)
     1    0.003928    0.093773    0.111126    1.943679 ^ _083_/Y (sky130_fd_sc_hd__nor2_1)
                                                         _008_ (net)
                      0.093773    0.000248    1.943927 ^ _104_/D (sky130_fd_sc_hd__dfrtp_1)
                                              1.943927   data arrival time

                                  0.000000    0.000000   clock gpio_in[38] (rise edge)
                                  0.000000    0.000000   clock source latency
     2    0.100454    0.457024    0.337565    0.337565 ^ gpio_in[38] (in)
                                                         gpio_in[38] (net)
                      0.465885    0.000000    0.337565 ^ clkbuf_0_gpio_in[38]/A (sky130_fd_sc_hd__clkbuf_16)
     5    0.068250    0.092165    0.271113    0.608677 ^ clkbuf_0_gpio_in[38]/X (sky130_fd_sc_hd__clkbuf_16)
                                                         clknet_0_gpio_in[38] (net)
                      0.093149    0.007446    0.616124 ^ clkbuf_1_1__f_gpio_in[38]/A (sky130_fd_sc_hd__clkbuf_16)
    19    0.072851    0.091062    0.176969    0.793093 ^ clkbuf_1_1__f_gpio_in[38]/X (sky130_fd_sc_hd__clkbuf_16)
                                                         clknet_1_1__leaf_gpio_in[38] (net)
                      0.095605    0.015656    0.808749 ^ _104_/CLK (sky130_fd_sc_hd__dfrtp_1)
                                  0.250000    1.058749   clock uncertainty
                                  0.000000    1.058749   clock reconvergence pessimism
                                 -0.038010    1.020739   library hold time
                                              1.020739   data required time
---------------------------------------------------------------------------------------------
                                              1.020739   data required time
                                             -1.943927   data arrival time
---------------------------------------------------------------------------------------------
                                              0.923188   slack (MET)


Startpoint: _092_ (rising edge-triggered flip-flop clocked by gpio_in[38])
Endpoint: _092_ (rising edge-triggered flip-flop clocked by gpio_in[38])
Path Group: gpio_in[38]
Path Type: min

Fanout         Cap        Slew       Delay        Time   Description
---------------------------------------------------------------------------------------------
                                  0.000000    0.000000   clock gpio_in[38] (rise edge)
                                  0.000000    0.000000   clock source latency
     2    0.100454    0.457024    0.337565    0.337565 ^ gpio_in[38] (in)
                                                         gpio_in[38] (net)
                      0.465885    0.000000    0.337565 ^ clkbuf_0_gpio_in[38]/A (sky130_fd_sc_hd__clkbuf_16)
     5    0.068250    0.092165    0.271113    0.608677 ^ clkbuf_0_gpio_in[38]/X (sky130_fd_sc_hd__clkbuf_16)
                                                         clknet_0_gpio_in[38] (net)
                      0.093149    0.007446    0.616124 ^ clkbuf_1_1__f_gpio_in[38]/A (sky130_fd_sc_hd__clkbuf_16)
    19    0.072851    0.091062    0.176969    0.793093 ^ clkbuf_1_1__f_gpio_in[38]/X (sky130_fd_sc_hd__clkbuf_16)
                                                         clknet_1_1__leaf_gpio_in[38] (net)
                      0.096424    0.017074    0.810167 ^ _092_/CLK (sky130_fd_sc_hd__dfrtp_1)
     3    0.010902    0.107721    0.387504    1.197671 ^ _092_/Q (sky130_fd_sc_hd__dfrtp_1)
                                                         gpio_22_37_output[23].cfg.gpio_out_val (net)
                      0.107722    0.000634    1.198305 ^ hold22/A (sky130_fd_sc_hd__dlygate4sd3_1)
     2    0.007768    0.096551    0.592314    1.790620 ^ hold22/X (sky130_fd_sc_hd__dlygate4sd3_1)
                                                         net597 (net)
                      0.096666    0.000263    1.790882 ^ _054_/B1 (sky130_fd_sc_hd__a21oi_1)
     1    0.005356    0.045455    0.061066    1.851948 v _054_/Y (sky130_fd_sc_hd__a21oi_1)
                                                         _025_ (net)
                      0.045482    0.000515    1.852463 v _055_/B (sky130_fd_sc_hd__nor2_1)
     1    0.004010    0.094959    0.096418    1.948881 ^ _055_/Y (sky130_fd_sc_hd__nor2_1)
                                                         _015_ (net)
                      0.094989    0.000302    1.949183 ^ _092_/D (sky130_fd_sc_hd__dfrtp_1)
                                              1.949183   data arrival time

                                  0.000000    0.000000   clock gpio_in[38] (rise edge)
                                  0.000000    0.000000   clock source latency
     2    0.100454    0.457024    0.337565    0.337565 ^ gpio_in[38] (in)
                                                         gpio_in[38] (net)
                      0.465885    0.000000    0.337565 ^ clkbuf_0_gpio_in[38]/A (sky130_fd_sc_hd__clkbuf_16)
     5    0.068250    0.092165    0.271113    0.608677 ^ clkbuf_0_gpio_in[38]/X (sky130_fd_sc_hd__clkbuf_16)
                                                         clknet_0_gpio_in[38] (net)
                      0.093149    0.007446    0.616124 ^ clkbuf_1_1__f_gpio_in[38]/A (sky130_fd_sc_hd__clkbuf_16)
    19    0.072851    0.091062    0.176969    0.793093 ^ clkbuf_1_1__f_gpio_in[38]/X (sky130_fd_sc_hd__clkbuf_16)
                                                         clknet_1_1__leaf_gpio_in[38] (net)
                      0.096424    0.017074    0.810167 ^ _092_/CLK (sky130_fd_sc_hd__dfrtp_1)
                                  0.250000    1.060167   clock uncertainty
                                  0.000000    1.060167   clock reconvergence pessimism
                                 -0.038150    1.022017   library hold time
                                              1.022017   data required time
---------------------------------------------------------------------------------------------
                                              1.022017   data required time
                                             -1.949183   data arrival time
---------------------------------------------------------------------------------------------
                                              0.927166   slack (MET)


Startpoint: _099_ (rising edge-triggered flip-flop clocked by gpio_in[38])
Endpoint: _099_ (rising edge-triggered flip-flop clocked by gpio_in[38])
Path Group: gpio_in[38]
Path Type: min

Fanout         Cap        Slew       Delay        Time   Description
---------------------------------------------------------------------------------------------
                                  0.000000    0.000000   clock gpio_in[38] (rise edge)
                                  0.000000    0.000000   clock source latency
     2    0.100454    0.457024    0.337565    0.337565 ^ gpio_in[38] (in)
                                                         gpio_in[38] (net)
                      0.465885    0.000000    0.337565 ^ clkbuf_0_gpio_in[38]/A (sky130_fd_sc_hd__clkbuf_16)
     5    0.068250    0.092165    0.271113    0.608677 ^ clkbuf_0_gpio_in[38]/X (sky130_fd_sc_hd__clkbuf_16)
                                                         clknet_0_gpio_in[38] (net)
                      0.093194    0.007623    0.616300 ^ clkbuf_1_0__f_gpio_in[38]/A (sky130_fd_sc_hd__clkbuf_16)
    25    0.085726    0.104052    0.180229    0.796529 ^ clkbuf_1_0__f_gpio_in[38]/X (sky130_fd_sc_hd__clkbuf_16)
                                                         clknet_1_0__leaf_gpio_in[38] (net)
                      0.115337    0.026158    0.822687 ^ _099_/CLK (sky130_fd_sc_hd__dfrtp_1)
     5    0.012050    0.117096    0.401532    1.224218 ^ _099_/Q (sky130_fd_sc_hd__dfrtp_1)
                                                         gpio_22_37_output[30].cfg.gpio_out_val (net)
                      0.117098    0.000623    1.224842 ^ hold28/A (sky130_fd_sc_hd__dlygate4sd3_1)
     2    0.006198    0.082521    0.582962    1.807804 ^ hold28/X (sky130_fd_sc_hd__dlygate4sd3_1)
                                                         net603 (net)
                      0.082521    0.000305    1.808109 ^ _070_/A (sky130_fd_sc_hd__and2_1)
     2    0.006349    0.076684    0.147478    1.955587 ^ _070_/X (sky130_fd_sc_hd__and2_1)
                                                         _034_ (net)
                      0.076684    0.000316    1.955904 ^ _072_/A (sky130_fd_sc_hd__nor2_1)
     1    0.002717    0.023916    0.049386    2.005290 v _072_/Y (sky130_fd_sc_hd__nor2_1)
                                                         _003_ (net)
                      0.023917    0.000192    2.005482 v _099_/D (sky130_fd_sc_hd__dfrtp_1)
                                              2.005482   data arrival time

                                  0.000000    0.000000   clock gpio_in[38] (rise edge)
                                  0.000000    0.000000   clock source latency
     2    0.100454    0.457024    0.337565    0.337565 ^ gpio_in[38] (in)
                                                         gpio_in[38] (net)
                      0.465885    0.000000    0.337565 ^ clkbuf_0_gpio_in[38]/A (sky130_fd_sc_hd__clkbuf_16)
     5    0.068250    0.092165    0.271113    0.608677 ^ clkbuf_0_gpio_in[38]/X (sky130_fd_sc_hd__clkbuf_16)
                                                         clknet_0_gpio_in[38] (net)
                      0.093194    0.007623    0.616300 ^ clkbuf_1_0__f_gpio_in[38]/A (sky130_fd_sc_hd__clkbuf_16)
    25    0.085726    0.104052    0.180229    0.796529 ^ clkbuf_1_0__f_gpio_in[38]/X (sky130_fd_sc_hd__clkbuf_16)
                                                         clknet_1_0__leaf_gpio_in[38] (net)
                      0.115337    0.026158    0.822687 ^ _099_/CLK (sky130_fd_sc_hd__dfrtp_1)
                                  0.250000    1.072687   clock uncertainty
                                  0.000000    1.072687   clock reconvergence pessimism
                                 -0.021155    1.051532   library hold time
                                              1.051532   data required time
---------------------------------------------------------------------------------------------
                                              1.051532   data required time
                                             -2.005482   data arrival time
---------------------------------------------------------------------------------------------
                                              0.953950   slack (MET)


Startpoint: _095_ (rising edge-triggered flip-flop clocked by gpio_in[38])
Endpoint: _098_ (rising edge-triggered flip-flop clocked by gpio_in[38])
Path Group: gpio_in[38]
Path Type: min

Fanout         Cap        Slew       Delay        Time   Description
---------------------------------------------------------------------------------------------
                                  0.000000    0.000000   clock gpio_in[38] (rise edge)
                                  0.000000    0.000000   clock source latency
     2    0.100454    0.457024    0.337565    0.337565 ^ gpio_in[38] (in)
                                                         gpio_in[38] (net)
                      0.465885    0.000000    0.337565 ^ clkbuf_0_gpio_in[38]/A (sky130_fd_sc_hd__clkbuf_16)
     5    0.068250    0.092165    0.271113    0.608677 ^ clkbuf_0_gpio_in[38]/X (sky130_fd_sc_hd__clkbuf_16)
                                                         clknet_0_gpio_in[38] (net)
                      0.093194    0.007623    0.616300 ^ clkbuf_1_0__f_gpio_in[38]/A (sky130_fd_sc_hd__clkbuf_16)
    25    0.085726    0.104052    0.180229    0.796529 ^ clkbuf_1_0__f_gpio_in[38]/X (sky130_fd_sc_hd__clkbuf_16)
                                                         clknet_1_0__leaf_gpio_in[38] (net)
                      0.110818    0.020180    0.816709 ^ _095_/CLK (sky130_fd_sc_hd__dfrtp_2)
     3    0.012162    0.077902    0.397191    1.213900 ^ _095_/Q (sky130_fd_sc_hd__dfrtp_2)
                                                         gpio_22_37_output[26].cfg.gpio_out_val (net)
                      0.077906    0.000615    1.214515 ^ _065_/A (sky130_fd_sc_hd__and4_1)
     1    0.003250    0.058486    0.172375    1.386890 ^ _065_/X (sky130_fd_sc_hd__and4_1)
                                                         _031_ (net)
                      0.058487    0.000225    1.387115 ^ _069_/A2 (sky130_fd_sc_hd__o21ba_1)
     1    0.001850    0.034273    0.104475    1.491590 ^ _069_/X (sky130_fd_sc_hd__o21ba_1)
                                                         _002_ (net)
                      0.034273    0.000086    1.491676 ^ hold15/A (sky130_fd_sc_hd__dlygate4sd3_1)
     1    0.002909    0.053811    0.532328    2.024004 ^ hold15/X (sky130_fd_sc_hd__dlygate4sd3_1)
                                                         net590 (net)
                      0.053811    0.000189    2.024194 ^ _098_/D (sky130_fd_sc_hd__dfrtp_1)
                                              2.024194   data arrival time

                                  0.000000    0.000000   clock gpio_in[38] (rise edge)
                                  0.000000    0.000000   clock source latency
     2    0.100454    0.457024    0.337565    0.337565 ^ gpio_in[38] (in)
                                                         gpio_in[38] (net)
                      0.465885    0.000000    0.337565 ^ clkbuf_0_gpio_in[38]/A (sky130_fd_sc_hd__clkbuf_16)
     5    0.068250    0.092165    0.271113    0.608677 ^ clkbuf_0_gpio_in[38]/X (sky130_fd_sc_hd__clkbuf_16)
                                                         clknet_0_gpio_in[38] (net)
                      0.093194    0.007623    0.616300 ^ clkbuf_1_0__f_gpio_in[38]/A (sky130_fd_sc_hd__clkbuf_16)
    25    0.085726    0.104052    0.180229    0.796529 ^ clkbuf_1_0__f_gpio_in[38]/X (sky130_fd_sc_hd__clkbuf_16)
                                                         clknet_1_0__leaf_gpio_in[38] (net)
                      0.112640    0.022744    0.819273 ^ _098_/CLK (sky130_fd_sc_hd__dfrtp_1)
                                  0.250000    1.069273   clock uncertainty
                                  0.000000    1.069273   clock reconvergence pessimism
                                 -0.027353    1.041920   library hold time
                                              1.041920   data required time
---------------------------------------------------------------------------------------------
                                              1.041920   data required time
                                             -2.024194   data arrival time
---------------------------------------------------------------------------------------------
                                              0.982274   slack (MET)


Startpoint: _103_ (rising edge-triggered flip-flop clocked by gpio_in[38])
Endpoint: _106_ (rising edge-triggered flip-flop clocked by gpio_in[38])
Path Group: gpio_in[38]
Path Type: min

Fanout         Cap        Slew       Delay        Time   Description
---------------------------------------------------------------------------------------------
                                  0.000000    0.000000   clock gpio_in[38] (rise edge)
                                  0.000000    0.000000   clock source latency
     2    0.100454    0.457024    0.337565    0.337565 ^ gpio_in[38] (in)
                                                         gpio_in[38] (net)
                      0.465885    0.000000    0.337565 ^ clkbuf_0_gpio_in[38]/A (sky130_fd_sc_hd__clkbuf_16)
     5    0.068250    0.092165    0.271113    0.608677 ^ clkbuf_0_gpio_in[38]/X (sky130_fd_sc_hd__clkbuf_16)
                                                         clknet_0_gpio_in[38] (net)
                      0.093149    0.007446    0.616124 ^ clkbuf_1_1__f_gpio_in[38]/A (sky130_fd_sc_hd__clkbuf_16)
    19    0.072851    0.091062    0.176969    0.793093 ^ clkbuf_1_1__f_gpio_in[38]/X (sky130_fd_sc_hd__clkbuf_16)
                                                         clknet_1_1__leaf_gpio_in[38] (net)
                      0.095595    0.015639    0.808731 ^ _103_/CLK (sky130_fd_sc_hd__dfrtp_1)
     3    0.009496    0.096253    0.378656    1.187388 ^ _103_/Q (sky130_fd_sc_hd__dfrtp_1)
                                                         gpio_22_37_output[34].cfg.gpio_out_val (net)
                      0.096258    0.000811    1.188199 ^ _084_/A (sky130_fd_sc_hd__and4_1)
     1    0.006766    0.087962    0.206271    1.394469 ^ _084_/X (sky130_fd_sc_hd__and4_1)
                                                         _042_ (net)
                      0.087964    0.000525    1.394994 ^ _086_/B (sky130_fd_sc_hd__xor2_1)
     1    0.002362    0.034439    0.065512    1.460506 v _086_/X (sky130_fd_sc_hd__xor2_1)
                                                         _010_ (net)
                      0.034439    0.000115    1.460621 v hold2/A (sky130_fd_sc_hd__dlygate4sd3_1)
     1    0.003135    0.055222    0.547060    2.007680 v hold2/X (sky130_fd_sc_hd__dlygate4sd3_1)
                                                         net577 (net)
                      0.055222    0.000195    2.007875 v _106_/D (sky130_fd_sc_hd__dfrtp_1)
                                              2.007875   data arrival time

                                  0.000000    0.000000   clock gpio_in[38] (rise edge)
                                  0.000000    0.000000   clock source latency
     2    0.100454    0.457024    0.337565    0.337565 ^ gpio_in[38] (in)
                                                         gpio_in[38] (net)
                      0.465885    0.000000    0.337565 ^ clkbuf_0_gpio_in[38]/A (sky130_fd_sc_hd__clkbuf_16)
     5    0.068250    0.092165    0.271113    0.608677 ^ clkbuf_0_gpio_in[38]/X (sky130_fd_sc_hd__clkbuf_16)
                                                         clknet_0_gpio_in[38] (net)
                      0.093149    0.007446    0.616124 ^ clkbuf_1_1__f_gpio_in[38]/A (sky130_fd_sc_hd__clkbuf_16)
    19    0.072851    0.091062    0.176969    0.793093 ^ clkbuf_1_1__f_gpio_in[38]/X (sky130_fd_sc_hd__clkbuf_16)
                                                         clknet_1_1__leaf_gpio_in[38] (net)
                      0.095608    0.015662    0.808755 ^ _106_/CLK (sky130_fd_sc_hd__dfrtp_1)
                                  0.250000    1.058755   clock uncertainty
                                  0.000000    1.058755   clock reconvergence pessimism
                                 -0.038390    1.020364   library hold time
                                              1.020364   data required time
---------------------------------------------------------------------------------------------
                                              1.020364   data required time
                                             -2.007875   data arrival time
---------------------------------------------------------------------------------------------
                                              0.987511   slack (MET)


Startpoint: _088_ (rising edge-triggered flip-flop clocked by gpio_in[38])
Endpoint: _088_ (rising edge-triggered flip-flop clocked by gpio_in[38])
Path Group: gpio_in[38]
Path Type: min

Fanout         Cap        Slew       Delay        Time   Description
---------------------------------------------------------------------------------------------
                                  0.000000    0.000000   clock gpio_in[38] (rise edge)
                                  0.000000    0.000000   clock source latency
     2    0.100454    0.457024    0.337565    0.337565 ^ gpio_in[38] (in)
                                                         gpio_in[38] (net)
                      0.465885    0.000000    0.337565 ^ clkbuf_0_gpio_in[38]/A (sky130_fd_sc_hd__clkbuf_16)
     5    0.068250    0.092165    0.271113    0.608677 ^ clkbuf_0_gpio_in[38]/X (sky130_fd_sc_hd__clkbuf_16)
                                                         clknet_0_gpio_in[38] (net)
                      0.093194    0.007623    0.616300 ^ clkbuf_1_0__f_gpio_in[38]/A (sky130_fd_sc_hd__clkbuf_16)
    25    0.085726    0.104052    0.180229    0.796529 ^ clkbuf_1_0__f_gpio_in[38]/X (sky130_fd_sc_hd__clkbuf_16)
                                                         clknet_1_0__leaf_gpio_in[38] (net)
                      0.113935    0.024432    0.820961 ^ _088_/CLK (sky130_fd_sc_hd__dfrtp_1)
     5    0.014165    0.134497    0.413604    1.234565 ^ _088_/Q (sky130_fd_sc_hd__dfrtp_1)
                                                         gpio_18_21_bidir[19].cfg.gpio_out_val (net)
                      0.134503    0.001067    1.235632 ^ hold34/A (sky130_fd_sc_hd__dlygate4sd3_1)
     2    0.004697    0.069467    0.575521    1.811154 ^ hold34/X (sky130_fd_sc_hd__dlygate4sd3_1)
                                                         net609 (net)
                      0.069467    0.000150    1.811304 ^ _046_/B (sky130_fd_sc_hd__or2_1)
     1    0.004731    0.055949    0.108891    1.920194 ^ _046_/X (sky130_fd_sc_hd__or2_1)
                                                         _021_ (net)
                      0.055950    0.000312    1.920506 ^ _047_/B (sky130_fd_sc_hd__and2_1)
     1    0.002801    0.046018    0.117828    2.038333 ^ _047_/X (sky130_fd_sc_hd__and2_1)
                                                         _011_ (net)
                      0.046019    0.000185    2.038518 ^ _088_/D (sky130_fd_sc_hd__dfrtp_1)
                                              2.038518   data arrival time

                                  0.000000    0.000000   clock gpio_in[38] (rise edge)
                                  0.000000    0.000000   clock source latency
     2    0.100454    0.457024    0.337565    0.337565 ^ gpio_in[38] (in)
                                                         gpio_in[38] (net)
                      0.465885    0.000000    0.337565 ^ clkbuf_0_gpio_in[38]/A (sky130_fd_sc_hd__clkbuf_16)
     5    0.068250    0.092165    0.271113    0.608677 ^ clkbuf_0_gpio_in[38]/X (sky130_fd_sc_hd__clkbuf_16)
                                                         clknet_0_gpio_in[38] (net)
                      0.093194    0.007623    0.616300 ^ clkbuf_1_0__f_gpio_in[38]/A (sky130_fd_sc_hd__clkbuf_16)
    25    0.085726    0.104052    0.180229    0.796529 ^ clkbuf_1_0__f_gpio_in[38]/X (sky130_fd_sc_hd__clkbuf_16)
                                                         clknet_1_0__leaf_gpio_in[38] (net)
                      0.113935    0.024432    0.820961 ^ _088_/CLK (sky130_fd_sc_hd__dfrtp_1)
                                  0.250000    1.070961   clock uncertainty
                                  0.000000    1.070961   clock reconvergence pessimism
                                 -0.025556    1.045404   library hold time
                                              1.045404   data required time
---------------------------------------------------------------------------------------------
                                              1.045404   data required time
                                             -2.038518   data arrival time
---------------------------------------------------------------------------------------------
                                              0.993114   slack (MET)


Startpoint: _099_ (rising edge-triggered flip-flop clocked by gpio_in[38])
Endpoint: _101_ (rising edge-triggered flip-flop clocked by gpio_in[38])
Path Group: gpio_in[38]
Path Type: min

Fanout         Cap        Slew       Delay        Time   Description
---------------------------------------------------------------------------------------------
                                  0.000000    0.000000   clock gpio_in[38] (rise edge)
                                  0.000000    0.000000   clock source latency
     2    0.100454    0.457024    0.337565    0.337565 ^ gpio_in[38] (in)
                                                         gpio_in[38] (net)
                      0.465885    0.000000    0.337565 ^ clkbuf_0_gpio_in[38]/A (sky130_fd_sc_hd__clkbuf_16)
     5    0.068250    0.092165    0.271113    0.608677 ^ clkbuf_0_gpio_in[38]/X (sky130_fd_sc_hd__clkbuf_16)
                                                         clknet_0_gpio_in[38] (net)
                      0.093194    0.007623    0.616300 ^ clkbuf_1_0__f_gpio_in[38]/A (sky130_fd_sc_hd__clkbuf_16)
    25    0.085726    0.104052    0.180229    0.796529 ^ clkbuf_1_0__f_gpio_in[38]/X (sky130_fd_sc_hd__clkbuf_16)
                                                         clknet_1_0__leaf_gpio_in[38] (net)
                      0.115337    0.026158    0.822687 ^ _099_/CLK (sky130_fd_sc_hd__dfrtp_1)
     5    0.012050    0.117096    0.401532    1.224218 ^ _099_/Q (sky130_fd_sc_hd__dfrtp_1)
                                                         gpio_22_37_output[30].cfg.gpio_out_val (net)
                      0.117097    0.000592    1.224811 ^ _073_/A (sky130_fd_sc_hd__and3_1)
     2    0.007797    0.092399    0.194812    1.419623 ^ _073_/X (sky130_fd_sc_hd__and3_1)
                                                         _036_ (net)
                      0.092401    0.000519    1.420142 ^ _076_/B (sky130_fd_sc_hd__xor2_1)
     1    0.004136    0.041387    0.076610    1.496752 v _076_/X (sky130_fd_sc_hd__xor2_1)
                                                         _005_ (net)
                      0.041389    0.000329    1.497081 v hold11/A (sky130_fd_sc_hd__dlygate4sd3_1)
     1    0.002314    0.050310    0.542321    2.039402 v hold11/X (sky130_fd_sc_hd__dlygate4sd3_1)
                                                         net586 (net)
                      0.050310    0.000161    2.039564 v _101_/D (sky130_fd_sc_hd__dfrtp_1)
                                              2.039564   data arrival time

                                  0.000000    0.000000   clock gpio_in[38] (rise edge)
                                  0.000000    0.000000   clock source latency
     2    0.100454    0.457024    0.337565    0.337565 ^ gpio_in[38] (in)
                                                         gpio_in[38] (net)
                      0.465885    0.000000    0.337565 ^ clkbuf_0_gpio_in[38]/A (sky130_fd_sc_hd__clkbuf_16)
     5    0.068250    0.092165    0.271113    0.608677 ^ clkbuf_0_gpio_in[38]/X (sky130_fd_sc_hd__clkbuf_16)
                                                         clknet_0_gpio_in[38] (net)
                      0.093194    0.007623    0.616300 ^ clkbuf_1_0__f_gpio_in[38]/A (sky130_fd_sc_hd__clkbuf_16)
    25    0.085726    0.104052    0.180229    0.796529 ^ clkbuf_1_0__f_gpio_in[38]/X (sky130_fd_sc_hd__clkbuf_16)
                                                         clknet_1_0__leaf_gpio_in[38] (net)
                      0.115522    0.026379    0.822908 ^ _101_/CLK (sky130_fd_sc_hd__dfrtp_1)
                                  0.250000    1.072908   clock uncertainty
                                  0.000000    1.072908   clock reconvergence pessimism
                                 -0.031849    1.041059   library hold time
                                              1.041059   data required time
---------------------------------------------------------------------------------------------
                                              1.041059   data required time
                                             -2.039564   data arrival time
---------------------------------------------------------------------------------------------
                                              0.998505   slack (MET)


Startpoint: _099_ (rising edge-triggered flip-flop clocked by gpio_in[38])
Endpoint: _102_ (rising edge-triggered flip-flop clocked by gpio_in[38])
Path Group: gpio_in[38]
Path Type: min

Fanout         Cap        Slew       Delay        Time   Description
---------------------------------------------------------------------------------------------
                                  0.000000    0.000000   clock gpio_in[38] (rise edge)
                                  0.000000    0.000000   clock source latency
     2    0.100454    0.457024    0.337565    0.337565 ^ gpio_in[38] (in)
                                                         gpio_in[38] (net)
                      0.465885    0.000000    0.337565 ^ clkbuf_0_gpio_in[38]/A (sky130_fd_sc_hd__clkbuf_16)
     5    0.068250    0.092165    0.271113    0.608677 ^ clkbuf_0_gpio_in[38]/X (sky130_fd_sc_hd__clkbuf_16)
                                                         clknet_0_gpio_in[38] (net)
                      0.093194    0.007623    0.616300 ^ clkbuf_1_0__f_gpio_in[38]/A (sky130_fd_sc_hd__clkbuf_16)
    25    0.085726    0.104052    0.180229    0.796529 ^ clkbuf_1_0__f_gpio_in[38]/X (sky130_fd_sc_hd__clkbuf_16)
                                                         clknet_1_0__leaf_gpio_in[38] (net)
                      0.115337    0.026158    0.822687 ^ _099_/CLK (sky130_fd_sc_hd__dfrtp_1)
     5    0.012050    0.117096    0.401532    1.224218 ^ _099_/Q (sky130_fd_sc_hd__dfrtp_1)
                                                         gpio_22_37_output[30].cfg.gpio_out_val (net)
                      0.117097    0.000598    1.224816 ^ _075_/A (sky130_fd_sc_hd__and4_1)
     1    0.004099    0.065433    0.192059    1.416875 ^ _075_/X (sky130_fd_sc_hd__and4_1)
                                                         _037_ (net)
                      0.065433    0.000184    1.417059 ^ _079_/A2 (sky130_fd_sc_hd__o21ba_1)
     1    0.002444    0.039205    0.110773    1.527832 ^ _079_/X (sky130_fd_sc_hd__o21ba_1)
                                                         _006_ (net)
                      0.039205    0.000118    1.527950 ^ hold9/A (sky130_fd_sc_hd__dlygate4sd3_1)
     1    0.003045    0.054991    0.535205    2.063155 ^ hold9/X (sky130_fd_sc_hd__dlygate4sd3_1)
                                                         net584 (net)
                      0.054991    0.000205    2.063360 ^ _102_/D (sky130_fd_sc_hd__dfrtp_1)
                                              2.063360   data arrival time

                                  0.000000    0.000000   clock gpio_in[38] (rise edge)
                                  0.000000    0.000000   clock source latency
     2    0.100454    0.457024    0.337565    0.337565 ^ gpio_in[38] (in)
                                                         gpio_in[38] (net)
                      0.465885    0.000000    0.337565 ^ clkbuf_0_gpio_in[38]/A (sky130_fd_sc_hd__clkbuf_16)
     5    0.068250    0.092165    0.271113    0.608677 ^ clkbuf_0_gpio_in[38]/X (sky130_fd_sc_hd__clkbuf_16)
                                                         clknet_0_gpio_in[38] (net)
                      0.093194    0.007623    0.616300 ^ clkbuf_1_0__f_gpio_in[38]/A (sky130_fd_sc_hd__clkbuf_16)
    25    0.085726    0.104052    0.180229    0.796529 ^ clkbuf_1_0__f_gpio_in[38]/X (sky130_fd_sc_hd__clkbuf_16)
                                                         clknet_1_0__leaf_gpio_in[38] (net)
                      0.115395    0.026227    0.822756 ^ _102_/CLK (sky130_fd_sc_hd__dfrtp_1)
                                  0.250000    1.072756   clock uncertainty
                                  0.000000    1.072756   clock reconvergence pessimism
                                 -0.027222    1.045535   library hold time
                                              1.045535   data required time
---------------------------------------------------------------------------------------------
                                              1.045535   data required time
                                             -2.063360   data arrival time
---------------------------------------------------------------------------------------------
                                              1.017825   slack (MET)


Startpoint: _099_ (rising edge-triggered flip-flop clocked by gpio_in[38])
Endpoint: _100_ (rising edge-triggered flip-flop clocked by gpio_in[38])
Path Group: gpio_in[38]
Path Type: min

Fanout         Cap        Slew       Delay        Time   Description
---------------------------------------------------------------------------------------------
                                  0.000000    0.000000   clock gpio_in[38] (rise edge)
                                  0.000000    0.000000   clock source latency
     2    0.100454    0.457024    0.337565    0.337565 ^ gpio_in[38] (in)
                                                         gpio_in[38] (net)
                      0.465885    0.000000    0.337565 ^ clkbuf_0_gpio_in[38]/A (sky130_fd_sc_hd__clkbuf_16)
     5    0.068250    0.092165    0.271113    0.608677 ^ clkbuf_0_gpio_in[38]/X (sky130_fd_sc_hd__clkbuf_16)
                                                         clknet_0_gpio_in[38] (net)
                      0.093194    0.007623    0.616300 ^ clkbuf_1_0__f_gpio_in[38]/A (sky130_fd_sc_hd__clkbuf_16)
    25    0.085726    0.104052    0.180229    0.796529 ^ clkbuf_1_0__f_gpio_in[38]/X (sky130_fd_sc_hd__clkbuf_16)
                                                         clknet_1_0__leaf_gpio_in[38] (net)
                      0.115337    0.026158    0.822687 ^ _099_/CLK (sky130_fd_sc_hd__dfrtp_1)
     5    0.012050    0.117096    0.401532    1.224218 ^ _099_/Q (sky130_fd_sc_hd__dfrtp_1)
                                                         gpio_22_37_output[30].cfg.gpio_out_val (net)
                      0.117097    0.000592    1.224811 ^ _073_/A (sky130_fd_sc_hd__and3_1)
     2    0.007797    0.092399    0.194812    1.419623 ^ _073_/X (sky130_fd_sc_hd__and3_1)
                                                         _036_ (net)
                      0.092399    0.000392    1.420015 ^ _074_/B1_N (sky130_fd_sc_hd__o21ba_1)
     1    0.003748    0.034946    0.155336    1.575351 v _074_/X (sky130_fd_sc_hd__o21ba_1)
                                                         _004_ (net)
                      0.034946    0.000159    1.575510 v hold27/A (sky130_fd_sc_hd__dlygate4sd3_1)
     1    0.002448    0.050999    0.541030    2.116539 v hold27/X (sky130_fd_sc_hd__dlygate4sd3_1)
                                                         net602 (net)
                      0.050999    0.000168    2.116707 v _100_/D (sky130_fd_sc_hd__dfrtp_1)
                                              2.116707   data arrival time

                                  0.000000    0.000000   clock gpio_in[38] (rise edge)
                                  0.000000    0.000000   clock source latency
     2    0.100454    0.457024    0.337565    0.337565 ^ gpio_in[38] (in)
                                                         gpio_in[38] (net)
                      0.465885    0.000000    0.337565 ^ clkbuf_0_gpio_in[38]/A (sky130_fd_sc_hd__clkbuf_16)
     5    0.068250    0.092165    0.271113    0.608677 ^ clkbuf_0_gpio_in[38]/X (sky130_fd_sc_hd__clkbuf_16)
                                                         clknet_0_gpio_in[38] (net)
                      0.093194    0.007623    0.616300 ^ clkbuf_1_0__f_gpio_in[38]/A (sky130_fd_sc_hd__clkbuf_16)
    25    0.085726    0.104052    0.180229    0.796529 ^ clkbuf_1_0__f_gpio_in[38]/X (sky130_fd_sc_hd__clkbuf_16)
                                                         clknet_1_0__leaf_gpio_in[38] (net)
                      0.115620    0.026496    0.823025 ^ _100_/CLK (sky130_fd_sc_hd__dfrtp_1)
                                  0.250000    1.073025   clock uncertainty
                                  0.000000    1.073025   clock reconvergence pessimism
                                 -0.032107    1.040919   library hold time
                                              1.040919   data required time
---------------------------------------------------------------------------------------------
                                              1.040919   data required time
                                             -2.116707   data arrival time
---------------------------------------------------------------------------------------------
                                              1.075788   slack (MET)


Startpoint: _105_ (rising edge-triggered flip-flop clocked by gpio_in[38])
Endpoint: _105_ (rising edge-triggered flip-flop clocked by gpio_in[38])
Path Group: gpio_in[38]
Path Type: min

Fanout         Cap        Slew       Delay        Time   Description
---------------------------------------------------------------------------------------------
                                  0.000000    0.000000   clock gpio_in[38] (rise edge)
                                  0.000000    0.000000   clock source latency
     2    0.100454    0.457024    0.337565    0.337565 ^ gpio_in[38] (in)
                                                         gpio_in[38] (net)
                      0.465885    0.000000    0.337565 ^ clkbuf_0_gpio_in[38]/A (sky130_fd_sc_hd__clkbuf_16)
     5    0.068250    0.092165    0.271113    0.608677 ^ clkbuf_0_gpio_in[38]/X (sky130_fd_sc_hd__clkbuf_16)
                                                         clknet_0_gpio_in[38] (net)
                      0.093149    0.007446    0.616124 ^ clkbuf_1_1__f_gpio_in[38]/A (sky130_fd_sc_hd__clkbuf_16)
    19    0.072851    0.091062    0.176969    0.793093 ^ clkbuf_1_1__f_gpio_in[38]/X (sky130_fd_sc_hd__clkbuf_16)
                                                         clknet_1_1__leaf_gpio_in[38] (net)
                      0.095615    0.015673    0.808766 ^ _105_/CLK (sky130_fd_sc_hd__dfrtp_1)
     3    0.009682    0.097756    0.379862    1.188629 ^ _105_/Q (sky130_fd_sc_hd__dfrtp_1)
                                                         gpio_22_37_output[36].cfg.gpio_out_val (net)
                      0.097759    0.000667    1.189296 ^ hold4/A (sky130_fd_sc_hd__dlygate4sd3_1)
     1    0.007590    0.095008    0.587945    1.777241 ^ hold4/X (sky130_fd_sc_hd__dlygate4sd3_1)
                                                         net579 (net)
                      0.095118    0.000612    1.777853 ^ _085_/A (sky130_fd_sc_hd__xor2_1)
     1    0.002118    0.033421    0.068660    1.846513 v _085_/X (sky130_fd_sc_hd__xor2_1)
                                                         _009_ (net)
                      0.033421    0.000100    1.846613 v hold5/A (sky130_fd_sc_hd__dlygate4sd3_1)
     1    0.003029    0.054534    0.545702    2.392315 v hold5/X (sky130_fd_sc_hd__dlygate4sd3_1)
                                                         net580 (net)
                      0.054534    0.000199    2.392515 v _105_/D (sky130_fd_sc_hd__dfrtp_1)
                                              2.392515   data arrival time

                                  0.000000    0.000000   clock gpio_in[38] (rise edge)
                                  0.000000    0.000000   clock source latency
     2    0.100454    0.457024    0.337565    0.337565 ^ gpio_in[38] (in)
                                                         gpio_in[38] (net)
                      0.465885    0.000000    0.337565 ^ clkbuf_0_gpio_in[38]/A (sky130_fd_sc_hd__clkbuf_16)
     5    0.068250    0.092165    0.271113    0.608677 ^ clkbuf_0_gpio_in[38]/X (sky130_fd_sc_hd__clkbuf_16)
                                                         clknet_0_gpio_in[38] (net)
                      0.093149    0.007446    0.616124 ^ clkbuf_1_1__f_gpio_in[38]/A (sky130_fd_sc_hd__clkbuf_16)
    19    0.072851    0.091062    0.176969    0.793093 ^ clkbuf_1_1__f_gpio_in[38]/X (sky130_fd_sc_hd__clkbuf_16)
                                                         clknet_1_1__leaf_gpio_in[38] (net)
                      0.095615    0.015673    0.808766 ^ _105_/CLK (sky130_fd_sc_hd__dfrtp_1)
                                  0.250000    1.058766   clock uncertainty
                                  0.000000    1.058766   clock reconvergence pessimism
                                 -0.038109    1.020657   library hold time
                                              1.020657   data required time
---------------------------------------------------------------------------------------------
                                              1.020657   data required time
                                             -2.392515   data arrival time
---------------------------------------------------------------------------------------------
                                              1.371857   slack (MET)


Startpoint: _093_ (rising edge-triggered flip-flop clocked by gpio_in[38])
Endpoint: _093_ (rising edge-triggered flip-flop clocked by gpio_in[38])
Path Group: gpio_in[38]
Path Type: min

Fanout         Cap        Slew       Delay        Time   Description
---------------------------------------------------------------------------------------------
                                  0.000000    0.000000   clock gpio_in[38] (rise edge)
                                  0.000000    0.000000   clock source latency
     2    0.100454    0.457024    0.337565    0.337565 ^ gpio_in[38] (in)
                                                         gpio_in[38] (net)
                      0.465885    0.000000    0.337565 ^ clkbuf_0_gpio_in[38]/A (sky130_fd_sc_hd__clkbuf_16)
     5    0.068250    0.092165    0.271113    0.608677 ^ clkbuf_0_gpio_in[38]/X (sky130_fd_sc_hd__clkbuf_16)
                                                         clknet_0_gpio_in[38] (net)
                      0.093149    0.007446    0.616124 ^ clkbuf_1_1__f_gpio_in[38]/A (sky130_fd_sc_hd__clkbuf_16)
    19    0.072851    0.091062    0.176969    0.793093 ^ clkbuf_1_1__f_gpio_in[38]/X (sky130_fd_sc_hd__clkbuf_16)
                                                         clknet_1_1__leaf_gpio_in[38] (net)
                      0.096432    0.017087    0.810180 ^ _093_/CLK (sky130_fd_sc_hd__dfrtp_1)
     3    0.010704    0.106097    0.386310    1.196489 ^ _093_/Q (sky130_fd_sc_hd__dfrtp_1)
                                                         gpio_22_37_output[24].cfg.gpio_out_val (net)
                      0.106099    0.000641    1.197131 ^ hold12/A (sky130_fd_sc_hd__dlygate4sd3_1)
     2    0.008319    0.100930    0.596000    1.793131 ^ hold12/X (sky130_fd_sc_hd__dlygate4sd3_1)
                                                         net587 (net)
                      0.101037    0.000567    1.793698 ^ _057_/A (sky130_fd_sc_hd__xor2_1)
     1    0.001657    0.031521    0.067535    1.861233 v _057_/X (sky130_fd_sc_hd__xor2_1)
                                                         _016_ (net)
                      0.031521    0.000076    1.861309 v hold13/A (sky130_fd_sc_hd__dlygate4sd3_1)
     1    0.003662    0.057871    0.550005    2.411314 v hold13/X (sky130_fd_sc_hd__dlygate4sd3_1)
                                                         net588 (net)
                      0.057871    0.000238    2.411552 v _093_/D (sky130_fd_sc_hd__dfrtp_1)
                                              2.411552   data arrival time

                                  0.000000    0.000000   clock gpio_in[38] (rise edge)
                                  0.000000    0.000000   clock source latency
     2    0.100454    0.457024    0.337565    0.337565 ^ gpio_in[38] (in)
                                                         gpio_in[38] (net)
                      0.465885    0.000000    0.337565 ^ clkbuf_0_gpio_in[38]/A (sky130_fd_sc_hd__clkbuf_16)
     5    0.068250    0.092165    0.271113    0.608677 ^ clkbuf_0_gpio_in[38]/X (sky130_fd_sc_hd__clkbuf_16)
                                                         clknet_0_gpio_in[38] (net)
                      0.093149    0.007446    0.616124 ^ clkbuf_1_1__f_gpio_in[38]/A (sky130_fd_sc_hd__clkbuf_16)
    19    0.072851    0.091062    0.176969    0.793093 ^ clkbuf_1_1__f_gpio_in[38]/X (sky130_fd_sc_hd__clkbuf_16)
                                                         clknet_1_1__leaf_gpio_in[38] (net)
                      0.096432    0.017087    0.810180 ^ _093_/CLK (sky130_fd_sc_hd__dfrtp_1)
                                  0.250000    1.060180   clock uncertainty
                                  0.000000    1.060180   clock reconvergence pessimism
                                 -0.039280    1.020899   library hold time
                                              1.020899   data required time
---------------------------------------------------------------------------------------------
                                              1.020899   data required time
                                             -2.411552   data arrival time
---------------------------------------------------------------------------------------------
                                              1.390652   slack (MET)


Startpoint: _091_ (rising edge-triggered flip-flop clocked by gpio_in[38])
Endpoint: _091_ (rising edge-triggered flip-flop clocked by gpio_in[38])
Path Group: gpio_in[38]
Path Type: min

Fanout         Cap        Slew       Delay        Time   Description
---------------------------------------------------------------------------------------------
                                  0.000000    0.000000   clock gpio_in[38] (rise edge)
                                  0.000000    0.000000   clock source latency
     2    0.100454    0.457024    0.337565    0.337565 ^ gpio_in[38] (in)
                                                         gpio_in[38] (net)
                      0.465885    0.000000    0.337565 ^ clkbuf_0_gpio_in[38]/A (sky130_fd_sc_hd__clkbuf_16)
     5    0.068250    0.092165    0.271113    0.608677 ^ clkbuf_0_gpio_in[38]/X (sky130_fd_sc_hd__clkbuf_16)
                                                         clknet_0_gpio_in[38] (net)
                      0.093149    0.007446    0.616124 ^ clkbuf_1_1__f_gpio_in[38]/A (sky130_fd_sc_hd__clkbuf_16)
    19    0.072851    0.091062    0.176969    0.793093 ^ clkbuf_1_1__f_gpio_in[38]/X (sky130_fd_sc_hd__clkbuf_16)
                                                         clknet_1_1__leaf_gpio_in[38] (net)
                      0.096415    0.017059    0.810151 ^ _091_/CLK (sky130_fd_sc_hd__dfrtp_1)
     3    0.008889    0.091900    0.375107    1.185258 ^ _091_/Q (sky130_fd_sc_hd__dfrtp_1)
                                                         gpio_22_37_output[22].cfg.gpio_out_val (net)
                      0.091901    0.000435    1.185693 ^ hold20/A (sky130_fd_sc_hd__dlygate4sd3_1)
     3    0.011359    0.128292    0.613228    1.798921 ^ hold20/X (sky130_fd_sc_hd__dlygate4sd3_1)
                                                         net595 (net)
                      0.128292    0.000380    1.799301 ^ _052_/A (sky130_fd_sc_hd__xor2_1)
     1    0.002162    0.033616    0.077291    1.876591 v _052_/X (sky130_fd_sc_hd__xor2_1)
                                                         _014_ (net)
                      0.033616    0.000143    1.876734 v hold21/A (sky130_fd_sc_hd__dlygate4sd3_1)
     1    0.002242    0.050122    0.538658    2.415393 v hold21/X (sky130_fd_sc_hd__dlygate4sd3_1)
                                                         net596 (net)
                      0.050122    0.000103    2.415496 v _091_/D (sky130_fd_sc_hd__dfrtp_1)
                                              2.415496   data arrival time

                                  0.000000    0.000000   clock gpio_in[38] (rise edge)
                                  0.000000    0.000000   clock source latency
     2    0.100454    0.457024    0.337565    0.337565 ^ gpio_in[38] (in)
                                                         gpio_in[38] (net)
                      0.465885    0.000000    0.337565 ^ clkbuf_0_gpio_in[38]/A (sky130_fd_sc_hd__clkbuf_16)
     5    0.068250    0.092165    0.271113    0.608677 ^ clkbuf_0_gpio_in[38]/X (sky130_fd_sc_hd__clkbuf_16)
                                                         clknet_0_gpio_in[38] (net)
                      0.093149    0.007446    0.616124 ^ clkbuf_1_1__f_gpio_in[38]/A (sky130_fd_sc_hd__clkbuf_16)
    19    0.072851    0.091062    0.176969    0.793093 ^ clkbuf_1_1__f_gpio_in[38]/X (sky130_fd_sc_hd__clkbuf_16)
                                                         clknet_1_1__leaf_gpio_in[38] (net)
                      0.096415    0.017059    0.810151 ^ _091_/CLK (sky130_fd_sc_hd__dfrtp_1)
                                  0.250000    1.060151   clock uncertainty
                                  0.000000    1.060151   clock reconvergence pessimism
                                 -0.036131    1.024020   library hold time
                                              1.024020   data required time
---------------------------------------------------------------------------------------------
                                              1.024020   data required time
                                             -2.415496   data arrival time
---------------------------------------------------------------------------------------------
                                              1.391476   slack (MET)


Startpoint: _097_ (rising edge-triggered flip-flop clocked by gpio_in[38])
Endpoint: _097_ (rising edge-triggered flip-flop clocked by gpio_in[38])
Path Group: gpio_in[38]
Path Type: min

Fanout         Cap        Slew       Delay        Time   Description
---------------------------------------------------------------------------------------------
                                  0.000000    0.000000   clock gpio_in[38] (rise edge)
                                  0.000000    0.000000   clock source latency
     2    0.100454    0.457024    0.337565    0.337565 ^ gpio_in[38] (in)
                                                         gpio_in[38] (net)
                      0.465885    0.000000    0.337565 ^ clkbuf_0_gpio_in[38]/A (sky130_fd_sc_hd__clkbuf_16)
     5    0.068250    0.092165    0.271113    0.608677 ^ clkbuf_0_gpio_in[38]/X (sky130_fd_sc_hd__clkbuf_16)
                                                         clknet_0_gpio_in[38] (net)
                      0.093194    0.007623    0.616300 ^ clkbuf_1_0__f_gpio_in[38]/A (sky130_fd_sc_hd__clkbuf_16)
    25    0.085726    0.104052    0.180229    0.796529 ^ clkbuf_1_0__f_gpio_in[38]/X (sky130_fd_sc_hd__clkbuf_16)
                                                         clknet_1_0__leaf_gpio_in[38] (net)
                      0.113281    0.023591    0.820120 ^ _097_/CLK (sky130_fd_sc_hd__dfrtp_1)
     2    0.006644    0.074655    0.366247    1.186368 ^ _097_/Q (sky130_fd_sc_hd__dfrtp_1)
                                                         gpio_22_37_output[28].cfg.gpio_out_val (net)
                      0.074655    0.000395    1.186763 ^ hold6/A (sky130_fd_sc_hd__dlygate4sd3_1)
     3    0.014043    0.153144    0.626532    1.813295 ^ hold6/X (sky130_fd_sc_hd__dlygate4sd3_1)
                                                         net581 (net)
                      0.153145    0.000666    1.813961 ^ _066_/A (sky130_fd_sc_hd__xor2_1)
     1    0.001765    0.031983    0.078810    1.892771 v _066_/X (sky130_fd_sc_hd__xor2_1)
                                                         _001_ (net)
                      0.031983    0.000125    1.892896 v hold7/A (sky130_fd_sc_hd__dlygate4sd3_1)
     1    0.002547    0.051588    0.540760    2.433657 v hold7/X (sky130_fd_sc_hd__dlygate4sd3_1)
                                                         net582 (net)
                      0.051588    0.000185    2.433842 v _097_/D (sky130_fd_sc_hd__dfrtp_1)
                                              2.433842   data arrival time

                                  0.000000    0.000000   clock gpio_in[38] (rise edge)
                                  0.000000    0.000000   clock source latency
     2    0.100454    0.457024    0.337565    0.337565 ^ gpio_in[38] (in)
                                                         gpio_in[38] (net)
                      0.465885    0.000000    0.337565 ^ clkbuf_0_gpio_in[38]/A (sky130_fd_sc_hd__clkbuf_16)
     5    0.068250    0.092165    0.271113    0.608677 ^ clkbuf_0_gpio_in[38]/X (sky130_fd_sc_hd__clkbuf_16)
                                                         clknet_0_gpio_in[38] (net)
                      0.093194    0.007623    0.616300 ^ clkbuf_1_0__f_gpio_in[38]/A (sky130_fd_sc_hd__clkbuf_16)
    25    0.085726    0.104052    0.180229    0.796529 ^ clkbuf_1_0__f_gpio_in[38]/X (sky130_fd_sc_hd__clkbuf_16)
                                                         clknet_1_0__leaf_gpio_in[38] (net)
                      0.113281    0.023591    0.820120 ^ _097_/CLK (sky130_fd_sc_hd__dfrtp_1)
                                  0.250000    1.070120   clock uncertainty
                                  0.000000    1.070120   clock reconvergence pessimism
                                 -0.032880    1.037240   library hold time
                                              1.037240   data required time
---------------------------------------------------------------------------------------------
                                              1.037240   data required time
                                             -2.433842   data arrival time
---------------------------------------------------------------------------------------------
                                              1.396602   slack (MET)


Startpoint: _094_ (rising edge-triggered flip-flop clocked by gpio_in[38])
Endpoint: _094_ (rising edge-triggered flip-flop clocked by gpio_in[38])
Path Group: gpio_in[38]
Path Type: min

Fanout         Cap        Slew       Delay        Time   Description
---------------------------------------------------------------------------------------------
                                  0.000000    0.000000   clock gpio_in[38] (rise edge)
                                  0.000000    0.000000   clock source latency
     2    0.100454    0.457024    0.337565    0.337565 ^ gpio_in[38] (in)
                                                         gpio_in[38] (net)
                      0.465885    0.000000    0.337565 ^ clkbuf_0_gpio_in[38]/A (sky130_fd_sc_hd__clkbuf_16)
     5    0.068250    0.092165    0.271113    0.608677 ^ clkbuf_0_gpio_in[38]/X (sky130_fd_sc_hd__clkbuf_16)
                                                         clknet_0_gpio_in[38] (net)
                      0.093149    0.007446    0.616124 ^ clkbuf_1_1__f_gpio_in[38]/A (sky130_fd_sc_hd__clkbuf_16)
    19    0.072851    0.091062    0.176969    0.793093 ^ clkbuf_1_1__f_gpio_in[38]/X (sky130_fd_sc_hd__clkbuf_16)
                                                         clknet_1_1__leaf_gpio_in[38] (net)
                      0.096306    0.016875    0.809968 ^ _094_/CLK (sky130_fd_sc_hd__dfrtp_1)
     3    0.007869    0.084399    0.368175    1.178143 ^ _094_/Q (sky130_fd_sc_hd__dfrtp_1)
                                                         gpio_22_37_output[25].cfg.gpio_out_val (net)
                      0.084399    0.000387    1.178530 ^ hold16/A (sky130_fd_sc_hd__dlygate4sd3_1)
     1    0.006411    0.084460    0.575118    1.753648 ^ hold16/X (sky130_fd_sc_hd__dlygate4sd3_1)
                                                         net591 (net)
                      0.084460    0.000463    1.754110 ^ _060_/A1 (sky130_fd_sc_hd__o21ba_1)
     1    0.004897    0.060806    0.147332    1.901443 ^ _060_/X (sky130_fd_sc_hd__o21ba_1)
                                                         _017_ (net)
                      0.060807    0.000340    1.901782 ^ hold17/A (sky130_fd_sc_hd__dlygate4sd3_1)
     1    0.002878    0.053559    0.540407    2.442189 ^ hold17/X (sky130_fd_sc_hd__dlygate4sd3_1)
                                                         net592 (net)
                      0.053559    0.000195    2.442384 ^ _094_/D (sky130_fd_sc_hd__dfrtp_1)
                                              2.442384   data arrival time

                                  0.000000    0.000000   clock gpio_in[38] (rise edge)
                                  0.000000    0.000000   clock source latency
     2    0.100454    0.457024    0.337565    0.337565 ^ gpio_in[38] (in)
                                                         gpio_in[38] (net)
                      0.465885    0.000000    0.337565 ^ clkbuf_0_gpio_in[38]/A (sky130_fd_sc_hd__clkbuf_16)
     5    0.068250    0.092165    0.271113    0.608677 ^ clkbuf_0_gpio_in[38]/X (sky130_fd_sc_hd__clkbuf_16)
                                                         clknet_0_gpio_in[38] (net)
                      0.093149    0.007446    0.616124 ^ clkbuf_1_1__f_gpio_in[38]/A (sky130_fd_sc_hd__clkbuf_16)
    19    0.072851    0.091062    0.176969    0.793093 ^ clkbuf_1_1__f_gpio_in[38]/X (sky130_fd_sc_hd__clkbuf_16)
                                                         clknet_1_1__leaf_gpio_in[38] (net)
                      0.096306    0.016875    0.809968 ^ _094_/CLK (sky130_fd_sc_hd__dfrtp_1)
                                  0.250000    1.059968   clock uncertainty
                                  0.000000    1.059968   clock reconvergence pessimism
                                 -0.029537    1.030431   library hold time
                                              1.030431   data required time
---------------------------------------------------------------------------------------------
                                              1.030431   data required time
                                             -2.442384   data arrival time
---------------------------------------------------------------------------------------------
                                              1.411952   slack (MET)


Startpoint: _089_ (rising edge-triggered flip-flop clocked by gpio_in[38])
Endpoint: _089_ (rising edge-triggered flip-flop clocked by gpio_in[38])
Path Group: gpio_in[38]
Path Type: min

Fanout         Cap        Slew       Delay        Time   Description
---------------------------------------------------------------------------------------------
                                  0.000000    0.000000   clock gpio_in[38] (rise edge)
                                  0.000000    0.000000   clock source latency
     2    0.100454    0.457024    0.337565    0.337565 ^ gpio_in[38] (in)
                                                         gpio_in[38] (net)
                      0.465885    0.000000    0.337565 ^ clkbuf_0_gpio_in[38]/A (sky130_fd_sc_hd__clkbuf_16)
     5    0.068250    0.092165    0.271113    0.608677 ^ clkbuf_0_gpio_in[38]/X (sky130_fd_sc_hd__clkbuf_16)
                                                         clknet_0_gpio_in[38] (net)
                      0.093194    0.007623    0.616300 ^ clkbuf_1_0__f_gpio_in[38]/A (sky130_fd_sc_hd__clkbuf_16)
    25    0.085726    0.104052    0.180229    0.796529 ^ clkbuf_1_0__f_gpio_in[38]/X (sky130_fd_sc_hd__clkbuf_16)
                                                         clknet_1_0__leaf_gpio_in[38] (net)
                      0.114932    0.025669    0.822198 ^ _089_/CLK (sky130_fd_sc_hd__dfrtp_1)
     3    0.008781    0.091190    0.381219    1.203417 ^ _089_/Q (sky130_fd_sc_hd__dfrtp_1)
                                                         gpio_18_21_bidir[20].cfg.gpio_out_val (net)
                      0.091191    0.000449    1.203866 ^ hold23/A (sky130_fd_sc_hd__dlygate4sd3_1)
     3    0.014300    0.155469    0.633096    1.836962 ^ hold23/X (sky130_fd_sc_hd__dlygate4sd3_1)
                                                         net598 (net)
                      0.155469    0.000539    1.837501 ^ _048_/A (sky130_fd_sc_hd__xnor2_1)
     1    0.002482    0.035102    0.088467    1.925967 v _048_/Y (sky130_fd_sc_hd__xnor2_1)
                                                         _012_ (net)
                      0.035102    0.000100    1.926068 v hold24/A (sky130_fd_sc_hd__dlygate4sd3_1)
     1    0.002879    0.053564    0.544996    2.471064 v hold24/X (sky130_fd_sc_hd__dlygate4sd3_1)
                                                         net599 (net)
                      0.053564    0.000193    2.471256 v _089_/D (sky130_fd_sc_hd__dfrtp_1)
                                              2.471256   data arrival time

                                  0.000000    0.000000   clock gpio_in[38] (rise edge)
                                  0.000000    0.000000   clock source latency
     2    0.100454    0.457024    0.337565    0.337565 ^ gpio_in[38] (in)
                                                         gpio_in[38] (net)
                      0.465885    0.000000    0.337565 ^ clkbuf_0_gpio_in[38]/A (sky130_fd_sc_hd__clkbuf_16)
     5    0.068250    0.092165    0.271113    0.608677 ^ clkbuf_0_gpio_in[38]/X (sky130_fd_sc_hd__clkbuf_16)
                                                         clknet_0_gpio_in[38] (net)
                      0.093194    0.007623    0.616300 ^ clkbuf_1_0__f_gpio_in[38]/A (sky130_fd_sc_hd__clkbuf_16)
    25    0.085726    0.104052    0.180229    0.796529 ^ clkbuf_1_0__f_gpio_in[38]/X (sky130_fd_sc_hd__clkbuf_16)
                                                         clknet_1_0__leaf_gpio_in[38] (net)
                      0.114932    0.025669    0.822198 ^ _089_/CLK (sky130_fd_sc_hd__dfrtp_1)
                                  0.250000    1.072198   clock uncertainty
                                  0.000000    1.072198   clock reconvergence pessimism
                                 -0.033307    1.038891   library hold time
                                              1.038891   data required time
---------------------------------------------------------------------------------------------
                                              1.038891   data required time
                                             -2.471256   data arrival time
---------------------------------------------------------------------------------------------
                                              1.432366   slack (MET)


Startpoint: _088_ (rising edge-triggered flip-flop clocked by gpio_in[38])
Endpoint: _090_ (rising edge-triggered flip-flop clocked by gpio_in[38])
Path Group: gpio_in[38]
Path Type: min

Fanout         Cap        Slew       Delay        Time   Description
---------------------------------------------------------------------------------------------
                                  0.000000    0.000000   clock gpio_in[38] (rise edge)
                                  0.000000    0.000000   clock source latency
     2    0.100454    0.457024    0.337565    0.337565 ^ gpio_in[38] (in)
                                                         gpio_in[38] (net)
                      0.465885    0.000000    0.337565 ^ clkbuf_0_gpio_in[38]/A (sky130_fd_sc_hd__clkbuf_16)
     5    0.068250    0.092165    0.271113    0.608677 ^ clkbuf_0_gpio_in[38]/X (sky130_fd_sc_hd__clkbuf_16)
                                                         clknet_0_gpio_in[38] (net)
                      0.093194    0.007623    0.616300 ^ clkbuf_1_0__f_gpio_in[38]/A (sky130_fd_sc_hd__clkbuf_16)
    25    0.085726    0.104052    0.180229    0.796529 ^ clkbuf_1_0__f_gpio_in[38]/X (sky130_fd_sc_hd__clkbuf_16)
                                                         clknet_1_0__leaf_gpio_in[38] (net)
                      0.113935    0.024432    0.820961 ^ _088_/CLK (sky130_fd_sc_hd__dfrtp_1)
     5    0.014165    0.134497    0.413604    1.234565 ^ _088_/Q (sky130_fd_sc_hd__dfrtp_1)
                                                         gpio_18_21_bidir[19].cfg.gpio_out_val (net)
                      0.134500    0.000849    1.235414 ^ _050_/A2 (sky130_fd_sc_hd__a31o_1)
     1    0.001863    0.033816    0.146806    1.382220 ^ _050_/X (sky130_fd_sc_hd__a31o_1)
                                                         _023_ (net)
                      0.033816    0.000086    1.382306 ^ hold32/A (sky130_fd_sc_hd__dlygate4sd3_1)
     1    0.004337    0.066398    0.543926    1.926233 ^ hold32/X (sky130_fd_sc_hd__dlygate4sd3_1)
                                                         net607 (net)
                      0.066398    0.000313    1.926546 ^ _051_/B (sky130_fd_sc_hd__and2b_1)
     1    0.003020    0.043086    0.120083    2.046628 ^ _051_/X (sky130_fd_sc_hd__and2b_1)
                                                         _013_ (net)
                      0.043087    0.000214    2.046843 ^ hold33/A (sky130_fd_sc_hd__dlygate4sd3_1)
     1    0.003142    0.055850    0.537399    2.584241 ^ hold33/X (sky130_fd_sc_hd__dlygate4sd3_1)
                                                         net608 (net)
                      0.055850    0.000206    2.584447 ^ _090_/D (sky130_fd_sc_hd__dfrtp_1)
                                              2.584447   data arrival time

                                  0.000000    0.000000   clock gpio_in[38] (rise edge)
                                  0.000000    0.000000   clock source latency
     2    0.100454    0.457024    0.337565    0.337565 ^ gpio_in[38] (in)
                                                         gpio_in[38] (net)
                      0.465885    0.000000    0.337565 ^ clkbuf_0_gpio_in[38]/A (sky130_fd_sc_hd__clkbuf_16)
     5    0.068250    0.092165    0.271113    0.608677 ^ clkbuf_0_gpio_in[38]/X (sky130_fd_sc_hd__clkbuf_16)
                                                         clknet_0_gpio_in[38] (net)
                      0.093194    0.007623    0.616300 ^ clkbuf_1_0__f_gpio_in[38]/A (sky130_fd_sc_hd__clkbuf_16)
    25    0.085726    0.104052    0.180229    0.796529 ^ clkbuf_1_0__f_gpio_in[38]/X (sky130_fd_sc_hd__clkbuf_16)
                                                         clknet_1_0__leaf_gpio_in[38] (net)
                      0.114221    0.024792    0.821321 ^ _090_/CLK (sky130_fd_sc_hd__dfrtp_1)
                                  0.250000    1.071321   clock uncertainty
                                  0.000000    1.071321   clock reconvergence pessimism
                                 -0.027561    1.043761   library hold time
                                              1.043761   data required time
---------------------------------------------------------------------------------------------
                                              1.043761   data required time
                                             -2.584447   data arrival time
---------------------------------------------------------------------------------------------
                                              1.540686   slack (MET)


Startpoint: resetb_l (input port clocked by gpio_in[38])
Endpoint: _105_ (removal check against rising-edge clock gpio_in[38])
Path Group: asynchronous
Path Type: min

Fanout         Cap        Slew       Delay        Time   Description
---------------------------------------------------------------------------------------------
                                  0.000000    0.000000   clock gpio_in[38] (rise edge)
                                  0.000000    0.000000   clock network delay (propagated)
                                  5.000000    5.000000 ^ input external delay
     2    0.009152    0.047669    0.031389    5.031389 ^ resetb_l (in)
                                                         resetb_l (net)
                      0.047674    0.000000    5.031389 ^ input2/A (sky130_fd_sc_hd__buf_8)
    11    0.139992    0.217581    0.196445    5.227834 ^ input2/X (sky130_fd_sc_hd__buf_8)
                                                         net2 (net)
                      0.268598    0.079448    5.307281 ^ _105_/RESET_B (sky130_fd_sc_hd__dfrtp_1)
                                              5.307281   data arrival time

                                  0.000000    0.000000   clock gpio_in[38] (rise edge)
                                  0.000000    0.000000   clock source latency
     2    0.100454    0.457024    0.337565    0.337565 ^ gpio_in[38] (in)
                                                         gpio_in[38] (net)
                      0.465885    0.000000    0.337565 ^ clkbuf_0_gpio_in[38]/A (sky130_fd_sc_hd__clkbuf_16)
     5    0.068250    0.092165    0.271113    0.608677 ^ clkbuf_0_gpio_in[38]/X (sky130_fd_sc_hd__clkbuf_16)
                                                         clknet_0_gpio_in[38] (net)
                      0.093149    0.007446    0.616124 ^ clkbuf_1_1__f_gpio_in[38]/A (sky130_fd_sc_hd__clkbuf_16)
    19    0.072851    0.091062    0.176969    0.793093 ^ clkbuf_1_1__f_gpio_in[38]/X (sky130_fd_sc_hd__clkbuf_16)
                                                         clknet_1_1__leaf_gpio_in[38] (net)
                      0.095615    0.015673    0.808766 ^ _105_/CLK (sky130_fd_sc_hd__dfrtp_1)
                                  0.250000    1.058766   clock uncertainty
                                  0.000000    1.058766   clock reconvergence pessimism
                                  0.395505    1.454271   library removal time
                                              1.454271   data required time
---------------------------------------------------------------------------------------------
                                              1.454271   data required time
                                             -5.307281   data arrival time
---------------------------------------------------------------------------------------------
                                              3.853010   slack (MET)


Startpoint: resetb_l (input port clocked by gpio_in[38])
Endpoint: _103_ (removal check against rising-edge clock gpio_in[38])
Path Group: asynchronous
Path Type: min

Fanout         Cap        Slew       Delay        Time   Description
---------------------------------------------------------------------------------------------
                                  0.000000    0.000000   clock gpio_in[38] (rise edge)
                                  0.000000    0.000000   clock network delay (propagated)
                                  5.000000    5.000000 ^ input external delay
     2    0.009152    0.047669    0.031389    5.031389 ^ resetb_l (in)
                                                         resetb_l (net)
                      0.047674    0.000000    5.031389 ^ input2/A (sky130_fd_sc_hd__buf_8)
    11    0.139992    0.217581    0.196445    5.227834 ^ input2/X (sky130_fd_sc_hd__buf_8)
                                                         net2 (net)
                      0.268950    0.079769    5.307602 ^ _103_/RESET_B (sky130_fd_sc_hd__dfrtp_1)
                                              5.307602   data arrival time

                                  0.000000    0.000000   clock gpio_in[38] (rise edge)
                                  0.000000    0.000000   clock source latency
     2    0.100454    0.457024    0.337565    0.337565 ^ gpio_in[38] (in)
                                                         gpio_in[38] (net)
                      0.465885    0.000000    0.337565 ^ clkbuf_0_gpio_in[38]/A (sky130_fd_sc_hd__clkbuf_16)
     5    0.068250    0.092165    0.271113    0.608677 ^ clkbuf_0_gpio_in[38]/X (sky130_fd_sc_hd__clkbuf_16)
                                                         clknet_0_gpio_in[38] (net)
                      0.093149    0.007446    0.616124 ^ clkbuf_1_1__f_gpio_in[38]/A (sky130_fd_sc_hd__clkbuf_16)
    19    0.072851    0.091062    0.176969    0.793093 ^ clkbuf_1_1__f_gpio_in[38]/X (sky130_fd_sc_hd__clkbuf_16)
                                                         clknet_1_1__leaf_gpio_in[38] (net)
                      0.095595    0.015639    0.808731 ^ _103_/CLK (sky130_fd_sc_hd__dfrtp_1)
                                  0.250000    1.058731   clock uncertainty
                                  0.000000    1.058731   clock reconvergence pessimism
                                  0.395596    1.454327   library removal time
                                              1.454327   data required time
---------------------------------------------------------------------------------------------
                                              1.454327   data required time
                                             -5.307602   data arrival time
---------------------------------------------------------------------------------------------
                                              3.853275   slack (MET)


Startpoint: resetb_l (input port clocked by gpio_in[38])
Endpoint: _104_ (removal check against rising-edge clock gpio_in[38])
Path Group: asynchronous
Path Type: min

Fanout         Cap        Slew       Delay        Time   Description
---------------------------------------------------------------------------------------------
                                  0.000000    0.000000   clock gpio_in[38] (rise edge)
                                  0.000000    0.000000   clock network delay (propagated)
                                  5.000000    5.000000 ^ input external delay
     2    0.009152    0.047669    0.031389    5.031389 ^ resetb_l (in)
                                                         resetb_l (net)
                      0.047674    0.000000    5.031389 ^ input2/A (sky130_fd_sc_hd__buf_8)
    11    0.139992    0.217581    0.196445    5.227834 ^ input2/X (sky130_fd_sc_hd__buf_8)
                                                         net2 (net)
                      0.269027    0.079839    5.307673 ^ _104_/RESET_B (sky130_fd_sc_hd__dfrtp_1)
                                              5.307673   data arrival time

                                  0.000000    0.000000   clock gpio_in[38] (rise edge)
                                  0.000000    0.000000   clock source latency
     2    0.100454    0.457024    0.337565    0.337565 ^ gpio_in[38] (in)
                                                         gpio_in[38] (net)
                      0.465885    0.000000    0.337565 ^ clkbuf_0_gpio_in[38]/A (sky130_fd_sc_hd__clkbuf_16)
     5    0.068250    0.092165    0.271113    0.608677 ^ clkbuf_0_gpio_in[38]/X (sky130_fd_sc_hd__clkbuf_16)
                                                         clknet_0_gpio_in[38] (net)
                      0.093149    0.007446    0.616124 ^ clkbuf_1_1__f_gpio_in[38]/A (sky130_fd_sc_hd__clkbuf_16)
    19    0.072851    0.091062    0.176969    0.793093 ^ clkbuf_1_1__f_gpio_in[38]/X (sky130_fd_sc_hd__clkbuf_16)
                                                         clknet_1_1__leaf_gpio_in[38] (net)
                      0.095605    0.015656    0.808749 ^ _104_/CLK (sky130_fd_sc_hd__dfrtp_1)
                                  0.250000    1.058749   clock uncertainty
                                  0.000000    1.058749   clock reconvergence pessimism
                                  0.395620    1.454369   library removal time
                                              1.454369   data required time
---------------------------------------------------------------------------------------------
                                              1.454369   data required time
                                             -5.307673   data arrival time
---------------------------------------------------------------------------------------------
                                              3.853304   slack (MET)


Startpoint: resetb_l (input port clocked by gpio_in[38])
Endpoint: _106_ (removal check against rising-edge clock gpio_in[38])
Path Group: asynchronous
Path Type: min

Fanout         Cap        Slew       Delay        Time   Description
---------------------------------------------------------------------------------------------
                                  0.000000    0.000000   clock gpio_in[38] (rise edge)
                                  0.000000    0.000000   clock network delay (propagated)
                                  5.000000    5.000000 ^ input external delay
     2    0.009152    0.047669    0.031389    5.031389 ^ resetb_l (in)
                                                         resetb_l (net)
                      0.047674    0.000000    5.031389 ^ input2/A (sky130_fd_sc_hd__buf_8)
    11    0.139992    0.217581    0.196445    5.227834 ^ input2/X (sky130_fd_sc_hd__buf_8)
                                                         net2 (net)
                      0.269060    0.079869    5.307703 ^ _106_/RESET_B (sky130_fd_sc_hd__dfrtp_1)
                                              5.307703   data arrival time

                                  0.000000    0.000000   clock gpio_in[38] (rise edge)
                                  0.000000    0.000000   clock source latency
     2    0.100454    0.457024    0.337565    0.337565 ^ gpio_in[38] (in)
                                                         gpio_in[38] (net)
                      0.465885    0.000000    0.337565 ^ clkbuf_0_gpio_in[38]/A (sky130_fd_sc_hd__clkbuf_16)
     5    0.068250    0.092165    0.271113    0.608677 ^ clkbuf_0_gpio_in[38]/X (sky130_fd_sc_hd__clkbuf_16)
                                                         clknet_0_gpio_in[38] (net)
                      0.093149    0.007446    0.616124 ^ clkbuf_1_1__f_gpio_in[38]/A (sky130_fd_sc_hd__clkbuf_16)
    19    0.072851    0.091062    0.176969    0.793093 ^ clkbuf_1_1__f_gpio_in[38]/X (sky130_fd_sc_hd__clkbuf_16)
                                                         clknet_1_1__leaf_gpio_in[38] (net)
                      0.095608    0.015662    0.808755 ^ _106_/CLK (sky130_fd_sc_hd__dfrtp_1)
                                  0.250000    1.058755   clock uncertainty
                                  0.000000    1.058755   clock reconvergence pessimism
                                  0.395630    1.454384   library removal time
                                              1.454384   data required time
---------------------------------------------------------------------------------------------
                                              1.454384   data required time
                                             -5.307703   data arrival time
---------------------------------------------------------------------------------------------
                                              3.853319   slack (MET)


Startpoint: resetb_l (input port clocked by gpio_in[38])
Endpoint: _101_ (removal check against rising-edge clock gpio_in[38])
Path Group: asynchronous
Path Type: min

Fanout         Cap        Slew       Delay        Time   Description
---------------------------------------------------------------------------------------------
                                  0.000000    0.000000   clock gpio_in[38] (rise edge)
                                  0.000000    0.000000   clock network delay (propagated)
                                  5.000000    5.000000 ^ input external delay
     2    0.009152    0.047669    0.031389    5.031389 ^ resetb_l (in)
                                                         resetb_l (net)
                      0.047674    0.000000    5.031389 ^ input2/A (sky130_fd_sc_hd__buf_8)
    11    0.139992    0.217581    0.196445    5.227834 ^ input2/X (sky130_fd_sc_hd__buf_8)
                                                         net2 (net)
                      0.217658    0.003762    5.231596 ^ fanout31/A (sky130_fd_sc_hd__clkbuf_16)
    33    0.199344    0.199161    0.273464    5.505060 ^ fanout31/X (sky130_fd_sc_hd__clkbuf_16)
                                                         net31 (net)
                      0.199591    0.008240    5.513300 ^ _101_/RESET_B (sky130_fd_sc_hd__dfrtp_1)
                                              5.513300   data arrival time

                                  0.000000    0.000000   clock gpio_in[38] (rise edge)
                                  0.000000    0.000000   clock source latency
     2    0.100454    0.457024    0.337565    0.337565 ^ gpio_in[38] (in)
                                                         gpio_in[38] (net)
                      0.465885    0.000000    0.337565 ^ clkbuf_0_gpio_in[38]/A (sky130_fd_sc_hd__clkbuf_16)
     5    0.068250    0.092165    0.271113    0.608677 ^ clkbuf_0_gpio_in[38]/X (sky130_fd_sc_hd__clkbuf_16)
                                                         clknet_0_gpio_in[38] (net)
                      0.093194    0.007623    0.616300 ^ clkbuf_1_0__f_gpio_in[38]/A (sky130_fd_sc_hd__clkbuf_16)
    25    0.085726    0.104052    0.180229    0.796529 ^ clkbuf_1_0__f_gpio_in[38]/X (sky130_fd_sc_hd__clkbuf_16)
                                                         clknet_1_0__leaf_gpio_in[38] (net)
                      0.115522    0.026379    0.822908 ^ _101_/CLK (sky130_fd_sc_hd__dfrtp_1)
                                  0.250000    1.072908   clock uncertainty
                                  0.000000    1.072908   clock reconvergence pessimism
                                  0.381948    1.454856   library removal time
                                              1.454856   data required time
---------------------------------------------------------------------------------------------
                                              1.454856   data required time
                                             -5.513300   data arrival time
---------------------------------------------------------------------------------------------
                                              4.058444   slack (MET)


Startpoint: resetb_l (input port clocked by gpio_in[38])
Endpoint: _102_ (removal check against rising-edge clock gpio_in[38])
Path Group: asynchronous
Path Type: min

Fanout         Cap        Slew       Delay        Time   Description
---------------------------------------------------------------------------------------------
                                  0.000000    0.000000   clock gpio_in[38] (rise edge)
                                  0.000000    0.000000   clock network delay (propagated)
                                  5.000000    5.000000 ^ input external delay
     2    0.009152    0.047669    0.031389    5.031389 ^ resetb_l (in)
                                                         resetb_l (net)
                      0.047674    0.000000    5.031389 ^ input2/A (sky130_fd_sc_hd__buf_8)
    11    0.139992    0.217581    0.196445    5.227834 ^ input2/X (sky130_fd_sc_hd__buf_8)
                                                         net2 (net)
                      0.217658    0.003762    5.231596 ^ fanout31/A (sky130_fd_sc_hd__clkbuf_16)
    33    0.199344    0.199161    0.273464    5.505060 ^ fanout31/X (sky130_fd_sc_hd__clkbuf_16)
                                                         net31 (net)
                      0.199647    0.008696    5.513756 ^ _102_/RESET_B (sky130_fd_sc_hd__dfrtp_1)
                                              5.513756   data arrival time

                                  0.000000    0.000000   clock gpio_in[38] (rise edge)
                                  0.000000    0.000000   clock source latency
     2    0.100454    0.457024    0.337565    0.337565 ^ gpio_in[38] (in)
                                                         gpio_in[38] (net)
                      0.465885    0.000000    0.337565 ^ clkbuf_0_gpio_in[38]/A (sky130_fd_sc_hd__clkbuf_16)
     5    0.068250    0.092165    0.271113    0.608677 ^ clkbuf_0_gpio_in[38]/X (sky130_fd_sc_hd__clkbuf_16)
                                                         clknet_0_gpio_in[38] (net)
                      0.093194    0.007623    0.616300 ^ clkbuf_1_0__f_gpio_in[38]/A (sky130_fd_sc_hd__clkbuf_16)
    25    0.085726    0.104052    0.180229    0.796529 ^ clkbuf_1_0__f_gpio_in[38]/X (sky130_fd_sc_hd__clkbuf_16)
                                                         clknet_1_0__leaf_gpio_in[38] (net)
                      0.115395    0.026227    0.822756 ^ _102_/CLK (sky130_fd_sc_hd__dfrtp_1)
                                  0.250000    1.072756   clock uncertainty
                                  0.000000    1.072756   clock reconvergence pessimism
                                  0.381929    1.454685   library removal time
                                              1.454685   data required time
---------------------------------------------------------------------------------------------
                                              1.454685   data required time
                                             -5.513756   data arrival time
---------------------------------------------------------------------------------------------
                                              4.059071   slack (MET)


Startpoint: resetb_l (input port clocked by gpio_in[38])
Endpoint: _100_ (removal check against rising-edge clock gpio_in[38])
Path Group: asynchronous
Path Type: min

Fanout         Cap        Slew       Delay        Time   Description
---------------------------------------------------------------------------------------------
                                  0.000000    0.000000   clock gpio_in[38] (rise edge)
                                  0.000000    0.000000   clock network delay (propagated)
                                  5.000000    5.000000 ^ input external delay
     2    0.009152    0.047669    0.031389    5.031389 ^ resetb_l (in)
                                                         resetb_l (net)
                      0.047674    0.000000    5.031389 ^ input2/A (sky130_fd_sc_hd__buf_8)
    11    0.139992    0.217581    0.196445    5.227834 ^ input2/X (sky130_fd_sc_hd__buf_8)
                                                         net2 (net)
                      0.217658    0.003762    5.231596 ^ fanout31/A (sky130_fd_sc_hd__clkbuf_16)
    33    0.199344    0.199161    0.273464    5.505060 ^ fanout31/X (sky130_fd_sc_hd__clkbuf_16)
                                                         net31 (net)
                      0.200130    0.011680    5.516740 ^ _100_/RESET_B (sky130_fd_sc_hd__dfrtp_1)
                                              5.516740   data arrival time

                                  0.000000    0.000000   clock gpio_in[38] (rise edge)
                                  0.000000    0.000000   clock source latency
     2    0.100454    0.457024    0.337565    0.337565 ^ gpio_in[38] (in)
                                                         gpio_in[38] (net)
                      0.465885    0.000000    0.337565 ^ clkbuf_0_gpio_in[38]/A (sky130_fd_sc_hd__clkbuf_16)
     5    0.068250    0.092165    0.271113    0.608677 ^ clkbuf_0_gpio_in[38]/X (sky130_fd_sc_hd__clkbuf_16)
                                                         clknet_0_gpio_in[38] (net)
                      0.093194    0.007623    0.616300 ^ clkbuf_1_0__f_gpio_in[38]/A (sky130_fd_sc_hd__clkbuf_16)
    25    0.085726    0.104052    0.180229    0.796529 ^ clkbuf_1_0__f_gpio_in[38]/X (sky130_fd_sc_hd__clkbuf_16)
                                                         clknet_1_0__leaf_gpio_in[38] (net)
                      0.115620    0.026496    0.823025 ^ _100_/CLK (sky130_fd_sc_hd__dfrtp_1)
                                  0.250000    1.073025   clock uncertainty
                                  0.000000    1.073025   clock reconvergence pessimism
                                  0.382123    1.455148   library removal time
                                              1.455148   data required time
---------------------------------------------------------------------------------------------
                                              1.455148   data required time
                                             -5.516740   data arrival time
---------------------------------------------------------------------------------------------
                                              4.061591   slack (MET)


Startpoint: resetb_l (input port clocked by gpio_in[38])
Endpoint: _099_ (removal check against rising-edge clock gpio_in[38])
Path Group: asynchronous
Path Type: min

Fanout         Cap        Slew       Delay        Time   Description
---------------------------------------------------------------------------------------------
                                  0.000000    0.000000   clock gpio_in[38] (rise edge)
                                  0.000000    0.000000   clock network delay (propagated)
                                  5.000000    5.000000 ^ input external delay
     2    0.009152    0.047669    0.031389    5.031389 ^ resetb_l (in)
                                                         resetb_l (net)
                      0.047674    0.000000    5.031389 ^ input2/A (sky130_fd_sc_hd__buf_8)
    11    0.139992    0.217581    0.196445    5.227834 ^ input2/X (sky130_fd_sc_hd__buf_8)
                                                         net2 (net)
                      0.217658    0.003762    5.231596 ^ fanout31/A (sky130_fd_sc_hd__clkbuf_16)
    33    0.199344    0.199161    0.273464    5.505060 ^ fanout31/X (sky130_fd_sc_hd__clkbuf_16)
                                                         net31 (net)
                      0.200400    0.012940    5.518000 ^ _099_/RESET_B (sky130_fd_sc_hd__dfrtp_1)
                                              5.518000   data arrival time

                                  0.000000    0.000000   clock gpio_in[38] (rise edge)
                                  0.000000    0.000000   clock source latency
     2    0.100454    0.457024    0.337565    0.337565 ^ gpio_in[38] (in)
                                                         gpio_in[38] (net)
                      0.465885    0.000000    0.337565 ^ clkbuf_0_gpio_in[38]/A (sky130_fd_sc_hd__clkbuf_16)
     5    0.068250    0.092165    0.271113    0.608677 ^ clkbuf_0_gpio_in[38]/X (sky130_fd_sc_hd__clkbuf_16)
                                                         clknet_0_gpio_in[38] (net)
                      0.093194    0.007623    0.616300 ^ clkbuf_1_0__f_gpio_in[38]/A (sky130_fd_sc_hd__clkbuf_16)
    25    0.085726    0.104052    0.180229    0.796529 ^ clkbuf_1_0__f_gpio_in[38]/X (sky130_fd_sc_hd__clkbuf_16)
                                                         clknet_1_0__leaf_gpio_in[38] (net)
                      0.115337    0.026158    0.822687 ^ _099_/CLK (sky130_fd_sc_hd__dfrtp_1)
                                  0.250000    1.072687   clock uncertainty
                                  0.000000    1.072687   clock reconvergence pessimism
                                  0.382120    1.454807   library removal time
                                              1.454807   data required time
---------------------------------------------------------------------------------------------
                                              1.454807   data required time
                                             -5.518000   data arrival time
---------------------------------------------------------------------------------------------
                                              4.063193   slack (MET)


Startpoint: resetb_l (input port clocked by gpio_in[38])
Endpoint: _089_ (removal check against rising-edge clock gpio_in[38])
Path Group: asynchronous
Path Type: min

Fanout         Cap        Slew       Delay        Time   Description
---------------------------------------------------------------------------------------------
                                  0.000000    0.000000   clock gpio_in[38] (rise edge)
                                  0.000000    0.000000   clock network delay (propagated)
                                  5.000000    5.000000 ^ input external delay
     2    0.009152    0.047669    0.031389    5.031389 ^ resetb_l (in)
                                                         resetb_l (net)
                      0.047674    0.000000    5.031389 ^ input2/A (sky130_fd_sc_hd__buf_8)
    11    0.139992    0.217581    0.196445    5.227834 ^ input2/X (sky130_fd_sc_hd__buf_8)
                                                         net2 (net)
                      0.217658    0.003762    5.231596 ^ fanout31/A (sky130_fd_sc_hd__clkbuf_16)
    33    0.199344    0.199161    0.273464    5.505060 ^ fanout31/X (sky130_fd_sc_hd__clkbuf_16)
                                                         net31 (net)
                      0.202517    0.019619    5.524679 ^ _089_/RESET_B (sky130_fd_sc_hd__dfrtp_1)
                                              5.524679   data arrival time

                                  0.000000    0.000000   clock gpio_in[38] (rise edge)
                                  0.000000    0.000000   clock source latency
     2    0.100454    0.457024    0.337565    0.337565 ^ gpio_in[38] (in)
                                                         gpio_in[38] (net)
                      0.465885    0.000000    0.337565 ^ clkbuf_0_gpio_in[38]/A (sky130_fd_sc_hd__clkbuf_16)
     5    0.068250    0.092165    0.271113    0.608677 ^ clkbuf_0_gpio_in[38]/X (sky130_fd_sc_hd__clkbuf_16)
                                                         clknet_0_gpio_in[38] (net)
                      0.093194    0.007623    0.616300 ^ clkbuf_1_0__f_gpio_in[38]/A (sky130_fd_sc_hd__clkbuf_16)
    25    0.085726    0.104052    0.180229    0.796529 ^ clkbuf_1_0__f_gpio_in[38]/X (sky130_fd_sc_hd__clkbuf_16)
                                                         clknet_1_0__leaf_gpio_in[38] (net)
                      0.114932    0.025669    0.822198 ^ _089_/CLK (sky130_fd_sc_hd__dfrtp_1)
                                  0.250000    1.072198   clock uncertainty
                                  0.000000    1.072198   clock reconvergence pessimism
                                  0.382591    1.454789   library removal time
                                              1.454789   data required time
---------------------------------------------------------------------------------------------
                                              1.454789   data required time
                                             -5.524679   data arrival time
---------------------------------------------------------------------------------------------
                                              4.069890   slack (MET)


Startpoint: resetb_l (input port clocked by gpio_in[38])
Endpoint: _090_ (removal check against rising-edge clock gpio_in[38])
Path Group: asynchronous
Path Type: min

Fanout         Cap        Slew       Delay        Time   Description
---------------------------------------------------------------------------------------------
                                  0.000000    0.000000   clock gpio_in[38] (rise edge)
                                  0.000000    0.000000   clock network delay (propagated)
                                  5.000000    5.000000 ^ input external delay
     2    0.009152    0.047669    0.031389    5.031389 ^ resetb_l (in)
                                                         resetb_l (net)
                      0.047674    0.000000    5.031389 ^ input2/A (sky130_fd_sc_hd__buf_8)
    11    0.139992    0.217581    0.196445    5.227834 ^ input2/X (sky130_fd_sc_hd__buf_8)
                                                         net2 (net)
                      0.217658    0.003762    5.231596 ^ fanout31/A (sky130_fd_sc_hd__clkbuf_16)
    33    0.199344    0.199161    0.273464    5.505060 ^ fanout31/X (sky130_fd_sc_hd__clkbuf_16)
                                                         net31 (net)
                      0.204170    0.023327    5.528387 ^ _090_/RESET_B (sky130_fd_sc_hd__dfrtp_1)
                                              5.528387   data arrival time

                                  0.000000    0.000000   clock gpio_in[38] (rise edge)
                                  0.000000    0.000000   clock source latency
     2    0.100454    0.457024    0.337565    0.337565 ^ gpio_in[38] (in)
                                                         gpio_in[38] (net)
                      0.465885    0.000000    0.337565 ^ clkbuf_0_gpio_in[38]/A (sky130_fd_sc_hd__clkbuf_16)
     5    0.068250    0.092165    0.271113    0.608677 ^ clkbuf_0_gpio_in[38]/X (sky130_fd_sc_hd__clkbuf_16)
                                                         clknet_0_gpio_in[38] (net)
                      0.093194    0.007623    0.616300 ^ clkbuf_1_0__f_gpio_in[38]/A (sky130_fd_sc_hd__clkbuf_16)
    25    0.085726    0.104052    0.180229    0.796529 ^ clkbuf_1_0__f_gpio_in[38]/X (sky130_fd_sc_hd__clkbuf_16)
                                                         clknet_1_0__leaf_gpio_in[38] (net)
                      0.114221    0.024792    0.821321 ^ _090_/CLK (sky130_fd_sc_hd__dfrtp_1)
                                  0.250000    1.071321   clock uncertainty
                                  0.000000    1.071321   clock reconvergence pessimism
                                  0.382853    1.454174   library removal time
                                              1.454174   data required time
---------------------------------------------------------------------------------------------
                                              1.454174   data required time
                                             -5.528387   data arrival time
---------------------------------------------------------------------------------------------
                                              4.074213   slack (MET)


Startpoint: resetb_l (input port clocked by gpio_in[38])
Endpoint: _088_ (removal check against rising-edge clock gpio_in[38])
Path Group: asynchronous
Path Type: min

Fanout         Cap        Slew       Delay        Time   Description
---------------------------------------------------------------------------------------------
                                  0.000000    0.000000   clock gpio_in[38] (rise edge)
                                  0.000000    0.000000   clock network delay (propagated)
                                  5.000000    5.000000 ^ input external delay
     2    0.009152    0.047669    0.031389    5.031389 ^ resetb_l (in)
                                                         resetb_l (net)
                      0.047674    0.000000    5.031389 ^ input2/A (sky130_fd_sc_hd__buf_8)
    11    0.139992    0.217581    0.196445    5.227834 ^ input2/X (sky130_fd_sc_hd__buf_8)
                                                         net2 (net)
                      0.217658    0.003762    5.231596 ^ fanout31/A (sky130_fd_sc_hd__clkbuf_16)
    33    0.199344    0.199161    0.273464    5.505060 ^ fanout31/X (sky130_fd_sc_hd__clkbuf_16)
                                                         net31 (net)
                      0.207093    0.028678    5.533738 ^ _088_/RESET_B (sky130_fd_sc_hd__dfrtp_1)
                                              5.533738   data arrival time

                                  0.000000    0.000000   clock gpio_in[38] (rise edge)
                                  0.000000    0.000000   clock source latency
     2    0.100454    0.457024    0.337565    0.337565 ^ gpio_in[38] (in)
                                                         gpio_in[38] (net)
                      0.465885    0.000000    0.337565 ^ clkbuf_0_gpio_in[38]/A (sky130_fd_sc_hd__clkbuf_16)
     5    0.068250    0.092165    0.271113    0.608677 ^ clkbuf_0_gpio_in[38]/X (sky130_fd_sc_hd__clkbuf_16)
                                                         clknet_0_gpio_in[38] (net)
                      0.093194    0.007623    0.616300 ^ clkbuf_1_0__f_gpio_in[38]/A (sky130_fd_sc_hd__clkbuf_16)
    25    0.085726    0.104052    0.180229    0.796529 ^ clkbuf_1_0__f_gpio_in[38]/X (sky130_fd_sc_hd__clkbuf_16)
                                                         clknet_1_0__leaf_gpio_in[38] (net)
                      0.113935    0.024432    0.820961 ^ _088_/CLK (sky130_fd_sc_hd__dfrtp_1)
                                  0.250000    1.070961   clock uncertainty
                                  0.000000    1.070961   clock reconvergence pessimism
                                  0.383578    1.454539   library removal time
                                              1.454539   data required time
---------------------------------------------------------------------------------------------
                                              1.454539   data required time
                                             -5.533738   data arrival time
---------------------------------------------------------------------------------------------
                                              4.079199   slack (MET)


Startpoint: resetb_l (input port clocked by gpio_in[38])
Endpoint: _087_ (removal check against rising-edge clock gpio_in[38])
Path Group: asynchronous
Path Type: min

Fanout         Cap        Slew       Delay        Time   Description
---------------------------------------------------------------------------------------------
                                  0.000000    0.000000   clock gpio_in[38] (rise edge)
                                  0.000000    0.000000   clock network delay (propagated)
                                  5.000000    5.000000 ^ input external delay
     2    0.009152    0.047669    0.031389    5.031389 ^ resetb_l (in)
                                                         resetb_l (net)
                      0.047674    0.000000    5.031389 ^ input2/A (sky130_fd_sc_hd__buf_8)
    11    0.139992    0.217581    0.196445    5.227834 ^ input2/X (sky130_fd_sc_hd__buf_8)
                                                         net2 (net)
                      0.217658    0.003762    5.231596 ^ fanout31/A (sky130_fd_sc_hd__clkbuf_16)
    33    0.199344    0.199161    0.273464    5.505060 ^ fanout31/X (sky130_fd_sc_hd__clkbuf_16)
                                                         net31 (net)
                      0.208876    0.031512    5.536572 ^ _087_/RESET_B (sky130_fd_sc_hd__dfrtp_2)
                                              5.536572   data arrival time

                                  0.000000    0.000000   clock gpio_in[38] (rise edge)
                                  0.000000    0.000000   clock source latency
     2    0.100454    0.457024    0.337565    0.337565 ^ gpio_in[38] (in)
                                                         gpio_in[38] (net)
                      0.465885    0.000000    0.337565 ^ clkbuf_0_gpio_in[38]/A (sky130_fd_sc_hd__clkbuf_16)
     5    0.068250    0.092165    0.271113    0.608677 ^ clkbuf_0_gpio_in[38]/X (sky130_fd_sc_hd__clkbuf_16)
                                                         clknet_0_gpio_in[38] (net)
                      0.093194    0.007623    0.616300 ^ clkbuf_1_0__f_gpio_in[38]/A (sky130_fd_sc_hd__clkbuf_16)
    25    0.085726    0.104052    0.180229    0.796529 ^ clkbuf_1_0__f_gpio_in[38]/X (sky130_fd_sc_hd__clkbuf_16)
                                                         clknet_1_0__leaf_gpio_in[38] (net)
                      0.113467    0.023833    0.820362 ^ _087_/CLK (sky130_fd_sc_hd__dfrtp_2)
                                  0.250000    1.070362   clock uncertainty
                                  0.000000    1.070362   clock reconvergence pessimism
                                  0.383703    1.454065   library removal time
                                              1.454065   data required time
---------------------------------------------------------------------------------------------
                                              1.454065   data required time
                                             -5.536572   data arrival time
---------------------------------------------------------------------------------------------
                                              4.082507   slack (MET)


Startpoint: resetb_l (input port clocked by gpio_in[38])
Endpoint: _096_ (removal check against rising-edge clock gpio_in[38])
Path Group: asynchronous
Path Type: min

Fanout         Cap        Slew       Delay        Time   Description
---------------------------------------------------------------------------------------------
                                  0.000000    0.000000   clock gpio_in[38] (rise edge)
                                  0.000000    0.000000   clock network delay (propagated)
                                  5.000000    5.000000 ^ input external delay
     2    0.009152    0.047669    0.031389    5.031389 ^ resetb_l (in)
                                                         resetb_l (net)
                      0.047674    0.000000    5.031389 ^ input2/A (sky130_fd_sc_hd__buf_8)
    11    0.139992    0.217581    0.196445    5.227834 ^ input2/X (sky130_fd_sc_hd__buf_8)
                                                         net2 (net)
                      0.217658    0.003762    5.231596 ^ fanout31/A (sky130_fd_sc_hd__clkbuf_16)
    33    0.199344    0.199161    0.273464    5.505060 ^ fanout31/X (sky130_fd_sc_hd__clkbuf_16)
                                                         net31 (net)
                      0.211608    0.035463    5.540523 ^ _096_/RESET_B (sky130_fd_sc_hd__dfrtp_1)
                                              5.540523   data arrival time

                                  0.000000    0.000000   clock gpio_in[38] (rise edge)
                                  0.000000    0.000000   clock source latency
     2    0.100454    0.457024    0.337565    0.337565 ^ gpio_in[38] (in)
                                                         gpio_in[38] (net)
                      0.465885    0.000000    0.337565 ^ clkbuf_0_gpio_in[38]/A (sky130_fd_sc_hd__clkbuf_16)
     5    0.068250    0.092165    0.271113    0.608677 ^ clkbuf_0_gpio_in[38]/X (sky130_fd_sc_hd__clkbuf_16)
                                                         clknet_0_gpio_in[38] (net)
                      0.093194    0.007623    0.616300 ^ clkbuf_1_0__f_gpio_in[38]/A (sky130_fd_sc_hd__clkbuf_16)
    25    0.085726    0.104052    0.180229    0.796529 ^ clkbuf_1_0__f_gpio_in[38]/X (sky130_fd_sc_hd__clkbuf_16)
                                                         clknet_1_0__leaf_gpio_in[38] (net)
                      0.113328    0.023653    0.820182 ^ _096_/CLK (sky130_fd_sc_hd__dfrtp_1)
                                  0.250000    1.070182   clock uncertainty
                                  0.000000    1.070182   clock reconvergence pessimism
                                  0.384654    1.454836   library removal time
                                              1.454836   data required time
---------------------------------------------------------------------------------------------
                                              1.454836   data required time
                                             -5.540523   data arrival time
---------------------------------------------------------------------------------------------
                                              4.085687   slack (MET)


Startpoint: resetb_l (input port clocked by gpio_in[38])
Endpoint: _097_ (removal check against rising-edge clock gpio_in[38])
Path Group: asynchronous
Path Type: min

Fanout         Cap        Slew       Delay        Time   Description
---------------------------------------------------------------------------------------------
                                  0.000000    0.000000   clock gpio_in[38] (rise edge)
                                  0.000000    0.000000   clock network delay (propagated)
                                  5.000000    5.000000 ^ input external delay
     2    0.009152    0.047669    0.031389    5.031389 ^ resetb_l (in)
                                                         resetb_l (net)
                      0.047674    0.000000    5.031389 ^ input2/A (sky130_fd_sc_hd__buf_8)
    11    0.139992    0.217581    0.196445    5.227834 ^ input2/X (sky130_fd_sc_hd__buf_8)
                                                         net2 (net)
                      0.217658    0.003762    5.231596 ^ fanout31/A (sky130_fd_sc_hd__clkbuf_16)
    33    0.199344    0.199161    0.273464    5.505060 ^ fanout31/X (sky130_fd_sc_hd__clkbuf_16)
                                                         net31 (net)
                      0.211711    0.035603    5.540663 ^ _097_/RESET_B (sky130_fd_sc_hd__dfrtp_1)
                                              5.540663   data arrival time

                                  0.000000    0.000000   clock gpio_in[38] (rise edge)
                                  0.000000    0.000000   clock source latency
     2    0.100454    0.457024    0.337565    0.337565 ^ gpio_in[38] (in)
                                                         gpio_in[38] (net)
                      0.465885    0.000000    0.337565 ^ clkbuf_0_gpio_in[38]/A (sky130_fd_sc_hd__clkbuf_16)
     5    0.068250    0.092165    0.271113    0.608677 ^ clkbuf_0_gpio_in[38]/X (sky130_fd_sc_hd__clkbuf_16)
                                                         clknet_0_gpio_in[38] (net)
                      0.093194    0.007623    0.616300 ^ clkbuf_1_0__f_gpio_in[38]/A (sky130_fd_sc_hd__clkbuf_16)
    25    0.085726    0.104052    0.180229    0.796529 ^ clkbuf_1_0__f_gpio_in[38]/X (sky130_fd_sc_hd__clkbuf_16)
                                                         clknet_1_0__leaf_gpio_in[38] (net)
                      0.113281    0.023591    0.820120 ^ _097_/CLK (sky130_fd_sc_hd__dfrtp_1)
                                  0.250000    1.070120   clock uncertainty
                                  0.000000    1.070120   clock reconvergence pessimism
                                  0.384669    1.454789   library removal time
                                              1.454789   data required time
---------------------------------------------------------------------------------------------
                                              1.454789   data required time
                                             -5.540663   data arrival time
---------------------------------------------------------------------------------------------
                                              4.085874   slack (MET)


Startpoint: resetb_l (input port clocked by gpio_in[38])
Endpoint: _098_ (removal check against rising-edge clock gpio_in[38])
Path Group: asynchronous
Path Type: min

Fanout         Cap        Slew       Delay        Time   Description
---------------------------------------------------------------------------------------------
                                  0.000000    0.000000   clock gpio_in[38] (rise edge)
                                  0.000000    0.000000   clock network delay (propagated)
                                  5.000000    5.000000 ^ input external delay
     2    0.009152    0.047669    0.031389    5.031389 ^ resetb_l (in)
                                                         resetb_l (net)
                      0.047674    0.000000    5.031389 ^ input2/A (sky130_fd_sc_hd__buf_8)
    11    0.139992    0.217581    0.196445    5.227834 ^ input2/X (sky130_fd_sc_hd__buf_8)
                                                         net2 (net)
                      0.217658    0.003762    5.231596 ^ fanout31/A (sky130_fd_sc_hd__clkbuf_16)
    33    0.199344    0.199161    0.273464    5.505060 ^ fanout31/X (sky130_fd_sc_hd__clkbuf_16)
                                                         net31 (net)
                      0.211569    0.035409    5.540469 ^ _098_/RESET_B (sky130_fd_sc_hd__dfrtp_1)
                                              5.540469   data arrival time

                                  0.000000    0.000000   clock gpio_in[38] (rise edge)
                                  0.000000    0.000000   clock source latency
     2    0.100454    0.457024    0.337565    0.337565 ^ gpio_in[38] (in)
                                                         gpio_in[38] (net)
                      0.465885    0.000000    0.337565 ^ clkbuf_0_gpio_in[38]/A (sky130_fd_sc_hd__clkbuf_16)
     5    0.068250    0.092165    0.271113    0.608677 ^ clkbuf_0_gpio_in[38]/X (sky130_fd_sc_hd__clkbuf_16)
                                                         clknet_0_gpio_in[38] (net)
                      0.093194    0.007623    0.616300 ^ clkbuf_1_0__f_gpio_in[38]/A (sky130_fd_sc_hd__clkbuf_16)
    25    0.085726    0.104052    0.180229    0.796529 ^ clkbuf_1_0__f_gpio_in[38]/X (sky130_fd_sc_hd__clkbuf_16)
                                                         clknet_1_0__leaf_gpio_in[38] (net)
                      0.112640    0.022744    0.819273 ^ _098_/CLK (sky130_fd_sc_hd__dfrtp_1)
                                  0.250000    1.069273   clock uncertainty
                                  0.000000    1.069273   clock reconvergence pessimism
                                  0.384456    1.453729   library removal time
                                              1.453729   data required time
---------------------------------------------------------------------------------------------
                                              1.453729   data required time
                                             -5.540469   data arrival time
---------------------------------------------------------------------------------------------
                                              4.086740   slack (MET)


Startpoint: resetb_l (input port clocked by gpio_in[38])
Endpoint: _095_ (removal check against rising-edge clock gpio_in[38])
Path Group: asynchronous
Path Type: min

Fanout         Cap        Slew       Delay        Time   Description
---------------------------------------------------------------------------------------------
                                  0.000000    0.000000   clock gpio_in[38] (rise edge)
                                  0.000000    0.000000   clock network delay (propagated)
                                  5.000000    5.000000 ^ input external delay
     2    0.009152    0.047669    0.031389    5.031389 ^ resetb_l (in)
                                                         resetb_l (net)
                      0.047674    0.000000    5.031389 ^ input2/A (sky130_fd_sc_hd__buf_8)
    11    0.139992    0.217581    0.196445    5.227834 ^ input2/X (sky130_fd_sc_hd__buf_8)
                                                         net2 (net)
                      0.217658    0.003762    5.231596 ^ fanout31/A (sky130_fd_sc_hd__clkbuf_16)
    33    0.199344    0.199161    0.273464    5.505060 ^ fanout31/X (sky130_fd_sc_hd__clkbuf_16)
                                                         net31 (net)
                      0.215028    0.040008    5.545069 ^ _095_/RESET_B (sky130_fd_sc_hd__dfrtp_2)
                                              5.545069   data arrival time

                                  0.000000    0.000000   clock gpio_in[38] (rise edge)
                                  0.000000    0.000000   clock source latency
     2    0.100454    0.457024    0.337565    0.337565 ^ gpio_in[38] (in)
                                                         gpio_in[38] (net)
                      0.465885    0.000000    0.337565 ^ clkbuf_0_gpio_in[38]/A (sky130_fd_sc_hd__clkbuf_16)
     5    0.068250    0.092165    0.271113    0.608677 ^ clkbuf_0_gpio_in[38]/X (sky130_fd_sc_hd__clkbuf_16)
                                                         clknet_0_gpio_in[38] (net)
                      0.093194    0.007623    0.616300 ^ clkbuf_1_0__f_gpio_in[38]/A (sky130_fd_sc_hd__clkbuf_16)
    25    0.085726    0.104052    0.180229    0.796529 ^ clkbuf_1_0__f_gpio_in[38]/X (sky130_fd_sc_hd__clkbuf_16)
                                                         clknet_1_0__leaf_gpio_in[38] (net)
                      0.110818    0.020180    0.816709 ^ _095_/CLK (sky130_fd_sc_hd__dfrtp_2)
                                  0.250000    1.066709   clock uncertainty
                                  0.000000    1.066709   clock reconvergence pessimism
                                  0.384652    1.451360   library removal time
                                              1.451360   data required time
---------------------------------------------------------------------------------------------
                                              1.451360   data required time
                                             -5.545069   data arrival time
---------------------------------------------------------------------------------------------
                                              4.093708   slack (MET)


Startpoint: resetb_l (input port clocked by gpio_in[38])
Endpoint: _093_ (removal check against rising-edge clock gpio_in[38])
Path Group: asynchronous
Path Type: min

Fanout         Cap        Slew       Delay        Time   Description
---------------------------------------------------------------------------------------------
                                  0.000000    0.000000   clock gpio_in[38] (rise edge)
                                  0.000000    0.000000   clock network delay (propagated)
                                  5.000000    5.000000 ^ input external delay
     2    0.009152    0.047669    0.031389    5.031389 ^ resetb_l (in)
                                                         resetb_l (net)
                      0.047674    0.000000    5.031389 ^ input2/A (sky130_fd_sc_hd__buf_8)
    11    0.139992    0.217581    0.196445    5.227834 ^ input2/X (sky130_fd_sc_hd__buf_8)
                                                         net2 (net)
                      0.217658    0.003762    5.231596 ^ fanout31/A (sky130_fd_sc_hd__clkbuf_16)
    33    0.199344    0.199161    0.273464    5.505060 ^ fanout31/X (sky130_fd_sc_hd__clkbuf_16)
                                                         net31 (net)
                      0.278689    0.098540    5.603600 ^ _093_/RESET_B (sky130_fd_sc_hd__dfrtp_1)
                                              5.603600   data arrival time

                                  0.000000    0.000000   clock gpio_in[38] (rise edge)
                                  0.000000    0.000000   clock source latency
     2    0.100454    0.457024    0.337565    0.337565 ^ gpio_in[38] (in)
                                                         gpio_in[38] (net)
                      0.465885    0.000000    0.337565 ^ clkbuf_0_gpio_in[38]/A (sky130_fd_sc_hd__clkbuf_16)
     5    0.068250    0.092165    0.271113    0.608677 ^ clkbuf_0_gpio_in[38]/X (sky130_fd_sc_hd__clkbuf_16)
                                                         clknet_0_gpio_in[38] (net)
                      0.093149    0.007446    0.616124 ^ clkbuf_1_1__f_gpio_in[38]/A (sky130_fd_sc_hd__clkbuf_16)
    19    0.072851    0.091062    0.176969    0.793093 ^ clkbuf_1_1__f_gpio_in[38]/X (sky130_fd_sc_hd__clkbuf_16)
                                                         clknet_1_1__leaf_gpio_in[38] (net)
                      0.096432    0.017087    0.810180 ^ _093_/CLK (sky130_fd_sc_hd__dfrtp_1)
                                  0.250000    1.060180   clock uncertainty
                                  0.000000    1.060180   clock reconvergence pessimism
                                  0.398500    1.458680   library removal time
                                              1.458680   data required time
---------------------------------------------------------------------------------------------
                                              1.458680   data required time
                                             -5.603600   data arrival time
---------------------------------------------------------------------------------------------
                                              4.144920   slack (MET)


Startpoint: resetb_l (input port clocked by gpio_in[38])
Endpoint: _091_ (removal check against rising-edge clock gpio_in[38])
Path Group: asynchronous
Path Type: min

Fanout         Cap        Slew       Delay        Time   Description
---------------------------------------------------------------------------------------------
                                  0.000000    0.000000   clock gpio_in[38] (rise edge)
                                  0.000000    0.000000   clock network delay (propagated)
                                  5.000000    5.000000 ^ input external delay
     2    0.009152    0.047669    0.031389    5.031389 ^ resetb_l (in)
                                                         resetb_l (net)
                      0.047674    0.000000    5.031389 ^ input2/A (sky130_fd_sc_hd__buf_8)
    11    0.139992    0.217581    0.196445    5.227834 ^ input2/X (sky130_fd_sc_hd__buf_8)
                                                         net2 (net)
                      0.217658    0.003762    5.231596 ^ fanout31/A (sky130_fd_sc_hd__clkbuf_16)
    33    0.199344    0.199161    0.273464    5.505060 ^ fanout31/X (sky130_fd_sc_hd__clkbuf_16)
                                                         net31 (net)
                      0.279034    0.098818    5.603878 ^ _091_/RESET_B (sky130_fd_sc_hd__dfrtp_1)
                                              5.603878   data arrival time

                                  0.000000    0.000000   clock gpio_in[38] (rise edge)
                                  0.000000    0.000000   clock source latency
     2    0.100454    0.457024    0.337565    0.337565 ^ gpio_in[38] (in)
                                                         gpio_in[38] (net)
                      0.465885    0.000000    0.337565 ^ clkbuf_0_gpio_in[38]/A (sky130_fd_sc_hd__clkbuf_16)
     5    0.068250    0.092165    0.271113    0.608677 ^ clkbuf_0_gpio_in[38]/X (sky130_fd_sc_hd__clkbuf_16)
                                                         clknet_0_gpio_in[38] (net)
                      0.093149    0.007446    0.616124 ^ clkbuf_1_1__f_gpio_in[38]/A (sky130_fd_sc_hd__clkbuf_16)
    19    0.072851    0.091062    0.176969    0.793093 ^ clkbuf_1_1__f_gpio_in[38]/X (sky130_fd_sc_hd__clkbuf_16)
                                                         clknet_1_1__leaf_gpio_in[38] (net)
                      0.096415    0.017059    0.810151 ^ _091_/CLK (sky130_fd_sc_hd__dfrtp_1)
                                  0.250000    1.060151   clock uncertainty
                                  0.000000    1.060151   clock reconvergence pessimism
                                  0.398590    1.458742   library removal time
                                              1.458742   data required time
---------------------------------------------------------------------------------------------
                                              1.458742   data required time
                                             -5.603878   data arrival time
---------------------------------------------------------------------------------------------
                                              4.145136   slack (MET)


Startpoint: resetb_l (input port clocked by gpio_in[38])
Endpoint: _092_ (removal check against rising-edge clock gpio_in[38])
Path Group: asynchronous
Path Type: min

Fanout         Cap        Slew       Delay        Time   Description
---------------------------------------------------------------------------------------------
                                  0.000000    0.000000   clock gpio_in[38] (rise edge)
                                  0.000000    0.000000   clock network delay (propagated)
                                  5.000000    5.000000 ^ input external delay
     2    0.009152    0.047669    0.031389    5.031389 ^ resetb_l (in)
                                                         resetb_l (net)
                      0.047674    0.000000    5.031389 ^ input2/A (sky130_fd_sc_hd__buf_8)
    11    0.139992    0.217581    0.196445    5.227834 ^ input2/X (sky130_fd_sc_hd__buf_8)
                                                         net2 (net)
                      0.217658    0.003762    5.231596 ^ fanout31/A (sky130_fd_sc_hd__clkbuf_16)
    33    0.199344    0.199161    0.273464    5.505060 ^ fanout31/X (sky130_fd_sc_hd__clkbuf_16)
                                                         net31 (net)
                      0.279105    0.098875    5.603935 ^ _092_/RESET_B (sky130_fd_sc_hd__dfrtp_1)
                                              5.603935   data arrival time

                                  0.000000    0.000000   clock gpio_in[38] (rise edge)
                                  0.000000    0.000000   clock source latency
     2    0.100454    0.457024    0.337565    0.337565 ^ gpio_in[38] (in)
                                                         gpio_in[38] (net)
                      0.465885    0.000000    0.337565 ^ clkbuf_0_gpio_in[38]/A (sky130_fd_sc_hd__clkbuf_16)
     5    0.068250    0.092165    0.271113    0.608677 ^ clkbuf_0_gpio_in[38]/X (sky130_fd_sc_hd__clkbuf_16)
                                                         clknet_0_gpio_in[38] (net)
                      0.093149    0.007446    0.616124 ^ clkbuf_1_1__f_gpio_in[38]/A (sky130_fd_sc_hd__clkbuf_16)
    19    0.072851    0.091062    0.176969    0.793093 ^ clkbuf_1_1__f_gpio_in[38]/X (sky130_fd_sc_hd__clkbuf_16)
                                                         clknet_1_1__leaf_gpio_in[38] (net)
                      0.096424    0.017074    0.810167 ^ _092_/CLK (sky130_fd_sc_hd__dfrtp_1)
                                  0.250000    1.060167   clock uncertainty
                                  0.000000    1.060167   clock reconvergence pessimism
                                  0.398612    1.458779   library removal time
                                              1.458779   data required time
---------------------------------------------------------------------------------------------
                                              1.458779   data required time
                                             -5.603935   data arrival time
---------------------------------------------------------------------------------------------
                                              4.145156   slack (MET)


Startpoint: resetb_l (input port clocked by gpio_in[38])
Endpoint: _094_ (removal check against rising-edge clock gpio_in[38])
Path Group: asynchronous
Path Type: min

Fanout         Cap        Slew       Delay        Time   Description
---------------------------------------------------------------------------------------------
                                  0.000000    0.000000   clock gpio_in[38] (rise edge)
                                  0.000000    0.000000   clock network delay (propagated)
                                  5.000000    5.000000 ^ input external delay
     2    0.009152    0.047669    0.031389    5.031389 ^ resetb_l (in)
                                                         resetb_l (net)
                      0.047674    0.000000    5.031389 ^ input2/A (sky130_fd_sc_hd__buf_8)
    11    0.139992    0.217581    0.196445    5.227834 ^ input2/X (sky130_fd_sc_hd__buf_8)
                                                         net2 (net)
                      0.217658    0.003762    5.231596 ^ fanout31/A (sky130_fd_sc_hd__clkbuf_16)
    33    0.199344    0.199161    0.273464    5.505060 ^ fanout31/X (sky130_fd_sc_hd__clkbuf_16)
                                                         net31 (net)
                      0.279069    0.098846    5.603906 ^ _094_/RESET_B (sky130_fd_sc_hd__dfrtp_1)
                                              5.603906   data arrival time

                                  0.000000    0.000000   clock gpio_in[38] (rise edge)
                                  0.000000    0.000000   clock source latency
     2    0.100454    0.457024    0.337565    0.337565 ^ gpio_in[38] (in)
                                                         gpio_in[38] (net)
                      0.465885    0.000000    0.337565 ^ clkbuf_0_gpio_in[38]/A (sky130_fd_sc_hd__clkbuf_16)
     5    0.068250    0.092165    0.271113    0.608677 ^ clkbuf_0_gpio_in[38]/X (sky130_fd_sc_hd__clkbuf_16)
                                                         clknet_0_gpio_in[38] (net)
                      0.093149    0.007446    0.616124 ^ clkbuf_1_1__f_gpio_in[38]/A (sky130_fd_sc_hd__clkbuf_16)
    19    0.072851    0.091062    0.176969    0.793093 ^ clkbuf_1_1__f_gpio_in[38]/X (sky130_fd_sc_hd__clkbuf_16)
                                                         clknet_1_1__leaf_gpio_in[38] (net)
                      0.096306    0.016875    0.809968 ^ _094_/CLK (sky130_fd_sc_hd__dfrtp_1)
                                  0.250000    1.059968   clock uncertainty
                                  0.000000    1.059968   clock reconvergence pessimism
                                  0.398570    1.458538   library removal time
                                              1.458538   data required time
---------------------------------------------------------------------------------------------
                                              1.458538   data required time
                                             -5.603906   data arrival time
---------------------------------------------------------------------------------------------
                                              4.145368   slack (MET)


Startpoint: _106_ (rising edge-triggered flip-flop clocked by gpio_in[38])
Endpoint: gpio_out[37] (output port clocked by gpio_in[38])
Path Group: gpio_in[38]
Path Type: min

Fanout         Cap        Slew       Delay        Time   Description
---------------------------------------------------------------------------------------------
                                  0.000000    0.000000   clock gpio_in[38] (rise edge)
                                  0.000000    0.000000   clock source latency
     2    0.100454    0.457024    0.337565    0.337565 ^ gpio_in[38] (in)
                                                         gpio_in[38] (net)
                      0.465885    0.000000    0.337565 ^ clkbuf_0_gpio_in[38]/A (sky130_fd_sc_hd__clkbuf_16)
     5    0.068250    0.092165    0.271113    0.608677 ^ clkbuf_0_gpio_in[38]/X (sky130_fd_sc_hd__clkbuf_16)
                                                         clknet_0_gpio_in[38] (net)
                      0.093149    0.007446    0.616124 ^ clkbuf_1_1__f_gpio_in[38]/A (sky130_fd_sc_hd__clkbuf_16)
    19    0.072851    0.091062    0.176969    0.793093 ^ clkbuf_1_1__f_gpio_in[38]/X (sky130_fd_sc_hd__clkbuf_16)
                                                         clknet_1_1__leaf_gpio_in[38] (net)
                      0.095608    0.015662    0.808755 ^ _106_/CLK (sky130_fd_sc_hd__dfrtp_1)
     2    0.006231    0.071385    0.356923    1.165678 ^ _106_/Q (sky130_fd_sc_hd__dfrtp_1)
                                                         gpio_22_37_output[37].cfg.gpio_out_val (net)
                      0.071385    0.000393    1.166071 ^ _678_/A (sky130_fd_sc_hd__clkbuf_1)
     1    0.002014    0.035947    0.081660    1.247731 ^ _678_/X (sky130_fd_sc_hd__clkbuf_1)
                                                         net27 (net)
                      0.035947    0.000145    1.247876 ^ output27/A (sky130_fd_sc_hd__buf_2)
     1    0.034537    0.171617    0.194663    1.442539 ^ output27/X (sky130_fd_sc_hd__buf_2)
                                                         gpio_out[37] (net)
                      0.171641    0.001701    1.444240 ^ gpio_out[37] (out)
                                              1.444240   data arrival time

                                  0.000000    0.000000   clock gpio_in[38] (rise edge)
                                  0.000000    0.000000   clock network delay (propagated)
                                  0.250000    0.250000   clock uncertainty
                                  0.000000    0.250000   clock reconvergence pessimism
                                 -5.000000   -4.750000   output external delay
                                             -4.750000   data required time
---------------------------------------------------------------------------------------------
                                             -4.750000   data required time
                                             -1.444240   data arrival time
---------------------------------------------------------------------------------------------
                                              6.194241   slack (MET)


Startpoint: _094_ (rising edge-triggered flip-flop clocked by gpio_in[38])
Endpoint: gpio_out[25] (output port clocked by gpio_in[38])
Path Group: gpio_in[38]
Path Type: min

Fanout         Cap        Slew       Delay        Time   Description
---------------------------------------------------------------------------------------------
                                  0.000000    0.000000   clock gpio_in[38] (rise edge)
                                  0.000000    0.000000   clock source latency
     2    0.100454    0.457024    0.337565    0.337565 ^ gpio_in[38] (in)
                                                         gpio_in[38] (net)
                      0.465885    0.000000    0.337565 ^ clkbuf_0_gpio_in[38]/A (sky130_fd_sc_hd__clkbuf_16)
     5    0.068250    0.092165    0.271113    0.608677 ^ clkbuf_0_gpio_in[38]/X (sky130_fd_sc_hd__clkbuf_16)
                                                         clknet_0_gpio_in[38] (net)
                      0.093149    0.007446    0.616124 ^ clkbuf_1_1__f_gpio_in[38]/A (sky130_fd_sc_hd__clkbuf_16)
    19    0.072851    0.091062    0.176969    0.793093 ^ clkbuf_1_1__f_gpio_in[38]/X (sky130_fd_sc_hd__clkbuf_16)
                                                         clknet_1_1__leaf_gpio_in[38] (net)
                      0.096306    0.016875    0.809968 ^ _094_/CLK (sky130_fd_sc_hd__dfrtp_1)
     3    0.007869    0.084399    0.368175    1.178143 ^ _094_/Q (sky130_fd_sc_hd__dfrtp_1)
                                                         gpio_22_37_output[25].cfg.gpio_out_val (net)
                      0.084400    0.000416    1.178559 ^ _666_/A (sky130_fd_sc_hd__clkbuf_1)
     1    0.002455    0.040728    0.088691    1.267249 ^ _666_/X (sky130_fd_sc_hd__clkbuf_1)
                                                         net14 (net)
                      0.040729    0.000167    1.267417 ^ output14/A (sky130_fd_sc_hd__buf_2)
     1    0.034577    0.171797    0.196616    1.464032 ^ output14/X (sky130_fd_sc_hd__buf_2)
                                                         gpio_out[25] (net)
                      0.171822    0.001710    1.465742 ^ gpio_out[25] (out)
                                              1.465742   data arrival time

                                  0.000000    0.000000   clock gpio_in[38] (rise edge)
                                  0.000000    0.000000   clock network delay (propagated)
                                  0.250000    0.250000   clock uncertainty
                                  0.000000    0.250000   clock reconvergence pessimism
                                 -5.000000   -4.750000   output external delay
                                             -4.750000   data required time
---------------------------------------------------------------------------------------------
                                             -4.750000   data required time
                                             -1.465742   data arrival time
---------------------------------------------------------------------------------------------
                                              6.215742   slack (MET)


Startpoint: _091_ (rising edge-triggered flip-flop clocked by gpio_in[38])
Endpoint: gpio_out[22] (output port clocked by gpio_in[38])
Path Group: gpio_in[38]
Path Type: min

Fanout         Cap        Slew       Delay        Time   Description
---------------------------------------------------------------------------------------------
                                  0.000000    0.000000   clock gpio_in[38] (rise edge)
                                  0.000000    0.000000   clock source latency
     2    0.100454    0.457024    0.337565    0.337565 ^ gpio_in[38] (in)
                                                         gpio_in[38] (net)
                      0.465885    0.000000    0.337565 ^ clkbuf_0_gpio_in[38]/A (sky130_fd_sc_hd__clkbuf_16)
     5    0.068250    0.092165    0.271113    0.608677 ^ clkbuf_0_gpio_in[38]/X (sky130_fd_sc_hd__clkbuf_16)
                                                         clknet_0_gpio_in[38] (net)
                      0.093149    0.007446    0.616124 ^ clkbuf_1_1__f_gpio_in[38]/A (sky130_fd_sc_hd__clkbuf_16)
    19    0.072851    0.091062    0.176969    0.793093 ^ clkbuf_1_1__f_gpio_in[38]/X (sky130_fd_sc_hd__clkbuf_16)
                                                         clknet_1_1__leaf_gpio_in[38] (net)
                      0.096415    0.017059    0.810151 ^ _091_/CLK (sky130_fd_sc_hd__dfrtp_1)
     3    0.008889    0.091900    0.375107    1.185258 ^ _091_/Q (sky130_fd_sc_hd__dfrtp_1)
                                                         gpio_22_37_output[22].cfg.gpio_out_val (net)
                      0.091901    0.000444    1.185702 ^ _663_/A (sky130_fd_sc_hd__clkbuf_1)
     1    0.002322    0.039425    0.089561    1.275263 ^ _663_/X (sky130_fd_sc_hd__clkbuf_1)
                                                         net11 (net)
                      0.039425    0.000157    1.275420 ^ output11/A (sky130_fd_sc_hd__buf_2)
     1    0.034495    0.171413    0.195872    1.471292 ^ output11/X (sky130_fd_sc_hd__buf_2)
                                                         gpio_out[22] (net)
                      0.171437    0.001682    1.472974 ^ gpio_out[22] (out)
                                              1.472974   data arrival time

                                  0.000000    0.000000   clock gpio_in[38] (rise edge)
                                  0.000000    0.000000   clock network delay (propagated)
                                  0.250000    0.250000   clock uncertainty
                                  0.000000    0.250000   clock reconvergence pessimism
                                 -5.000000   -4.750000   output external delay
                                             -4.750000   data required time
---------------------------------------------------------------------------------------------
                                             -4.750000   data required time
                                             -1.472974   data arrival time
---------------------------------------------------------------------------------------------
                                              6.222974   slack (MET)


Startpoint: _090_ (rising edge-triggered flip-flop clocked by gpio_in[38])
Endpoint: gpio_out[21] (output port clocked by gpio_in[38])
Path Group: gpio_in[38]
Path Type: min

Fanout         Cap        Slew       Delay        Time   Description
---------------------------------------------------------------------------------------------
                                  0.000000    0.000000   clock gpio_in[38] (rise edge)
                                  0.000000    0.000000   clock source latency
     2    0.100454    0.457024    0.337565    0.337565 ^ gpio_in[38] (in)
                                                         gpio_in[38] (net)
                      0.465885    0.000000    0.337565 ^ clkbuf_0_gpio_in[38]/A (sky130_fd_sc_hd__clkbuf_16)
     5    0.068250    0.092165    0.271113    0.608677 ^ clkbuf_0_gpio_in[38]/X (sky130_fd_sc_hd__clkbuf_16)
                                                         clknet_0_gpio_in[38] (net)
                      0.093194    0.007623    0.616300 ^ clkbuf_1_0__f_gpio_in[38]/A (sky130_fd_sc_hd__clkbuf_16)
    25    0.085726    0.104052    0.180229    0.796529 ^ clkbuf_1_0__f_gpio_in[38]/X (sky130_fd_sc_hd__clkbuf_16)
                                                         clknet_1_0__leaf_gpio_in[38] (net)
                      0.114221    0.024792    0.821321 ^ _090_/CLK (sky130_fd_sc_hd__dfrtp_1)
     3    0.008115    0.086390    0.376445    1.197766 ^ _090_/Q (sky130_fd_sc_hd__dfrtp_1)
                                                         gpio_18_21_bidir[21].cfg.gpio_out_val (net)
                      0.086392    0.000597    1.198363 ^ _662_/A (sky130_fd_sc_hd__clkbuf_1)
     1    0.001954    0.035550    0.085101    1.283464 ^ _662_/X (sky130_fd_sc_hd__clkbuf_1)
                                                         net10 (net)
                      0.035550    0.000089    1.283553 ^ output10/A (sky130_fd_sc_hd__buf_2)
     1    0.034377    0.170861    0.194057    1.477610 ^ output10/X (sky130_fd_sc_hd__buf_2)
                                                         gpio_out[21] (net)
                      0.170882    0.001595    1.479205 ^ gpio_out[21] (out)
                                              1.479205   data arrival time

                                  0.000000    0.000000   clock gpio_in[38] (rise edge)
                                  0.000000    0.000000   clock network delay (propagated)
                                  0.250000    0.250000   clock uncertainty
                                  0.000000    0.250000   clock reconvergence pessimism
                                 -5.000000   -4.750000   output external delay
                                             -4.750000   data required time
---------------------------------------------------------------------------------------------
                                             -4.750000   data required time
                                             -1.479205   data arrival time
---------------------------------------------------------------------------------------------
                                              6.229205   slack (MET)


Startpoint: _087_ (rising edge-triggered flip-flop clocked by gpio_in[38])
Endpoint: gpio_out[18] (output port clocked by gpio_in[38])
Path Group: gpio_in[38]
Path Type: min

Fanout         Cap        Slew       Delay        Time   Description
---------------------------------------------------------------------------------------------
                                  0.000000    0.000000   clock gpio_in[38] (rise edge)
                                  0.000000    0.000000   clock source latency
     2    0.100454    0.457024    0.337565    0.337565 ^ gpio_in[38] (in)
                                                         gpio_in[38] (net)
                      0.465885    0.000000    0.337565 ^ clkbuf_0_gpio_in[38]/A (sky130_fd_sc_hd__clkbuf_16)
     5    0.068250    0.092165    0.271113    0.608677 ^ clkbuf_0_gpio_in[38]/X (sky130_fd_sc_hd__clkbuf_16)
                                                         clknet_0_gpio_in[38] (net)
                      0.093194    0.007623    0.616300 ^ clkbuf_1_0__f_gpio_in[38]/A (sky130_fd_sc_hd__clkbuf_16)
    25    0.085726    0.104052    0.180229    0.796529 ^ clkbuf_1_0__f_gpio_in[38]/X (sky130_fd_sc_hd__clkbuf_16)
                                                         clknet_1_0__leaf_gpio_in[38] (net)
                      0.113467    0.023833    0.820362 ^ _087_/CLK (sky130_fd_sc_hd__dfrtp_2)
     3    0.009856    0.068511    0.388338    1.208701 ^ _087_/Q (sky130_fd_sc_hd__dfrtp_2)
                                                         gpio_18_21_bidir[18].cfg.gpio_out_val (net)
                      0.068515    0.000613    1.209314 ^ _659_/A (sky130_fd_sc_hd__clkbuf_1)
     1    0.002254    0.038405    0.082876    1.292190 ^ _659_/X (sky130_fd_sc_hd__clkbuf_1)
                                                         net7 (net)
                      0.038405    0.000154    1.292344 ^ output7/A (sky130_fd_sc_hd__buf_2)
     1    0.034449    0.171190    0.195375    1.487719 ^ output7/X (sky130_fd_sc_hd__buf_2)
                                                         gpio_out[18] (net)
                      0.171212    0.001613    1.489332 ^ gpio_out[18] (out)
                                              1.489332   data arrival time

                                  0.000000    0.000000   clock gpio_in[38] (rise edge)
                                  0.000000    0.000000   clock network delay (propagated)
                                  0.250000    0.250000   clock uncertainty
                                  0.000000    0.250000   clock reconvergence pessimism
                                 -5.000000   -4.750000   output external delay
                                             -4.750000   data required time
---------------------------------------------------------------------------------------------
                                             -4.750000   data required time
                                             -1.489332   data arrival time
---------------------------------------------------------------------------------------------
                                              6.239332   slack (MET)


Startpoint: _089_ (rising edge-triggered flip-flop clocked by gpio_in[38])
Endpoint: gpio_out[4] (output port clocked by gpio_in[38])
Path Group: gpio_in[38]
Path Type: min

Fanout         Cap        Slew       Delay        Time   Description
---------------------------------------------------------------------------------------------
                                  0.000000    0.000000   clock gpio_in[38] (rise edge)
                                  0.000000    0.000000   clock source latency
     2    0.100454    0.457024    0.337565    0.337565 ^ gpio_in[38] (in)
                                                         gpio_in[38] (net)
                      0.465885    0.000000    0.337565 ^ clkbuf_0_gpio_in[38]/A (sky130_fd_sc_hd__clkbuf_16)
     5    0.068250    0.092165    0.271113    0.608677 ^ clkbuf_0_gpio_in[38]/X (sky130_fd_sc_hd__clkbuf_16)
                                                         clknet_0_gpio_in[38] (net)
                      0.093194    0.007623    0.616300 ^ clkbuf_1_0__f_gpio_in[38]/A (sky130_fd_sc_hd__clkbuf_16)
    25    0.085726    0.104052    0.180229    0.796529 ^ clkbuf_1_0__f_gpio_in[38]/X (sky130_fd_sc_hd__clkbuf_16)
                                                         clknet_1_0__leaf_gpio_in[38] (net)
                      0.114932    0.025669    0.822198 ^ _089_/CLK (sky130_fd_sc_hd__dfrtp_1)
     3    0.008781    0.091190    0.381219    1.203417 ^ _089_/Q (sky130_fd_sc_hd__dfrtp_1)
                                                         gpio_18_21_bidir[20].cfg.gpio_out_val (net)
                      0.091191    0.000519    1.203936 ^ _657_/A (sky130_fd_sc_hd__clkbuf_1)
     1    0.002254    0.038706    0.088813    1.292750 ^ _657_/X (sky130_fd_sc_hd__clkbuf_1)
                                                         net29 (net)
                      0.038706    0.000154    1.292904 ^ output29/A (sky130_fd_sc_hd__buf_2)
     1    0.034377    0.170855    0.195266    1.488170 ^ output29/X (sky130_fd_sc_hd__buf_2)
                                                         gpio_out[4] (net)
                      0.170877    0.001595    1.489765 ^ gpio_out[4] (out)
                                              1.489765   data arrival time

                                  0.000000    0.000000   clock gpio_in[38] (rise edge)
                                  0.000000    0.000000   clock network delay (propagated)
                                  0.250000    0.250000   clock uncertainty
                                  0.000000    0.250000   clock reconvergence pessimism
                                 -5.000000   -4.750000   output external delay
                                             -4.750000   data required time
---------------------------------------------------------------------------------------------
                                             -4.750000   data required time
                                             -1.489765   data arrival time
---------------------------------------------------------------------------------------------
                                              6.239765   slack (MET)


Startpoint: _089_ (rising edge-triggered flip-flop clocked by gpio_in[38])
Endpoint: gpio_out[20] (output port clocked by gpio_in[38])
Path Group: gpio_in[38]
Path Type: min

Fanout         Cap        Slew       Delay        Time   Description
---------------------------------------------------------------------------------------------
                                  0.000000    0.000000   clock gpio_in[38] (rise edge)
                                  0.000000    0.000000   clock source latency
     2    0.100454    0.457024    0.337565    0.337565 ^ gpio_in[38] (in)
                                                         gpio_in[38] (net)
                      0.465885    0.000000    0.337565 ^ clkbuf_0_gpio_in[38]/A (sky130_fd_sc_hd__clkbuf_16)
     5    0.068250    0.092165    0.271113    0.608677 ^ clkbuf_0_gpio_in[38]/X (sky130_fd_sc_hd__clkbuf_16)
                                                         clknet_0_gpio_in[38] (net)
                      0.093194    0.007623    0.616300 ^ clkbuf_1_0__f_gpio_in[38]/A (sky130_fd_sc_hd__clkbuf_16)
    25    0.085726    0.104052    0.180229    0.796529 ^ clkbuf_1_0__f_gpio_in[38]/X (sky130_fd_sc_hd__clkbuf_16)
                                                         clknet_1_0__leaf_gpio_in[38] (net)
                      0.114932    0.025669    0.822198 ^ _089_/CLK (sky130_fd_sc_hd__dfrtp_1)
     3    0.008781    0.091190    0.381219    1.203417 ^ _089_/Q (sky130_fd_sc_hd__dfrtp_1)
                                                         gpio_18_21_bidir[20].cfg.gpio_out_val (net)
                      0.091191    0.000528    1.203945 ^ _661_/A (sky130_fd_sc_hd__clkbuf_1)
     1    0.002262    0.038787    0.088878    1.292823 ^ _661_/X (sky130_fd_sc_hd__clkbuf_1)
                                                         net9 (net)
                      0.038787    0.000154    1.292977 ^ output9/A (sky130_fd_sc_hd__buf_2)
     1    0.034377    0.170855    0.195297    1.488274 ^ output9/X (sky130_fd_sc_hd__buf_2)
                                                         gpio_out[20] (net)
                      0.170877    0.001595    1.489869 ^ gpio_out[20] (out)
                                              1.489869   data arrival time

                                  0.000000    0.000000   clock gpio_in[38] (rise edge)
                                  0.000000    0.000000   clock network delay (propagated)
                                  0.250000    0.250000   clock uncertainty
                                  0.000000    0.250000   clock reconvergence pessimism
                                 -5.000000   -4.750000   output external delay
                                             -4.750000   data required time
---------------------------------------------------------------------------------------------
                                             -4.750000   data required time
                                             -1.489869   data arrival time
---------------------------------------------------------------------------------------------
                                              6.239869   slack (MET)


Startpoint: _087_ (rising edge-triggered flip-flop clocked by gpio_in[38])
Endpoint: gpio_out[2] (output port clocked by gpio_in[38])
Path Group: gpio_in[38]
Path Type: min

Fanout         Cap        Slew       Delay        Time   Description
---------------------------------------------------------------------------------------------
                                  0.000000    0.000000   clock gpio_in[38] (rise edge)
                                  0.000000    0.000000   clock source latency
     2    0.100454    0.457024    0.337565    0.337565 ^ gpio_in[38] (in)
                                                         gpio_in[38] (net)
                      0.465885    0.000000    0.337565 ^ clkbuf_0_gpio_in[38]/A (sky130_fd_sc_hd__clkbuf_16)
     5    0.068250    0.092165    0.271113    0.608677 ^ clkbuf_0_gpio_in[38]/X (sky130_fd_sc_hd__clkbuf_16)
                                                         clknet_0_gpio_in[38] (net)
                      0.093194    0.007623    0.616300 ^ clkbuf_1_0__f_gpio_in[38]/A (sky130_fd_sc_hd__clkbuf_16)
    25    0.085726    0.104052    0.180229    0.796529 ^ clkbuf_1_0__f_gpio_in[38]/X (sky130_fd_sc_hd__clkbuf_16)
                                                         clknet_1_0__leaf_gpio_in[38] (net)
                      0.113467    0.023833    0.820362 ^ _087_/CLK (sky130_fd_sc_hd__dfrtp_2)
     3    0.009856    0.068511    0.388338    1.208701 ^ _087_/Q (sky130_fd_sc_hd__dfrtp_2)
                                                         gpio_18_21_bidir[18].cfg.gpio_out_val (net)
                      0.068516    0.000636    1.209337 ^ _655_/A (sky130_fd_sc_hd__clkbuf_1)
     1    0.002373    0.039663    0.083854    1.293191 ^ _655_/X (sky130_fd_sc_hd__clkbuf_1)
                                                         net19 (net)
                      0.039664    0.000160    1.293350 ^ output19/A (sky130_fd_sc_hd__buf_2)
     1    0.034441    0.171153    0.195832    1.489182 ^ output19/X (sky130_fd_sc_hd__buf_2)
                                                         gpio_out[2] (net)
                      0.171175    0.001613    1.490795 ^ gpio_out[2] (out)
                                              1.490795   data arrival time

                                  0.000000    0.000000   clock gpio_in[38] (rise edge)
                                  0.000000    0.000000   clock network delay (propagated)
                                  0.250000    0.250000   clock uncertainty
                                  0.000000    0.250000   clock reconvergence pessimism
                                 -5.000000   -4.750000   output external delay
                                             -4.750000   data required time
---------------------------------------------------------------------------------------------
                                             -4.750000   data required time
                                             -1.490795   data arrival time
---------------------------------------------------------------------------------------------
                                              6.240796   slack (MET)


Startpoint: _092_ (rising edge-triggered flip-flop clocked by gpio_in[38])
Endpoint: gpio_out[23] (output port clocked by gpio_in[38])
Path Group: gpio_in[38]
Path Type: min

Fanout         Cap        Slew       Delay        Time   Description
---------------------------------------------------------------------------------------------
                                  0.000000    0.000000   clock gpio_in[38] (rise edge)
                                  0.000000    0.000000   clock source latency
     2    0.100454    0.457024    0.337565    0.337565 ^ gpio_in[38] (in)
                                                         gpio_in[38] (net)
                      0.465885    0.000000    0.337565 ^ clkbuf_0_gpio_in[38]/A (sky130_fd_sc_hd__clkbuf_16)
     5    0.068250    0.092165    0.271113    0.608677 ^ clkbuf_0_gpio_in[38]/X (sky130_fd_sc_hd__clkbuf_16)
                                                         clknet_0_gpio_in[38] (net)
                      0.093149    0.007446    0.616124 ^ clkbuf_1_1__f_gpio_in[38]/A (sky130_fd_sc_hd__clkbuf_16)
    19    0.072851    0.091062    0.176969    0.793093 ^ clkbuf_1_1__f_gpio_in[38]/X (sky130_fd_sc_hd__clkbuf_16)
                                                         clknet_1_1__leaf_gpio_in[38] (net)
                      0.096424    0.017074    0.810167 ^ _092_/CLK (sky130_fd_sc_hd__dfrtp_1)
     3    0.010902    0.107721    0.387504    1.197671 ^ _092_/Q (sky130_fd_sc_hd__dfrtp_1)
                                                         gpio_22_37_output[23].cfg.gpio_out_val (net)
                      0.107724    0.000788    1.198459 ^ _664_/A (sky130_fd_sc_hd__clkbuf_1)
     1    0.002387    0.040312    0.094248    1.292707 ^ _664_/X (sky130_fd_sc_hd__clkbuf_1)
                                                         net12 (net)
                      0.040313    0.000162    1.292869 ^ output12/A (sky130_fd_sc_hd__buf_2)
     1    0.034537    0.171609    0.196334    1.489203 ^ output12/X (sky130_fd_sc_hd__buf_2)
                                                         gpio_out[23] (net)
                      0.171633    0.001701    1.490904 ^ gpio_out[23] (out)
                                              1.490904   data arrival time

                                  0.000000    0.000000   clock gpio_in[38] (rise edge)
                                  0.000000    0.000000   clock network delay (propagated)
                                  0.250000    0.250000   clock uncertainty
                                  0.000000    0.250000   clock reconvergence pessimism
                                 -5.000000   -4.750000   output external delay
                                             -4.750000   data required time
---------------------------------------------------------------------------------------------
                                             -4.750000   data required time
                                             -1.490904   data arrival time
---------------------------------------------------------------------------------------------
                                              6.240904   slack (MET)


Startpoint: _098_ (rising edge-triggered flip-flop clocked by gpio_in[38])
Endpoint: gpio_out[29] (output port clocked by gpio_in[38])
Path Group: gpio_in[38]
Path Type: min

Fanout         Cap        Slew       Delay        Time   Description
---------------------------------------------------------------------------------------------
                                  0.000000    0.000000   clock gpio_in[38] (rise edge)
                                  0.000000    0.000000   clock source latency
     2    0.100454    0.457024    0.337565    0.337565 ^ gpio_in[38] (in)
                                                         gpio_in[38] (net)
                      0.465885    0.000000    0.337565 ^ clkbuf_0_gpio_in[38]/A (sky130_fd_sc_hd__clkbuf_16)
     5    0.068250    0.092165    0.271113    0.608677 ^ clkbuf_0_gpio_in[38]/X (sky130_fd_sc_hd__clkbuf_16)
                                                         clknet_0_gpio_in[38] (net)
                      0.093194    0.007623    0.616300 ^ clkbuf_1_0__f_gpio_in[38]/A (sky130_fd_sc_hd__clkbuf_16)
    25    0.085726    0.104052    0.180229    0.796529 ^ clkbuf_1_0__f_gpio_in[38]/X (sky130_fd_sc_hd__clkbuf_16)
                                                         clknet_1_0__leaf_gpio_in[38] (net)
                      0.112640    0.022744    0.819273 ^ _098_/CLK (sky130_fd_sc_hd__dfrtp_1)
     2    0.006049    0.054009    0.396185    1.215459 v _098_/Q (sky130_fd_sc_hd__dfrtp_1)
                                                         gpio_22_37_output[29].cfg.gpio_out_val (net)
                      0.054009    0.000367    1.215826 v _670_/A (sky130_fd_sc_hd__clkbuf_1)
     1    0.004900    0.037557    0.101255    1.317081 v _670_/X (sky130_fd_sc_hd__clkbuf_1)
                                                         net18 (net)
                      0.037560    0.000354    1.317435 v output18/A (sky130_fd_sc_hd__buf_2)
     1    0.034377    0.090187    0.176362    1.493796 v output18/X (sky130_fd_sc_hd__buf_2)
                                                         gpio_out[29] (net)
                      0.090220    0.001594    1.495390 v gpio_out[29] (out)
                                              1.495390   data arrival time

                                  0.000000    0.000000   clock gpio_in[38] (rise edge)
                                  0.000000    0.000000   clock network delay (propagated)
                                  0.250000    0.250000   clock uncertainty
                                  0.000000    0.250000   clock reconvergence pessimism
                                 -5.000000   -4.750000   output external delay
                                             -4.750000   data required time
---------------------------------------------------------------------------------------------
                                             -4.750000   data required time
                                             -1.495390   data arrival time
---------------------------------------------------------------------------------------------
                                              6.245390   slack (MET)


Startpoint: _102_ (rising edge-triggered flip-flop clocked by gpio_in[38])
Endpoint: gpio_out[33] (output port clocked by gpio_in[38])
Path Group: gpio_in[38]
Path Type: min

Fanout         Cap        Slew       Delay        Time   Description
---------------------------------------------------------------------------------------------
                                  0.000000    0.000000   clock gpio_in[38] (rise edge)
                                  0.000000    0.000000   clock source latency
     2    0.100454    0.457024    0.337565    0.337565 ^ gpio_in[38] (in)
                                                         gpio_in[38] (net)
                      0.465885    0.000000    0.337565 ^ clkbuf_0_gpio_in[38]/A (sky130_fd_sc_hd__clkbuf_16)
     5    0.068250    0.092165    0.271113    0.608677 ^ clkbuf_0_gpio_in[38]/X (sky130_fd_sc_hd__clkbuf_16)
                                                         clknet_0_gpio_in[38] (net)
                      0.093194    0.007623    0.616300 ^ clkbuf_1_0__f_gpio_in[38]/A (sky130_fd_sc_hd__clkbuf_16)
    25    0.085726    0.104052    0.180229    0.796529 ^ clkbuf_1_0__f_gpio_in[38]/X (sky130_fd_sc_hd__clkbuf_16)
                                                         clknet_1_0__leaf_gpio_in[38] (net)
                      0.115395    0.026227    0.822756 ^ _102_/CLK (sky130_fd_sc_hd__dfrtp_1)
     3    0.008815    0.066534    0.412040    1.234796 v _102_/Q (sky130_fd_sc_hd__dfrtp_1)
                                                         gpio_22_37_output[33].cfg.gpio_out_val (net)
                      0.066618    0.000500    1.235296 v _674_/A (sky130_fd_sc_hd__clkbuf_1)
     1    0.003656    0.031073    0.101165    1.336461 v _674_/X (sky130_fd_sc_hd__clkbuf_1)
                                                         net23 (net)
                      0.031074    0.000217    1.336678 v output23/A (sky130_fd_sc_hd__buf_2)
     1    0.034377    0.090234    0.173567    1.510246 v output23/X (sky130_fd_sc_hd__buf_2)
                                                         gpio_out[33] (net)
                      0.090266    0.001594    1.511839 v gpio_out[33] (out)
                                              1.511839   data arrival time

                                  0.000000    0.000000   clock gpio_in[38] (rise edge)
                                  0.000000    0.000000   clock network delay (propagated)
                                  0.250000    0.250000   clock uncertainty
                                  0.000000    0.250000   clock reconvergence pessimism
                                 -5.000000   -4.750000   output external delay
                                             -4.750000   data required time
---------------------------------------------------------------------------------------------
                                             -4.750000   data required time
                                             -1.511839   data arrival time
---------------------------------------------------------------------------------------------
                                              6.261839   slack (MET)


Startpoint: _090_ (rising edge-triggered flip-flop clocked by gpio_in[38])
Endpoint: gpio_out[5] (output port clocked by gpio_in[38])
Path Group: gpio_in[38]
Path Type: min

Fanout         Cap        Slew       Delay        Time   Description
---------------------------------------------------------------------------------------------
                                  0.000000    0.000000   clock gpio_in[38] (rise edge)
                                  0.000000    0.000000   clock source latency
     2    0.100454    0.457024    0.337565    0.337565 ^ gpio_in[38] (in)
                                                         gpio_in[38] (net)
                      0.465885    0.000000    0.337565 ^ clkbuf_0_gpio_in[38]/A (sky130_fd_sc_hd__clkbuf_16)
     5    0.068250    0.092165    0.271113    0.608677 ^ clkbuf_0_gpio_in[38]/X (sky130_fd_sc_hd__clkbuf_16)
                                                         clknet_0_gpio_in[38] (net)
                      0.093194    0.007623    0.616300 ^ clkbuf_1_0__f_gpio_in[38]/A (sky130_fd_sc_hd__clkbuf_16)
    25    0.085726    0.104052    0.180229    0.796529 ^ clkbuf_1_0__f_gpio_in[38]/X (sky130_fd_sc_hd__clkbuf_16)
                                                         clknet_1_0__leaf_gpio_in[38] (net)
                      0.114221    0.024792    0.821321 ^ _090_/CLK (sky130_fd_sc_hd__dfrtp_1)
     3    0.007598    0.061748    0.405018    1.226339 v _090_/Q (sky130_fd_sc_hd__dfrtp_1)
                                                         gpio_18_21_bidir[21].cfg.gpio_out_val (net)
                      0.061840    0.000471    1.226810 v _658_/A (sky130_fd_sc_hd__clkbuf_1)
     1    0.006766    0.047668    0.113349    1.340159 v _658_/X (sky130_fd_sc_hd__clkbuf_1)
                                                         net30 (net)
                      0.047670    0.000397    1.340556 v output30/A (sky130_fd_sc_hd__buf_2)
     1    0.034441    0.090258    0.180824    1.521380 v output30/X (sky130_fd_sc_hd__buf_2)
                                                         gpio_out[5] (net)
                      0.090292    0.001611    1.522991 v gpio_out[5] (out)
                                              1.522991   data arrival time

                                  0.000000    0.000000   clock gpio_in[38] (rise edge)
                                  0.000000    0.000000   clock network delay (propagated)
                                  0.250000    0.250000   clock uncertainty
                                  0.000000    0.250000   clock reconvergence pessimism
                                 -5.000000   -4.750000   output external delay
                                             -4.750000   data required time
---------------------------------------------------------------------------------------------
                                             -4.750000   data required time
                                             -1.522991   data arrival time
---------------------------------------------------------------------------------------------
                                              6.272991   slack (MET)


Startpoint: _088_ (rising edge-triggered flip-flop clocked by gpio_in[38])
Endpoint: gpio_out[19] (output port clocked by gpio_in[38])
Path Group: gpio_in[38]
Path Type: min

Fanout         Cap        Slew       Delay        Time   Description
---------------------------------------------------------------------------------------------
                                  0.000000    0.000000   clock gpio_in[38] (rise edge)
                                  0.000000    0.000000   clock source latency
     2    0.100454    0.457024    0.337565    0.337565 ^ gpio_in[38] (in)
                                                         gpio_in[38] (net)
                      0.465885    0.000000    0.337565 ^ clkbuf_0_gpio_in[38]/A (sky130_fd_sc_hd__clkbuf_16)
     5    0.068250    0.092165    0.271113    0.608677 ^ clkbuf_0_gpio_in[38]/X (sky130_fd_sc_hd__clkbuf_16)
                                                         clknet_0_gpio_in[38] (net)
                      0.093194    0.007623    0.616300 ^ clkbuf_1_0__f_gpio_in[38]/A (sky130_fd_sc_hd__clkbuf_16)
    25    0.085726    0.104052    0.180229    0.796529 ^ clkbuf_1_0__f_gpio_in[38]/X (sky130_fd_sc_hd__clkbuf_16)
                                                         clknet_1_0__leaf_gpio_in[38] (net)
                      0.113935    0.024432    0.820961 ^ _088_/CLK (sky130_fd_sc_hd__dfrtp_1)
     5    0.013297    0.085106    0.430126    1.251086 v _088_/Q (sky130_fd_sc_hd__dfrtp_1)
                                                         gpio_18_21_bidir[19].cfg.gpio_out_val (net)
                      0.085113    0.000847    1.251933 v _660_/A (sky130_fd_sc_hd__clkbuf_1)
     1    0.002463    0.025197    0.103115    1.355049 v _660_/X (sky130_fd_sc_hd__clkbuf_1)
                                                         net8 (net)
                      0.025197    0.000158    1.355207 v output8/A (sky130_fd_sc_hd__buf_2)
     1    0.034449    0.090436    0.171155    1.526362 v output8/X (sky130_fd_sc_hd__buf_2)
                                                         gpio_out[19] (net)
                      0.090469    0.001611    1.527973 v gpio_out[19] (out)
                                              1.527973   data arrival time

                                  0.000000    0.000000   clock gpio_in[38] (rise edge)
                                  0.000000    0.000000   clock network delay (propagated)
                                  0.250000    0.250000   clock uncertainty
                                  0.000000    0.250000   clock reconvergence pessimism
                                 -5.000000   -4.750000   output external delay
                                             -4.750000   data required time
---------------------------------------------------------------------------------------------
                                             -4.750000   data required time
                                             -1.527973   data arrival time
---------------------------------------------------------------------------------------------
                                              6.277974   slack (MET)


Startpoint: _099_ (rising edge-triggered flip-flop clocked by gpio_in[38])
Endpoint: gpio_out[30] (output port clocked by gpio_in[38])
Path Group: gpio_in[38]
Path Type: min

Fanout         Cap        Slew       Delay        Time   Description
---------------------------------------------------------------------------------------------
                                  0.000000    0.000000   clock gpio_in[38] (rise edge)
                                  0.000000    0.000000   clock source latency
     2    0.100454    0.457024    0.337565    0.337565 ^ gpio_in[38] (in)
                                                         gpio_in[38] (net)
                      0.465885    0.000000    0.337565 ^ clkbuf_0_gpio_in[38]/A (sky130_fd_sc_hd__clkbuf_16)
     5    0.068250    0.092165    0.271113    0.608677 ^ clkbuf_0_gpio_in[38]/X (sky130_fd_sc_hd__clkbuf_16)
                                                         clknet_0_gpio_in[38] (net)
                      0.093194    0.007623    0.616300 ^ clkbuf_1_0__f_gpio_in[38]/A (sky130_fd_sc_hd__clkbuf_16)
    25    0.085726    0.104052    0.180229    0.796529 ^ clkbuf_1_0__f_gpio_in[38]/X (sky130_fd_sc_hd__clkbuf_16)
                                                         clknet_1_0__leaf_gpio_in[38] (net)
                      0.115337    0.026158    0.822687 ^ _099_/CLK (sky130_fd_sc_hd__dfrtp_1)
     5    0.011597    0.077661    0.423987    1.246674 v _099_/Q (sky130_fd_sc_hd__dfrtp_1)
                                                         gpio_22_37_output[30].cfg.gpio_out_val (net)
                      0.077664    0.000577    1.247251 v _671_/A (sky130_fd_sc_hd__clkbuf_1)
     1    0.003824    0.032036    0.106792    1.354043 v _671_/X (sky130_fd_sc_hd__clkbuf_1)
                                                         net20 (net)
                      0.032037    0.000253    1.354297 v output20/A (sky130_fd_sc_hd__buf_2)
     1    0.034858    0.091301    0.174794    1.529090 v output20/X (sky130_fd_sc_hd__buf_2)
                                                         gpio_out[30] (net)
                      0.091339    0.001705    1.530796 v gpio_out[30] (out)
                                              1.530796   data arrival time

                                  0.000000    0.000000   clock gpio_in[38] (rise edge)
                                  0.000000    0.000000   clock network delay (propagated)
                                  0.250000    0.250000   clock uncertainty
                                  0.000000    0.250000   clock reconvergence pessimism
                                 -5.000000   -4.750000   output external delay
                                             -4.750000   data required time
---------------------------------------------------------------------------------------------
                                             -4.750000   data required time
                                             -1.530796   data arrival time
---------------------------------------------------------------------------------------------
                                              6.280796   slack (MET)


Startpoint: _093_ (rising edge-triggered flip-flop clocked by gpio_in[38])
Endpoint: gpio_out[24] (output port clocked by gpio_in[38])
Path Group: gpio_in[38]
Path Type: min

Fanout         Cap        Slew       Delay        Time   Description
---------------------------------------------------------------------------------------------
                                  0.000000    0.000000   clock gpio_in[38] (rise edge)
                                  0.000000    0.000000   clock source latency
     2    0.100454    0.457024    0.337565    0.337565 ^ gpio_in[38] (in)
                                                         gpio_in[38] (net)
                      0.465885    0.000000    0.337565 ^ clkbuf_0_gpio_in[38]/A (sky130_fd_sc_hd__clkbuf_16)
     5    0.068250    0.092165    0.271113    0.608677 ^ clkbuf_0_gpio_in[38]/X (sky130_fd_sc_hd__clkbuf_16)
                                                         clknet_0_gpio_in[38] (net)
                      0.093149    0.007446    0.616124 ^ clkbuf_1_1__f_gpio_in[38]/A (sky130_fd_sc_hd__clkbuf_16)
    19    0.072851    0.091062    0.176969    0.793093 ^ clkbuf_1_1__f_gpio_in[38]/X (sky130_fd_sc_hd__clkbuf_16)
                                                         clknet_1_1__leaf_gpio_in[38] (net)
                      0.096432    0.017087    0.810180 ^ _093_/CLK (sky130_fd_sc_hd__dfrtp_1)
     3    0.010181    0.071449    0.411274    1.221454 v _093_/Q (sky130_fd_sc_hd__dfrtp_1)
                                                         gpio_22_37_output[24].cfg.gpio_out_val (net)
                      0.071517    0.000688    1.222141 v _665_/A (sky130_fd_sc_hd__buf_1)
     1    0.008723    0.057632    0.126255    1.348397 v _665_/X (sky130_fd_sc_hd__buf_1)
                                                         net13 (net)
                      0.057644    0.000823    1.349219 v output13/A (sky130_fd_sc_hd__buf_2)
     1    0.034495    0.090364    0.185276    1.534495 v output13/X (sky130_fd_sc_hd__buf_2)
                                                         gpio_out[24] (net)
                      0.090401    0.001680    1.536175 v gpio_out[24] (out)
                                              1.536175   data arrival time

                                  0.000000    0.000000   clock gpio_in[38] (rise edge)
                                  0.000000    0.000000   clock network delay (propagated)
                                  0.250000    0.250000   clock uncertainty
                                  0.000000    0.250000   clock reconvergence pessimism
                                 -5.000000   -4.750000   output external delay
                                             -4.750000   data required time
---------------------------------------------------------------------------------------------
                                             -4.750000   data required time
                                             -1.536175   data arrival time
---------------------------------------------------------------------------------------------
                                              6.286175   slack (MET)


Startpoint: _100_ (rising edge-triggered flip-flop clocked by gpio_in[38])
Endpoint: gpio_out[31] (output port clocked by gpio_in[38])
Path Group: gpio_in[38]
Path Type: min

Fanout         Cap        Slew       Delay        Time   Description
---------------------------------------------------------------------------------------------
                                  0.000000    0.000000   clock gpio_in[38] (rise edge)
                                  0.000000    0.000000   clock source latency
     2    0.100454    0.457024    0.337565    0.337565 ^ gpio_in[38] (in)
                                                         gpio_in[38] (net)
                      0.465885    0.000000    0.337565 ^ clkbuf_0_gpio_in[38]/A (sky130_fd_sc_hd__clkbuf_16)
     5    0.068250    0.092165    0.271113    0.608677 ^ clkbuf_0_gpio_in[38]/X (sky130_fd_sc_hd__clkbuf_16)
                                                         clknet_0_gpio_in[38] (net)
                      0.093194    0.007623    0.616300 ^ clkbuf_1_0__f_gpio_in[38]/A (sky130_fd_sc_hd__clkbuf_16)
    25    0.085726    0.104052    0.180229    0.796529 ^ clkbuf_1_0__f_gpio_in[38]/X (sky130_fd_sc_hd__clkbuf_16)
                                                         clknet_1_0__leaf_gpio_in[38] (net)
                      0.115620    0.026496    0.823025 ^ _100_/CLK (sky130_fd_sc_hd__dfrtp_1)
     4    0.013932    0.087832    0.433423    1.256449 v _100_/Q (sky130_fd_sc_hd__dfrtp_1)
                                                         gpio_22_37_output[31].cfg.gpio_out_val (net)
                      0.087833    0.000498    1.256947 v _672_/A (sky130_fd_sc_hd__clkbuf_1)
     1    0.002688    0.026372    0.105559    1.362506 v _672_/X (sky130_fd_sc_hd__clkbuf_1)
                                                         net21 (net)
                      0.026373    0.000171    1.362676 v output21/A (sky130_fd_sc_hd__buf_2)
     1    0.034782    0.091179    0.172212    1.534889 v output21/X (sky130_fd_sc_hd__buf_2)
                                                         gpio_out[31] (net)
                      0.091216    0.001703    1.536592 v gpio_out[31] (out)
                                              1.536592   data arrival time

                                  0.000000    0.000000   clock gpio_in[38] (rise edge)
                                  0.000000    0.000000   clock network delay (propagated)
                                  0.250000    0.250000   clock uncertainty
                                  0.000000    0.250000   clock reconvergence pessimism
                                 -5.000000   -4.750000   output external delay
                                             -4.750000   data required time
---------------------------------------------------------------------------------------------
                                             -4.750000   data required time
                                             -1.536592   data arrival time
---------------------------------------------------------------------------------------------
                                              6.286592   slack (MET)


Startpoint: _097_ (rising edge-triggered flip-flop clocked by gpio_in[38])
Endpoint: gpio_out[28] (output port clocked by gpio_in[38])
Path Group: gpio_in[38]
Path Type: min

Fanout         Cap        Slew       Delay        Time   Description
---------------------------------------------------------------------------------------------
                                  0.000000    0.000000   clock gpio_in[38] (rise edge)
                                  0.000000    0.000000   clock source latency
     2    0.100454    0.457024    0.337565    0.337565 ^ gpio_in[38] (in)
                                                         gpio_in[38] (net)
                      0.465885    0.000000    0.337565 ^ clkbuf_0_gpio_in[38]/A (sky130_fd_sc_hd__clkbuf_16)
     5    0.068250    0.092165    0.271113    0.608677 ^ clkbuf_0_gpio_in[38]/X (sky130_fd_sc_hd__clkbuf_16)
                                                         clknet_0_gpio_in[38] (net)
                      0.093194    0.007623    0.616300 ^ clkbuf_1_0__f_gpio_in[38]/A (sky130_fd_sc_hd__clkbuf_16)
    25    0.085726    0.104052    0.180229    0.796529 ^ clkbuf_1_0__f_gpio_in[38]/X (sky130_fd_sc_hd__clkbuf_16)
                                                         clknet_1_0__leaf_gpio_in[38] (net)
                      0.113281    0.023591    0.820120 ^ _097_/CLK (sky130_fd_sc_hd__dfrtp_1)
     2    0.006303    0.055259    0.397756    1.217876 v _097_/Q (sky130_fd_sc_hd__dfrtp_1)
                                                         gpio_22_37_output[28].cfg.gpio_out_val (net)
                      0.055259    0.000455    1.218331 v _669_/A (sky130_fd_sc_hd__buf_1)
     1    0.014699    0.090540    0.143789    1.362120 v _669_/X (sky130_fd_sc_hd__buf_1)
                                                         net17 (net)
                      0.090572    0.001601    1.363720 v output17/A (sky130_fd_sc_hd__buf_2)
     1    0.034370    0.090102    0.200087    1.563807 v output17/X (sky130_fd_sc_hd__buf_2)
                                                         gpio_out[28] (net)
                      0.090135    0.001593    1.565401 v gpio_out[28] (out)
                                              1.565401   data arrival time

                                  0.000000    0.000000   clock gpio_in[38] (rise edge)
                                  0.000000    0.000000   clock network delay (propagated)
                                  0.250000    0.250000   clock uncertainty
                                  0.000000    0.250000   clock reconvergence pessimism
                                 -5.000000   -4.750000   output external delay
                                             -4.750000   data required time
---------------------------------------------------------------------------------------------
                                             -4.750000   data required time
                                             -1.565401   data arrival time
---------------------------------------------------------------------------------------------
                                              6.315401   slack (MET)


Startpoint: _101_ (rising edge-triggered flip-flop clocked by gpio_in[38])
Endpoint: gpio_out[32] (output port clocked by gpio_in[38])
Path Group: gpio_in[38]
Path Type: min

Fanout         Cap        Slew       Delay        Time   Description
---------------------------------------------------------------------------------------------
                                  0.000000    0.000000   clock gpio_in[38] (rise edge)
                                  0.000000    0.000000   clock source latency
     2    0.100454    0.457024    0.337565    0.337565 ^ gpio_in[38] (in)
                                                         gpio_in[38] (net)
                      0.465885    0.000000    0.337565 ^ clkbuf_0_gpio_in[38]/A (sky130_fd_sc_hd__clkbuf_16)
     5    0.068250    0.092165    0.271113    0.608677 ^ clkbuf_0_gpio_in[38]/X (sky130_fd_sc_hd__clkbuf_16)
                                                         clknet_0_gpio_in[38] (net)
                      0.093194    0.007623    0.616300 ^ clkbuf_1_0__f_gpio_in[38]/A (sky130_fd_sc_hd__clkbuf_16)
    25    0.085726    0.104052    0.180229    0.796529 ^ clkbuf_1_0__f_gpio_in[38]/X (sky130_fd_sc_hd__clkbuf_16)
                                                         clknet_1_0__leaf_gpio_in[38] (net)
                      0.115522    0.026379    0.822908 ^ _101_/CLK (sky130_fd_sc_hd__dfrtp_1)
     4    0.015052    0.092805    0.437823    1.260731 v _101_/Q (sky130_fd_sc_hd__dfrtp_1)
                                                         gpio_22_37_output[32].cfg.gpio_out_val (net)
                      0.092810    0.000787    1.261518 v _673_/A (sky130_fd_sc_hd__clkbuf_1)
     1    0.007887    0.053252    0.132197    1.393714 v _673_/X (sky130_fd_sc_hd__clkbuf_1)
                                                         net22 (net)
                      0.053256    0.000536    1.394250 v output22/A (sky130_fd_sc_hd__buf_2)
     1    0.034441    0.090219    0.183233    1.577484 v output22/X (sky130_fd_sc_hd__buf_2)
                                                         gpio_out[32] (net)
                      0.090252    0.001611    1.579095 v gpio_out[32] (out)
                                              1.579095   data arrival time

                                  0.000000    0.000000   clock gpio_in[38] (rise edge)
                                  0.000000    0.000000   clock network delay (propagated)
                                  0.250000    0.250000   clock uncertainty
                                  0.000000    0.250000   clock reconvergence pessimism
                                 -5.000000   -4.750000   output external delay
                                             -4.750000   data required time
---------------------------------------------------------------------------------------------
                                             -4.750000   data required time
                                             -1.579095   data arrival time
---------------------------------------------------------------------------------------------
                                              6.329095   slack (MET)


Startpoint: _096_ (rising edge-triggered flip-flop clocked by gpio_in[38])
Endpoint: gpio_out[27] (output port clocked by gpio_in[38])
Path Group: gpio_in[38]
Path Type: min

Fanout         Cap        Slew       Delay        Time   Description
---------------------------------------------------------------------------------------------
                                  0.000000    0.000000   clock gpio_in[38] (rise edge)
                                  0.000000    0.000000   clock source latency
     2    0.100454    0.457024    0.337565    0.337565 ^ gpio_in[38] (in)
                                                         gpio_in[38] (net)
                      0.465885    0.000000    0.337565 ^ clkbuf_0_gpio_in[38]/A (sky130_fd_sc_hd__clkbuf_16)
     5    0.068250    0.092165    0.271113    0.608677 ^ clkbuf_0_gpio_in[38]/X (sky130_fd_sc_hd__clkbuf_16)
                                                         clknet_0_gpio_in[38] (net)
                      0.093194    0.007623    0.616300 ^ clkbuf_1_0__f_gpio_in[38]/A (sky130_fd_sc_hd__clkbuf_16)
    25    0.085726    0.104052    0.180229    0.796529 ^ clkbuf_1_0__f_gpio_in[38]/X (sky130_fd_sc_hd__clkbuf_16)
                                                         clknet_1_0__leaf_gpio_in[38] (net)
                      0.113328    0.023653    0.820182 ^ _096_/CLK (sky130_fd_sc_hd__dfrtp_1)
     4    0.011102    0.075529    0.421259    1.241441 v _096_/Q (sky130_fd_sc_hd__dfrtp_1)
                                                         gpio_22_37_output[27].cfg.gpio_out_val (net)
                      0.075532    0.000585    1.242026 v _668_/A (sky130_fd_sc_hd__buf_1)
     1    0.014413    0.088904    0.151805    1.393831 v _668_/X (sky130_fd_sc_hd__buf_1)
                                                         net16 (net)
                      0.088925    0.001312    1.395143 v output16/A (sky130_fd_sc_hd__buf_2)
     1    0.034370    0.090100    0.199338    1.594481 v output16/X (sky130_fd_sc_hd__buf_2)
                                                         gpio_out[27] (net)
                      0.090133    0.001593    1.596075 v gpio_out[27] (out)
                                              1.596075   data arrival time

                                  0.000000    0.000000   clock gpio_in[38] (rise edge)
                                  0.000000    0.000000   clock network delay (propagated)
                                  0.250000    0.250000   clock uncertainty
                                  0.000000    0.250000   clock reconvergence pessimism
                                 -5.000000   -4.750000   output external delay
                                             -4.750000   data required time
---------------------------------------------------------------------------------------------
                                             -4.750000   data required time
                                             -1.596075   data arrival time
---------------------------------------------------------------------------------------------
                                              6.346075   slack (MET)


Startpoint: _103_ (rising edge-triggered flip-flop clocked by gpio_in[38])
Endpoint: gpio_out[34] (output port clocked by gpio_in[38])
Path Group: gpio_in[38]
Path Type: min

Fanout         Cap        Slew       Delay        Time   Description
---------------------------------------------------------------------------------------------
                                  0.000000    0.000000   clock gpio_in[38] (rise edge)
                                  0.000000    0.000000   clock source latency
     2    0.100454    0.457024    0.337565    0.337565 ^ gpio_in[38] (in)
                                                         gpio_in[38] (net)
                      0.465885    0.000000    0.337565 ^ clkbuf_0_gpio_in[38]/A (sky130_fd_sc_hd__clkbuf_16)
     5    0.068250    0.092165    0.271113    0.608677 ^ clkbuf_0_gpio_in[38]/X (sky130_fd_sc_hd__clkbuf_16)
                                                         clknet_0_gpio_in[38] (net)
                      0.093149    0.007446    0.616124 ^ clkbuf_1_1__f_gpio_in[38]/A (sky130_fd_sc_hd__clkbuf_16)
    19    0.072851    0.091062    0.176969    0.793093 ^ clkbuf_1_1__f_gpio_in[38]/X (sky130_fd_sc_hd__clkbuf_16)
                                                         clknet_1_1__leaf_gpio_in[38] (net)
                      0.095595    0.015639    0.808731 ^ _103_/CLK (sky130_fd_sc_hd__dfrtp_1)
     3    0.009068    0.067101    0.405951    1.214682 v _103_/Q (sky130_fd_sc_hd__dfrtp_1)
                                                         gpio_22_37_output[34].cfg.gpio_out_val (net)
                      0.067174    0.000721    1.215403 v _675_/A (sky130_fd_sc_hd__clkbuf_2)
     3    0.026434    0.104622    0.175048    1.390451 v _675_/X (sky130_fd_sc_hd__clkbuf_2)
                                                         net24 (net)
                      0.104821    0.003380    1.393831 v output24/A (sky130_fd_sc_hd__buf_2)
     1    0.034537    0.090517    0.206796    1.600627 v output24/X (sky130_fd_sc_hd__buf_2)
                                                         gpio_out[34] (net)
                      0.090554    0.001699    1.602326 v gpio_out[34] (out)
                                              1.602326   data arrival time

                                  0.000000    0.000000   clock gpio_in[38] (rise edge)
                                  0.000000    0.000000   clock network delay (propagated)
                                  0.250000    0.250000   clock uncertainty
                                  0.000000    0.250000   clock reconvergence pessimism
                                 -5.000000   -4.750000   output external delay
                                             -4.750000   data required time
---------------------------------------------------------------------------------------------
                                             -4.750000   data required time
                                             -1.602326   data arrival time
---------------------------------------------------------------------------------------------
                                              6.352326   slack (MET)


Startpoint: _104_ (rising edge-triggered flip-flop clocked by gpio_in[38])
Endpoint: gpio_out[35] (output port clocked by gpio_in[38])
Path Group: gpio_in[38]
Path Type: min

Fanout         Cap        Slew       Delay        Time   Description
---------------------------------------------------------------------------------------------
                                  0.000000    0.000000   clock gpio_in[38] (rise edge)
                                  0.000000    0.000000   clock source latency
     2    0.100454    0.457024    0.337565    0.337565 ^ gpio_in[38] (in)
                                                         gpio_in[38] (net)
                      0.465885    0.000000    0.337565 ^ clkbuf_0_gpio_in[38]/A (sky130_fd_sc_hd__clkbuf_16)
     5    0.068250    0.092165    0.271113    0.608677 ^ clkbuf_0_gpio_in[38]/X (sky130_fd_sc_hd__clkbuf_16)
                                                         clknet_0_gpio_in[38] (net)
                      0.093149    0.007446    0.616124 ^ clkbuf_1_1__f_gpio_in[38]/A (sky130_fd_sc_hd__clkbuf_16)
    19    0.072851    0.091062    0.176969    0.793093 ^ clkbuf_1_1__f_gpio_in[38]/X (sky130_fd_sc_hd__clkbuf_16)
                                                         clknet_1_1__leaf_gpio_in[38] (net)
                      0.095605    0.015656    0.808749 ^ _104_/CLK (sky130_fd_sc_hd__dfrtp_1)
     3    0.008670    0.066200    0.403903    1.212652 v _104_/Q (sky130_fd_sc_hd__dfrtp_1)
                                                         gpio_22_37_output[35].cfg.gpio_out_val (net)
                      0.066203    0.000504    1.213155 v _676_/A (sky130_fd_sc_hd__clkbuf_2)
     3    0.029935    0.117927    0.183221    1.396376 v _676_/X (sky130_fd_sc_hd__clkbuf_2)
                                                         net25 (net)
                      0.118189    0.004261    1.400638 v output25/A (sky130_fd_sc_hd__buf_2)
     1    0.034582    0.090632    0.212960    1.613597 v output25/X (sky130_fd_sc_hd__buf_2)
                                                         gpio_out[35] (net)
                      0.090670    0.001704    1.615301 v gpio_out[35] (out)
                                              1.615301   data arrival time

                                  0.000000    0.000000   clock gpio_in[38] (rise edge)
                                  0.000000    0.000000   clock network delay (propagated)
                                  0.250000    0.250000   clock uncertainty
                                  0.000000    0.250000   clock reconvergence pessimism
                                 -5.000000   -4.750000   output external delay
                                             -4.750000   data required time
---------------------------------------------------------------------------------------------
                                             -4.750000   data required time
                                             -1.615301   data arrival time
---------------------------------------------------------------------------------------------
                                              6.365301   slack (MET)


Startpoint: _105_ (rising edge-triggered flip-flop clocked by gpio_in[38])
Endpoint: gpio_out[36] (output port clocked by gpio_in[38])
Path Group: gpio_in[38]
Path Type: min

Fanout         Cap        Slew       Delay        Time   Description
---------------------------------------------------------------------------------------------
                                  0.000000    0.000000   clock gpio_in[38] (rise edge)
                                  0.000000    0.000000   clock source latency
     2    0.100454    0.457024    0.337565    0.337565 ^ gpio_in[38] (in)
                                                         gpio_in[38] (net)
                      0.465885    0.000000    0.337565 ^ clkbuf_0_gpio_in[38]/A (sky130_fd_sc_hd__clkbuf_16)
     5    0.068250    0.092165    0.271113    0.608677 ^ clkbuf_0_gpio_in[38]/X (sky130_fd_sc_hd__clkbuf_16)
                                                         clknet_0_gpio_in[38] (net)
                      0.093149    0.007446    0.616124 ^ clkbuf_1_1__f_gpio_in[38]/A (sky130_fd_sc_hd__clkbuf_16)
    19    0.072851    0.091062    0.176969    0.793093 ^ clkbuf_1_1__f_gpio_in[38]/X (sky130_fd_sc_hd__clkbuf_16)
                                                         clknet_1_1__leaf_gpio_in[38] (net)
                      0.095615    0.015673    0.808766 ^ _105_/CLK (sky130_fd_sc_hd__dfrtp_1)
     3    0.009278    0.067696    0.407183    1.215949 v _105_/Q (sky130_fd_sc_hd__dfrtp_1)
                                                         gpio_22_37_output[36].cfg.gpio_out_val (net)
                      0.067696    0.000566    1.216515 v _677_/A (sky130_fd_sc_hd__clkbuf_1)
     3    0.022921    0.136120    0.183058    1.399573 v _677_/X (sky130_fd_sc_hd__clkbuf_1)
                                                         net26 (net)
                      0.136241    0.002770    1.402342 v output26/A (sky130_fd_sc_hd__buf_2)
     1    0.034599    0.090790    0.221037    1.623379 v output26/X (sky130_fd_sc_hd__buf_2)
                                                         gpio_out[36] (net)
                      0.090828    0.001704    1.625084 v gpio_out[36] (out)
                                              1.625084   data arrival time

                                  0.000000    0.000000   clock gpio_in[38] (rise edge)
                                  0.000000    0.000000   clock network delay (propagated)
                                  0.250000    0.250000   clock uncertainty
                                  0.000000    0.250000   clock reconvergence pessimism
                                 -5.000000   -4.750000   output external delay
                                             -4.750000   data required time
---------------------------------------------------------------------------------------------
                                             -4.750000   data required time
                                             -1.625084   data arrival time
---------------------------------------------------------------------------------------------
                                              6.375084   slack (MET)


Startpoint: _088_ (rising edge-triggered flip-flop clocked by gpio_in[38])
Endpoint: gpio_out[3] (output port clocked by gpio_in[38])
Path Group: gpio_in[38]
Path Type: min

Fanout         Cap        Slew       Delay        Time   Description
---------------------------------------------------------------------------------------------
                                  0.000000    0.000000   clock gpio_in[38] (rise edge)
                                  0.000000    0.000000   clock source latency
     2    0.100454    0.457024    0.337565    0.337565 ^ gpio_in[38] (in)
                                                         gpio_in[38] (net)
                      0.465885    0.000000    0.337565 ^ clkbuf_0_gpio_in[38]/A (sky130_fd_sc_hd__clkbuf_16)
     5    0.068250    0.092165    0.271113    0.608677 ^ clkbuf_0_gpio_in[38]/X (sky130_fd_sc_hd__clkbuf_16)
                                                         clknet_0_gpio_in[38] (net)
                      0.093194    0.007623    0.616300 ^ clkbuf_1_0__f_gpio_in[38]/A (sky130_fd_sc_hd__clkbuf_16)
    25    0.085726    0.104052    0.180229    0.796529 ^ clkbuf_1_0__f_gpio_in[38]/X (sky130_fd_sc_hd__clkbuf_16)
                                                         clknet_1_0__leaf_gpio_in[38] (net)
                      0.113935    0.024432    0.820961 ^ _088_/CLK (sky130_fd_sc_hd__dfrtp_1)
     5    0.013297    0.085106    0.430126    1.251086 v _088_/Q (sky130_fd_sc_hd__dfrtp_1)
                                                         gpio_18_21_bidir[19].cfg.gpio_out_val (net)
                      0.085113    0.000863    1.251949 v _656_/A (sky130_fd_sc_hd__buf_1)
     1    0.017762    0.107452    0.169857    1.421806 v _656_/X (sky130_fd_sc_hd__buf_1)
                                                         net28 (net)
                      0.107486    0.001828    1.423634 v output28/A (sky130_fd_sc_hd__buf_2)
     1    0.034377    0.090136    0.207794    1.631428 v output28/X (sky130_fd_sc_hd__buf_2)
                                                         gpio_out[3] (net)
                      0.090169    0.001594    1.633022 v gpio_out[3] (out)
                                              1.633022   data arrival time

                                  0.000000    0.000000   clock gpio_in[38] (rise edge)
                                  0.000000    0.000000   clock network delay (propagated)
                                  0.250000    0.250000   clock uncertainty
                                  0.000000    0.250000   clock reconvergence pessimism
                                 -5.000000   -4.750000   output external delay
                                             -4.750000   data required time
---------------------------------------------------------------------------------------------
                                             -4.750000   data required time
                                             -1.633022   data arrival time
---------------------------------------------------------------------------------------------
                                              6.383022   slack (MET)


Startpoint: _095_ (rising edge-triggered flip-flop clocked by gpio_in[38])
Endpoint: gpio_out[26] (output port clocked by gpio_in[38])
Path Group: gpio_in[38]
Path Type: min

Fanout         Cap        Slew       Delay        Time   Description
---------------------------------------------------------------------------------------------
                                  0.000000    0.000000   clock gpio_in[38] (rise edge)
                                  0.000000    0.000000   clock source latency
     2    0.100454    0.457024    0.337565    0.337565 ^ gpio_in[38] (in)
                                                         gpio_in[38] (net)
                      0.465885    0.000000    0.337565 ^ clkbuf_0_gpio_in[38]/A (sky130_fd_sc_hd__clkbuf_16)
     5    0.068250    0.092165    0.271113    0.608677 ^ clkbuf_0_gpio_in[38]/X (sky130_fd_sc_hd__clkbuf_16)
                                                         clknet_0_gpio_in[38] (net)
                      0.093194    0.007623    0.616300 ^ clkbuf_1_0__f_gpio_in[38]/A (sky130_fd_sc_hd__clkbuf_16)
    25    0.085726    0.104052    0.180229    0.796529 ^ clkbuf_1_0__f_gpio_in[38]/X (sky130_fd_sc_hd__clkbuf_16)
                                                         clknet_1_0__leaf_gpio_in[38] (net)
                      0.110818    0.020180    0.816709 ^ _095_/CLK (sky130_fd_sc_hd__dfrtp_2)
     3    0.011485    0.062289    0.436933    1.253642 v _095_/Q (sky130_fd_sc_hd__dfrtp_2)
                                                         gpio_22_37_output[26].cfg.gpio_out_val (net)
                      0.062391    0.000695    1.254338 v _667_/A (sky130_fd_sc_hd__buf_6)
     3    0.111917    0.092951    0.174126    1.428464 v _667_/X (sky130_fd_sc_hd__buf_6)
                                                         net15 (net)
                      0.146311    0.055942    1.484405 v output15/A (sky130_fd_sc_hd__buf_2)
     1    0.034495    0.090644    0.225320    1.709726 v output15/X (sky130_fd_sc_hd__buf_2)
                                                         gpio_out[26] (net)
                      0.090680    0.001680    1.711405 v gpio_out[26] (out)
                                              1.711405   data arrival time

                                  0.000000    0.000000   clock gpio_in[38] (rise edge)
                                  0.000000    0.000000   clock network delay (propagated)
                                  0.250000    0.250000   clock uncertainty
                                  0.000000    0.250000   clock reconvergence pessimism
                                 -5.000000   -4.750000   output external delay
                                             -4.750000   data required time
---------------------------------------------------------------------------------------------
                                             -4.750000   data required time
                                             -1.711405   data arrival time
---------------------------------------------------------------------------------------------
                                              6.461405   slack (MET)


Startpoint: gpio_in[0] (input port clocked by gpio_in[38])
Endpoint: gpio_oeb[19] (output port clocked by gpio_in[38])
Path Group: gpio_in[38]
Path Type: min

Fanout         Cap        Slew       Delay        Time   Description
---------------------------------------------------------------------------------------------
                                  0.000000    0.000000   clock gpio_in[38] (rise edge)
                                  0.000000    0.000000   clock network delay (propagated)
                                  5.000000    5.000000 ^ input external delay
     2    0.004285    0.026183    0.015564    5.015563 ^ gpio_in[0] (in)
                                                         gpio_in[0] (net)
                      0.026185    0.000000    5.015563 ^ input1/A (sky130_fd_sc_hd__clkbuf_4)
     3    0.050709    0.158934    0.205620    5.221184 ^ input1/X (sky130_fd_sc_hd__clkbuf_4)
                                                         net1 (net)
                      0.160830    0.013887    5.235071 ^ _044_/A (sky130_fd_sc_hd__inv_2)
     9    0.049037    0.121018    0.139824    5.374895 v _044_/Y (sky130_fd_sc_hd__inv_2)
                                                         bidir_oeb (net)
                      0.122930    0.012160    5.387054 v _652_/A (sky130_fd_sc_hd__clkbuf_1)
     1    0.002021    0.023424    0.117190    5.504244 v _652_/X (sky130_fd_sc_hd__clkbuf_1)
                                                         net4 (net)
                      0.023424    0.000138    5.504383 v output4/A (sky130_fd_sc_hd__buf_2)
     1    0.034377    0.090289    0.170271    5.674654 v output4/X (sky130_fd_sc_hd__buf_2)
                                                         gpio_oeb[19] (net)
                      0.090321    0.001593    5.676247 v gpio_oeb[19] (out)
                                              5.676247   data arrival time

                                  0.000000    0.000000   clock gpio_in[38] (rise edge)
                                  0.000000    0.000000   clock network delay (propagated)
                                  0.250000    0.250000   clock uncertainty
                                  0.000000    0.250000   clock reconvergence pessimism
                                 -5.000000   -4.750000   output external delay
                                             -4.750000   data required time
---------------------------------------------------------------------------------------------
                                             -4.750000   data required time
                                             -5.676247   data arrival time
---------------------------------------------------------------------------------------------
                                             10.426247   slack (MET)


Startpoint: gpio_in[0] (input port clocked by gpio_in[38])
Endpoint: gpio_oeb[20] (output port clocked by gpio_in[38])
Path Group: gpio_in[38]
Path Type: min

Fanout         Cap        Slew       Delay        Time   Description
---------------------------------------------------------------------------------------------
                                  0.000000    0.000000   clock gpio_in[38] (rise edge)
                                  0.000000    0.000000   clock network delay (propagated)
                                  5.000000    5.000000 ^ input external delay
     2    0.004285    0.026183    0.015564    5.015563 ^ gpio_in[0] (in)
                                                         gpio_in[0] (net)
                      0.026185    0.000000    5.015563 ^ input1/A (sky130_fd_sc_hd__clkbuf_4)
     3    0.050709    0.158934    0.205620    5.221184 ^ input1/X (sky130_fd_sc_hd__clkbuf_4)
                                                         net1 (net)
                      0.160830    0.013887    5.235071 ^ _044_/A (sky130_fd_sc_hd__inv_2)
     9    0.049037    0.121018    0.139824    5.374895 v _044_/Y (sky130_fd_sc_hd__inv_2)
                                                         bidir_oeb (net)
                      0.122917    0.012121    5.387015 v _653_/A (sky130_fd_sc_hd__clkbuf_1)
     1    0.002024    0.023441    0.117206    5.504221 v _653_/X (sky130_fd_sc_hd__clkbuf_1)
                                                         net5 (net)
                      0.023441    0.000138    5.504359 v output5/A (sky130_fd_sc_hd__buf_2)
     1    0.034441    0.090433    0.170385    5.674745 v output5/X (sky130_fd_sc_hd__buf_2)
                                                         gpio_oeb[20] (net)
                      0.090466    0.001611    5.676355 v gpio_oeb[20] (out)
                                              5.676355   data arrival time

                                  0.000000    0.000000   clock gpio_in[38] (rise edge)
                                  0.000000    0.000000   clock network delay (propagated)
                                  0.250000    0.250000   clock uncertainty
                                  0.000000    0.250000   clock reconvergence pessimism
                                 -5.000000   -4.750000   output external delay
                                             -4.750000   data required time
---------------------------------------------------------------------------------------------
                                             -4.750000   data required time
                                             -5.676355   data arrival time
---------------------------------------------------------------------------------------------
                                             10.426355   slack (MET)


Startpoint: gpio_in[0] (input port clocked by gpio_in[38])
Endpoint: gpio_oeb[18] (output port clocked by gpio_in[38])
Path Group: gpio_in[38]
Path Type: min

Fanout         Cap        Slew       Delay        Time   Description
---------------------------------------------------------------------------------------------
                                  0.000000    0.000000   clock gpio_in[38] (rise edge)
                                  0.000000    0.000000   clock network delay (propagated)
                                  5.000000    5.000000 ^ input external delay
     2    0.004285    0.026183    0.015564    5.015563 ^ gpio_in[0] (in)
                                                         gpio_in[0] (net)
                      0.026185    0.000000    5.015563 ^ input1/A (sky130_fd_sc_hd__clkbuf_4)
     3    0.050709    0.158934    0.205620    5.221184 ^ input1/X (sky130_fd_sc_hd__clkbuf_4)
                                                         net1 (net)
                      0.160830    0.013887    5.235071 ^ _044_/A (sky130_fd_sc_hd__inv_2)
     9    0.049037    0.121018    0.139824    5.374895 v _044_/Y (sky130_fd_sc_hd__inv_2)
                                                         bidir_oeb (net)
                      0.122733    0.011542    5.386437 v _651_/A (sky130_fd_sc_hd__clkbuf_1)
     1    0.002448    0.025550    0.119527    5.505964 v _651_/X (sky130_fd_sc_hd__clkbuf_1)
                                                         net3 (net)
                      0.025551    0.000155    5.506118 v output3/A (sky130_fd_sc_hd__buf_2)
     1    0.034449    0.090433    0.171307    5.677426 v output3/X (sky130_fd_sc_hd__buf_2)
                                                         gpio_oeb[18] (net)
                      0.090467    0.001611    5.679037 v gpio_oeb[18] (out)
                                              5.679037   data arrival time

                                  0.000000    0.000000   clock gpio_in[38] (rise edge)
                                  0.000000    0.000000   clock network delay (propagated)
                                  0.250000    0.250000   clock uncertainty
                                  0.000000    0.250000   clock reconvergence pessimism
                                 -5.000000   -4.750000   output external delay
                                             -4.750000   data required time
---------------------------------------------------------------------------------------------
                                             -4.750000   data required time
                                             -5.679037   data arrival time
---------------------------------------------------------------------------------------------
                                             10.429037   slack (MET)


Startpoint: gpio_in[0] (input port clocked by gpio_in[38])
Endpoint: gpio_oeb[21] (output port clocked by gpio_in[38])
Path Group: gpio_in[38]
Path Type: min

Fanout         Cap        Slew       Delay        Time   Description
---------------------------------------------------------------------------------------------
                                  0.000000    0.000000   clock gpio_in[38] (rise edge)
                                  0.000000    0.000000   clock network delay (propagated)
                                  5.000000    5.000000 ^ input external delay
     2    0.004285    0.026183    0.015564    5.015563 ^ gpio_in[0] (in)
                                                         gpio_in[0] (net)
                      0.026185    0.000000    5.015563 ^ input1/A (sky130_fd_sc_hd__clkbuf_4)
     3    0.050709    0.158934    0.205620    5.221184 ^ input1/X (sky130_fd_sc_hd__clkbuf_4)
                                                         net1 (net)
                      0.160830    0.013887    5.235071 ^ _044_/A (sky130_fd_sc_hd__inv_2)
     9    0.049037    0.121018    0.139824    5.374895 v _044_/Y (sky130_fd_sc_hd__inv_2)
                                                         bidir_oeb (net)
                      0.122930    0.012162    5.387056 v _654_/A (sky130_fd_sc_hd__clkbuf_1)
     1    0.005942    0.043555    0.136545    5.523601 v _654_/X (sky130_fd_sc_hd__clkbuf_1)
                                                         net6 (net)
                      0.043557    0.000329    5.523930 v output6/A (sky130_fd_sc_hd__buf_2)
     1    0.034449    0.090303    0.179065    5.702995 v output6/X (sky130_fd_sc_hd__buf_2)
                                                         gpio_oeb[21] (net)
                      0.090337    0.001611    5.704606 v gpio_oeb[21] (out)
                                              5.704606   data arrival time

                                  0.000000    0.000000   clock gpio_in[38] (rise edge)
                                  0.000000    0.000000   clock network delay (propagated)
                                  0.250000    0.250000   clock uncertainty
                                  0.000000    0.250000   clock reconvergence pessimism
                                 -5.000000   -4.750000   output external delay
                                             -4.750000   data required time
---------------------------------------------------------------------------------------------
                                             -4.750000   data required time
                                             -5.704606   data arrival time
---------------------------------------------------------------------------------------------
                                             10.454606   slack (MET)



